<?xml version="1.0" encoding="UTF-8"?>
<gpx xmlns="http://www.topografix.com/GPX/1/1" creator="open-pilgrimages" version="1.1"><metadata><name>Kumano Kodo</name><desc>A network of ancient pilgrimage routes through the mountains of the Kii Peninsula, leading to the three Grand Shrines of Kumano (Kumano Sanzan). UNESCO World Heritage Site since 2004. The Kumano Kodo and the Camino de Santiago are the only two pilgrimage routes in the world with a formal sister-route relationship — both UNESCO-inscribed and linked through the Dual Pilgrim program established in 2015.</desc><copyright author="OpenStreetMap contributors"><license>https://opendatacommons.org/licenses/odbl/1-0/</license></copyright><link href="https://open.pilgrimag.es/kumano-kodo"><text>Kumano Kodo</text></link></metadata><trk><name>Kumano Kodo</name><trkseg><trkpt lat="33.775514" lon="135.503725"/><trkpt lat="33.775362" lon="135.503737"/><trkpt lat="33.775352" lon="135.503755"/><trkpt lat="33.775326" lon="135.503816"/><trkpt lat="33.775276" lon="135.503819"/><trkpt lat="33.776503" lon="135.504258"/><trkpt lat="33.776449" lon="135.504264"/><trkpt lat="33.776364" lon="135.504300"/><trkpt lat="33.776255" lon="135.504445"/><trkpt lat="33.776114" lon="135.504523"/><trkpt lat="33.776054" lon="135.504381"/><trkpt lat="33.775862" lon="135.504162"/><trkpt lat="33.775758" lon="135.503992"/><trkpt lat="33.775896" lon="135.503923"/><trkpt lat="33.775981" lon="135.503980"/><trkpt lat="33.776027" lon="135.503859"/><trkpt lat="33.776095" lon="135.503687"/><trkpt lat="33.776091" lon="135.503617"/><trkpt lat="33.776007" lon="135.503555"/><trkpt lat="33.775800" lon="135.503583"/><trkpt lat="33.775514" lon="135.503725"/><trkpt lat="33.776503" lon="135.504258"/><trkpt lat="33.776496" lon="135.504299"/><trkpt lat="33.776499" lon="135.504335"/><trkpt lat="33.776520" lon="135.504348"/><trkpt lat="33.776480" lon="135.504469"/><trkpt lat="33.776479" lon="135.504535"/><trkpt lat="33.776554" lon="135.504584"/><trkpt lat="33.776607" lon="135.504702"/><trkpt lat="33.776656" lon="135.504777"/><trkpt lat="33.776806" lon="135.504854"/><trkpt lat="33.776868" lon="135.504958"/><trkpt lat="33.776755" lon="135.504990"/><trkpt lat="33.776762" lon="135.505018"/><trkpt lat="33.776806" lon="135.505138"/><trkpt lat="33.776862" lon="135.505210"/><trkpt lat="33.776836" lon="135.505416"/><trkpt lat="33.776880" lon="135.505591"/><trkpt lat="33.776892" lon="135.505806"/><trkpt lat="33.776933" lon="135.506062"/><trkpt lat="33.776956" lon="135.506224"/><trkpt lat="33.776928" lon="135.506335"/><trkpt lat="33.776983" lon="135.506450"/><trkpt lat="33.777119" lon="135.506543"/><trkpt lat="33.777143" lon="135.506624"/><trkpt lat="33.777364" lon="135.506893"/><trkpt lat="33.777498" lon="135.506972"/><trkpt lat="33.777593" lon="135.507198"/><trkpt lat="33.777678" lon="135.507361"/><trkpt lat="33.777688" lon="135.507443"/><trkpt lat="33.777657" lon="135.507612"/><trkpt lat="33.777583" lon="135.508032"/><trkpt lat="33.777565" lon="135.508151"/><trkpt lat="33.777523" lon="135.508196"/><trkpt lat="33.777541" lon="135.508269"/><trkpt lat="33.777525" lon="135.508547"/><trkpt lat="33.777563" lon="135.508756"/><trkpt lat="33.777666" lon="135.508981"/><trkpt lat="33.777673" lon="135.509110"/><trkpt lat="33.777741" lon="135.509358"/><trkpt lat="33.777858" lon="135.509592"/><trkpt lat="33.777894" lon="135.509805"/><trkpt lat="33.777943" lon="135.509898"/><trkpt lat="33.778092" lon="135.510055"/><trkpt lat="33.778168" lon="135.510348"/><trkpt lat="33.778158" lon="135.510490"/><trkpt lat="33.778243" lon="135.510763"/><trkpt lat="33.778262" lon="135.510926"/><trkpt lat="33.778341" lon="135.511089"/><trkpt lat="33.778320" lon="135.511153"/><trkpt lat="33.778458" lon="135.511338"/><trkpt lat="33.778487" lon="135.511426"/><trkpt lat="33.778485" lon="135.511542"/><trkpt lat="33.778546" lon="135.511668"/><trkpt lat="33.778774" lon="135.511891"/><trkpt lat="33.778814" lon="135.512245"/><trkpt lat="33.778800" lon="135.512300"/><trkpt lat="33.779007" lon="135.512357"/><trkpt lat="33.779210" lon="135.512351"/><trkpt lat="33.779389" lon="135.512392"/><trkpt lat="33.779641" lon="135.512431"/><trkpt lat="33.779834" lon="135.512423"/><trkpt lat="33.779977" lon="135.512476"/><trkpt lat="33.780149" lon="135.512473"/><trkpt lat="33.780327" lon="135.512417"/><trkpt lat="33.780558" lon="135.512496"/><trkpt lat="33.781896" lon="135.513322"/><trkpt lat="33.781820" lon="135.513178"/><trkpt lat="33.781655" lon="135.513009"/><trkpt lat="33.781575" lon="135.512931"/><trkpt lat="33.781419" lon="135.512724"/><trkpt lat="33.781278" lon="135.512508"/><trkpt lat="33.781151" lon="135.512477"/><trkpt lat="33.780833" lon="135.512493"/><trkpt lat="33.780558" lon="135.512496"/><trkpt lat="33.782563" lon="135.514224"/><trkpt lat="33.782357" lon="135.514120"/><trkpt lat="33.782235" lon="135.514025"/><trkpt lat="33.782144" lon="135.513784"/><trkpt lat="33.781984" lon="135.513470"/><trkpt lat="33.781896" lon="135.513322"/><trkpt lat="33.782563" lon="135.514224"/><trkpt lat="33.782800" lon="135.514297"/><trkpt lat="33.782863" lon="135.514434"/><trkpt lat="33.782990" lon="135.515183"/><trkpt lat="33.783123" lon="135.516080"/><trkpt lat="33.783224" lon="135.516365"/><trkpt lat="33.783486" lon="135.516873"/><trkpt lat="33.783665" lon="135.517153"/><trkpt lat="33.783898" lon="135.517566"/><trkpt lat="33.784114" lon="135.517891"/><trkpt lat="33.784438" lon="135.518153"/><trkpt lat="33.784764" lon="135.518588"/><trkpt lat="33.784950" lon="135.518830"/><trkpt lat="33.785137" lon="135.518965"/><trkpt lat="33.785667" lon="135.519467"/><trkpt lat="33.785875" lon="135.519646"/><trkpt lat="33.786035" lon="135.519845"/><trkpt lat="33.786105" lon="135.519882"/><trkpt lat="33.786101" lon="135.519924"/><trkpt lat="33.786051" lon="135.519947"/><trkpt lat="33.786016" lon="135.519968"/><trkpt lat="33.786097" lon="135.520018"/><trkpt lat="33.786193" lon="135.520060"/><trkpt lat="33.786212" lon="135.520084"/><trkpt lat="33.786335" lon="135.520099"/><trkpt lat="33.786386" lon="135.520053"/><trkpt lat="33.786394" lon="135.520004"/><trkpt lat="33.786408" lon="135.519993"/><trkpt lat="33.786525" lon="135.520163"/><trkpt lat="33.786542" lon="135.520209"/><trkpt lat="33.786616" lon="135.520229"/><trkpt lat="33.786659" lon="135.520268"/><trkpt lat="33.786883" lon="135.520457"/><trkpt lat="33.787214" lon="135.520603"/><trkpt lat="33.787355" lon="135.520755"/><trkpt lat="33.787429" lon="135.520871"/><trkpt lat="33.787517" lon="135.520960"/><trkpt lat="33.787697" lon="135.521122"/><trkpt lat="33.787956" lon="135.521256"/><trkpt lat="33.788121" lon="135.521389"/><trkpt lat="33.788268" lon="135.521606"/><trkpt lat="33.788464" lon="135.521845"/><trkpt lat="33.788653" lon="135.521976"/><trkpt lat="33.788758" lon="135.522041"/><trkpt lat="33.788837" lon="135.522098"/><trkpt lat="33.789003" lon="135.522318"/><trkpt lat="33.789339" lon="135.522589"/><trkpt lat="33.789427" lon="135.522665"/><trkpt lat="33.789563" lon="135.522868"/><trkpt lat="33.789783" lon="135.523052"/><trkpt lat="33.789803" lon="135.523256"/><trkpt lat="33.789899" lon="135.523460"/><trkpt lat="33.790309" lon="135.523804"/><trkpt lat="33.790508" lon="135.523931"/><trkpt lat="33.790759" lon="135.524046"/><trkpt lat="33.791225" lon="135.524202"/><trkpt lat="33.791432" lon="135.524628"/><trkpt lat="33.791566" lon="135.524894"/><trkpt lat="33.791756" lon="135.525074"/><trkpt lat="33.791924" lon="135.525265"/><trkpt lat="33.792057" lon="135.525389"/><trkpt lat="33.792143" lon="135.525430"/><trkpt lat="33.792319" lon="135.525471"/><trkpt lat="33.792531" lon="135.525562"/><trkpt lat="33.793442" lon="135.526066"/><trkpt lat="33.793298" lon="135.525963"/><trkpt lat="33.793073" lon="135.525903"/><trkpt lat="33.792814" lon="135.525620"/><trkpt lat="33.792758" lon="135.525577"/><trkpt lat="33.792673" lon="135.525562"/><trkpt lat="33.792531" lon="135.525562"/><trkpt lat="33.794604" lon="135.529977"/><trkpt lat="33.794615" lon="135.529894"/><trkpt lat="33.794559" lon="135.529698"/><trkpt lat="33.794446" lon="135.529428"/><trkpt lat="33.794339" lon="135.529096"/><trkpt lat="33.794318" lon="135.528848"/><trkpt lat="33.794170" lon="135.528412"/><trkpt lat="33.794112" lon="135.528111"/><trkpt lat="33.794091" lon="135.527741"/><trkpt lat="33.793942" lon="135.527382"/><trkpt lat="33.793894" lon="135.527164"/><trkpt lat="33.793878" lon="135.526725"/><trkpt lat="33.793834" lon="135.526574"/><trkpt lat="33.793684" lon="135.526314"/><trkpt lat="33.793580" lon="135.526198"/><trkpt lat="33.793493" lon="135.526098"/><trkpt lat="33.793442" lon="135.526066"/><trkpt lat="33.794604" lon="135.529977"/><trkpt lat="33.794776" lon="135.530179"/><trkpt lat="33.794880" lon="135.530316"/><trkpt lat="33.794909" lon="135.530368"/><trkpt lat="33.794859" lon="135.530409"/><trkpt lat="33.794842" lon="135.530443"/><trkpt lat="33.794864" lon="135.530782"/><trkpt lat="33.794882" lon="135.530859"/><trkpt lat="33.795008" lon="135.530966"/><trkpt lat="33.795061" lon="135.531179"/><trkpt lat="33.795130" lon="135.531401"/><trkpt lat="33.795113" lon="135.531540"/><trkpt lat="33.795062" lon="135.531828"/><trkpt lat="33.795103" lon="135.532038"/><trkpt lat="33.795047" lon="135.532297"/><trkpt lat="33.795038" lon="135.532408"/><trkpt lat="33.794988" lon="135.532575"/><trkpt lat="33.795038" lon="135.532644"/><trkpt lat="33.795028" lon="135.532836"/><trkpt lat="33.795081" lon="135.533028"/><trkpt lat="33.795108" lon="135.533161"/><trkpt lat="33.795117" lon="135.533279"/><trkpt lat="33.795169" lon="135.533366"/><trkpt lat="33.795150" lon="135.533414"/><trkpt lat="33.795180" lon="135.533593"/><trkpt lat="33.795160" lon="135.533766"/><trkpt lat="33.795150" lon="135.533980"/><trkpt lat="33.795097" lon="135.534172"/><trkpt lat="33.795108" lon="135.534300"/><trkpt lat="33.795108" lon="135.534389"/><trkpt lat="33.795088" lon="135.534587"/><trkpt lat="33.795117" lon="135.534789"/><trkpt lat="33.795124" lon="135.534992"/><trkpt lat="33.795121" lon="135.535124"/><trkpt lat="33.795143" lon="135.535317"/><trkpt lat="33.795238" lon="135.535588"/><trkpt lat="33.795329" lon="135.536005"/><trkpt lat="33.795382" lon="135.536216"/><trkpt lat="33.795443" lon="135.536351"/><trkpt lat="33.795443" lon="135.536587"/><trkpt lat="33.795548" lon="135.536956"/><trkpt lat="33.795454" lon="135.537224"/><trkpt lat="33.795376" lon="135.537612"/><trkpt lat="33.795459" lon="135.537835"/><trkpt lat="33.795487" lon="135.538117"/><trkpt lat="33.795611" lon="135.538435"/><trkpt lat="33.795789" lon="135.538762"/><trkpt lat="33.796349" lon="135.539797"/><trkpt lat="33.796531" lon="135.540052"/><trkpt lat="33.796807" lon="135.540492"/><trkpt lat="33.797084" lon="135.540862"/><trkpt lat="33.797300" lon="135.541084"/><trkpt lat="33.797404" lon="135.541140"/><trkpt lat="33.797780" lon="135.541271"/><trkpt lat="33.797921" lon="135.541380"/><trkpt lat="33.798084" lon="135.541796"/><trkpt lat="33.798085" lon="135.542033"/><trkpt lat="33.798073" lon="135.542423"/><trkpt lat="33.797955" lon="135.542881"/><trkpt lat="33.797911" lon="135.543179"/><trkpt lat="33.797891" lon="135.543490"/><trkpt lat="33.797933" lon="135.543641"/><trkpt lat="33.797942" lon="135.543778"/><trkpt lat="33.798048" lon="135.544034"/><trkpt lat="33.797986" lon="135.544378"/><trkpt lat="33.798063" lon="135.544748"/><trkpt lat="33.798099" lon="135.544937"/><trkpt lat="33.798093" lon="135.545280"/><trkpt lat="33.798141" lon="135.545572"/><trkpt lat="33.798174" lon="135.545896"/><trkpt lat="33.798297" lon="135.546297"/><trkpt lat="33.798367" lon="135.546586"/><trkpt lat="33.798319" lon="135.546642"/><trkpt lat="33.797919" lon="135.546683"/><trkpt lat="33.797382" lon="135.547087"/><trkpt lat="33.797329" lon="135.547145"/><trkpt lat="33.797156" lon="135.547548"/><trkpt lat="33.796851" lon="135.548008"/><trkpt lat="33.796752" lon="135.548662"/><trkpt lat="33.796486" lon="135.549417"/><trkpt lat="33.796356" lon="135.549741"/><trkpt lat="33.796182" lon="135.550023"/><trkpt lat="33.796179" lon="135.550303"/><trkpt lat="33.796244" lon="135.550622"/><trkpt lat="33.796203" lon="135.551056"/><trkpt lat="33.796199" lon="135.551378"/><trkpt lat="33.796081" lon="135.551620"/><trkpt lat="33.795953" lon="135.551700"/><trkpt lat="33.795858" lon="135.551890"/><trkpt lat="33.795785" lon="135.552242"/><trkpt lat="33.795853" lon="135.552613"/><trkpt lat="33.795899" lon="135.553089"/><trkpt lat="33.795869" lon="135.553354"/><trkpt lat="33.796000" lon="135.553721"/><trkpt lat="33.796044" lon="135.554053"/><trkpt lat="33.796060" lon="135.554233"/><trkpt lat="33.796000" lon="135.554529"/><trkpt lat="33.796230" lon="135.554754"/><trkpt lat="33.796409" lon="135.555073"/><trkpt lat="33.796690" lon="135.555401"/><trkpt lat="33.796985" lon="135.555804"/><trkpt lat="33.797225" lon="135.556301"/><trkpt lat="33.797488" lon="135.556658"/><trkpt lat="33.797622" lon="135.556913"/><trkpt lat="33.797766" lon="135.557068"/><trkpt lat="33.798018" lon="135.557379"/><trkpt lat="33.798112" lon="135.557614"/><trkpt lat="33.798274" lon="135.557842"/><trkpt lat="33.798544" lon="135.558073"/><trkpt lat="33.798769" lon="135.558297"/><trkpt lat="33.799053" lon="135.558632"/><trkpt lat="33.799238" lon="135.558787"/><trkpt lat="33.799788" lon="135.558986"/><trkpt lat="33.799946" lon="135.559150"/><trkpt lat="33.800091" lon="135.559346"/><trkpt lat="33.800195" lon="135.559405"/><trkpt lat="33.800330" lon="135.559434"/><trkpt lat="33.800621" lon="135.559585"/><trkpt lat="33.800826" lon="135.559683"/><trkpt lat="33.800917" lon="135.559927"/><trkpt lat="33.801040" lon="135.560211"/><trkpt lat="33.801215" lon="135.560287"/><trkpt lat="33.801371" lon="135.560337"/><trkpt lat="33.801653" lon="135.560500"/><trkpt lat="33.801613" lon="135.560746"/><trkpt lat="33.801508" lon="135.560962"/><trkpt lat="33.801454" lon="135.561112"/><trkpt lat="33.801475" lon="135.561335"/><trkpt lat="33.801630" lon="135.561519"/><trkpt lat="33.801732" lon="135.561548"/><trkpt lat="33.801944" lon="135.561849"/><trkpt lat="33.801998" lon="135.562008"/><trkpt lat="33.802113" lon="135.562445"/><trkpt lat="33.802091" lon="135.562609"/><trkpt lat="33.802176" lon="135.562786"/><trkpt lat="33.802296" lon="135.562901"/><trkpt lat="33.802310" lon="135.563182"/><trkpt lat="33.802287" lon="135.563606"/><trkpt lat="33.802239" lon="135.563861"/><trkpt lat="33.802280" lon="135.564140"/><trkpt lat="33.802444" lon="135.564526"/><trkpt lat="33.802553" lon="135.564849"/><trkpt lat="33.802891" lon="135.565175"/><trkpt lat="33.803155" lon="135.565605"/><trkpt lat="33.803248" lon="135.565891"/><trkpt lat="33.803240" lon="135.566266"/><trkpt lat="33.803251" lon="135.566436"/><trkpt lat="33.803407" lon="135.566528"/><trkpt lat="33.803770" lon="135.566571"/><trkpt lat="33.803991" lon="135.566684"/><trkpt lat="33.804099" lon="135.566924"/><trkpt lat="33.804113" lon="135.567194"/><trkpt lat="33.804434" lon="135.567445"/><trkpt lat="33.804617" lon="135.567930"/><trkpt lat="33.804836" lon="135.568457"/><trkpt lat="33.804948" lon="135.568834"/><trkpt lat="33.804950" lon="135.569348"/><trkpt lat="33.804894" lon="135.569901"/><trkpt lat="33.804880" lon="135.570219"/><trkpt lat="33.805000" lon="135.570441"/><trkpt lat="33.805174" lon="135.570845"/><trkpt lat="33.805443" lon="135.571062"/><trkpt lat="33.805493" lon="135.571163"/><trkpt lat="33.805886" lon="135.571545"/><trkpt lat="33.806175" lon="135.571603"/><trkpt lat="33.806420" lon="135.571693"/><trkpt lat="33.806748" lon="135.572153"/><trkpt lat="33.807243" lon="135.572679"/><trkpt lat="33.807469" lon="135.572940"/><trkpt lat="33.807562" lon="135.573246"/><trkpt lat="33.807538" lon="135.573779"/><trkpt lat="33.807343" lon="135.574116"/><trkpt lat="33.807355" lon="135.574618"/><trkpt lat="33.807406" lon="135.574934"/><trkpt lat="33.807390" lon="135.575088"/><trkpt lat="33.807802" lon="135.575407"/><trkpt lat="33.807874" lon="135.575652"/><trkpt lat="33.808053" lon="135.575832"/><trkpt lat="33.808179" lon="135.575949"/><trkpt lat="33.808304" lon="135.576257"/><trkpt lat="33.808377" lon="135.576389"/><trkpt lat="33.808544" lon="135.576558"/><trkpt lat="33.808729" lon="135.577176"/><trkpt lat="33.808902" lon="135.577516"/><trkpt lat="33.809099" lon="135.577921"/><trkpt lat="33.809160" lon="135.578222"/><trkpt lat="33.809358" lon="135.578658"/><trkpt lat="33.809332" lon="135.578845"/><trkpt lat="33.809493" lon="135.579206"/><trkpt lat="33.809503" lon="135.579443"/><trkpt lat="33.809724" lon="135.579630"/><trkpt lat="33.809874" lon="135.579642"/><trkpt lat="33.810280" lon="135.579991"/><trkpt lat="33.810963" lon="135.580408"/><trkpt lat="33.811275" lon="135.580614"/><trkpt lat="33.811408" lon="135.580777"/><trkpt lat="33.811585" lon="135.580969"/><trkpt lat="33.811852" lon="135.581233"/><trkpt lat="33.811966" lon="135.581393"/><trkpt lat="33.812038" lon="135.581721"/><trkpt lat="33.812261" lon="135.582099"/><trkpt lat="33.812495" lon="135.582367"/><trkpt lat="33.812645" lon="135.582514"/><trkpt lat="33.812855" lon="135.582700"/><trkpt lat="33.812928" lon="135.582744"/><trkpt lat="33.813119" lon="135.583065"/><trkpt lat="33.813217" lon="135.583257"/><trkpt lat="33.813217" lon="135.583277"/><trkpt lat="33.813530" lon="135.583565"/><trkpt lat="33.813767" lon="135.583750"/><trkpt lat="33.814067" lon="135.583824"/><trkpt lat="33.814312" lon="135.583977"/><trkpt lat="33.814345" lon="135.583957"/><trkpt lat="33.814266" lon="135.583688"/><trkpt lat="33.814456" lon="135.583751"/><trkpt lat="33.814515" lon="135.583886"/><trkpt lat="33.814526" lon="135.584107"/><trkpt lat="33.814523" lon="135.584346"/><trkpt lat="33.814533" lon="135.584430"/><trkpt lat="33.814473" lon="135.584540"/><trkpt lat="33.814341" lon="135.584657"/><trkpt lat="33.814176" lon="135.584788"/><trkpt lat="33.814060" lon="135.584892"/><trkpt lat="33.813960" lon="135.585449"/><trkpt lat="33.813859" lon="135.585661"/><trkpt lat="33.813747" lon="135.585835"/><trkpt lat="33.813609" lon="135.585920"/><trkpt lat="33.813543" lon="135.586141"/><trkpt lat="33.813470" lon="135.586269"/><trkpt lat="33.813472" lon="135.586482"/><trkpt lat="33.813567" lon="135.586558"/><trkpt lat="33.813628" lon="135.586598"/><trkpt lat="33.813654" lon="135.586751"/><trkpt lat="33.813832" lon="135.586825"/><trkpt lat="33.813850" lon="135.586913"/><trkpt lat="33.813695" lon="135.586973"/><trkpt lat="33.813630" lon="135.587053"/><trkpt lat="33.813811" lon="135.587254"/><trkpt lat="33.814019" lon="135.587433"/><trkpt lat="33.814161" lon="135.587561"/><trkpt lat="33.814326" lon="135.587557"/><trkpt lat="33.814378" lon="135.587549"/><trkpt lat="33.814403" lon="135.587642"/><trkpt lat="33.814436" lon="135.587833"/><trkpt lat="33.814447" lon="135.588033"/><trkpt lat="33.814429" lon="135.588122"/><trkpt lat="33.814356" lon="135.588159"/><trkpt lat="33.814342" lon="135.588092"/><trkpt lat="33.814278" lon="135.588114"/><trkpt lat="33.814289" lon="135.588213"/><trkpt lat="33.814373" lon="135.588323"/><trkpt lat="33.814376" lon="135.588338"/><trkpt lat="33.814394" lon="135.588447"/><trkpt lat="33.814398" lon="135.588470"/><trkpt lat="33.814487" lon="135.588583"/><trkpt lat="33.814601" lon="135.588776"/><trkpt lat="33.814719" lon="135.588873"/><trkpt lat="33.814750" lon="135.589098"/><trkpt lat="33.814797" lon="135.589369"/><trkpt lat="33.814757" lon="135.589519"/><trkpt lat="33.814763" lon="135.589645"/><trkpt lat="33.814688" lon="135.589833"/><trkpt lat="33.814639" lon="135.589980"/><trkpt lat="33.814654" lon="135.590123"/><trkpt lat="33.814534" lon="135.590270"/><trkpt lat="33.814478" lon="135.590235"/><trkpt lat="33.814373" lon="135.590447"/><trkpt lat="33.814139" lon="135.590758"/><trkpt lat="33.813983" lon="135.591083"/><trkpt lat="33.813876" lon="135.591351"/><trkpt lat="33.813778" lon="135.591464"/><trkpt lat="33.813609" lon="135.591539"/><trkpt lat="33.813473" lon="135.591646"/><trkpt lat="33.813373" lon="135.591802"/><trkpt lat="33.813330" lon="135.591922"/><trkpt lat="33.813299" lon="135.592078"/><trkpt lat="33.813290" lon="135.592579"/><trkpt lat="33.813223" lon="135.592746"/><trkpt lat="33.813166" lon="135.592880"/><trkpt lat="33.813194" lon="135.592960"/><trkpt lat="33.813193" lon="135.593057"/><trkpt lat="33.813116" lon="135.593307"/><trkpt lat="33.812888" lon="135.593484"/><trkpt lat="33.812857" lon="135.593664"/><trkpt lat="33.813000" lon="135.593898"/><trkpt lat="33.812975" lon="135.594130"/><trkpt lat="33.812901" lon="135.594345"/><trkpt lat="33.812743" lon="135.594688"/><trkpt lat="33.812659" lon="135.594872"/><trkpt lat="33.812566" lon="135.594864"/><trkpt lat="33.812543" lon="135.594972"/><trkpt lat="33.812494" lon="135.595062"/><trkpt lat="33.812436" lon="135.595296"/><trkpt lat="33.812410" lon="135.595472"/><trkpt lat="33.812431" lon="135.595571"/><trkpt lat="33.812428" lon="135.595762"/><trkpt lat="33.812389" lon="135.595867"/><trkpt lat="33.812290" lon="135.596151"/><trkpt lat="33.812275" lon="135.596283"/><trkpt lat="33.812430" lon="135.597111"/><trkpt lat="33.812477" lon="135.597110"/><trkpt lat="33.812524" lon="135.597097"/><trkpt lat="33.812564" lon="135.597073"/><trkpt lat="33.812648" lon="135.597065"/><trkpt lat="33.812704" lon="135.596921"/><trkpt lat="33.812643" lon="135.596745"/><trkpt lat="33.812503" lon="135.596584"/><trkpt lat="33.812371" lon="135.596472"/><trkpt lat="33.812295" lon="135.596386"/><trkpt lat="33.812275" lon="135.596283"/><trkpt lat="33.812054" lon="135.597536"/><trkpt lat="33.812082" lon="135.597413"/><trkpt lat="33.812171" lon="135.597259"/><trkpt lat="33.812284" lon="135.597227"/><trkpt lat="33.812360" lon="135.597193"/><trkpt lat="33.812430" lon="135.597111"/><trkpt lat="33.812054" lon="135.597536"/><trkpt lat="33.812109" lon="135.597617"/><trkpt lat="33.812118" lon="135.597694"/><trkpt lat="33.812099" lon="135.597842"/><trkpt lat="33.812113" lon="135.597931"/><trkpt lat="33.811978" lon="135.598101"/><trkpt lat="33.811970" lon="135.598240"/><trkpt lat="33.811818" lon="135.598422"/><trkpt lat="33.811750" lon="135.598542"/><trkpt lat="33.811734" lon="135.598667"/><trkpt lat="33.811901" lon="135.599004"/><trkpt lat="33.811887" lon="135.599101"/><trkpt lat="33.811928" lon="135.599135"/><trkpt lat="33.811913" lon="135.599197"/><trkpt lat="33.811850" lon="135.599324"/><trkpt lat="33.811760" lon="135.599421"/><trkpt lat="33.811674" lon="135.599560"/><trkpt lat="33.811462" lon="135.600068"/><trkpt lat="33.811376" lon="135.600207"/><trkpt lat="33.811344" lon="135.600278"/><trkpt lat="33.811319" lon="135.600434"/><trkpt lat="33.811350" lon="135.600719"/><trkpt lat="33.811361" lon="135.600836"/><trkpt lat="33.811206" lon="135.601089"/><trkpt lat="33.811158" lon="135.601200"/><trkpt lat="33.811079" lon="135.601263"/><trkpt lat="33.811057" lon="135.601255"/><trkpt lat="33.811057" lon="135.601391"/><trkpt lat="33.811102" lon="135.601660"/><trkpt lat="33.811211" lon="135.601938"/><trkpt lat="33.811235" lon="135.602191"/><trkpt lat="33.811283" lon="135.602425"/><trkpt lat="33.811330" lon="135.602551"/><trkpt lat="33.811414" lon="135.602658"/><trkpt lat="33.811442" lon="135.602766"/><trkpt lat="33.811515" lon="135.602847"/><trkpt lat="33.811523" lon="135.602938"/><trkpt lat="33.811617" lon="135.602999"/><trkpt lat="33.811666" lon="135.603070"/><trkpt lat="33.811714" lon="135.603089"/><trkpt lat="33.811775" lon="135.602960"/><trkpt lat="33.811802" lon="135.602937"/><trkpt lat="33.811865" lon="135.603028"/><trkpt lat="33.811892" lon="135.603135"/><trkpt lat="33.811930" lon="135.603179"/><trkpt lat="33.811992" lon="135.603167"/><trkpt lat="33.812023" lon="135.603121"/><trkpt lat="33.812082" lon="135.602979"/><trkpt lat="33.812126" lon="135.602840"/><trkpt lat="33.812168" lon="135.602744"/><trkpt lat="33.812182" lon="135.602734"/><trkpt lat="33.812207" lon="135.602723"/><trkpt lat="33.812256" lon="135.602727"/><trkpt lat="33.812356" lon="135.602748"/><trkpt lat="33.812576" lon="135.602982"/><trkpt lat="33.812711" lon="135.603117"/><trkpt lat="33.812820" lon="135.603230"/><trkpt lat="33.813096" lon="135.603222"/><trkpt lat="33.813399" lon="135.603305"/><trkpt lat="33.813507" lon="135.603376"/><trkpt lat="33.813720" lon="135.603663"/><trkpt lat="33.813807" lon="135.603814"/><trkpt lat="33.813829" lon="135.604002"/><trkpt lat="33.814115" lon="135.604277"/><trkpt lat="33.814048" lon="135.604277"/><trkpt lat="33.813829" lon="135.604002"/><trkpt lat="33.814115" lon="135.604277"/><trkpt lat="33.814143" lon="135.604535"/><trkpt lat="33.814180" lon="135.604741"/><trkpt lat="33.814267" lon="135.605552"/><trkpt lat="33.814278" lon="135.605756"/><trkpt lat="33.814383" lon="135.606224"/><trkpt lat="33.814335" lon="135.606076"/><trkpt lat="33.814278" lon="135.605756"/><trkpt lat="33.814383" lon="135.606224"/><trkpt lat="33.814459" lon="135.606449"/><trkpt lat="33.814500" lon="135.606577"/><trkpt lat="33.814573" lon="135.606804"/><trkpt lat="33.814594" lon="135.606897"/><trkpt lat="33.814639" lon="135.607089"/><trkpt lat="33.814685" lon="135.607259"/><trkpt lat="33.814639" lon="135.607089"/><trkpt lat="33.814685" lon="135.607259"/><trkpt lat="33.814719" lon="135.607403"/><trkpt lat="33.814747" lon="135.607517"/><trkpt lat="33.814822" lon="135.607757"/><trkpt lat="33.814947" lon="135.607990"/><trkpt lat="33.815180" lon="135.608309"/><trkpt lat="33.815301" lon="135.608541"/><trkpt lat="33.815357" lon="135.608691"/><trkpt lat="33.815382" lon="135.608786"/><trkpt lat="33.815388" lon="135.608882"/><trkpt lat="33.815381" lon="135.608950"/><trkpt lat="33.815403" lon="135.608981"/><trkpt lat="33.815381" lon="135.608950"/><trkpt lat="33.815539" lon="135.610695"/><trkpt lat="33.815460" lon="135.610544"/><trkpt lat="33.815388" lon="135.610464"/><trkpt lat="33.815361" lon="135.610426"/><trkpt lat="33.815263" lon="135.610098"/><trkpt lat="33.815200" lon="135.609747"/><trkpt lat="33.815193" lon="135.609570"/><trkpt lat="33.815220" lon="135.609458"/><trkpt lat="33.815404" lon="135.609187"/><trkpt lat="33.815417" lon="135.609116"/><trkpt lat="33.815403" lon="135.608981"/><trkpt lat="33.815539" lon="135.610695"/><trkpt lat="33.815618" lon="135.610832"/><trkpt lat="33.815712" lon="135.610925"/><trkpt lat="33.815831" lon="135.611078"/><trkpt lat="33.815980" lon="135.611403"/><trkpt lat="33.815983" lon="135.611493"/><trkpt lat="33.815835" lon="135.611755"/><trkpt lat="33.815796" lon="135.611903"/><trkpt lat="33.815807" lon="135.612359"/><trkpt lat="33.815965" lon="135.612382"/><trkpt lat="33.816031" lon="135.612442"/><trkpt lat="33.816110" lon="135.612663"/><trkpt lat="33.816231" lon="135.612790"/><trkpt lat="33.816315" lon="135.612878"/><trkpt lat="33.816342" lon="135.612945"/><trkpt lat="33.816662" lon="135.613344"/><trkpt lat="33.816610" lon="135.613174"/><trkpt lat="33.816583" lon="135.613096"/><trkpt lat="33.816525" lon="135.613001"/><trkpt lat="33.816489" lon="135.612963"/><trkpt lat="33.816463" lon="135.612946"/><trkpt lat="33.816420" lon="135.612938"/><trkpt lat="33.816342" lon="135.612945"/><trkpt lat="33.816731" lon="135.613526"/><trkpt lat="33.816662" lon="135.613344"/><trkpt lat="33.817845" lon="135.616110"/><trkpt lat="33.817831" lon="135.615990"/><trkpt lat="33.817802" lon="135.615896"/><trkpt lat="33.817736" lon="135.615797"/><trkpt lat="33.817581" lon="135.615669"/><trkpt lat="33.817351" lon="135.615467"/><trkpt lat="33.817213" lon="135.615303"/><trkpt lat="33.817112" lon="135.615119"/><trkpt lat="33.817058" lon="135.614902"/><trkpt lat="33.817033" lon="135.614659"/><trkpt lat="33.816984" lon="135.614177"/><trkpt lat="33.816826" lon="135.613785"/><trkpt lat="33.816731" lon="135.613526"/><trkpt lat="33.817845" lon="135.616110"/><trkpt lat="33.818073" lon="135.616203"/><trkpt lat="33.818118" lon="135.616340"/><trkpt lat="33.818143" lon="135.616409"/><trkpt lat="33.818447" lon="135.616621"/><trkpt lat="33.818662" lon="135.616720"/><trkpt lat="33.818820" lon="135.616807"/><trkpt lat="33.818887" lon="135.616908"/><trkpt lat="33.818985" lon="135.617073"/><trkpt lat="33.819113" lon="135.617203"/><trkpt lat="33.819192" lon="135.617271"/><trkpt lat="33.819322" lon="135.617462"/><trkpt lat="33.819381" lon="135.617589"/><trkpt lat="33.819488" lon="135.617709"/><trkpt lat="33.819583" lon="135.617843"/><trkpt lat="33.819664" lon="135.617990"/><trkpt lat="33.819743" lon="135.618040"/><trkpt lat="33.820640" lon="135.618811"/><trkpt lat="33.820445" lon="135.618472"/><trkpt lat="33.820141" lon="135.618102"/><trkpt lat="33.820096" lon="135.618049"/><trkpt lat="33.820023" lon="135.618002"/><trkpt lat="33.819835" lon="135.617917"/><trkpt lat="33.819743" lon="135.618040"/><trkpt lat="33.821275" lon="135.621201"/><trkpt lat="33.821226" lon="135.621204"/><trkpt lat="33.821195" lon="135.621175"/><trkpt lat="33.821145" lon="135.620998"/><trkpt lat="33.821115" lon="135.620930"/><trkpt lat="33.820897" lon="135.620695"/><trkpt lat="33.820841" lon="135.620580"/><trkpt lat="33.820834" lon="135.620289"/><trkpt lat="33.820739" lon="135.620128"/><trkpt lat="33.820716" lon="135.620087"/><trkpt lat="33.820705" lon="135.620020"/><trkpt lat="33.820688" lon="135.619797"/><trkpt lat="33.820702" lon="135.619454"/><trkpt lat="33.820705" lon="135.619379"/><trkpt lat="33.820711" lon="135.619182"/><trkpt lat="33.820679" lon="135.618950"/><trkpt lat="33.820640" lon="135.618811"/><trkpt lat="33.821275" lon="135.621201"/><trkpt lat="33.821354" lon="135.621372"/><trkpt lat="33.821402" lon="135.621473"/><trkpt lat="33.821437" lon="135.621652"/><trkpt lat="33.821461" lon="135.621928"/><trkpt lat="33.821543" lon="135.622359"/><trkpt lat="33.821599" lon="135.622575"/><trkpt lat="33.821657" lon="135.622745"/><trkpt lat="33.821709" lon="135.622875"/><trkpt lat="33.821774" lon="135.622969"/><trkpt lat="33.821889" lon="135.623030"/><trkpt lat="33.822023" lon="135.623162"/><trkpt lat="33.822119" lon="135.623346"/><trkpt lat="33.822165" lon="135.623704"/><trkpt lat="33.822175" lon="135.624013"/><trkpt lat="33.822225" lon="135.624210"/><trkpt lat="33.822272" lon="135.624316"/><trkpt lat="33.822343" lon="135.624421"/><trkpt lat="33.822379" lon="135.624479"/><trkpt lat="33.822435" lon="135.624594"/><trkpt lat="33.822477" lon="135.624707"/><trkpt lat="33.822508" lon="135.624822"/><trkpt lat="33.822645" lon="135.625008"/><trkpt lat="33.822706" lon="135.625209"/><trkpt lat="33.822715" lon="135.625344"/><trkpt lat="33.822704" lon="135.625526"/><trkpt lat="33.822665" lon="135.625559"/><trkpt lat="33.822776" lon="135.625737"/><trkpt lat="33.822841" lon="135.625871"/><trkpt lat="33.822913" lon="135.626050"/><trkpt lat="33.822986" lon="135.626154"/><trkpt lat="33.823072" lon="135.626207"/><trkpt lat="33.823247" lon="135.626255"/><trkpt lat="33.823417" lon="135.626262"/><trkpt lat="33.823467" lon="135.626241"/><trkpt lat="33.823502" lon="135.626218"/><trkpt lat="33.823665" lon="135.626113"/><trkpt lat="33.823704" lon="135.626100"/><trkpt lat="33.823772" lon="135.626060"/><trkpt lat="33.824052" lon="135.625977"/><trkpt lat="33.824055" lon="135.625977"/><trkpt lat="33.824085" lon="135.625973"/><trkpt lat="33.824250" lon="135.625951"/><trkpt lat="33.824408" lon="135.625971"/><trkpt lat="33.824477" lon="135.626018"/><trkpt lat="33.824515" lon="135.626093"/><trkpt lat="33.824545" lon="135.626201"/><trkpt lat="33.824555" lon="135.626485"/><trkpt lat="33.824590" lon="135.626558"/><trkpt lat="33.824673" lon="135.626640"/><trkpt lat="33.824787" lon="135.626720"/><trkpt lat="33.824899" lon="135.626778"/><trkpt lat="33.824909" lon="135.626783"/><trkpt lat="33.824943" lon="135.626801"/><trkpt lat="33.825025" lon="135.626845"/><trkpt lat="33.825085" lon="135.626970"/><trkpt lat="33.825069" lon="135.627071"/><trkpt lat="33.824995" lon="135.627172"/><trkpt lat="33.824767" lon="135.627362"/><trkpt lat="33.824543" lon="135.627532"/><trkpt lat="33.824486" lon="135.627643"/><trkpt lat="33.824450" lon="135.627819"/><trkpt lat="33.824253" lon="135.628326"/><trkpt lat="33.824218" lon="135.628622"/><trkpt lat="33.824268" lon="135.628736"/><trkpt lat="33.824339" lon="135.628842"/><trkpt lat="33.824375" lon="135.628896"/><trkpt lat="33.824482" lon="135.629035"/><trkpt lat="33.824574" lon="135.629115"/><trkpt lat="33.824618" lon="135.629149"/><trkpt lat="33.824806" lon="135.629413"/><trkpt lat="33.824884" lon="135.629470"/><trkpt lat="33.824945" lon="135.629484"/><trkpt lat="33.825339" lon="135.629536"/><trkpt lat="33.825564" lon="135.629670"/><trkpt lat="33.825605" lon="135.629691"/><trkpt lat="33.825693" lon="135.629807"/><trkpt lat="33.825716" lon="135.629975"/><trkpt lat="33.825717" lon="135.630249"/><trkpt lat="33.825750" lon="135.630463"/><trkpt lat="33.825789" lon="135.630470"/><trkpt lat="33.825912" lon="135.630794"/><trkpt lat="33.826157" lon="135.631301"/><trkpt lat="33.826301" lon="135.631412"/><trkpt lat="33.826390" lon="135.631504"/><trkpt lat="33.826574" lon="135.631709"/><trkpt lat="33.826707" lon="135.631934"/><trkpt lat="33.827041" lon="135.632407"/><trkpt lat="33.827278" lon="135.632657"/><trkpt lat="33.827507" lon="135.632894"/><trkpt lat="33.827628" lon="135.632973"/><trkpt lat="33.827726" lon="135.633142"/><trkpt lat="33.827784" lon="135.633331"/><trkpt lat="33.827865" lon="135.633473"/><trkpt lat="33.827945" lon="135.633622"/><trkpt lat="33.828032" lon="135.633743"/><trkpt lat="33.828131" lon="135.633914"/><trkpt lat="33.828145" lon="135.634053"/><trkpt lat="33.828139" lon="135.634193"/><trkpt lat="33.828154" lon="135.634312"/><trkpt lat="33.828780" lon="135.635817"/><trkpt lat="33.828725" lon="135.635718"/><trkpt lat="33.828600" lon="135.635469"/><trkpt lat="33.828531" lon="135.635306"/><trkpt lat="33.828469" lon="135.635191"/><trkpt lat="33.828299" lon="135.634867"/><trkpt lat="33.828260" lon="135.634753"/><trkpt lat="33.828207" lon="135.634553"/><trkpt lat="33.828175" lon="135.634423"/><trkpt lat="33.828154" lon="135.634312"/><trkpt lat="33.828780" lon="135.635817"/><trkpt lat="33.828841" lon="135.635927"/><trkpt lat="33.828864" lon="135.636023"/><trkpt lat="33.828947" lon="135.636331"/><trkpt lat="33.829007" lon="135.636619"/><trkpt lat="33.829093" lon="135.637036"/><trkpt lat="33.829162" lon="135.637316"/><trkpt lat="33.829320" lon="135.637830"/><trkpt lat="33.829416" lon="135.638019"/><trkpt lat="33.829500" lon="135.638176"/><trkpt lat="33.829600" lon="135.638346"/><trkpt lat="33.829656" lon="135.638482"/><trkpt lat="33.829675" lon="135.638571"/><trkpt lat="33.829740" lon="135.639039"/><trkpt lat="33.829910" lon="135.639530"/><trkpt lat="33.829997" lon="135.639790"/><trkpt lat="33.830193" lon="135.640397"/><trkpt lat="33.830224" lon="135.640433"/><trkpt lat="33.830385" lon="135.640480"/><trkpt lat="33.830425" lon="135.640536"/><trkpt lat="33.830419" lon="135.640577"/><trkpt lat="33.830538" lon="135.640630"/><trkpt lat="33.830701" lon="135.640725"/><trkpt lat="33.830825" lon="135.640819"/><trkpt lat="33.830910" lon="135.640971"/><trkpt lat="33.830987" lon="135.641153"/><trkpt lat="33.831150" lon="135.641445"/><trkpt lat="33.831275" lon="135.641700"/><trkpt lat="33.831355" lon="135.641817"/><trkpt lat="33.831472" lon="135.641968"/><trkpt lat="33.831518" lon="135.642088"/><trkpt lat="33.831508" lon="135.642311"/><trkpt lat="33.831518" lon="135.642454"/><trkpt lat="33.831562" lon="135.642603"/><trkpt lat="33.831646" lon="135.642758"/><trkpt lat="33.831818" lon="135.642912"/><trkpt lat="33.831840" lon="135.642959"/><trkpt lat="33.831846" lon="135.643013"/><trkpt lat="33.831812" lon="135.643108"/><trkpt lat="33.831688" lon="135.643290"/><trkpt lat="33.831646" lon="135.643335"/><trkpt lat="33.831575" lon="135.643411"/><trkpt lat="33.831281" lon="135.643602"/><trkpt lat="33.831250" lon="135.643696"/><trkpt lat="33.831265" lon="135.643830"/><trkpt lat="33.831317" lon="135.643921"/><trkpt lat="33.831375" lon="135.643951"/><trkpt lat="33.831462" lon="135.643955"/><trkpt lat="33.831677" lon="135.644019"/><trkpt lat="33.831781" lon="135.644079"/><trkpt lat="33.831827" lon="135.644140"/><trkpt lat="33.831855" lon="135.644281"/><trkpt lat="33.831839" lon="135.644407"/><trkpt lat="33.831754" lon="135.644549"/><trkpt lat="33.831697" lon="135.644654"/><trkpt lat="33.831649" lon="135.644797"/><trkpt lat="33.831636" lon="135.644909"/><trkpt lat="33.831654" lon="135.645021"/><trkpt lat="33.831818" lon="135.645470"/><trkpt lat="33.831863" lon="135.645679"/><trkpt lat="33.831891" lon="135.646111"/><trkpt lat="33.831913" lon="135.646212"/><trkpt lat="33.831993" lon="135.646347"/><trkpt lat="33.832071" lon="135.646408"/><trkpt lat="33.832190" lon="135.646455"/><trkpt lat="33.832353" lon="135.646455"/><trkpt lat="33.832759" lon="135.646313"/><trkpt lat="33.832872" lon="135.646286"/><trkpt lat="33.832985" lon="135.646279"/><trkpt lat="33.833030" lon="135.646306"/><trkpt lat="33.833244" lon="135.646509"/><trkpt lat="33.833345" lon="135.646576"/><trkpt lat="33.833482" lon="135.646650"/><trkpt lat="33.833570" lon="135.646690"/><trkpt lat="33.833650" lon="135.646767"/><trkpt lat="33.833684" lon="135.646882"/><trkpt lat="33.833711" lon="135.647072"/><trkpt lat="33.833719" lon="135.647321"/><trkpt lat="33.833722" lon="135.647503"/><trkpt lat="33.833717" lon="135.647643"/><trkpt lat="33.833649" lon="135.647814"/><trkpt lat="33.833527" lon="135.647955"/><trkpt lat="33.833389" lon="135.648117"/><trkpt lat="33.833120" lon="135.648612"/><trkpt lat="33.833154" lon="135.648769"/><trkpt lat="33.833182" lon="135.648857"/><trkpt lat="33.833346" lon="135.649093"/><trkpt lat="33.833385" lon="135.649167"/><trkpt lat="33.833391" lon="135.649262"/><trkpt lat="33.833363" lon="135.649342"/><trkpt lat="33.833171" lon="135.649633"/><trkpt lat="33.832866" lon="135.650044"/><trkpt lat="33.832828" lon="135.650207"/><trkpt lat="33.832855" lon="135.650347"/><trkpt lat="33.832979" lon="135.650497"/><trkpt lat="33.833154" lon="135.650625"/><trkpt lat="33.833334" lon="135.650733"/><trkpt lat="33.833492" lon="135.650849"/><trkpt lat="33.833560" lon="135.650875"/><trkpt lat="33.833971" lon="135.650861"/><trkpt lat="33.834017" lon="135.650869"/><trkpt lat="33.834084" lon="135.650929"/><trkpt lat="33.834218" lon="135.651240"/><trkpt lat="33.834264" lon="135.651361"/><trkpt lat="33.834360" lon="135.651456"/><trkpt lat="33.834540" lon="135.651523"/><trkpt lat="33.834698" lon="135.651557"/><trkpt lat="33.834974" lon="135.651564"/><trkpt lat="33.835115" lon="135.651625"/><trkpt lat="33.835222" lon="135.651713"/><trkpt lat="33.835312" lon="135.651834"/><trkpt lat="33.835346" lon="135.651949"/><trkpt lat="33.835346" lon="135.652089"/><trkpt lat="33.835340" lon="135.652138"/><trkpt lat="33.835262" lon="135.652327"/><trkpt lat="33.835120" lon="135.652596"/><trkpt lat="33.835040" lon="135.652720"/><trkpt lat="33.834916" lon="135.653048"/><trkpt lat="33.834910" lon="135.653154"/><trkpt lat="33.834939" lon="135.653268"/><trkpt lat="33.835035" lon="135.653382"/><trkpt lat="33.835226" lon="135.653549"/><trkpt lat="33.835280" lon="135.653631"/><trkpt lat="33.835298" lon="135.653768"/><trkpt lat="33.835282" lon="135.654149"/><trkpt lat="33.835350" lon="135.654321"/><trkpt lat="33.835438" lon="135.654423"/><trkpt lat="33.835539" lon="135.654488"/><trkpt lat="33.835548" lon="135.654520"/><trkpt lat="33.835533" lon="135.654570"/><trkpt lat="33.835838" lon="135.654687"/><trkpt lat="33.836192" lon="135.654743"/><trkpt lat="33.836440" lon="135.654736"/><trkpt lat="33.836507" lon="135.654749"/><trkpt lat="33.836559" lon="135.654776"/><trkpt lat="33.836586" lon="135.654806"/><trkpt lat="33.836610" lon="135.654878"/><trkpt lat="33.836559" lon="135.655048"/><trkpt lat="33.836361" lon="135.655387"/><trkpt lat="33.836278" lon="135.655481"/><trkpt lat="33.836092" lon="135.655573"/><trkpt lat="33.836049" lon="135.655657"/><trkpt lat="33.836025" lon="135.655834"/><trkpt lat="33.835985" lon="135.655911"/><trkpt lat="33.835641" lon="135.656318"/><trkpt lat="33.835518" lon="135.656488"/><trkpt lat="33.835452" lon="135.656616"/><trkpt lat="33.835428" lon="135.656709"/><trkpt lat="33.835412" lon="135.656836"/><trkpt lat="33.835392" lon="135.657165"/><trkpt lat="33.835415" lon="135.657363"/><trkpt lat="33.835487" lon="135.657577"/><trkpt lat="33.835633" lon="135.657817"/><trkpt lat="33.835619" lon="135.657920"/><trkpt lat="33.835631" lon="135.658002"/><trkpt lat="33.835640" lon="135.658142"/><trkpt lat="33.835729" lon="135.658327"/><trkpt lat="33.835836" lon="135.658343"/><trkpt lat="33.835905" lon="135.658437"/><trkpt lat="33.835997" lon="135.658585"/><trkpt lat="33.836035" lon="135.658647"/><trkpt lat="33.836474" lon="135.658712"/><trkpt lat="33.836585" lon="135.658906"/><trkpt lat="33.836446" lon="135.659381"/><trkpt lat="33.836147" lon="135.659405"/><trkpt lat="33.836259" lon="135.659754"/><trkpt lat="33.836142" lon="135.660022"/><trkpt lat="33.836115" lon="135.660397"/><trkpt lat="33.836217" lon="135.660562"/><trkpt lat="33.836175" lon="135.660844"/><trkpt lat="33.836369" lon="135.660810"/><trkpt lat="33.836449" lon="135.661120"/><trkpt lat="33.836487" lon="135.661706"/><trkpt lat="33.836843" lon="135.662000"/><trkpt lat="33.836953" lon="135.662750"/><trkpt lat="33.836961" lon="135.663228"/><trkpt lat="33.836905" lon="135.663627"/><trkpt lat="33.837101" lon="135.664104"/><trkpt lat="33.837178" lon="135.664559"/><trkpt lat="33.837060" lon="135.664802"/><trkpt lat="33.837332" lon="135.664995"/><trkpt lat="33.837527" lon="135.665390"/><trkpt lat="33.838031" lon="135.665618"/><trkpt lat="33.838117" lon="135.666195"/><trkpt lat="33.838247" lon="135.666367"/><trkpt lat="33.838335" lon="135.666621"/><trkpt lat="33.838589" lon="135.666869"/><trkpt lat="33.838310" lon="135.666978"/><trkpt lat="33.838472" lon="135.667222"/><trkpt lat="33.838922" lon="135.667120"/><trkpt lat="33.838982" lon="135.667205"/><trkpt lat="33.838790" lon="135.667621"/><trkpt lat="33.838625" lon="135.667724"/><trkpt lat="33.838790" lon="135.667621"/><trkpt lat="33.838625" lon="135.667724"/><trkpt lat="33.838679" lon="135.667869"/><trkpt lat="33.838744" lon="135.668005"/><trkpt lat="33.838787" lon="135.668110"/><trkpt lat="33.838827" lon="135.668291"/><trkpt lat="33.838935" lon="135.668289"/><trkpt lat="33.839073" lon="135.668193"/><trkpt lat="33.839229" lon="135.668215"/><trkpt lat="33.839546" lon="135.668122"/><trkpt lat="33.839972" lon="135.667877"/><trkpt lat="33.840095" lon="135.667837"/><trkpt lat="33.840464" lon="135.667955"/><trkpt lat="33.840517" lon="135.667946"/><trkpt lat="33.840557" lon="135.667923"/><trkpt lat="33.840636" lon="135.667768"/><trkpt lat="33.840715" lon="135.667709"/><trkpt lat="33.841181" lon="135.667590"/><trkpt lat="33.841240" lon="135.667638"/><trkpt lat="33.841309" lon="135.667958"/><trkpt lat="33.841389" lon="135.668101"/><trkpt lat="33.841567" lon="135.668314"/><trkpt lat="33.841587" lon="135.668398"/><trkpt lat="33.841518" lon="135.668599"/><trkpt lat="33.841528" lon="135.668671"/><trkpt lat="33.841785" lon="135.668931"/><trkpt lat="33.841824" lon="135.669038"/><trkpt lat="33.841824" lon="135.669466"/><trkpt lat="33.841854" lon="135.669525"/><trkpt lat="33.841983" lon="135.669584"/><trkpt lat="33.842013" lon="135.669656"/><trkpt lat="33.842134" lon="135.670324"/><trkpt lat="33.842490" lon="135.670645"/><trkpt lat="33.842678" lon="135.671037"/><trkpt lat="33.842619" lon="135.671536"/><trkpt lat="33.842540" lon="135.671880"/><trkpt lat="33.843598" lon="135.672142"/><trkpt lat="33.843536" lon="135.672142"/><trkpt lat="33.843456" lon="135.672115"/><trkpt lat="33.843341" lon="135.671993"/><trkpt lat="33.843102" lon="135.671924"/><trkpt lat="33.842916" lon="135.671884"/><trkpt lat="33.842699" lon="135.671897"/><trkpt lat="33.842540" lon="135.671880"/><trkpt lat="33.844618" lon="135.673502"/><trkpt lat="33.844569" lon="135.673216"/><trkpt lat="33.844468" lon="135.673390"/><trkpt lat="33.844303" lon="135.673370"/><trkpt lat="33.844141" lon="135.673311"/><trkpt lat="33.843924" lon="135.673275"/><trkpt lat="33.843790" lon="135.673219"/><trkpt lat="33.843669" lon="135.673061"/><trkpt lat="33.843659" lon="135.672891"/><trkpt lat="33.843727" lon="135.672744"/><trkpt lat="33.843820" lon="135.672510"/><trkpt lat="33.843728" lon="135.672431"/><trkpt lat="33.843679" lon="135.672262"/><trkpt lat="33.843598" lon="135.672142"/><trkpt lat="33.844618" lon="135.673502"/><trkpt lat="33.844353" lon="135.673623"/><trkpt lat="33.844239" lon="135.673676"/><trkpt lat="33.844155" lon="135.673792"/><trkpt lat="33.844037" lon="135.674024"/><trkpt lat="33.846526" lon="135.687711"/><trkpt lat="33.846966" lon="135.687642"/><trkpt lat="33.847162" lon="135.687430"/><trkpt lat="33.847243" lon="135.687191"/><trkpt lat="33.847383" lon="135.686959"/><trkpt lat="33.847453" lon="135.686598"/><trkpt lat="33.847394" lon="135.686413"/><trkpt lat="33.847270" lon="135.686216"/><trkpt lat="33.847361" lon="135.686094"/><trkpt lat="33.847508" lon="135.685976"/><trkpt lat="33.847605" lon="135.685862"/><trkpt lat="33.847673" lon="135.685612"/><trkpt lat="33.847766" lon="135.685361"/><trkpt lat="33.847907" lon="135.685193"/><trkpt lat="33.847984" lon="135.685048"/><trkpt lat="33.848028" lon="135.684757"/><trkpt lat="33.848064" lon="135.684463"/><trkpt lat="33.848108" lon="135.684088"/><trkpt lat="33.848092" lon="135.683827"/><trkpt lat="33.848103" lon="135.683432"/><trkpt lat="33.848099" lon="135.683141"/><trkpt lat="33.848246" lon="135.682896"/><trkpt lat="33.848425" lon="135.682726"/><trkpt lat="33.848488" lon="135.682646"/><trkpt lat="33.848425" lon="135.682275"/><trkpt lat="33.848350" lon="135.681891"/><trkpt lat="33.848359" lon="135.681723"/><trkpt lat="33.848275" lon="135.681489"/><trkpt lat="33.848188" lon="135.681152"/><trkpt lat="33.848029" lon="135.681022"/><trkpt lat="33.847844" lon="135.680937"/><trkpt lat="33.847766" lon="135.680384"/><trkpt lat="33.847592" lon="135.680157"/><trkpt lat="33.847377" lon="135.680100"/><trkpt lat="33.847135" lon="135.679869"/><trkpt lat="33.846961" lon="135.679709"/><trkpt lat="33.846744" lon="135.679603"/><trkpt lat="33.846568" lon="135.679449"/><trkpt lat="33.846469" lon="135.679281"/><trkpt lat="33.846336" lon="135.679012"/><trkpt lat="33.846154" lon="135.678796"/><trkpt lat="33.845917" lon="135.678500"/><trkpt lat="33.845758" lon="135.678279"/><trkpt lat="33.845652" lon="135.678065"/><trkpt lat="33.845532" lon="135.677922"/><trkpt lat="33.845418" lon="135.677680"/><trkpt lat="33.845312" lon="135.677558"/><trkpt lat="33.845301" lon="135.677277"/><trkpt lat="33.845297" lon="135.677001"/><trkpt lat="33.845420" lon="135.676836"/><trkpt lat="33.845358" lon="135.676477"/><trkpt lat="33.845350" lon="135.676155"/><trkpt lat="33.845262" lon="135.675986"/><trkpt lat="33.845151" lon="135.675813"/><trkpt lat="33.845171" lon="135.675592"/><trkpt lat="33.845196" lon="135.675361"/><trkpt lat="33.845153" lon="135.675220"/><trkpt lat="33.845050" lon="135.675059"/><trkpt lat="33.844991" lon="135.674926"/><trkpt lat="33.844859" lon="135.675128"/><trkpt lat="33.844692" lon="135.675189"/><trkpt lat="33.844684" lon="135.674999"/><trkpt lat="33.844634" lon="135.674730"/><trkpt lat="33.844512" lon="135.674650"/><trkpt lat="33.844416" lon="135.674623"/><trkpt lat="33.844255" lon="135.674672"/><trkpt lat="33.844158" lon="135.674705"/><trkpt lat="33.844085" lon="135.674592"/><trkpt lat="33.844110" lon="135.674382"/><trkpt lat="33.844077" lon="135.674202"/><trkpt lat="33.844037" lon="135.674024"/><trkpt lat="33.846526" lon="135.687711"/><trkpt lat="33.846416" lon="135.687761"/><trkpt lat="33.846358" lon="135.687852"/><trkpt lat="33.846030" lon="135.687963"/><trkpt lat="33.845904" lon="135.688144"/><trkpt lat="33.845719" lon="135.688255"/><trkpt lat="33.845497" lon="135.688346"/><trkpt lat="33.845237" lon="135.688447"/><trkpt lat="33.845069" lon="135.688407"/><trkpt lat="33.844713" lon="135.688171"/><trkpt lat="33.844584" lon="135.688241"/><trkpt lat="33.844426" lon="135.688385"/><trkpt lat="33.844246" lon="135.688478"/><trkpt lat="33.844073" lon="135.688550"/><trkpt lat="33.843838" lon="135.688644"/><trkpt lat="33.843589" lon="135.688767"/><trkpt lat="33.843210" lon="135.687571"/><trkpt lat="33.843447" lon="135.688140"/><trkpt lat="33.843589" lon="135.688767"/><trkpt lat="33.843716" lon="135.688975"/><trkpt lat="33.843974" lon="135.689306"/><trkpt lat="33.844024" lon="135.689946"/><trkpt lat="33.844062" lon="135.690243"/><trkpt lat="33.844446" lon="135.690642"/><trkpt lat="33.844504" lon="135.690995"/><trkpt lat="33.844577" lon="135.691342"/><trkpt lat="33.844673" lon="135.691956"/><trkpt lat="33.844829" lon="135.692235"/><trkpt lat="33.844966" lon="135.692190"/><trkpt lat="33.845197" lon="135.692544"/><trkpt lat="33.845194" lon="135.692831"/><trkpt lat="33.845320" lon="135.693060"/><trkpt lat="33.845382" lon="135.693473"/><trkpt lat="33.845525" lon="135.693677"/><trkpt lat="33.845658" lon="135.693719"/><trkpt lat="33.845862" lon="135.693590"/><trkpt lat="33.845762" lon="135.694113"/><trkpt lat="33.845921" lon="135.694522"/><trkpt lat="33.846035" lon="135.694742"/><trkpt lat="33.846329" lon="135.694904"/><trkpt lat="33.846557" lon="135.694936"/><trkpt lat="33.846609" lon="135.694989"/><trkpt lat="33.846638" lon="135.695116"/><trkpt lat="33.846559" lon="135.695247"/><trkpt lat="33.846656" lon="135.695516"/><trkpt lat="33.846563" lon="135.695707"/><trkpt lat="33.846713" lon="135.696035"/><trkpt lat="33.847129" lon="135.696224"/><trkpt lat="33.847370" lon="135.696502"/><trkpt lat="33.847628" lon="135.696705"/><trkpt lat="33.847862" lon="135.697197"/><trkpt lat="33.847674" lon="135.697237"/><trkpt lat="33.847772" lon="135.697453"/><trkpt lat="33.848271" lon="135.697554"/><trkpt lat="33.848228" lon="135.697593"/><trkpt lat="33.848117" lon="135.697622"/><trkpt lat="33.848002" lon="135.697578"/><trkpt lat="33.847772" lon="135.697453"/><trkpt lat="33.848271" lon="135.697554"/><trkpt lat="33.848334" lon="135.697736"/><trkpt lat="33.848367" lon="135.697978"/><trkpt lat="33.848526" lon="135.698455"/><trkpt lat="33.848632" lon="135.698166"/><trkpt lat="33.849053" lon="135.697834"/><trkpt lat="33.849278" lon="135.697887"/><trkpt lat="33.849375" lon="135.698155"/><trkpt lat="33.849610" lon="135.698043"/><trkpt lat="33.849776" lon="135.698122"/><trkpt lat="33.849968" lon="135.698466"/><trkpt lat="33.850144" lon="135.699051"/><trkpt lat="33.850164" lon="135.699461"/><trkpt lat="33.850461" lon="135.699595"/><trkpt lat="33.850716" lon="135.699602"/><trkpt lat="33.850889" lon="135.699426"/><trkpt lat="33.851093" lon="135.699306"/><trkpt lat="33.851233" lon="135.699350"/><trkpt lat="33.851403" lon="135.699233"/><trkpt lat="33.851586" lon="135.699151"/><trkpt lat="33.851637" lon="135.699399"/><trkpt lat="33.851543" lon="135.699628"/><trkpt lat="33.851605" lon="135.699884"/><trkpt lat="33.851554" lon="135.700244"/><trkpt lat="33.851581" lon="135.700505"/><trkpt lat="33.851611" lon="135.700773"/><trkpt lat="33.851569" lon="135.701105"/><trkpt lat="33.851618" lon="135.701520"/><trkpt lat="33.851607" lon="135.701723"/><trkpt lat="33.851699" lon="135.701888"/><trkpt lat="33.851991" lon="135.702007"/><trkpt lat="33.852218" lon="135.702021"/><trkpt lat="33.852390" lon="135.701998"/><trkpt lat="33.852518" lon="135.701885"/><trkpt lat="33.852615" lon="135.701747"/><trkpt lat="33.852740" lon="135.701662"/><trkpt lat="33.852869" lon="135.701708"/><trkpt lat="33.852908" lon="135.701820"/><trkpt lat="33.852946" lon="135.701917"/><trkpt lat="33.853059" lon="135.702282"/><trkpt lat="33.853130" lon="135.702515"/><trkpt lat="33.853094" lon="135.702694"/><trkpt lat="33.853046" lon="135.702824"/><trkpt lat="33.853018" lon="135.702958"/><trkpt lat="33.853042" lon="135.703134"/><trkpt lat="33.853198" lon="135.703217"/><trkpt lat="33.853339" lon="135.703235"/><trkpt lat="33.853449" lon="135.703352"/><trkpt lat="33.853508" lon="135.703615"/><trkpt lat="33.853593" lon="135.703698"/><trkpt lat="33.853593" lon="135.703744"/><trkpt lat="33.853508" lon="135.703818"/><trkpt lat="33.853293" lon="135.703938"/><trkpt lat="33.853239" lon="135.704039"/><trkpt lat="33.853223" lon="135.704113"/><trkpt lat="33.853262" lon="135.704399"/><trkpt lat="33.853354" lon="135.704648"/><trkpt lat="33.853446" lon="135.704722"/><trkpt lat="33.853623" lon="135.704796"/><trkpt lat="33.853761" lon="135.704894"/><trkpt lat="33.853829" lon="135.705049"/><trkpt lat="33.853941" lon="135.705162"/><trkpt lat="33.854197" lon="135.705228"/><trkpt lat="33.854413" lon="135.705361"/><trkpt lat="33.854548" lon="135.705331"/><trkpt lat="33.854651" lon="135.705366"/><trkpt lat="33.854729" lon="135.705518"/><trkpt lat="33.854749" lon="135.705666"/><trkpt lat="33.854811" lon="135.705768"/><trkpt lat="33.854957" lon="135.705795"/><trkpt lat="33.854996" lon="135.705851"/><trkpt lat="33.854973" lon="135.705961"/><trkpt lat="33.854926" lon="135.706183"/><trkpt lat="33.854919" lon="135.706312"/><trkpt lat="33.854980" lon="135.706653"/><trkpt lat="33.855049" lon="135.706773"/><trkpt lat="33.855205" lon="135.706997"/><trkpt lat="33.855091" lon="135.707248"/><trkpt lat="33.855210" lon="135.707746"/><trkpt lat="33.855596" lon="135.708402"/><trkpt lat="33.856204" lon="135.708898"/><trkpt lat="33.856529" lon="135.709167"/><trkpt lat="33.856789" lon="135.709706"/><trkpt lat="33.857126" lon="135.709965"/><trkpt lat="33.857410" lon="135.710664"/><trkpt lat="33.857390" lon="135.711001"/><trkpt lat="33.857294" lon="135.711696"/><trkpt lat="33.857155" lon="135.712392"/><trkpt lat="33.857276" lon="135.712631"/><trkpt lat="33.857217" lon="135.712893"/><trkpt lat="33.857049" lon="135.713598"/><trkpt lat="33.856918" lon="135.713906"/><trkpt lat="33.857033" lon="135.714433"/><trkpt lat="33.857069" lon="135.715206"/><trkpt lat="33.856952" lon="135.715530"/><trkpt lat="33.856929" lon="135.715681"/><trkpt lat="33.856828" lon="135.715972"/><trkpt lat="33.856746" lon="135.716286"/><trkpt lat="33.856746" lon="135.716561"/><trkpt lat="33.856711" lon="135.716726"/><trkpt lat="33.856619" lon="135.716960"/><trkpt lat="33.856561" lon="135.717234"/><trkpt lat="33.856560" lon="135.717575"/><trkpt lat="33.859066" lon="135.720380"/><trkpt lat="33.858685" lon="135.720496"/><trkpt lat="33.858434" lon="135.720638"/><trkpt lat="33.858309" lon="135.720789"/><trkpt lat="33.858155" lon="135.721065"/><trkpt lat="33.857985" lon="135.721258"/><trkpt lat="33.857852" lon="135.721317"/><trkpt lat="33.857587" lon="135.721384"/><trkpt lat="33.857454" lon="135.721492"/><trkpt lat="33.857329" lon="135.721601"/><trkpt lat="33.857245" lon="135.721609"/><trkpt lat="33.857168" lon="135.721584"/><trkpt lat="33.857099" lon="135.721476"/><trkpt lat="33.856873" lon="135.721012"/><trkpt lat="33.856708" lon="135.720672"/><trkpt lat="33.856594" lon="135.720387"/><trkpt lat="33.856553" lon="135.720178"/><trkpt lat="33.856560" lon="135.719969"/><trkpt lat="33.856657" lon="135.719743"/><trkpt lat="33.857069" lon="135.719124"/><trkpt lat="33.857104" lon="135.719007"/><trkpt lat="33.857104" lon="135.718873"/><trkpt lat="33.857027" lon="135.718730"/><trkpt lat="33.856922" lon="135.718605"/><trkpt lat="33.856783" lon="135.718475"/><trkpt lat="33.856685" lon="135.718308"/><trkpt lat="33.856622" lon="135.718117"/><trkpt lat="33.856564" lon="135.717689"/><trkpt lat="33.856560" lon="135.717575"/><trkpt lat="33.859066" lon="135.720380"/><trkpt lat="33.859128" lon="135.720527"/><trkpt lat="33.859202" lon="135.720515"/><trkpt lat="33.859254" lon="135.720491"/><trkpt lat="33.859304" lon="135.720495"/><trkpt lat="33.859460" lon="135.720554"/><trkpt lat="33.859490" lon="135.720546"/><trkpt lat="33.859515" lon="135.720502"/><trkpt lat="33.859554" lon="135.720502"/><trkpt lat="33.859588" lon="135.720586"/><trkpt lat="33.859651" lon="135.720597"/><trkpt lat="33.859693" lon="135.720633"/><trkpt lat="33.859801" lon="135.720774"/><trkpt lat="33.859966" lon="135.720882"/><trkpt lat="33.860007" lon="135.721008"/><trkpt lat="33.860029" lon="135.721020"/><trkpt lat="33.860143" lon="135.721014"/><trkpt lat="33.860169" lon="135.720989"/><trkpt lat="33.860181" lon="135.720922"/><trkpt lat="33.860164" lon="135.720882"/><trkpt lat="33.860111" lon="135.720797"/><trkpt lat="33.860085" lon="135.720537"/><trkpt lat="33.860099" lon="135.720492"/><trkpt lat="33.860132" lon="135.720466"/><trkpt lat="33.860280" lon="135.720435"/><trkpt lat="33.860584" lon="135.720557"/><trkpt lat="33.860698" lon="135.720590"/><trkpt lat="33.860977" lon="135.720628"/><trkpt lat="33.861037" lon="135.720664"/><trkpt lat="33.861075" lon="135.720706"/><trkpt lat="33.861120" lon="135.720790"/><trkpt lat="33.861229" lon="135.720856"/><trkpt lat="33.861638" lon="135.720908"/><trkpt lat="33.861620" lon="135.721543"/><trkpt lat="33.861602" lon="135.721834"/><trkpt lat="33.861639" lon="135.721983"/><trkpt lat="33.861715" lon="135.722300"/><trkpt lat="33.861794" lon="135.722562"/><trkpt lat="33.861832" lon="135.722773"/><trkpt lat="33.861689" lon="135.723104"/><trkpt lat="33.861592" lon="135.723248"/><trkpt lat="33.861375" lon="135.723400"/><trkpt lat="33.861250" lon="135.723473"/><trkpt lat="33.861158" lon="135.723688"/><trkpt lat="33.861071" lon="135.723785"/><trkpt lat="33.861125" lon="135.724043"/><trkpt lat="33.861226" lon="135.724079"/><trkpt lat="33.861200" lon="135.724211"/><trkpt lat="33.861152" lon="135.724478"/><trkpt lat="33.861243" lon="135.724719"/><trkpt lat="33.861494" lon="135.725122"/><trkpt lat="33.861640" lon="135.725399"/><trkpt lat="33.861739" lon="135.725500"/><trkpt lat="33.861962" lon="135.725620"/><trkpt lat="33.862032" lon="135.725712"/><trkpt lat="33.862062" lon="135.725851"/><trkpt lat="33.862109" lon="135.726385"/><trkpt lat="33.862185" lon="135.726846"/><trkpt lat="33.862185" lon="135.727104"/><trkpt lat="33.862132" lon="135.727380"/><trkpt lat="33.861979" lon="135.727780"/><trkpt lat="33.861885" lon="135.727927"/><trkpt lat="33.861716" lon="135.728075"/><trkpt lat="33.861609" lon="135.728194"/><trkpt lat="33.861496" lon="135.728335"/><trkpt lat="33.861403" lon="135.728562"/><trkpt lat="33.861242" lon="135.728955"/><trkpt lat="33.861172" lon="135.729168"/><trkpt lat="33.861081" lon="135.729426"/><trkpt lat="33.861032" lon="135.729547"/><trkpt lat="33.861003" lon="135.729700"/><trkpt lat="33.861018" lon="135.729928"/><trkpt lat="33.861033" lon="135.730141"/><trkpt lat="33.861042" lon="135.730285"/><trkpt lat="33.861020" lon="135.730377"/><trkpt lat="33.860996" lon="135.730421"/><trkpt lat="33.860946" lon="135.730531"/><trkpt lat="33.860892" lon="135.730621"/><trkpt lat="33.860846" lon="135.730796"/><trkpt lat="33.860859" lon="135.731047"/><trkpt lat="33.860951" lon="135.731473"/><trkpt lat="33.860989" lon="135.731925"/><trkpt lat="33.860989" lon="135.732020"/><trkpt lat="33.860947" lon="135.732105"/><trkpt lat="33.860753" lon="135.732408"/><trkpt lat="33.860691" lon="135.732538"/><trkpt lat="33.860636" lon="135.732689"/><trkpt lat="33.860603" lon="135.732830"/><trkpt lat="33.860590" lon="135.733176"/><trkpt lat="33.860532" lon="135.733342"/><trkpt lat="33.860376" lon="135.733629"/><trkpt lat="33.860238" lon="135.733901"/><trkpt lat="33.860079" lon="135.734472"/><trkpt lat="33.859999" lon="135.734815"/><trkpt lat="33.859840" lon="135.735277"/><trkpt lat="33.859727" lon="135.735463"/><trkpt lat="33.859648" lon="135.735548"/><trkpt lat="33.859288" lon="135.735754"/><trkpt lat="33.859110" lon="135.735865"/><trkpt lat="33.858989" lon="135.736005"/><trkpt lat="33.858884" lon="135.736161"/><trkpt lat="33.858679" lon="135.736567"/><trkpt lat="33.858599" lon="135.736694"/><trkpt lat="33.858569" lon="135.736749"/><trkpt lat="33.858469" lon="135.736844"/><trkpt lat="33.858360" lon="135.736914"/><trkpt lat="33.858230" lon="135.736949"/><trkpt lat="33.858139" lon="135.737316"/><trkpt lat="33.858090" lon="135.737608"/><trkpt lat="33.858090" lon="135.737748"/><trkpt lat="33.858188" lon="135.738111"/><trkpt lat="33.858276" lon="135.738742"/><trkpt lat="33.858334" lon="135.738999"/><trkpt lat="33.858324" lon="135.739197"/><trkpt lat="33.858432" lon="135.739477"/><trkpt lat="33.858432" lon="135.739606"/><trkpt lat="33.858324" lon="135.739793"/><trkpt lat="33.858246" lon="135.740530"/><trkpt lat="33.858217" lon="135.741009"/><trkpt lat="33.858237" lon="135.741259"/><trkpt lat="33.858285" lon="135.741469"/><trkpt lat="33.858451" lon="135.741925"/><trkpt lat="33.858558" lon="135.742590"/><trkpt lat="33.858763" lon="135.743258"/><trkpt lat="33.858812" lon="135.743690"/><trkpt lat="33.858763" lon="135.744438"/><trkpt lat="33.858744" lon="135.745261"/><trkpt lat="33.858674" lon="135.745870"/><trkpt lat="33.858699" lon="135.746262"/><trkpt lat="33.858729" lon="135.746488"/><trkpt lat="33.858705" lon="135.746768"/><trkpt lat="33.858571" lon="135.747181"/><trkpt lat="33.858566" lon="135.747497"/><trkpt lat="33.858521" lon="135.747585"/><trkpt lat="33.858481" lon="135.747707"/><trkpt lat="33.858436" lon="135.747963"/><trkpt lat="33.858425" lon="135.748132"/><trkpt lat="33.858430" lon="135.748174"/><trkpt lat="33.858357" lon="135.748186"/><trkpt lat="33.858375" lon="135.748402"/><trkpt lat="33.858408" lon="135.748713"/><trkpt lat="33.858453" lon="135.748882"/><trkpt lat="33.858518" lon="135.749043"/><trkpt lat="33.858638" lon="135.749198"/><trkpt lat="33.858842" lon="135.749267"/><trkpt lat="33.858898" lon="135.749321"/><trkpt lat="33.858983" lon="135.749463"/><trkpt lat="33.859198" lon="135.749895"/><trkpt lat="33.859339" lon="135.750274"/><trkpt lat="33.859373" lon="135.750376"/><trkpt lat="33.859413" lon="135.750544"/><trkpt lat="33.859440" lon="135.750795"/><trkpt lat="33.859458" lon="135.751173"/><trkpt lat="33.859479" lon="135.751403"/><trkpt lat="33.859541" lon="135.751700"/><trkpt lat="33.859598" lon="135.751849"/><trkpt lat="33.859798" lon="135.752334"/><trkpt lat="33.859921" lon="135.752676"/><trkpt lat="33.860035" lon="135.752976"/><trkpt lat="33.859987" lon="135.753324"/><trkpt lat="33.860008" lon="135.753648"/><trkpt lat="33.860004" lon="135.753707"/><trkpt lat="33.860008" lon="135.753863"/><trkpt lat="33.860154" lon="135.755717"/><trkpt lat="33.860156" lon="135.755643"/><trkpt lat="33.860139" lon="135.755570"/><trkpt lat="33.860095" lon="135.755396"/><trkpt lat="33.860015" lon="135.755119"/><trkpt lat="33.859895" lon="135.754603"/><trkpt lat="33.859783" lon="135.754416"/><trkpt lat="33.859789" lon="135.754254"/><trkpt lat="33.859885" lon="135.754119"/><trkpt lat="33.859941" lon="135.754031"/><trkpt lat="33.859999" lon="135.753934"/><trkpt lat="33.860008" lon="135.753863"/><trkpt lat="33.860154" lon="135.755717"/><trkpt lat="33.860244" lon="135.755905"/><trkpt lat="33.860291" lon="135.756150"/><trkpt lat="33.860272" lon="135.756454"/><trkpt lat="33.860246" lon="135.756713"/><trkpt lat="33.860168" lon="135.756938"/><trkpt lat="33.859907" lon="135.757565"/><trkpt lat="33.860076" lon="135.757378"/><trkpt lat="33.860157" lon="135.757286"/><trkpt lat="33.860204" lon="135.757142"/><trkpt lat="33.860168" lon="135.756938"/><trkpt lat="33.855536" lon="135.763613"/><trkpt lat="33.855754" lon="135.763577"/><trkpt lat="33.855951" lon="135.763462"/><trkpt lat="33.856138" lon="135.763293"/><trkpt lat="33.856233" lon="135.763164"/><trkpt lat="33.856380" lon="135.763009"/><trkpt lat="33.856628" lon="135.762813"/><trkpt lat="33.856724" lon="135.762692"/><trkpt lat="33.857023" lon="135.762442"/><trkpt lat="33.857129" lon="135.762205"/><trkpt lat="33.857220" lon="135.762124"/><trkpt lat="33.857389" lon="135.762064"/><trkpt lat="33.857485" lon="135.761996"/><trkpt lat="33.857755" lon="135.761719"/><trkpt lat="33.857823" lon="135.761618"/><trkpt lat="33.857970" lon="135.761483"/><trkpt lat="33.858240" lon="135.761347"/><trkpt lat="33.858505" lon="135.761314"/><trkpt lat="33.858736" lon="135.761225"/><trkpt lat="33.858821" lon="135.761145"/><trkpt lat="33.858900" lon="135.761050"/><trkpt lat="33.858967" lon="135.760915"/><trkpt lat="33.859029" lon="135.760705"/><trkpt lat="33.859041" lon="135.760529"/><trkpt lat="33.859001" lon="135.760373"/><trkpt lat="33.858860" lon="135.759833"/><trkpt lat="33.858719" lon="135.759549"/><trkpt lat="33.858680" lon="135.759428"/><trkpt lat="33.858688" lon="135.759160"/><trkpt lat="33.858815" lon="135.759077"/><trkpt lat="33.858900" lon="135.759050"/><trkpt lat="33.859118" lon="135.759030"/><trkpt lat="33.859209" lon="135.759002"/><trkpt lat="33.859277" lon="135.758968"/><trkpt lat="33.859470" lon="135.758782"/><trkpt lat="33.859565" lon="135.758583"/><trkpt lat="33.859598" lon="135.758327"/><trkpt lat="33.859643" lon="135.758225"/><trkpt lat="33.859795" lon="135.758043"/><trkpt lat="33.859830" lon="135.757962"/><trkpt lat="33.859830" lon="135.757860"/><trkpt lat="33.859775" lon="135.757647"/><trkpt lat="33.859907" lon="135.757565"/><trkpt lat="33.855432" lon="135.763719"/><trkpt lat="33.855536" lon="135.763613"/><trkpt lat="33.855432" lon="135.763719"/><trkpt lat="33.855342" lon="135.763847"/><trkpt lat="33.855337" lon="135.763867"/><trkpt lat="33.855286" lon="135.763867"/><trkpt lat="33.855196" lon="135.763874"/><trkpt lat="33.854886" lon="135.763975"/><trkpt lat="33.854507" lon="135.764158"/><trkpt lat="33.854396" lon="135.764212"/><trkpt lat="33.854057" lon="135.764313"/><trkpt lat="33.853927" lon="135.764374"/><trkpt lat="33.853882" lon="135.764421"/><trkpt lat="33.853769" lon="135.764678"/><trkpt lat="33.853735" lon="135.764874"/><trkpt lat="33.853661" lon="135.765129"/><trkpt lat="33.853566" lon="135.765218"/><trkpt lat="33.853487" lon="135.765225"/><trkpt lat="33.853442" lon="135.765212"/><trkpt lat="33.853240" lon="135.765239"/><trkpt lat="33.853194" lon="135.765360"/><trkpt lat="33.853194" lon="135.765617"/><trkpt lat="33.853183" lon="135.765678"/><trkpt lat="33.853195" lon="135.765892"/><trkpt lat="33.853033" lon="135.766088"/><trkpt lat="33.852792" lon="135.766174"/><trkpt lat="33.852424" lon="135.766248"/><trkpt lat="33.852299" lon="135.766603"/><trkpt lat="33.852210" lon="135.766829"/><trkpt lat="33.852072" lon="135.767023"/><trkpt lat="33.851862" lon="135.767138"/><trkpt lat="33.851647" lon="135.767125"/><trkpt lat="33.851472" lon="135.767235"/><trkpt lat="33.851338" lon="135.767484"/><trkpt lat="33.851064" lon="135.767454"/><trkpt lat="33.850946" lon="135.767502"/><trkpt lat="33.850726" lon="135.767759"/><trkpt lat="33.850630" lon="135.767738"/><trkpt lat="33.850623" lon="135.767734"/><trkpt lat="33.850529" lon="135.767651"/><trkpt lat="33.850467" lon="135.767610"/><trkpt lat="33.850235" lon="135.767556"/><trkpt lat="33.850111" lon="135.767583"/><trkpt lat="33.850038" lon="135.767617"/><trkpt lat="33.849959" lon="135.767678"/><trkpt lat="33.849858" lon="135.767806"/><trkpt lat="33.849655" lon="135.768076"/><trkpt lat="33.849491" lon="135.768204"/><trkpt lat="33.849367" lon="135.768204"/><trkpt lat="33.849159" lon="135.768144"/><trkpt lat="33.848706" lon="135.768087"/><trkpt lat="33.848473" lon="135.768115"/><trkpt lat="33.848233" lon="135.768081"/><trkpt lat="33.848082" lon="135.768130"/><trkpt lat="33.847988" lon="135.768311"/><trkpt lat="33.847920" lon="135.768541"/><trkpt lat="33.847793" lon="135.768658"/><trkpt lat="33.847478" lon="135.768683"/><trkpt lat="33.847348" lon="135.768744"/><trkpt lat="33.847230" lon="135.768859"/><trkpt lat="33.847184" lon="135.768968"/><trkpt lat="33.847107" lon="135.769149"/><trkpt lat="33.846960" lon="135.769250"/><trkpt lat="33.846825" lon="135.769440"/><trkpt lat="33.846604" lon="135.769710"/><trkpt lat="33.846497" lon="135.769805"/><trkpt lat="33.846221" lon="135.769811"/><trkpt lat="33.846159" lon="135.769852"/><trkpt lat="33.846085" lon="135.769926"/><trkpt lat="33.845826" lon="135.770250"/><trkpt lat="33.845600" lon="135.770487"/><trkpt lat="33.845478" lon="135.770630"/><trkpt lat="33.845410" lon="135.770757"/><trkpt lat="33.845343" lon="135.771027"/><trkpt lat="33.845255" lon="135.771139"/><trkpt lat="33.844981" lon="135.771217"/><trkpt lat="33.844497" lon="135.771636"/><trkpt lat="33.844299" lon="135.771785"/><trkpt lat="33.843768" lon="135.772233"/><trkpt lat="33.843530" lon="135.772402"/><trkpt lat="33.843133" lon="135.772545"/><trkpt lat="33.843074" lon="135.772476"/><trkpt lat="33.843133" lon="135.772545"/><trkpt lat="33.843074" lon="135.772476"/><trkpt lat="33.842823" lon="135.772520"/><trkpt lat="33.842161" lon="135.772801"/><trkpt lat="33.842518" lon="135.772649"/><trkpt lat="33.842823" lon="135.772520"/><trkpt lat="33.842161" lon="135.772801"/><trkpt lat="33.841354" lon="135.773171"/><trkpt lat="33.841221" lon="135.773328"/><trkpt lat="33.841112" lon="135.773327"/><trkpt lat="33.841034" lon="135.773326"/><trkpt lat="33.840926" lon="135.773297"/><trkpt lat="33.840702" lon="135.773181"/><trkpt lat="33.840608" lon="135.773170"/><trkpt lat="33.839987" lon="135.773369"/><trkpt lat="33.839926" lon="135.773436"/><trkpt lat="33.840015" lon="135.773968"/><trkpt lat="33.839920" lon="135.773699"/><trkpt lat="33.839892" lon="135.773572"/><trkpt lat="33.839935" lon="135.773530"/><trkpt lat="33.839926" lon="135.773436"/></trkseg><trkseg><trkpt lat="33.644525" lon="135.935264"/><trkpt lat="33.644339" lon="135.935578"/><trkpt lat="33.644293" lon="135.935673"/><trkpt lat="33.644105" lon="135.935012"/><trkpt lat="33.644525" lon="135.935264"/><trkpt lat="33.644500" lon="135.933255"/><trkpt lat="33.644342" lon="135.933643"/><trkpt lat="33.644244" lon="135.934052"/><trkpt lat="33.644224" lon="135.934190"/><trkpt lat="33.644166" lon="135.934593"/><trkpt lat="33.644105" lon="135.935012"/><trkpt lat="33.644500" lon="135.933255"/><trkpt lat="33.644722" lon="135.932595"/><trkpt lat="33.644867" lon="135.932495"/><trkpt lat="33.645211" lon="135.932316"/><trkpt lat="33.645317" lon="135.932273"/><trkpt lat="33.645403" lon="135.932221"/><trkpt lat="33.645448" lon="135.932116"/><trkpt lat="33.645462" lon="135.932059"/><trkpt lat="33.645457" lon="135.931965"/><trkpt lat="33.645456" lon="135.931933"/><trkpt lat="33.645449" lon="135.931789"/><trkpt lat="33.645482" lon="135.931418"/><trkpt lat="33.645548" lon="135.931113"/><trkpt lat="33.645448" lon="135.930995"/><trkpt lat="33.646924" lon="135.928677"/><trkpt lat="33.646810" lon="135.929023"/><trkpt lat="33.646682" lon="135.929351"/><trkpt lat="33.646554" lon="135.929587"/><trkpt lat="33.646424" lon="135.929790"/><trkpt lat="33.646307" lon="135.929956"/><trkpt lat="33.646057" lon="135.930266"/><trkpt lat="33.645448" lon="135.930995"/><trkpt lat="33.646924" lon="135.928677"/><trkpt lat="33.647033" lon="135.928724"/><trkpt lat="33.647309" lon="135.928453"/><trkpt lat="33.647821" lon="135.928063"/><trkpt lat="33.648370" lon="135.927583"/><trkpt lat="33.648714" lon="135.927354"/><trkpt lat="33.648969" lon="135.927187"/><trkpt lat="33.653230" lon="135.925012"/><trkpt lat="33.653382" lon="135.925439"/><trkpt lat="33.653658" lon="135.926143"/><trkpt lat="33.653788" lon="135.926484"/><trkpt lat="33.653884" lon="135.926731"/><trkpt lat="33.653907" lon="135.926926"/><trkpt lat="33.653858" lon="135.927138"/><trkpt lat="33.653767" lon="135.927278"/><trkpt lat="33.653612" lon="135.927447"/><trkpt lat="33.653511" lon="135.927507"/><trkpt lat="33.653237" lon="135.927521"/><trkpt lat="33.652512" lon="135.927562"/><trkpt lat="33.652105" lon="135.927526"/><trkpt lat="33.651424" lon="135.927422"/><trkpt lat="33.650865" lon="135.927372"/><trkpt lat="33.649785" lon="135.927343"/><trkpt lat="33.648969" lon="135.927187"/><trkpt lat="33.652954" lon="135.924257"/><trkpt lat="33.653230" lon="135.925012"/><trkpt lat="33.652954" lon="135.924257"/><trkpt lat="33.652915" lon="135.924158"/><trkpt lat="33.652733" lon="135.923684"/><trkpt lat="33.652660" lon="135.923417"/><trkpt lat="33.652737" lon="135.923395"/><trkpt lat="33.652660" lon="135.923417"/><trkpt lat="33.652849" lon="135.921934"/><trkpt lat="33.652894" lon="135.922016"/><trkpt lat="33.652893" lon="135.922060"/><trkpt lat="33.652805" lon="135.922308"/><trkpt lat="33.652795" lon="135.922421"/><trkpt lat="33.652763" lon="135.922550"/><trkpt lat="33.652772" lon="135.922590"/><trkpt lat="33.652839" lon="135.922633"/><trkpt lat="33.652838" lon="135.923027"/><trkpt lat="33.652808" lon="135.923202"/><trkpt lat="33.652762" lon="135.923353"/><trkpt lat="33.652737" lon="135.923395"/><trkpt lat="33.652871" lon="135.919264"/><trkpt lat="33.653001" lon="135.919437"/><trkpt lat="33.653106" lon="135.919627"/><trkpt lat="33.653128" lon="135.920196"/><trkpt lat="33.653180" lon="135.920545"/><trkpt lat="33.653189" lon="135.921041"/><trkpt lat="33.653068" lon="135.921277"/><trkpt lat="33.653048" lon="135.921363"/><trkpt lat="33.652985" lon="135.921540"/><trkpt lat="33.653017" lon="135.921596"/><trkpt lat="33.652849" lon="135.921934"/><trkpt lat="33.654599" lon="135.915835"/><trkpt lat="33.654494" lon="135.916017"/><trkpt lat="33.654407" lon="135.916162"/><trkpt lat="33.654107" lon="135.916580"/><trkpt lat="33.654013" lon="135.916816"/><trkpt lat="33.653806" lon="135.917179"/><trkpt lat="33.653642" lon="135.917439"/><trkpt lat="33.653500" lon="135.917617"/><trkpt lat="33.653414" lon="135.917740"/><trkpt lat="33.653320" lon="135.917952"/><trkpt lat="33.653180" lon="135.918337"/><trkpt lat="33.653145" lon="135.918445"/><trkpt lat="33.653041" lon="135.918640"/><trkpt lat="33.652938" lon="135.918782"/><trkpt lat="33.652915" lon="135.918844"/><trkpt lat="33.652871" lon="135.919264"/><trkpt lat="33.654599" lon="135.915835"/><trkpt lat="33.654685" lon="135.915698"/><trkpt lat="33.654851" lon="135.915535"/><trkpt lat="33.655585" lon="135.915123"/><trkpt lat="33.655907" lon="135.914989"/><trkpt lat="33.655937" lon="135.914959"/><trkpt lat="33.655949" lon="135.914912"/><trkpt lat="33.655940" lon="135.914785"/><trkpt lat="33.656298" lon="135.914749"/><trkpt lat="33.656516" lon="135.914725"/><trkpt lat="33.656672" lon="135.914699"/><trkpt lat="33.656784" lon="135.914666"/><trkpt lat="33.656865" lon="135.914759"/><trkpt lat="33.657138" lon="135.915045"/><trkpt lat="33.657290" lon="135.915207"/><trkpt lat="33.657352" lon="135.915252"/><trkpt lat="33.657480" lon="135.915273"/><trkpt lat="33.657763" lon="135.915307"/><trkpt lat="33.657891" lon="135.915298"/><trkpt lat="33.658542" lon="135.915163"/><trkpt lat="33.658591" lon="135.915149"/><trkpt lat="33.658664" lon="135.915128"/><trkpt lat="33.658891" lon="135.914934"/><trkpt lat="33.659950" lon="135.913941"/><trkpt lat="33.660318" lon="135.913595"/><trkpt lat="33.660336" lon="135.913577"/><trkpt lat="33.660568" lon="135.913375"/><trkpt lat="33.660980" lon="135.912996"/><trkpt lat="33.661499" lon="135.912511"/><trkpt lat="33.663067" lon="135.910974"/><trkpt lat="33.663383" lon="135.910753"/><trkpt lat="33.663703" lon="135.910569"/><trkpt lat="33.664190" lon="135.910247"/><trkpt lat="33.664616" lon="135.910009"/><trkpt lat="33.664805" lon="135.909909"/><trkpt lat="33.665087" lon="135.909723"/><trkpt lat="33.665433" lon="135.909515"/><trkpt lat="33.665814" lon="135.909320"/><trkpt lat="33.665888" lon="135.909263"/><trkpt lat="33.665931" lon="135.909230"/><trkpt lat="33.665978" lon="135.909194"/><trkpt lat="33.666127" lon="135.909091"/><trkpt lat="33.666330" lon="135.909037"/><trkpt lat="33.666438" lon="135.908975"/><trkpt lat="33.666542" lon="135.908884"/><trkpt lat="33.666624" lon="135.908783"/><trkpt lat="33.666711" lon="135.908656"/><trkpt lat="33.667071" lon="135.908225"/><trkpt lat="33.667306" lon="135.907936"/><trkpt lat="33.667745" lon="135.907424"/><trkpt lat="33.667799" lon="135.907343"/><trkpt lat="33.667820" lon="135.907314"/><trkpt lat="33.667907" lon="135.907189"/><trkpt lat="33.668033" lon="135.906913"/><trkpt lat="33.668142" lon="135.906632"/><trkpt lat="33.668285" lon="135.906406"/><trkpt lat="33.668617" lon="135.905980"/><trkpt lat="33.668888" lon="135.905727"/><trkpt lat="33.668965" lon="135.905639"/><trkpt lat="33.669022" lon="135.905522"/><trkpt lat="33.669115" lon="135.905180"/><trkpt lat="33.669273" lon="135.904815"/><trkpt lat="33.669290" lon="135.904737"/><trkpt lat="33.669319" lon="135.904389"/><trkpt lat="33.670101" lon="135.901576"/><trkpt lat="33.670082" lon="135.901668"/><trkpt lat="33.669960" lon="135.901842"/><trkpt lat="33.669307" lon="135.903675"/><trkpt lat="33.669286" lon="135.903792"/><trkpt lat="33.669289" lon="135.903957"/><trkpt lat="33.669319" lon="135.904389"/><trkpt lat="33.670101" lon="135.901576"/><trkpt lat="33.670527" lon="135.901340"/><trkpt lat="33.671395" lon="135.899570"/><trkpt lat="33.671333" lon="135.899650"/><trkpt lat="33.671301" lon="135.899908"/><trkpt lat="33.671273" lon="135.900190"/><trkpt lat="33.671237" lon="135.900569"/><trkpt lat="33.671220" lon="135.900601"/><trkpt lat="33.670558" lon="135.901297"/><trkpt lat="33.670527" lon="135.901340"/><trkpt lat="33.671414" lon="135.899544"/><trkpt lat="33.671395" lon="135.899570"/><trkpt lat="33.671414" lon="135.899544"/><trkpt lat="33.671450" lon="135.899475"/><trkpt lat="33.671460" lon="135.899213"/><trkpt lat="33.671442" lon="135.898911"/><trkpt lat="33.671413" lon="135.898744"/><trkpt lat="33.671406" lon="135.898501"/><trkpt lat="33.671359" lon="135.898096"/><trkpt lat="33.671338" lon="135.897900"/><trkpt lat="33.670970" lon="135.897133"/><trkpt lat="33.670705" lon="135.896677"/><trkpt lat="33.670348" lon="135.896037"/><trkpt lat="33.670257" lon="135.895880"/><trkpt lat="33.670188" lon="135.895744"/><trkpt lat="33.670156" lon="135.895660"/><trkpt lat="33.670053" lon="135.895313"/><trkpt lat="33.670014" lon="135.895208"/><trkpt lat="33.669970" lon="135.895096"/><trkpt lat="33.669914" lon="135.894960"/><trkpt lat="33.669815" lon="135.894779"/><trkpt lat="33.669661" lon="135.894535"/><trkpt lat="33.669297" lon="135.893958"/><trkpt lat="33.669181" lon="135.893705"/><trkpt lat="33.669150" lon="135.893632"/><trkpt lat="33.669126" lon="135.893314"/><trkpt lat="33.669137" lon="135.893362"/><trkpt lat="33.669075" lon="135.893384"/><trkpt lat="33.669150" lon="135.893632"/><trkpt lat="33.669284" lon="135.893183"/><trkpt lat="33.669245" lon="135.893243"/><trkpt lat="33.669196" lon="135.893285"/><trkpt lat="33.669152" lon="135.893303"/><trkpt lat="33.669126" lon="135.893314"/><trkpt lat="33.669301" lon="135.893148"/><trkpt lat="33.669284" lon="135.893183"/><trkpt lat="33.669321" lon="135.892926"/><trkpt lat="33.669318" lon="135.893113"/><trkpt lat="33.669301" lon="135.893148"/><trkpt lat="33.669321" lon="135.892926"/><trkpt lat="33.669318" lon="135.892766"/><trkpt lat="33.669435" lon="135.892710"/><trkpt lat="33.669462" lon="135.892662"/><trkpt lat="33.669435" lon="135.892710"/><trkpt lat="33.669743" lon="135.892589"/><trkpt lat="33.669519" lon="135.892654"/><trkpt lat="33.669462" lon="135.892662"/><trkpt lat="33.669743" lon="135.892589"/><trkpt lat="33.669731" lon="135.892558"/><trkpt lat="33.669596" lon="135.892202"/><trkpt lat="33.669472" lon="135.891928"/><trkpt lat="33.669356" lon="135.891674"/><trkpt lat="33.669697" lon="135.891482"/><trkpt lat="33.669369" lon="135.891667"/><trkpt lat="33.669356" lon="135.891674"/><trkpt lat="33.669697" lon="135.891482"/><trkpt lat="33.669643" lon="135.891363"/><trkpt lat="33.669535" lon="135.891147"/><trkpt lat="33.669475" lon="135.891023"/><trkpt lat="33.669428" lon="135.890925"/><trkpt lat="33.669334" lon="135.890679"/><trkpt lat="33.669331" lon="135.890612"/><trkpt lat="33.669311" lon="135.890561"/><trkpt lat="33.669289" lon="135.890530"/><trkpt lat="33.669264" lon="135.890513"/><trkpt lat="33.669230" lon="135.890500"/><trkpt lat="33.669210" lon="135.890480"/><trkpt lat="33.669230" lon="135.890500"/><trkpt lat="33.669210" lon="135.890480"/><trkpt lat="33.669243" lon="135.890448"/><trkpt lat="33.669273" lon="135.890450"/><trkpt lat="33.669336" lon="135.890490"/><trkpt lat="33.669273" lon="135.890450"/><trkpt lat="33.669414" lon="135.890493"/><trkpt lat="33.669379" lon="135.890514"/><trkpt lat="33.669336" lon="135.890490"/><trkpt lat="33.669624" lon="135.890373"/><trkpt lat="33.669529" lon="135.890430"/><trkpt lat="33.669414" lon="135.890493"/><trkpt lat="33.669704" lon="135.890289"/><trkpt lat="33.669675" lon="135.890324"/><trkpt lat="33.669624" lon="135.890373"/><trkpt lat="33.669704" lon="135.890289"/><trkpt lat="33.669683" lon="135.890246"/><trkpt lat="33.669564" lon="135.890003"/><trkpt lat="33.669560" lon="135.889903"/><trkpt lat="33.669482" lon="135.889646"/><trkpt lat="33.669468" lon="135.889584"/><trkpt lat="33.669474" lon="135.889619"/><trkpt lat="33.669482" lon="135.889646"/><trkpt lat="33.669834" lon="135.887158"/><trkpt lat="33.669935" lon="135.887209"/><trkpt lat="33.670037" lon="135.887211"/><trkpt lat="33.670186" lon="135.887160"/><trkpt lat="33.670225" lon="135.887209"/><trkpt lat="33.670202" lon="135.887294"/><trkpt lat="33.670071" lon="135.887454"/><trkpt lat="33.669952" lon="135.887692"/><trkpt lat="33.669822" lon="135.887936"/><trkpt lat="33.669665" lon="135.888350"/><trkpt lat="33.669641" lon="135.888562"/><trkpt lat="33.669607" lon="135.888706"/><trkpt lat="33.669524" lon="135.888859"/><trkpt lat="33.669483" lon="135.889002"/><trkpt lat="33.669431" lon="135.889207"/><trkpt lat="33.669440" lon="135.889278"/><trkpt lat="33.669477" lon="135.889389"/><trkpt lat="33.669478" lon="135.889406"/><trkpt lat="33.669477" lon="135.889465"/><trkpt lat="33.669468" lon="135.889584"/><trkpt lat="33.670663" lon="135.884040"/><trkpt lat="33.670479" lon="135.884459"/><trkpt lat="33.670465" lon="135.884556"/><trkpt lat="33.670470" lon="135.884764"/><trkpt lat="33.670549" lon="135.884878"/><trkpt lat="33.670623" lon="135.884923"/><trkpt lat="33.670647" lon="135.885019"/><trkpt lat="33.670347" lon="135.885671"/><trkpt lat="33.670203" lon="135.886035"/><trkpt lat="33.670220" lon="135.886083"/><trkpt lat="33.670536" lon="135.886034"/><trkpt lat="33.670564" lon="135.886067"/><trkpt lat="33.670461" lon="135.886256"/><trkpt lat="33.670341" lon="135.886449"/><trkpt lat="33.670186" lon="135.886725"/><trkpt lat="33.670110" lon="135.886842"/><trkpt lat="33.669988" lon="135.886920"/><trkpt lat="33.669834" lon="135.887158"/><trkpt lat="33.670585" lon="135.883754"/><trkpt lat="33.670659" lon="135.883918"/><trkpt lat="33.670668" lon="135.883984"/><trkpt lat="33.670663" lon="135.884040"/><trkpt lat="33.670585" lon="135.883323"/><trkpt lat="33.670668" lon="135.883575"/><trkpt lat="33.670663" lon="135.883665"/><trkpt lat="33.670616" lon="135.883727"/><trkpt lat="33.670585" lon="135.883754"/><trkpt lat="33.670585" lon="135.883323"/><trkpt lat="33.670538" lon="135.883308"/><trkpt lat="33.670458" lon="135.883278"/><trkpt lat="33.670420" lon="135.883241"/><trkpt lat="33.670388" lon="135.883218"/><trkpt lat="33.670368" lon="135.883213"/><trkpt lat="33.670317" lon="135.883215"/><trkpt lat="33.670277" lon="135.883197"/><trkpt lat="33.670209" lon="135.883140"/><trkpt lat="33.670186" lon="135.883114"/><trkpt lat="33.670082" lon="135.883068"/><trkpt lat="33.669913" lon="135.882992"/><trkpt lat="33.669848" lon="135.882952"/><trkpt lat="33.669337" lon="135.882428"/><trkpt lat="33.669154" lon="135.882259"/><trkpt lat="33.669032" lon="135.882110"/><trkpt lat="33.668945" lon="135.881973"/><trkpt lat="33.668876" lon="135.881907"/><trkpt lat="33.668897" lon="135.881669"/><trkpt lat="33.668870" lon="135.881791"/><trkpt lat="33.668876" lon="135.881907"/><trkpt lat="33.669145" lon="135.881325"/><trkpt lat="33.669083" lon="135.881442"/><trkpt lat="33.669040" lon="135.881563"/><trkpt lat="33.669007" lon="135.881605"/><trkpt lat="33.668897" lon="135.881669"/><trkpt lat="33.671544" lon="135.877002"/><trkpt lat="33.671465" lon="135.877002"/><trkpt lat="33.671397" lon="135.877029"/><trkpt lat="33.671272" lon="135.877215"/><trkpt lat="33.671217" lon="135.877401"/><trkpt lat="33.671188" lon="135.877534"/><trkpt lat="33.671148" lon="135.877941"/><trkpt lat="33.671148" lon="135.878080"/><trkpt lat="33.671143" lon="135.878190"/><trkpt lat="33.671100" lon="135.878279"/><trkpt lat="33.671016" lon="135.878382"/><trkpt lat="33.670973" lon="135.878473"/><trkpt lat="33.670945" lon="135.878711"/><trkpt lat="33.670872" lon="135.878852"/><trkpt lat="33.670701" lon="135.878994"/><trkpt lat="33.670554" lon="135.879115"/><trkpt lat="33.670290" lon="135.879272"/><trkpt lat="33.670042" lon="135.879724"/><trkpt lat="33.669926" lon="135.879984"/><trkpt lat="33.669877" lon="135.880224"/><trkpt lat="33.669834" lon="135.880331"/><trkpt lat="33.669757" lon="135.880423"/><trkpt lat="33.669702" lon="135.880401"/><trkpt lat="33.669592" lon="135.880280"/><trkpt lat="33.669494" lon="135.880273"/><trkpt lat="33.669442" lon="135.880356"/><trkpt lat="33.669369" lon="135.880559"/><trkpt lat="33.669279" lon="135.880814"/><trkpt lat="33.669231" lon="135.880936"/><trkpt lat="33.669213" lon="135.881021"/><trkpt lat="33.669151" lon="135.881112"/><trkpt lat="33.669145" lon="135.881325"/><trkpt lat="33.677840" lon="135.873022"/><trkpt lat="33.677683" lon="135.873129"/><trkpt lat="33.677507" lon="135.873295"/><trkpt lat="33.677292" lon="135.873335"/><trkpt lat="33.677164" lon="135.873290"/><trkpt lat="33.677062" lon="135.873231"/><trkpt lat="33.676912" lon="135.873226"/><trkpt lat="33.676753" lon="135.873007"/><trkpt lat="33.676575" lon="135.872934"/><trkpt lat="33.676421" lon="135.872861"/><trkpt lat="33.676201" lon="135.872842"/><trkpt lat="33.676082" lon="135.872839"/><trkpt lat="33.675893" lon="135.872801"/><trkpt lat="33.675854" lon="135.872820"/><trkpt lat="33.675817" lon="135.872884"/><trkpt lat="33.675798" lon="135.872922"/><trkpt lat="33.675757" lon="135.872922"/><trkpt lat="33.675704" lon="135.872878"/><trkpt lat="33.675596" lon="135.872691"/><trkpt lat="33.675446" lon="135.872632"/><trkpt lat="33.675399" lon="135.872639"/><trkpt lat="33.675355" lon="135.872619"/><trkpt lat="33.675277" lon="135.872491"/><trkpt lat="33.675230" lon="135.872445"/><trkpt lat="33.675142" lon="135.872425"/><trkpt lat="33.674902" lon="135.872461"/><trkpt lat="33.674679" lon="135.872429"/><trkpt lat="33.674560" lon="135.872416"/><trkpt lat="33.674259" lon="135.872344"/><trkpt lat="33.674045" lon="135.872365"/><trkpt lat="33.673908" lon="135.872396"/><trkpt lat="33.673823" lon="135.872463"/><trkpt lat="33.673672" lon="135.872558"/><trkpt lat="33.673499" lon="135.872637"/><trkpt lat="33.673358" lon="135.872721"/><trkpt lat="33.673240" lon="135.872836"/><trkpt lat="33.673167" lon="135.872958"/><trkpt lat="33.673111" lon="135.873063"/><trkpt lat="33.673065" lon="135.873386"/><trkpt lat="33.673101" lon="135.873691"/><trkpt lat="33.673058" lon="135.873936"/><trkpt lat="33.672857" lon="135.874111"/><trkpt lat="33.672681" lon="135.874370"/><trkpt lat="33.672655" lon="135.874555"/><trkpt lat="33.672719" lon="135.874858"/><trkpt lat="33.672610" lon="135.875338"/><trkpt lat="33.672415" lon="135.875608"/><trkpt lat="33.672325" lon="135.875781"/><trkpt lat="33.672111" lon="135.876087"/><trkpt lat="33.672041" lon="135.876324"/><trkpt lat="33.671949" lon="135.876637"/><trkpt lat="33.671878" lon="135.876792"/><trkpt lat="33.671763" lon="135.876906"/><trkpt lat="33.671653" lon="135.877030"/><trkpt lat="33.671544" lon="135.877002"/><trkpt lat="33.686472" lon="135.872172"/><trkpt lat="33.685810" lon="135.872738"/><trkpt lat="33.685686" lon="135.872813"/><trkpt lat="33.685421" lon="135.872914"/><trkpt lat="33.684936" lon="135.873116"/><trkpt lat="33.684558" lon="135.873210"/><trkpt lat="33.684169" lon="135.873366"/><trkpt lat="33.683998" lon="135.873418"/><trkpt lat="33.683904" lon="135.873446"/><trkpt lat="33.683555" lon="135.873521"/><trkpt lat="33.683366" lon="135.873493"/><trkpt lat="33.683211" lon="135.873326"/><trkpt lat="33.682925" lon="135.873147"/><trkpt lat="33.682439" lon="135.873050"/><trkpt lat="33.681988" lon="135.872916"/><trkpt lat="33.681351" lon="135.872932"/><trkpt lat="33.680885" lon="135.873138"/><trkpt lat="33.680413" lon="135.873261"/><trkpt lat="33.679973" lon="135.873274"/><trkpt lat="33.679728" lon="135.873394"/><trkpt lat="33.679491" lon="135.873429"/><trkpt lat="33.679362" lon="135.873380"/><trkpt lat="33.679233" lon="135.873205"/><trkpt lat="33.679036" lon="135.873109"/><trkpt lat="33.678713" lon="135.872998"/><trkpt lat="33.678513" lon="135.872917"/><trkpt lat="33.678325" lon="135.872900"/><trkpt lat="33.678128" lon="135.872904"/><trkpt lat="33.677957" lon="135.872972"/><trkpt lat="33.677840" lon="135.873022"/><trkpt lat="33.686472" lon="135.872172"/><trkpt lat="33.686956" lon="135.871819"/><trkpt lat="33.687260" lon="135.871557"/><trkpt lat="33.687345" lon="135.871521"/><trkpt lat="33.687462" lon="135.871523"/><trkpt lat="33.687639" lon="135.871611"/><trkpt lat="33.687791" lon="135.871662"/><trkpt lat="33.687898" lon="135.871655"/><trkpt lat="33.687947" lon="135.871635"/><trkpt lat="33.688033" lon="135.871600"/><trkpt lat="33.688179" lon="135.871495"/><trkpt lat="33.688396" lon="135.871396"/><trkpt lat="33.688757" lon="135.871295"/><trkpt lat="33.688860" lon="135.871241"/><trkpt lat="33.688912" lon="135.871179"/><trkpt lat="33.688948" lon="135.871080"/><trkpt lat="33.688961" lon="135.870960"/><trkpt lat="33.688932" lon="135.870726"/><trkpt lat="33.688894" lon="135.870523"/><trkpt lat="33.688876" lon="135.870341"/><trkpt lat="33.688871" lon="135.870271"/><trkpt lat="33.688896" lon="135.870210"/><trkpt lat="33.688950" lon="135.870191"/><trkpt lat="33.688996" lon="135.870258"/><trkpt lat="33.689172" lon="135.870339"/><trkpt lat="33.689417" lon="135.870549"/><trkpt lat="33.689502" lon="135.870573"/><trkpt lat="33.689577" lon="135.870538"/><trkpt lat="33.689664" lon="135.870346"/><trkpt lat="33.689717" lon="135.870230"/><trkpt lat="33.689865" lon="135.870062"/><trkpt lat="33.690043" lon="135.869876"/><trkpt lat="33.690170" lon="135.869613"/><trkpt lat="33.690250" lon="135.869467"/><trkpt lat="33.690395" lon="135.869280"/><trkpt lat="33.690576" lon="135.869165"/><trkpt lat="33.690807" lon="135.869087"/><trkpt lat="33.691011" lon="135.868920"/><trkpt lat="33.691124" lon="135.868786"/><trkpt lat="33.691281" lon="135.868728"/><trkpt lat="33.691486" lon="135.868827"/><trkpt lat="33.691601" lon="135.868964"/><trkpt lat="33.691692" lon="135.869021"/><trkpt lat="33.691752" lon="135.869007"/><trkpt lat="33.691857" lon="135.869034"/><trkpt lat="33.691941" lon="135.869015"/><trkpt lat="33.692014" lon="135.868964"/><trkpt lat="33.692051" lon="135.868911"/><trkpt lat="33.692271" lon="135.868840"/><trkpt lat="33.692446" lon="135.868627"/><trkpt lat="33.692866" lon="135.868417"/><trkpt lat="33.693229" lon="135.868016"/><trkpt lat="33.693549" lon="135.867945"/><trkpt lat="33.693616" lon="135.867867"/><trkpt lat="33.693671" lon="135.867657"/><trkpt lat="33.693790" lon="135.867524"/><trkpt lat="33.693927" lon="135.867271"/><trkpt lat="33.693976" lon="135.866970"/><trkpt lat="33.694122" lon="135.866849"/><trkpt lat="33.694209" lon="135.866677"/><trkpt lat="33.694451" lon="135.866440"/><trkpt lat="33.694556" lon="135.866354"/><trkpt lat="33.694726" lon="135.866315"/><trkpt lat="33.695000" lon="135.866106"/><trkpt lat="33.695223" lon="135.866008"/><trkpt lat="33.695317" lon="135.865989"/><trkpt lat="33.695376" lon="135.865933"/><trkpt lat="33.695434" lon="135.865813"/><trkpt lat="33.695438" lon="135.865683"/><trkpt lat="33.695451" lon="135.865499"/><trkpt lat="33.695446" lon="135.865371"/><trkpt lat="33.695506" lon="135.865291"/><trkpt lat="33.695573" lon="135.865202"/><trkpt lat="33.695608" lon="135.865140"/><trkpt lat="33.695597" lon="135.865074"/><trkpt lat="33.695533" lon="135.864944"/><trkpt lat="33.695462" lon="135.864774"/><trkpt lat="33.695409" lon="135.864642"/><trkpt lat="33.695251" lon="135.864278"/><trkpt lat="33.695245" lon="135.864120"/><trkpt lat="33.695312" lon="135.863968"/><trkpt lat="33.695425" lon="135.863897"/><trkpt lat="33.695483" lon="135.863683"/><trkpt lat="33.695446" lon="135.863751"/><trkpt lat="33.695422" lon="135.863807"/><trkpt lat="33.695416" lon="135.863861"/><trkpt lat="33.695425" lon="135.863897"/><trkpt lat="33.695738" lon="135.863328"/><trkpt lat="33.695670" lon="135.863365"/><trkpt lat="33.695594" lon="135.863482"/><trkpt lat="33.695483" lon="135.863683"/><trkpt lat="33.695738" lon="135.863328"/><trkpt lat="33.695802" lon="135.863399"/><trkpt lat="33.695942" lon="135.863361"/><trkpt lat="33.696077" lon="135.863321"/><trkpt lat="33.696180" lon="135.863250"/><trkpt lat="33.696249" lon="135.863139"/><trkpt lat="33.696221" lon="135.863020"/><trkpt lat="33.696137" lon="135.862965"/><trkpt lat="33.696125" lon="135.862857"/><trkpt lat="33.696251" lon="135.862790"/><trkpt lat="33.696305" lon="135.862788"/><trkpt lat="33.696410" lon="135.862785"/><trkpt lat="33.696566" lon="135.862844"/><trkpt lat="33.696700" lon="135.862943"/><trkpt lat="33.696751" lon="135.863018"/><trkpt lat="33.696784" lon="135.863026"/><trkpt lat="33.696838" lon="135.862965"/><trkpt lat="33.696987" lon="135.862804"/><trkpt lat="33.697148" lon="135.862581"/><trkpt lat="33.697362" lon="135.862385"/><trkpt lat="33.697572" lon="135.862305"/><trkpt lat="33.697675" lon="135.862218"/><trkpt lat="33.697753" lon="135.862152"/><trkpt lat="33.698018" lon="135.861851"/><trkpt lat="33.698132" lon="135.861647"/><trkpt lat="33.698358" lon="135.861299"/><trkpt lat="33.698733" lon="135.860882"/><trkpt lat="33.699080" lon="135.860501"/><trkpt lat="33.699290" lon="135.860364"/><trkpt lat="33.699510" lon="135.860225"/><trkpt lat="33.699815" lon="135.860135"/><trkpt lat="33.700103" lon="135.860122"/><trkpt lat="33.700291" lon="135.860184"/><trkpt lat="33.700481" lon="135.860280"/><trkpt lat="33.700753" lon="135.860266"/><trkpt lat="33.700929" lon="135.860063"/><trkpt lat="33.701022" lon="135.860064"/><trkpt lat="33.701151" lon="135.859970"/><trkpt lat="33.701529" lon="135.859773"/><trkpt lat="33.701902" lon="135.859622"/><trkpt lat="33.702090" lon="135.859364"/><trkpt lat="33.702166" lon="135.859333"/><trkpt lat="33.702334" lon="135.859265"/><trkpt lat="33.702495" lon="135.859240"/><trkpt lat="33.702630" lon="135.859261"/><trkpt lat="33.702844" lon="135.859114"/><trkpt lat="33.703223" lon="135.858961"/><trkpt lat="33.703301" lon="135.858917"/><trkpt lat="33.703555" lon="135.859047"/><trkpt lat="33.703854" lon="135.859064"/><trkpt lat="33.704039" lon="135.859048"/><trkpt lat="33.704288" lon="135.859053"/><trkpt lat="33.704533" lon="135.858767"/><trkpt lat="33.704592" lon="135.858597"/><trkpt lat="33.704672" lon="135.858479"/><trkpt lat="33.704789" lon="135.858427"/><trkpt lat="33.704859" lon="135.858421"/><trkpt lat="33.705059" lon="135.858403"/><trkpt lat="33.705232" lon="135.858395"/><trkpt lat="33.705330" lon="135.858408"/><trkpt lat="33.705436" lon="135.858507"/><trkpt lat="33.705518" lon="135.858721"/><trkpt lat="33.705616" lon="135.858810"/><trkpt lat="33.705711" lon="135.858765"/><trkpt lat="33.705734" lon="135.858665"/><trkpt lat="33.705681" lon="135.858335"/><trkpt lat="33.705687" lon="135.858192"/><trkpt lat="33.705752" lon="135.858014"/><trkpt lat="33.705947" lon="135.857698"/><trkpt lat="33.706219" lon="135.857349"/><trkpt lat="33.706505" lon="135.857011"/><trkpt lat="33.707058" lon="135.856579"/><trkpt lat="33.707216" lon="135.856493"/><trkpt lat="33.707245" lon="135.856453"/><trkpt lat="33.707307" lon="135.856368"/><trkpt lat="33.707334" lon="135.856305"/><trkpt lat="33.707318" lon="135.856036"/><trkpt lat="33.707451" lon="135.855833"/><trkpt lat="33.707547" lon="135.855730"/><trkpt lat="33.707775" lon="135.855702"/><trkpt lat="33.708085" lon="135.855598"/><trkpt lat="33.708324" lon="135.855390"/><trkpt lat="33.708730" lon="135.854786"/><trkpt lat="33.709021" lon="135.854600"/><trkpt lat="33.709164" lon="135.854582"/><trkpt lat="33.709469" lon="135.854731"/><trkpt lat="33.709637" lon="135.854693"/><trkpt lat="33.709876" lon="135.854508"/><trkpt lat="33.710409" lon="135.854176"/><trkpt lat="33.710640" lon="135.853980"/><trkpt lat="33.710880" lon="135.853843"/><trkpt lat="33.711071" lon="135.853810"/><trkpt lat="33.711258" lon="135.853763"/><trkpt lat="33.711456" lon="135.853634"/><trkpt lat="33.711713" lon="135.853384"/><trkpt lat="33.711936" lon="135.853221"/><trkpt lat="33.712207" lon="135.853157"/><trkpt lat="33.712503" lon="135.853126"/><trkpt lat="33.712766" lon="135.853076"/><trkpt lat="33.712834" lon="135.852892"/><trkpt lat="33.712905" lon="135.852689"/><trkpt lat="33.713079" lon="135.852609"/><trkpt lat="33.713337" lon="135.852684"/><trkpt lat="33.713513" lon="135.852676"/><trkpt lat="33.713663" lon="135.852593"/><trkpt lat="33.713803" lon="135.852460"/><trkpt lat="33.713975" lon="135.852077"/><trkpt lat="33.714109" lon="135.851856"/><trkpt lat="33.714149" lon="135.851791"/><trkpt lat="33.714253" lon="135.851621"/><trkpt lat="33.714367" lon="135.851467"/><trkpt lat="33.714574" lon="135.851398"/><trkpt lat="33.714712" lon="135.851416"/><trkpt lat="33.714962" lon="135.851540"/><trkpt lat="33.715034" lon="135.851415"/><trkpt lat="33.715058" lon="135.851362"/><trkpt lat="33.715072" lon="135.851316"/><trkpt lat="33.715603" lon="135.851370"/><trkpt lat="33.715803" lon="135.851410"/><trkpt lat="33.715925" lon="135.851395"/><trkpt lat="33.716131" lon="135.851259"/><trkpt lat="33.716300" lon="135.851166"/><trkpt lat="33.716514" lon="135.851049"/><trkpt lat="33.716919" lon="135.850869"/><trkpt lat="33.717265" lon="135.850654"/><trkpt lat="33.717607" lon="135.850438"/><trkpt lat="33.718040" lon="135.850222"/><trkpt lat="33.718317" lon="135.850016"/><trkpt lat="33.718473" lon="135.849952"/><trkpt lat="33.718636" lon="135.849866"/><trkpt lat="33.718830" lon="135.849872"/><trkpt lat="33.719057" lon="135.849939"/><trkpt lat="33.719265" lon="135.850031"/><trkpt lat="33.719429" lon="135.850129"/><trkpt lat="33.719559" lon="135.850160"/><trkpt lat="33.719634" lon="135.850116"/><trkpt lat="33.719922" lon="135.849759"/><trkpt lat="33.720018" lon="135.849689"/><trkpt lat="33.720115" lon="135.849638"/><trkpt lat="33.720169" lon="135.849578"/><trkpt lat="33.720345" lon="135.849337"/><trkpt lat="33.720560" lon="135.849171"/><trkpt lat="33.720883" lon="135.849055"/><trkpt lat="33.721073" lon="135.848870"/><trkpt lat="33.721255" lon="135.848872"/><trkpt lat="33.721707" lon="135.848995"/><trkpt lat="33.721991" lon="135.849031"/><trkpt lat="33.722186" lon="135.848979"/><trkpt lat="33.722289" lon="135.849041"/><trkpt lat="33.722391" lon="135.849022"/><trkpt lat="33.722548" lon="135.849227"/><trkpt lat="33.722914" lon="135.849379"/><trkpt lat="33.723256" lon="135.849555"/><trkpt lat="33.723486" lon="135.849660"/><trkpt lat="33.723636" lon="135.849562"/><trkpt lat="33.723699" lon="135.849597"/><trkpt lat="33.723790" lon="135.849576"/><trkpt lat="33.723854" lon="135.849393"/><trkpt lat="33.724026" lon="135.849089"/><trkpt lat="33.724217" lon="135.849029"/><trkpt lat="33.724423" lon="135.849029"/><trkpt lat="33.724684" lon="135.849035"/><trkpt lat="33.725001" lon="135.849021"/><trkpt lat="33.725153" lon="135.849098"/><trkpt lat="33.725239" lon="135.849146"/><trkpt lat="33.725358" lon="135.849223"/><trkpt lat="33.725449" lon="135.849303"/><trkpt lat="33.725494" lon="135.849185"/><trkpt lat="33.725556" lon="135.849180"/><trkpt lat="33.725802" lon="135.849387"/><trkpt lat="33.725952" lon="135.849396"/><trkpt lat="33.726174" lon="135.849331"/><trkpt lat="33.726321" lon="135.849160"/><trkpt lat="33.726584" lon="135.848876"/><trkpt lat="33.726826" lon="135.848755"/><trkpt lat="33.727061" lon="135.848697"/><trkpt lat="33.727307" lon="135.848744"/><trkpt lat="33.727368" lon="135.848718"/><trkpt lat="33.727433" lon="135.848703"/><trkpt lat="33.727512" lon="135.848697"/><trkpt lat="33.727562" lon="135.848689"/><trkpt lat="33.727615" lon="135.848671"/><trkpt lat="33.727648" lon="135.848681"/><trkpt lat="33.727688" lon="135.848671"/><trkpt lat="33.727725" lon="135.848628"/><trkpt lat="33.727841" lon="135.848452"/><trkpt lat="33.727959" lon="135.848425"/><trkpt lat="33.728039" lon="135.848437"/><trkpt lat="33.728130" lon="135.848418"/><trkpt lat="33.728245" lon="135.848478"/><trkpt lat="33.728284" lon="135.848509"/><trkpt lat="33.728410" lon="135.848570"/><trkpt lat="33.728505" lon="135.848684"/><trkpt lat="33.728609" lon="135.848718"/><trkpt lat="33.729022" lon="135.848907"/><trkpt lat="33.729132" lon="135.848962"/><trkpt lat="33.729293" lon="135.849047"/><trkpt lat="33.729424" lon="135.849088"/><trkpt lat="33.729619" lon="135.849154"/><trkpt lat="33.729780" lon="135.849124"/><trkpt lat="33.729889" lon="135.849193"/><trkpt lat="33.730052" lon="135.849272"/><trkpt lat="33.730463" lon="135.849551"/><trkpt lat="33.731353" lon="135.849865"/><trkpt lat="33.731478" lon="135.849900"/><trkpt lat="33.731642" lon="135.850020"/><trkpt lat="33.731689" lon="135.850115"/><trkpt lat="33.731777" lon="135.850160"/><trkpt lat="33.731810" lon="135.850237"/><trkpt lat="33.731855" lon="135.850281"/><trkpt lat="33.731926" lon="135.850257"/><trkpt lat="33.731975" lon="135.850294"/><trkpt lat="33.732150" lon="135.850214"/><trkpt lat="33.732277" lon="135.850232"/><trkpt lat="33.732408" lon="135.850280"/><trkpt lat="33.732584" lon="135.850356"/><trkpt lat="33.732737" lon="135.850512"/><trkpt lat="33.732914" lon="135.850500"/><trkpt lat="33.733100" lon="135.850555"/><trkpt lat="33.733331" lon="135.850615"/><trkpt lat="33.733429" lon="135.850630"/><trkpt lat="33.733535" lon="135.850608"/><trkpt lat="33.733610" lon="135.850440"/><trkpt lat="33.733708" lon="135.850315"/><trkpt lat="33.733751" lon="135.850208"/><trkpt lat="33.733861" lon="135.850318"/><trkpt lat="33.734190" lon="135.850858"/><trkpt lat="33.734550" lon="135.851225"/><trkpt lat="33.734828" lon="135.851522"/><trkpt lat="33.735296" lon="135.851847"/><trkpt lat="33.735467" lon="135.852030"/><trkpt lat="33.735687" lon="135.852126"/><trkpt lat="33.736097" lon="135.852125"/><trkpt lat="33.736413" lon="135.852063"/><trkpt lat="33.736691" lon="135.852064"/><trkpt lat="33.737048" lon="135.852103"/><trkpt lat="33.737617" lon="135.851987"/><trkpt lat="33.737917" lon="135.851937"/><trkpt lat="33.738262" lon="135.852007"/><trkpt lat="33.738632" lon="135.852103"/><trkpt lat="33.738889" lon="135.852121"/><trkpt lat="33.738924" lon="135.852064"/><trkpt lat="33.738932" lon="135.851957"/><trkpt lat="33.738861" lon="135.851904"/><trkpt lat="33.738669" lon="135.851655"/><trkpt lat="33.738551" lon="135.851516"/><trkpt lat="33.738490" lon="135.851406"/><trkpt lat="33.738420" lon="135.851357"/><trkpt lat="33.738350" lon="135.851313"/><trkpt lat="33.738315" lon="135.851289"/><trkpt lat="33.738273" lon="135.851145"/><trkpt lat="33.738215" lon="135.851005"/><trkpt lat="33.738159" lon="135.850859"/><trkpt lat="33.738044" lon="135.850742"/><trkpt lat="33.738010" lon="135.850694"/><trkpt lat="33.737958" lon="135.850736"/><trkpt lat="33.737822" lon="135.850637"/><trkpt lat="33.737673" lon="135.850517"/><trkpt lat="33.737684" lon="135.850451"/><trkpt lat="33.737762" lon="135.850414"/><trkpt lat="33.737835" lon="135.850342"/><trkpt lat="33.737866" lon="135.850212"/><trkpt lat="33.737985" lon="135.850110"/><trkpt lat="33.738118" lon="135.850048"/><trkpt lat="33.738098" lon="135.849910"/><trkpt lat="33.737995" lon="135.849778"/><trkpt lat="33.737922" lon="135.849718"/><trkpt lat="33.737885" lon="135.849556"/><trkpt lat="33.737844" lon="135.849386"/><trkpt lat="33.737871" lon="135.849278"/><trkpt lat="33.737836" lon="135.849202"/><trkpt lat="33.737836" lon="135.849143"/><trkpt lat="33.737821" lon="135.849012"/><trkpt lat="33.737792" lon="135.848971"/><trkpt lat="33.737770" lon="135.848770"/><trkpt lat="33.737813" lon="135.848639"/><trkpt lat="33.737933" lon="135.848526"/><trkpt lat="33.737982" lon="135.848402"/><trkpt lat="33.738027" lon="135.848111"/><trkpt lat="33.737969" lon="135.847953"/><trkpt lat="33.737996" lon="135.847864"/><trkpt lat="33.738074" lon="135.847630"/><trkpt lat="33.738155" lon="135.847450"/><trkpt lat="33.738227" lon="135.847457"/><trkpt lat="33.738307" lon="135.847435"/><trkpt lat="33.738407" lon="135.847423"/><trkpt lat="33.738560" lon="135.847284"/><trkpt lat="33.738626" lon="135.847248"/><trkpt lat="33.738911" lon="135.847041"/><trkpt lat="33.739036" lon="135.846880"/><trkpt lat="33.739118" lon="135.846836"/><trkpt lat="33.739210" lon="135.846825"/><trkpt lat="33.739266" lon="135.846786"/><trkpt lat="33.739390" lon="135.846742"/><trkpt lat="33.739538" lon="135.846617"/><trkpt lat="33.739604" lon="135.846609"/><trkpt lat="33.739631" lon="135.846583"/><trkpt lat="33.739654" lon="135.846537"/><trkpt lat="33.739676" lon="135.846490"/><trkpt lat="33.739726" lon="135.846440"/><trkpt lat="33.739748" lon="135.846325"/><trkpt lat="33.739772" lon="135.846258"/><trkpt lat="33.739794" lon="135.846209"/><trkpt lat="33.739804" lon="135.846156"/><trkpt lat="33.739847" lon="135.846074"/><trkpt lat="33.739910" lon="135.846017"/><trkpt lat="33.739989" lon="135.845887"/><trkpt lat="33.740079" lon="135.845734"/><trkpt lat="33.740220" lon="135.845621"/><trkpt lat="33.740262" lon="135.845603"/><trkpt lat="33.740277" lon="135.845551"/><trkpt lat="33.740432" lon="135.845534"/><trkpt lat="33.740512" lon="135.845472"/><trkpt lat="33.740556" lon="135.845340"/><trkpt lat="33.740569" lon="135.845280"/><trkpt lat="33.740524" lon="135.845222"/><trkpt lat="33.740523" lon="135.845147"/><trkpt lat="33.740575" lon="135.844958"/><trkpt lat="33.740595" lon="135.844812"/><trkpt lat="33.740614" lon="135.844690"/><trkpt lat="33.740624" lon="135.844563"/><trkpt lat="33.740635" lon="135.844492"/><trkpt lat="33.740667" lon="135.844421"/><trkpt lat="33.740742" lon="135.844337"/><trkpt lat="33.740846" lon="135.844270"/><trkpt lat="33.740938" lon="135.844226"/><trkpt lat="33.741330" lon="135.844278"/><trkpt lat="33.741492" lon="135.844357"/><trkpt lat="33.741593" lon="135.844426"/><trkpt lat="33.741697" lon="135.844459"/><trkpt lat="33.742058" lon="135.844342"/><trkpt lat="33.742280" lon="135.844286"/><trkpt lat="33.742458" lon="135.844322"/><trkpt lat="33.742667" lon="135.844177"/><trkpt lat="33.742855" lon="135.844231"/><trkpt lat="33.742934" lon="135.844235"/><trkpt lat="33.743067" lon="135.844170"/><trkpt lat="33.743185" lon="135.844144"/><trkpt lat="33.743344" lon="135.844141"/><trkpt lat="33.743440" lon="135.844210"/><trkpt lat="33.743657" lon="135.844348"/><trkpt lat="33.743772" lon="135.844423"/><trkpt lat="33.743912" lon="135.844480"/><trkpt lat="33.743977" lon="135.844445"/><trkpt lat="33.744100" lon="135.844338"/><trkpt lat="33.744337" lon="135.844317"/><trkpt lat="33.744548" lon="135.844288"/><trkpt lat="33.744864" lon="135.844180"/><trkpt lat="33.744990" lon="135.844156"/><trkpt lat="33.745092" lon="135.844177"/><trkpt lat="33.745354" lon="135.844254"/><trkpt lat="33.745534" lon="135.844419"/><trkpt lat="33.745623" lon="135.844483"/><trkpt lat="33.745872" lon="135.844504"/><trkpt lat="33.746084" lon="135.844546"/><trkpt lat="33.746389" lon="135.844515"/><trkpt lat="33.746527" lon="135.844535"/><trkpt lat="33.746681" lon="135.844566"/><trkpt lat="33.747012" lon="135.844701"/><trkpt lat="33.747236" lon="135.844762"/><trkpt lat="33.747349" lon="135.844749"/><trkpt lat="33.747501" lon="135.844714"/><trkpt lat="33.747632" lon="135.844558"/><trkpt lat="33.747801" lon="135.844310"/><trkpt lat="33.747958" lon="135.844170"/><trkpt lat="33.748050" lon="135.844163"/><trkpt lat="33.748139" lon="135.844191"/><trkpt lat="33.748242" lon="135.844185"/><trkpt lat="33.748368" lon="135.844212"/><trkpt lat="33.748515" lon="135.844285"/><trkpt lat="33.748708" lon="135.844450"/><trkpt lat="33.748885" lon="135.844531"/><trkpt lat="33.749130" lon="135.844578"/><trkpt lat="33.749418" lon="135.844578"/><trkpt lat="33.749647" lon="135.844408"/><trkpt lat="33.749942" lon="135.844232"/><trkpt lat="33.750160" lon="135.844101"/><trkpt lat="33.750318" lon="135.843963"/><trkpt lat="33.750499" lon="135.843953"/><trkpt lat="33.750596" lon="135.843891"/><trkpt lat="33.750691" lon="135.843810"/><trkpt lat="33.750701" lon="135.843686"/><trkpt lat="33.750650" lon="135.843580"/><trkpt lat="33.750623" lon="135.843416"/><trkpt lat="33.750709" lon="135.843336"/><trkpt lat="33.750767" lon="135.843299"/><trkpt lat="33.750889" lon="135.843228"/><trkpt lat="33.751017" lon="135.843214"/><trkpt lat="33.751165" lon="135.843123"/><trkpt lat="33.751378" lon="135.843026"/><trkpt lat="33.751398" lon="135.843018"/><trkpt lat="33.751450" lon="135.842996"/><trkpt lat="33.751528" lon="135.842963"/><trkpt lat="33.751613" lon="135.842922"/><trkpt lat="33.751655" lon="135.842901"/><trkpt lat="33.751822" lon="135.842819"/><trkpt lat="33.751987" lon="135.842852"/><trkpt lat="33.752220" lon="135.842954"/><trkpt lat="33.752491" lon="135.843017"/><trkpt lat="33.752587" lon="135.843025"/><trkpt lat="33.752693" lon="135.842974"/><trkpt lat="33.752916" lon="135.842885"/><trkpt lat="33.752969" lon="135.842806"/><trkpt lat="33.753035" lon="135.842813"/><trkpt lat="33.753050" lon="135.842815"/><trkpt lat="33.753122" lon="135.842825"/><trkpt lat="33.753189" lon="135.842882"/><trkpt lat="33.753259" lon="135.842905"/><trkpt lat="33.753334" lon="135.842860"/><trkpt lat="33.755771" lon="135.843213"/><trkpt lat="33.755752" lon="135.843124"/><trkpt lat="33.755641" lon="135.843109"/><trkpt lat="33.755418" lon="135.843193"/><trkpt lat="33.755281" lon="135.843128"/><trkpt lat="33.755164" lon="135.843131"/><trkpt lat="33.755024" lon="135.843194"/><trkpt lat="33.754927" lon="135.843263"/><trkpt lat="33.754680" lon="135.843417"/><trkpt lat="33.754419" lon="135.843464"/><trkpt lat="33.754355" lon="135.843422"/><trkpt lat="33.754239" lon="135.843435"/><trkpt lat="33.754181" lon="135.843418"/><trkpt lat="33.754089" lon="135.843423"/><trkpt lat="33.754082" lon="135.843341"/><trkpt lat="33.754049" lon="135.843184"/><trkpt lat="33.753931" lon="135.843108"/><trkpt lat="33.753801" lon="135.843115"/><trkpt lat="33.753689" lon="135.843149"/><trkpt lat="33.753588" lon="135.843125"/><trkpt lat="33.753532" lon="135.842954"/><trkpt lat="33.753494" lon="135.842888"/><trkpt lat="33.753407" lon="135.842864"/><trkpt lat="33.753334" lon="135.842860"/><trkpt lat="33.755863" lon="135.843302"/><trkpt lat="33.755771" lon="135.843213"/><trkpt lat="33.757081" lon="135.842978"/><trkpt lat="33.756940" lon="135.843146"/><trkpt lat="33.756887" lon="135.843268"/><trkpt lat="33.756655" lon="135.843392"/><trkpt lat="33.756509" lon="135.843392"/><trkpt lat="33.756271" lon="135.843453"/><trkpt lat="33.756171" lon="135.843421"/><trkpt lat="33.755941" lon="135.843341"/><trkpt lat="33.755863" lon="135.843302"/><trkpt lat="33.757160" lon="135.842530"/><trkpt lat="33.757056" lon="135.842769"/><trkpt lat="33.757081" lon="135.842978"/><trkpt lat="33.757374" lon="135.842207"/><trkpt lat="33.757279" lon="135.842378"/><trkpt lat="33.757160" lon="135.842530"/><trkpt lat="33.757460" lon="135.842130"/><trkpt lat="33.757374" lon="135.842207"/><trkpt lat="33.757460" lon="135.842130"/><trkpt lat="33.757455" lon="135.841852"/><trkpt lat="33.757542" lon="135.842009"/><trkpt lat="33.757701" lon="135.842095"/><trkpt lat="33.757915" lon="135.842160"/><trkpt lat="33.758008" lon="135.842179"/><trkpt lat="33.758126" lon="135.842214"/><trkpt lat="33.758239" lon="135.842234"/><trkpt lat="33.758335" lon="135.842219"/><trkpt lat="33.758441" lon="135.842159"/></trkseg><trkseg><trkpt lat="33.821269" lon="135.791278"/><trkpt lat="33.821174" lon="135.791194"/><trkpt lat="33.821270" lon="135.790541"/><trkpt lat="33.821245" lon="135.791017"/><trkpt lat="33.821269" lon="135.791278"/><trkpt lat="33.821314" lon="135.790219"/><trkpt lat="33.821270" lon="135.790541"/><trkpt lat="33.821405" lon="135.789184"/><trkpt lat="33.821314" lon="135.790219"/><trkpt lat="33.821405" lon="135.789184"/><trkpt lat="33.821418" lon="135.788945"/><trkpt lat="33.821436" lon="135.788814"/><trkpt lat="33.821458" lon="135.788638"/><trkpt lat="33.821480" lon="135.788552"/><trkpt lat="33.821518" lon="135.788441"/><trkpt lat="33.821540" lon="135.788273"/><trkpt lat="33.821529" lon="135.788049"/><trkpt lat="33.821454" lon="135.787821"/><trkpt lat="33.821370" lon="135.787658"/><trkpt lat="33.821257" lon="135.787492"/><trkpt lat="33.821137" lon="135.787404"/><trkpt lat="33.821248" lon="135.787090"/><trkpt lat="33.821196" lon="135.787199"/><trkpt lat="33.821137" lon="135.787404"/><trkpt lat="33.821737" lon="135.786116"/><trkpt lat="33.821248" lon="135.787090"/><trkpt lat="33.821737" lon="135.786116"/><trkpt lat="33.821754" lon="135.786066"/><trkpt lat="33.821991" lon="135.785715"/><trkpt lat="33.822237" lon="135.785324"/><trkpt lat="33.822546" lon="135.784898"/><trkpt lat="33.822942" lon="135.784377"/><trkpt lat="33.823171" lon="135.784193"/><trkpt lat="33.823337" lon="135.784042"/><trkpt lat="33.823473" lon="135.783988"/><trkpt lat="33.824305" lon="135.780908"/><trkpt lat="33.824222" lon="135.781145"/><trkpt lat="33.824123" lon="135.781503"/><trkpt lat="33.823662" lon="135.783463"/><trkpt lat="33.823473" lon="135.783988"/><trkpt lat="33.824972" lon="135.775585"/><trkpt lat="33.825064" lon="135.775705"/><trkpt lat="33.825199" lon="135.775790"/><trkpt lat="33.825229" lon="135.775847"/><trkpt lat="33.825243" lon="135.776003"/><trkpt lat="33.825425" lon="135.776410"/><trkpt lat="33.825527" lon="135.776578"/><trkpt lat="33.825590" lon="135.776764"/><trkpt lat="33.825574" lon="135.776986"/><trkpt lat="33.825537" lon="135.777279"/><trkpt lat="33.825509" lon="135.777461"/><trkpt lat="33.825379" lon="135.777778"/><trkpt lat="33.825367" lon="135.777840"/><trkpt lat="33.825182" lon="135.778353"/><trkpt lat="33.825114" lon="135.778508"/><trkpt lat="33.825085" lon="135.778589"/><trkpt lat="33.824945" lon="135.778927"/><trkpt lat="33.824605" lon="135.780102"/><trkpt lat="33.824273" lon="135.780780"/><trkpt lat="33.824275" lon="135.780870"/><trkpt lat="33.824305" lon="135.780908"/><trkpt lat="33.824914" lon="135.775552"/><trkpt lat="33.824972" lon="135.775585"/><trkpt lat="33.824353" lon="135.774191"/><trkpt lat="33.824337" lon="135.774256"/><trkpt lat="33.824345" lon="135.774328"/><trkpt lat="33.824587" lon="135.774902"/><trkpt lat="33.824591" lon="135.774971"/><trkpt lat="33.824578" lon="135.775062"/><trkpt lat="33.824595" lon="135.775121"/><trkpt lat="33.824704" lon="135.775237"/><trkpt lat="33.824836" lon="135.775447"/><trkpt lat="33.824914" lon="135.775552"/><trkpt lat="33.823553" lon="135.769758"/><trkpt lat="33.823522" lon="135.769922"/><trkpt lat="33.823486" lon="135.769972"/><trkpt lat="33.823439" lon="135.770037"/><trkpt lat="33.823442" lon="135.770111"/><trkpt lat="33.823531" lon="135.770286"/><trkpt lat="33.823542" lon="135.770407"/><trkpt lat="33.823408" lon="135.770784"/><trkpt lat="33.823362" lon="135.771033"/><trkpt lat="33.823380" lon="135.771110"/><trkpt lat="33.823455" lon="135.771164"/><trkpt lat="33.823488" lon="135.771262"/><trkpt lat="33.823404" lon="135.771398"/><trkpt lat="33.823380" lon="135.771581"/><trkpt lat="33.823198" lon="135.771825"/><trkpt lat="33.823182" lon="135.771897"/><trkpt lat="33.823221" lon="135.771980"/><trkpt lat="33.823306" lon="135.772315"/><trkpt lat="33.823341" lon="135.772359"/><trkpt lat="33.823409" lon="135.772379"/><trkpt lat="33.823472" lon="135.772377"/><trkpt lat="33.823509" lon="135.772357"/><trkpt lat="33.823576" lon="135.772352"/><trkpt lat="33.823697" lon="135.772397"/><trkpt lat="33.823741" lon="135.772455"/><trkpt lat="33.823855" lon="135.772750"/><trkpt lat="33.823885" lon="135.772898"/><trkpt lat="33.823925" lon="135.773162"/><trkpt lat="33.823992" lon="135.773316"/><trkpt lat="33.824114" lon="135.773459"/><trkpt lat="33.824153" lon="135.773590"/><trkpt lat="33.824212" lon="135.773674"/><trkpt lat="33.824381" lon="135.773839"/><trkpt lat="33.824423" lon="135.773952"/><trkpt lat="33.824412" lon="135.774042"/><trkpt lat="33.824353" lon="135.774191"/><trkpt lat="33.822226" lon="135.768242"/><trkpt lat="33.822217" lon="135.768320"/><trkpt lat="33.822371" lon="135.768478"/><trkpt lat="33.822434" lon="135.768502"/><trkpt lat="33.822637" lon="135.768469"/><trkpt lat="33.822722" lon="135.768490"/><trkpt lat="33.822788" lon="135.768546"/><trkpt lat="33.822800" lon="135.768680"/><trkpt lat="33.822787" lon="135.768889"/><trkpt lat="33.822800" lon="135.768939"/><trkpt lat="33.822937" lon="135.769065"/><trkpt lat="33.822975" lon="135.769137"/><trkpt lat="33.822998" lon="135.769313"/><trkpt lat="33.823020" lon="135.769365"/><trkpt lat="33.823087" lon="135.769415"/><trkpt lat="33.823403" lon="135.769403"/><trkpt lat="33.823494" lon="135.769455"/><trkpt lat="33.823550" lon="135.769638"/><trkpt lat="33.823553" lon="135.769758"/><trkpt lat="33.822410" lon="135.768241"/><trkpt lat="33.822396" lon="135.768283"/><trkpt lat="33.822350" lon="135.768296"/><trkpt lat="33.822226" lon="135.768242"/><trkpt lat="33.822410" lon="135.768241"/><trkpt lat="33.822246" lon="135.768185"/><trkpt lat="33.822126" lon="135.768139"/><trkpt lat="33.822049" lon="135.768107"/><trkpt lat="33.821953" lon="135.768008"/><trkpt lat="33.821881" lon="135.767946"/><trkpt lat="33.821797" lon="135.767742"/><trkpt lat="33.821741" lon="135.767621"/><trkpt lat="33.821672" lon="135.767573"/><trkpt lat="33.821578" lon="135.767576"/><trkpt lat="33.821517" lon="135.767570"/><trkpt lat="33.821452" lon="135.767532"/><trkpt lat="33.821394" lon="135.767459"/><trkpt lat="33.821335" lon="135.767407"/><trkpt lat="33.821255" lon="135.767328"/><trkpt lat="33.821121" lon="135.767188"/><trkpt lat="33.821050" lon="135.767023"/><trkpt lat="33.820951" lon="135.766781"/><trkpt lat="33.820885" lon="135.766704"/><trkpt lat="33.820672" lon="135.766624"/><trkpt lat="33.820439" lon="135.766516"/><trkpt lat="33.820421" lon="135.766420"/><trkpt lat="33.820420" lon="135.766317"/><trkpt lat="33.820439" lon="135.766204"/><trkpt lat="33.820395" lon="135.766072"/><trkpt lat="33.820360" lon="135.766059"/><trkpt lat="33.820310" lon="135.766078"/><trkpt lat="33.820252" lon="135.766147"/><trkpt lat="33.820173" lon="135.766371"/><trkpt lat="33.820139" lon="135.766390"/><trkpt lat="33.820094" lon="135.766392"/><trkpt lat="33.820047" lon="135.766350"/><trkpt lat="33.820046" lon="135.766305"/><trkpt lat="33.820154" lon="135.766035"/><trkpt lat="33.820146" lon="135.765971"/><trkpt lat="33.820100" lon="135.765929"/><trkpt lat="33.820034" lon="135.765940"/><trkpt lat="33.819998" lon="135.765965"/><trkpt lat="33.819762" lon="135.766306"/><trkpt lat="33.819734" lon="135.766406"/><trkpt lat="33.819754" lon="135.766525"/><trkpt lat="33.819786" lon="135.766612"/><trkpt lat="33.819722" lon="135.766609"/><trkpt lat="33.819677" lon="135.766586"/><trkpt lat="33.819605" lon="135.766490"/><trkpt lat="33.819527" lon="135.766437"/><trkpt lat="33.819410" lon="135.766307"/><trkpt lat="33.819319" lon="135.766113"/><trkpt lat="33.819280" lon="135.766067"/><trkpt lat="33.819268" lon="135.765993"/><trkpt lat="33.819225" lon="135.765922"/><trkpt lat="33.819110" lon="135.765872"/><trkpt lat="33.819073" lon="135.765876"/><trkpt lat="33.819038" lon="135.765901"/><trkpt lat="33.819022" lon="135.765997"/><trkpt lat="33.818997" lon="135.766004"/><trkpt lat="33.818994" lon="135.765859"/><trkpt lat="33.818997" lon="135.766004"/><trkpt lat="33.818994" lon="135.765859"/><trkpt lat="33.819062" lon="135.765823"/><trkpt lat="33.819165" lon="135.765799"/><trkpt lat="33.819224" lon="135.765812"/><trkpt lat="33.819240" lon="135.765815"/><trkpt lat="33.819319" lon="135.765814"/><trkpt lat="33.819395" lon="135.765800"/><trkpt lat="33.819465" lon="135.765758"/><trkpt lat="33.819611" lon="135.765665"/><trkpt lat="33.819727" lon="135.765568"/><trkpt lat="33.819797" lon="135.765464"/><trkpt lat="33.819865" lon="135.765378"/><trkpt lat="33.819899" lon="135.765303"/><trkpt lat="33.819923" lon="135.765243"/><trkpt lat="33.819941" lon="135.765161"/><trkpt lat="33.819991" lon="135.764927"/><trkpt lat="33.820064" lon="135.764536"/><trkpt lat="33.820105" lon="135.764447"/><trkpt lat="33.820194" lon="135.764354"/><trkpt lat="33.820229" lon="135.764257"/><trkpt lat="33.820254" lon="135.764192"/><trkpt lat="33.820246" lon="135.764059"/><trkpt lat="33.820296" lon="135.763677"/><trkpt lat="33.820858" lon="135.763243"/><trkpt lat="33.820753" lon="135.763283"/><trkpt lat="33.820687" lon="135.763351"/><trkpt lat="33.820588" lon="135.763510"/><trkpt lat="33.820296" lon="135.763677"/><trkpt lat="33.824242" lon="135.758657"/><trkpt lat="33.824144" lon="135.758764"/><trkpt lat="33.824038" lon="135.758843"/><trkpt lat="33.823973" lon="135.758946"/><trkpt lat="33.823920" lon="135.759144"/><trkpt lat="33.823870" lon="135.759450"/><trkpt lat="33.823890" lon="135.759685"/><trkpt lat="33.823993" lon="135.759926"/><trkpt lat="33.824044" lon="135.760044"/><trkpt lat="33.824062" lon="135.760289"/><trkpt lat="33.823937" lon="135.760418"/><trkpt lat="33.823631" lon="135.760635"/><trkpt lat="33.823370" lon="135.760729"/><trkpt lat="33.823308" lon="135.760929"/><trkpt lat="33.823268" lon="135.761056"/><trkpt lat="33.823212" lon="135.761334"/><trkpt lat="33.823249" lon="135.761545"/><trkpt lat="33.823229" lon="135.761645"/><trkpt lat="33.823197" lon="135.761681"/><trkpt lat="33.823100" lon="135.761659"/><trkpt lat="33.823005" lon="135.761639"/><trkpt lat="33.822909" lon="135.761647"/><trkpt lat="33.822853" lon="135.761843"/><trkpt lat="33.822818" lon="135.762004"/><trkpt lat="33.822730" lon="135.762095"/><trkpt lat="33.822637" lon="135.762091"/><trkpt lat="33.822560" lon="135.762074"/><trkpt lat="33.822506" lon="135.762083"/><trkpt lat="33.822410" lon="135.762121"/><trkpt lat="33.822271" lon="135.762261"/><trkpt lat="33.822128" lon="135.762493"/><trkpt lat="33.821955" lon="135.762679"/><trkpt lat="33.821658" lon="135.762910"/><trkpt lat="33.821556" lon="135.763190"/><trkpt lat="33.821450" lon="135.763318"/><trkpt lat="33.821420" lon="135.763337"/><trkpt lat="33.821358" lon="135.763375"/><trkpt lat="33.821257" lon="135.763402"/><trkpt lat="33.821158" lon="135.763406"/><trkpt lat="33.821044" lon="135.763364"/><trkpt lat="33.820937" lon="135.763317"/><trkpt lat="33.820858" lon="135.763243"/><trkpt lat="33.824242" lon="135.758657"/><trkpt lat="33.824192" lon="135.759200"/><trkpt lat="33.824275" lon="135.759683"/><trkpt lat="33.824625" lon="135.759798"/><trkpt lat="33.824940" lon="135.759803"/><trkpt lat="33.825006" lon="135.759794"/><trkpt lat="33.825170" lon="135.759827"/><trkpt lat="33.825284" lon="135.759989"/><trkpt lat="33.825407" lon="135.760252"/><trkpt lat="33.825485" lon="135.760333"/><trkpt lat="33.825565" lon="135.760387"/><trkpt lat="33.825722" lon="135.760320"/><trkpt lat="33.825780" lon="135.760280"/><trkpt lat="33.825870" lon="135.760265"/><trkpt lat="33.825925" lon="135.760292"/><trkpt lat="33.826079" lon="135.760400"/><trkpt lat="33.826214" lon="135.760422"/><trkpt lat="33.826292" lon="135.760394"/><trkpt lat="33.826320" lon="135.760347"/><trkpt lat="33.826354" lon="135.760272"/><trkpt lat="33.826377" lon="135.760157"/><trkpt lat="33.826405" lon="135.759787"/><trkpt lat="33.826467" lon="135.759590"/><trkpt lat="33.826562" lon="135.759462"/><trkpt lat="33.826827" lon="135.759295"/><trkpt lat="33.826917" lon="135.759160"/><trkpt lat="33.826947" lon="135.759105"/><trkpt lat="33.827025" lon="135.758720"/><trkpt lat="33.827189" lon="135.758578"/><trkpt lat="33.827285" lon="135.758450"/><trkpt lat="33.827319" lon="135.758383"/><trkpt lat="33.827385" lon="135.758173"/><trkpt lat="33.827470" lon="135.758133"/><trkpt lat="33.827838" lon="135.758079"/><trkpt lat="33.827973" lon="135.758079"/><trkpt lat="33.828198" lon="135.758106"/><trkpt lat="33.828463" lon="135.758315"/><trkpt lat="33.828570" lon="135.758592"/><trkpt lat="33.828621" lon="135.758660"/><trkpt lat="33.828886" lon="135.758632"/><trkpt lat="33.828965" lon="135.758531"/><trkpt lat="33.829371" lon="135.758280"/></trkseg><trkseg><trkpt lat="33.758441" lon="135.842159"/><trkpt lat="33.758548" lon="135.842081"/><trkpt lat="33.758649" lon="135.842026"/><trkpt lat="33.758760" lon="135.841979"/><trkpt lat="33.758944" lon="135.841918"/><trkpt lat="33.759092" lon="135.841836"/><trkpt lat="33.759203" lon="135.841781"/><trkpt lat="33.759301" lon="135.841771"/><trkpt lat="33.759406" lon="135.841801"/><trkpt lat="33.759486" lon="135.841831"/><trkpt lat="33.759605" lon="135.841877"/><trkpt lat="33.759751" lon="135.841871"/><trkpt lat="33.759915" lon="135.841841"/><trkpt lat="33.760207" lon="135.841801"/><trkpt lat="33.761006" lon="135.841899"/><trkpt lat="33.760781" lon="135.841892"/><trkpt lat="33.760568" lon="135.841897"/><trkpt lat="33.760369" lon="135.841878"/><trkpt lat="33.760293" lon="135.841851"/><trkpt lat="33.760207" lon="135.841801"/><trkpt lat="33.761006" lon="135.841899"/><trkpt lat="33.761375" lon="135.841988"/><trkpt lat="33.761703" lon="135.842151"/><trkpt lat="33.762928" lon="135.845369"/><trkpt lat="33.763042" lon="135.844886"/><trkpt lat="33.763082" lon="135.844719"/><trkpt lat="33.763128" lon="135.844467"/><trkpt lat="33.763159" lon="135.844158"/><trkpt lat="33.763182" lon="135.843389"/><trkpt lat="33.763174" lon="135.843196"/><trkpt lat="33.763132" lon="135.842999"/><trkpt lat="33.763075" lon="135.842852"/><trkpt lat="33.763021" lon="135.842763"/><trkpt lat="33.762931" lon="135.842670"/><trkpt lat="33.762831" lon="135.842605"/><trkpt lat="33.762698" lon="135.842550"/><trkpt lat="33.762429" lon="135.842485"/><trkpt lat="33.762275" lon="135.842445"/><trkpt lat="33.762080" lon="135.842388"/><trkpt lat="33.761908" lon="135.842277"/><trkpt lat="33.761703" lon="135.842151"/><trkpt lat="33.762928" lon="135.845369"/><trkpt lat="33.763071" lon="135.845424"/><trkpt lat="33.763890" lon="135.845664"/><trkpt lat="33.763910" lon="135.845678"/><trkpt lat="33.763973" lon="135.845759"/><trkpt lat="33.763987" lon="135.845819"/><trkpt lat="33.763991" lon="135.845878"/><trkpt lat="33.763982" lon="135.845920"/><trkpt lat="33.764086" lon="135.845878"/><trkpt lat="33.764272" lon="135.846074"/><trkpt lat="33.764311" lon="135.846014"/><trkpt lat="33.764330" lon="135.845985"/><trkpt lat="33.764522" lon="135.845873"/><trkpt lat="33.764742" lon="135.845709"/><trkpt lat="33.764836" lon="135.845509"/><trkpt lat="33.765027" lon="135.845271"/><trkpt lat="33.765109" lon="135.844972"/><trkpt lat="33.764947" lon="135.844803"/><trkpt lat="33.765070" lon="135.844538"/><trkpt lat="33.765288" lon="135.844471"/><trkpt lat="33.765524" lon="135.844170"/><trkpt lat="33.765633" lon="135.843950"/><trkpt lat="33.765754" lon="135.843591"/><trkpt lat="33.765970" lon="135.842975"/><trkpt lat="33.765833" lon="135.842745"/><trkpt lat="33.766010" lon="135.842248"/><trkpt lat="33.765966" lon="135.842046"/><trkpt lat="33.766092" lon="135.841817"/><trkpt lat="33.766070" lon="135.841536"/><trkpt lat="33.766010" lon="135.841272"/><trkpt lat="33.766105" lon="135.840752"/><trkpt lat="33.766125" lon="135.840282"/><trkpt lat="33.766271" lon="135.839994"/><trkpt lat="33.766458" lon="135.839756"/><trkpt lat="33.766498" lon="135.839179"/><trkpt lat="33.767042" lon="135.838383"/><trkpt lat="33.767432" lon="135.837843"/><trkpt lat="33.767907" lon="135.837426"/><trkpt lat="33.768321" lon="135.837213"/><trkpt lat="33.768545" lon="135.837024"/><trkpt lat="33.768469" lon="135.836950"/><trkpt lat="33.768829" lon="135.836055"/><trkpt lat="33.769122" lon="135.835334"/><trkpt lat="33.769566" lon="135.834750"/><trkpt lat="33.770363" lon="135.834099"/><trkpt lat="33.770688" lon="135.833923"/><trkpt lat="33.771070" lon="135.833506"/><trkpt lat="33.772091" lon="135.832938"/><trkpt lat="33.772816" lon="135.832370"/><trkpt lat="33.772854" lon="135.832124"/><trkpt lat="33.773065" lon="135.832148"/><trkpt lat="33.773113" lon="135.831773"/><trkpt lat="33.773236" lon="135.831355"/><trkpt lat="33.773353" lon="135.831367"/><trkpt lat="33.788032" lon="135.819178"/><trkpt lat="33.787491" lon="135.819495"/><trkpt lat="33.787244" lon="135.819580"/><trkpt lat="33.786722" lon="135.819742"/><trkpt lat="33.786032" lon="135.820281"/><trkpt lat="33.785276" lon="135.820893"/><trkpt lat="33.784961" lon="135.821079"/><trkpt lat="33.784669" lon="135.821160"/><trkpt lat="33.784391" lon="135.821054"/><trkpt lat="33.784217" lon="135.820788"/><trkpt lat="33.783859" lon="135.820936"/><trkpt lat="33.783262" lon="135.821163"/><trkpt lat="33.783018" lon="135.821567"/><trkpt lat="33.782936" lon="135.822120"/><trkpt lat="33.782934" lon="135.822437"/><trkpt lat="33.782635" lon="135.822899"/><trkpt lat="33.782698" lon="135.823699"/><trkpt lat="33.782731" lon="135.824299"/><trkpt lat="33.782575" lon="135.824888"/><trkpt lat="33.782616" lon="135.825120"/><trkpt lat="33.782801" lon="135.826140"/><trkpt lat="33.783167" lon="135.826111"/><trkpt lat="33.783479" lon="135.826834"/><trkpt lat="33.783507" lon="135.827143"/><trkpt lat="33.783191" lon="135.827218"/><trkpt lat="33.782740" lon="135.827199"/><trkpt lat="33.782205" lon="135.827365"/><trkpt lat="33.781556" lon="135.827281"/><trkpt lat="33.781302" lon="135.827260"/><trkpt lat="33.780664" lon="135.827793"/><trkpt lat="33.780533" lon="135.828082"/><trkpt lat="33.780359" lon="135.828463"/><trkpt lat="33.779996" lon="135.829395"/><trkpt lat="33.779731" lon="135.829303"/><trkpt lat="33.779799" lon="135.829731"/><trkpt lat="33.779657" lon="135.830174"/><trkpt lat="33.779427" lon="135.830522"/><trkpt lat="33.779097" lon="135.830759"/><trkpt lat="33.778629" lon="135.831070"/><trkpt lat="33.778550" lon="135.831308"/><trkpt lat="33.778431" lon="135.831613"/><trkpt lat="33.778282" lon="135.831764"/><trkpt lat="33.778078" lon="135.831858"/><trkpt lat="33.777995" lon="135.831791"/><trkpt lat="33.777801" lon="135.831805"/><trkpt lat="33.777447" lon="135.831417"/><trkpt lat="33.777217" lon="135.831109"/><trkpt lat="33.777232" lon="135.830861"/><trkpt lat="33.777230" lon="135.830562"/><trkpt lat="33.776795" lon="135.830423"/><trkpt lat="33.776593" lon="135.830563"/><trkpt lat="33.775878" lon="135.830397"/><trkpt lat="33.775658" lon="135.830355"/><trkpt lat="33.775389" lon="135.829928"/><trkpt lat="33.775153" lon="135.830145"/><trkpt lat="33.775047" lon="135.830400"/><trkpt lat="33.774979" lon="135.830695"/><trkpt lat="33.774777" lon="135.830825"/><trkpt lat="33.774542" lon="135.830954"/><trkpt lat="33.774384" lon="135.830934"/><trkpt lat="33.774128" lon="135.831023"/><trkpt lat="33.773353" lon="135.831367"/><trkpt lat="33.795602" lon="135.822543"/><trkpt lat="33.795179" lon="135.822422"/><trkpt lat="33.794964" lon="135.822402"/><trkpt lat="33.794564" lon="135.822409"/><trkpt lat="33.794349" lon="135.822369"/><trkpt lat="33.794194" lon="135.822252"/><trkpt lat="33.793972" lon="135.822255"/><trkpt lat="33.793638" lon="135.822251"/><trkpt lat="33.793408" lon="135.822147"/><trkpt lat="33.793082" lon="135.822053"/><trkpt lat="33.792811" lon="135.821827"/><trkpt lat="33.792409" lon="135.821603"/><trkpt lat="33.792264" lon="135.821558"/><trkpt lat="33.791715" lon="135.821432"/><trkpt lat="33.791379" lon="135.821082"/><trkpt lat="33.791194" lon="135.820818"/><trkpt lat="33.790979" lon="135.820580"/><trkpt lat="33.790788" lon="135.820439"/><trkpt lat="33.790202" lon="135.820134"/><trkpt lat="33.789814" lon="135.819842"/><trkpt lat="33.789392" lon="135.819684"/><trkpt lat="33.789051" lon="135.819654"/><trkpt lat="33.788516" lon="135.819407"/><trkpt lat="33.788448" lon="135.819353"/><trkpt lat="33.788290" lon="135.819191"/><trkpt lat="33.788032" lon="135.819178"/><trkpt lat="33.796700" lon="135.822502"/><trkpt lat="33.796526" lon="135.822557"/><trkpt lat="33.796075" lon="135.822550"/><trkpt lat="33.795602" lon="135.822543"/><trkpt lat="33.797393" lon="135.822527"/><trkpt lat="33.797298" lon="135.822619"/><trkpt lat="33.797127" lon="135.822655"/><trkpt lat="33.796922" lon="135.822648"/><trkpt lat="33.796804" lon="135.822589"/><trkpt lat="33.796700" lon="135.822502"/><trkpt lat="33.802878" lon="135.820753"/><trkpt lat="33.802806" lon="135.820794"/><trkpt lat="33.802754" lon="135.820726"/><trkpt lat="33.802751" lon="135.820524"/><trkpt lat="33.802801" lon="135.820372"/><trkpt lat="33.802906" lon="135.819819"/><trkpt lat="33.802876" lon="135.819697"/><trkpt lat="33.802793" lon="135.819383"/><trkpt lat="33.802566" lon="135.819442"/><trkpt lat="33.802386" lon="135.819660"/><trkpt lat="33.802264" lon="135.819890"/><trkpt lat="33.801988" lon="135.820196"/><trkpt lat="33.801606" lon="135.820112"/><trkpt lat="33.801464" lon="135.820259"/><trkpt lat="33.801110" lon="135.820129"/><trkpt lat="33.800996" lon="135.820115"/><trkpt lat="33.800940" lon="135.820156"/><trkpt lat="33.800935" lon="135.820280"/><trkpt lat="33.800919" lon="135.820565"/><trkpt lat="33.800548" lon="135.820368"/><trkpt lat="33.800461" lon="135.820419"/><trkpt lat="33.800424" lon="135.820636"/><trkpt lat="33.800311" lon="135.820661"/><trkpt lat="33.800191" lon="135.820891"/><trkpt lat="33.800061" lon="135.820949"/><trkpt lat="33.799887" lon="135.820777"/><trkpt lat="33.799710" lon="135.820744"/><trkpt lat="33.799656" lon="135.820870"/><trkpt lat="33.799684" lon="135.820999"/><trkpt lat="33.799525" lon="135.821041"/><trkpt lat="33.799155" lon="135.821017"/><trkpt lat="33.798989" lon="135.820903"/><trkpt lat="33.798781" lon="135.820822"/><trkpt lat="33.798585" lon="135.820901"/><trkpt lat="33.798173" lon="135.821082"/><trkpt lat="33.798149" lon="135.821140"/><trkpt lat="33.798386" lon="135.821587"/><trkpt lat="33.798511" lon="135.821767"/><trkpt lat="33.798460" lon="135.821963"/><trkpt lat="33.797393" lon="135.822527"/><trkpt lat="33.813843" lon="135.812009"/><trkpt lat="33.813839" lon="135.812009"/><trkpt lat="33.813471" lon="135.812003"/><trkpt lat="33.813224" lon="135.812030"/><trkpt lat="33.813026" lon="135.812132"/><trkpt lat="33.812755" lon="135.812411"/><trkpt lat="33.812518" lon="135.812828"/><trkpt lat="33.812359" lon="135.813011"/><trkpt lat="33.812106" lon="135.813072"/><trkpt lat="33.811922" lon="135.813292"/><trkpt lat="33.811832" lon="135.813452"/><trkpt lat="33.811828" lon="135.813855"/><trkpt lat="33.811765" lon="135.814275"/><trkpt lat="33.811557" lon="135.814620"/><trkpt lat="33.811468" lon="135.815058"/><trkpt lat="33.811424" lon="135.815321"/><trkpt lat="33.811118" lon="135.815782"/><trkpt lat="33.810887" lon="135.816095"/><trkpt lat="33.810669" lon="135.816305"/><trkpt lat="33.810416" lon="135.816309"/><trkpt lat="33.810207" lon="135.816446"/><trkpt lat="33.809665" lon="135.816381"/><trkpt lat="33.809290" lon="135.816598"/><trkpt lat="33.809007" lon="135.816832"/><trkpt lat="33.808662" lon="135.817358"/><trkpt lat="33.808427" lon="135.817590"/><trkpt lat="33.808276" lon="135.817846"/><trkpt lat="33.807926" lon="135.818251"/><trkpt lat="33.807875" lon="135.818586"/><trkpt lat="33.807655" lon="135.818951"/><trkpt lat="33.807496" lon="135.819199"/><trkpt lat="33.807477" lon="135.819314"/><trkpt lat="33.807383" lon="135.819680"/><trkpt lat="33.807214" lon="135.819939"/><trkpt lat="33.806904" lon="135.820197"/><trkpt lat="33.806712" lon="135.820357"/><trkpt lat="33.806288" lon="135.820353"/><trkpt lat="33.806151" lon="135.820508"/><trkpt lat="33.805854" lon="135.820626"/><trkpt lat="33.805386" lon="135.820890"/><trkpt lat="33.805160" lon="135.821090"/><trkpt lat="33.804917" lon="135.821098"/><trkpt lat="33.804773" lon="135.821155"/><trkpt lat="33.804607" lon="135.821038"/><trkpt lat="33.804490" lon="135.820623"/><trkpt lat="33.804400" lon="135.820551"/><trkpt lat="33.803803" lon="135.820573"/><trkpt lat="33.803576" lon="135.820660"/><trkpt lat="33.803396" lon="135.820596"/><trkpt lat="33.803207" lon="135.820612"/><trkpt lat="33.802998" lon="135.820671"/><trkpt lat="33.802878" lon="135.820753"/><trkpt lat="33.821072" lon="135.794049"/><trkpt lat="33.820887" lon="135.794468"/><trkpt lat="33.821041" lon="135.794872"/><trkpt lat="33.821064" lon="135.795329"/><trkpt lat="33.821310" lon="135.795511"/><trkpt lat="33.821464" lon="135.795758"/><trkpt lat="33.821544" lon="135.796035"/><trkpt lat="33.821813" lon="135.796085"/><trkpt lat="33.821939" lon="135.796275"/><trkpt lat="33.822096" lon="135.796852"/><trkpt lat="33.821902" lon="135.797221"/><trkpt lat="33.821840" lon="135.797355"/><trkpt lat="33.821624" lon="135.797387"/><trkpt lat="33.821495" lon="135.797405"/><trkpt lat="33.821254" lon="135.797520"/><trkpt lat="33.821174" lon="135.797719"/><trkpt lat="33.821095" lon="135.797895"/><trkpt lat="33.821017" lon="135.798039"/><trkpt lat="33.820862" lon="135.798053"/><trkpt lat="33.820607" lon="135.798053"/><trkpt lat="33.820504" lon="135.798259"/><trkpt lat="33.820487" lon="135.798648"/><trkpt lat="33.820523" lon="135.799142"/><trkpt lat="33.820373" lon="135.799441"/><trkpt lat="33.820324" lon="135.799883"/><trkpt lat="33.820259" lon="135.800046"/><trkpt lat="33.819962" lon="135.800233"/><trkpt lat="33.819899" lon="135.800314"/><trkpt lat="33.819744" lon="135.800346"/><trkpt lat="33.819558" lon="135.800249"/><trkpt lat="33.819482" lon="135.800102"/><trkpt lat="33.819359" lon="135.800102"/><trkpt lat="33.819324" lon="135.800206"/><trkpt lat="33.819344" lon="135.800382"/><trkpt lat="33.819093" lon="135.800529"/><trkpt lat="33.818975" lon="135.800651"/><trkpt lat="33.818867" lon="135.800754"/><trkpt lat="33.818891" lon="135.800839"/><trkpt lat="33.819073" lon="135.801064"/><trkpt lat="33.819071" lon="135.801177"/><trkpt lat="33.819088" lon="135.801251"/><trkpt lat="33.819033" lon="135.801322"/><trkpt lat="33.818924" lon="135.801508"/><trkpt lat="33.818644" lon="135.801783"/><trkpt lat="33.818504" lon="135.801784"/><trkpt lat="33.818412" lon="135.801862"/><trkpt lat="33.818443" lon="135.802007"/><trkpt lat="33.818263" lon="135.802451"/><trkpt lat="33.818510" lon="135.802953"/><trkpt lat="33.818470" lon="135.803280"/><trkpt lat="33.818488" lon="135.803425"/><trkpt lat="33.818452" lon="135.803675"/><trkpt lat="33.818326" lon="135.803888"/><trkpt lat="33.818232" lon="135.804149"/><trkpt lat="33.818172" lon="135.804326"/><trkpt lat="33.818163" lon="135.804526"/><trkpt lat="33.818033" lon="135.804765"/><trkpt lat="33.817774" lon="135.804901"/><trkpt lat="33.817644" lon="135.805092"/><trkpt lat="33.817232" lon="135.805576"/><trkpt lat="33.817010" lon="135.805938"/><trkpt lat="33.816825" lon="135.806121"/><trkpt lat="33.816630" lon="135.806202"/><trkpt lat="33.816533" lon="135.806312"/><trkpt lat="33.816414" lon="135.806611"/><trkpt lat="33.816173" lon="135.806937"/><trkpt lat="33.816103" lon="135.807230"/><trkpt lat="33.815882" lon="135.807610"/><trkpt lat="33.815801" lon="135.807963"/><trkpt lat="33.815567" lon="135.808628"/><trkpt lat="33.815756" lon="135.809063"/><trkpt lat="33.815720" lon="135.809420"/><trkpt lat="33.815568" lon="135.809739"/><trkpt lat="33.815596" lon="135.810391"/><trkpt lat="33.815665" lon="135.810921"/><trkpt lat="33.815721" lon="135.811241"/><trkpt lat="33.815599" lon="135.811439"/><trkpt lat="33.815393" lon="135.811699"/><trkpt lat="33.815039" lon="135.811893"/><trkpt lat="33.814620" lon="135.812003"/><trkpt lat="33.814082" lon="135.812009"/><trkpt lat="33.813843" lon="135.812009"/><trkpt lat="33.821054" lon="135.793224"/><trkpt lat="33.820998" lon="135.793496"/><trkpt lat="33.821072" lon="135.794049"/><trkpt lat="33.821054" lon="135.792883"/><trkpt lat="33.821054" lon="135.793224"/><trkpt lat="33.821248" lon="135.792819"/><trkpt lat="33.821054" lon="135.792883"/><trkpt lat="33.821034" lon="135.792079"/><trkpt lat="33.821034" lon="135.792102"/><trkpt lat="33.821032" lon="135.792214"/><trkpt lat="33.821150" lon="135.792412"/><trkpt lat="33.821218" lon="135.792648"/><trkpt lat="33.821248" lon="135.792819"/><trkpt lat="33.821079" lon="135.791947"/><trkpt lat="33.821034" lon="135.792079"/><trkpt lat="33.821018" lon="135.791360"/><trkpt lat="33.821038" lon="135.791435"/><trkpt lat="33.821039" lon="135.791567"/><trkpt lat="33.821066" lon="135.791758"/><trkpt lat="33.821079" lon="135.791947"/><trkpt lat="33.821174" lon="135.791194"/><trkpt lat="33.821137" lon="135.791208"/><trkpt lat="33.821054" lon="135.791240"/><trkpt lat="33.820892" lon="135.791085"/><trkpt lat="33.821018" lon="135.791360"/></trkseg><trkseg><trkpt lat="33.829278" lon="135.757707"/><trkpt lat="33.829285" lon="135.757696"/><trkpt lat="33.829236" lon="135.757760"/><trkpt lat="33.829278" lon="135.757707"/><trkpt lat="33.829213" lon="135.757788"/><trkpt lat="33.829236" lon="135.757760"/><trkpt lat="33.829213" lon="135.757788"/><trkpt lat="33.829202" lon="135.757981"/><trkpt lat="33.829270" lon="135.758074"/><trkpt lat="33.829304" lon="135.758228"/><trkpt lat="33.829371" lon="135.758280"/><trkpt lat="33.829415" lon="135.758296"/><trkpt lat="33.829453" lon="135.758279"/><trkpt lat="33.829652" lon="135.758411"/><trkpt lat="33.829651" lon="135.758655"/><trkpt lat="33.829716" lon="135.758870"/><trkpt lat="33.829800" lon="135.758921"/><trkpt lat="33.829836" lon="135.758979"/><trkpt lat="33.829832" lon="135.759093"/><trkpt lat="33.829689" lon="135.759079"/><trkpt lat="33.829751" lon="135.759202"/><trkpt lat="33.829710" lon="135.759278"/><trkpt lat="33.829722" lon="135.759406"/><trkpt lat="33.829804" lon="135.759529"/><trkpt lat="33.829821" lon="135.759660"/><trkpt lat="33.829620" lon="135.759615"/><trkpt lat="33.829521" lon="135.759633"/><trkpt lat="33.829407" lon="135.759791"/><trkpt lat="33.829707" lon="135.759864"/><trkpt lat="33.829636" lon="135.759941"/><trkpt lat="33.829602" lon="135.760048"/><trkpt lat="33.829696" lon="135.760072"/><trkpt lat="33.830030" lon="135.760302"/><trkpt lat="33.830213" lon="135.760444"/><trkpt lat="33.830330" lon="135.760678"/><trkpt lat="33.830313" lon="135.760835"/><trkpt lat="33.830522" lon="135.760983"/><trkpt lat="33.830658" lon="135.761168"/><trkpt lat="33.830803" lon="135.761238"/><trkpt lat="33.830796" lon="135.761342"/><trkpt lat="33.830837" lon="135.761448"/><trkpt lat="33.830977" lon="135.761493"/><trkpt lat="33.831280" lon="135.761507"/><trkpt lat="33.831578" lon="135.761479"/><trkpt lat="33.831685" lon="135.761413"/><trkpt lat="33.831747" lon="135.761412"/><trkpt lat="33.831729" lon="135.761598"/><trkpt lat="33.831685" lon="135.761831"/><trkpt lat="33.831514" lon="135.762064"/><trkpt lat="33.831630" lon="135.762392"/><trkpt lat="33.831584" lon="135.762708"/><trkpt lat="33.831498" lon="135.763002"/><trkpt lat="33.831411" lon="135.763284"/><trkpt lat="33.831286" lon="135.763349"/><trkpt lat="33.831211" lon="135.763514"/><trkpt lat="33.830785" lon="135.763935"/><trkpt lat="33.830716" lon="135.764220"/><trkpt lat="33.830716" lon="135.764405"/><trkpt lat="33.830794" lon="135.764690"/><trkpt lat="33.830752" lon="135.764730"/><trkpt lat="33.830903" lon="135.764947"/><trkpt lat="33.830970" lon="135.765176"/><trkpt lat="33.830950" lon="135.765261"/><trkpt lat="33.831035" lon="135.765602"/><trkpt lat="33.831053" lon="135.765750"/><trkpt lat="33.831067" lon="135.766000"/><trkpt lat="33.831286" lon="135.766162"/><trkpt lat="33.831376" lon="135.766360"/><trkpt lat="33.831502" lon="135.766478"/><trkpt lat="33.831517" lon="135.766667"/><trkpt lat="33.831456" lon="135.766814"/><trkpt lat="33.831349" lon="135.766854"/><trkpt lat="33.831311" lon="135.766962"/><trkpt lat="33.831184" lon="135.766893"/><trkpt lat="33.831012" lon="135.766916"/><trkpt lat="33.830915" lon="135.766868"/><trkpt lat="33.830875" lon="135.766968"/><trkpt lat="33.830915" lon="135.766868"/><trkpt lat="33.830875" lon="135.766968"/><trkpt lat="33.831028" lon="135.767018"/><trkpt lat="33.831064" lon="135.767171"/><trkpt lat="33.831221" lon="135.767113"/><trkpt lat="33.831296" lon="135.767392"/><trkpt lat="33.831221" lon="135.767652"/><trkpt lat="33.831237" lon="135.767721"/><trkpt lat="33.831398" lon="135.767713"/><trkpt lat="33.831445" lon="135.767772"/><trkpt lat="33.831494" lon="135.767710"/><trkpt lat="33.831557" lon="135.767727"/><trkpt lat="33.831574" lon="135.767828"/><trkpt lat="33.831656" lon="135.767849"/><trkpt lat="33.831650" lon="135.767927"/><trkpt lat="33.831665" lon="135.768016"/><trkpt lat="33.831751" lon="135.768060"/><trkpt lat="33.831714" lon="135.768110"/><trkpt lat="33.831829" lon="135.768332"/><trkpt lat="33.831993" lon="135.768464"/><trkpt lat="33.832013" lon="135.768654"/><trkpt lat="33.832080" lon="135.768694"/><trkpt lat="33.832170" lon="135.768829"/><trkpt lat="33.832229" lon="135.769048"/><trkpt lat="33.832202" lon="135.769131"/><trkpt lat="33.832245" lon="135.769268"/><trkpt lat="33.832198" lon="135.769329"/><trkpt lat="33.832165" lon="135.769577"/><trkpt lat="33.832229" lon="135.769711"/><trkpt lat="33.832209" lon="135.769756"/><trkpt lat="33.832260" lon="135.769821"/><trkpt lat="33.832240" lon="135.769915"/><trkpt lat="33.832291" lon="135.769947"/><trkpt lat="33.832289" lon="135.770086"/><trkpt lat="33.832447" lon="135.770207"/><trkpt lat="33.832519" lon="135.770427"/><trkpt lat="33.832481" lon="135.770556"/><trkpt lat="33.832411" lon="135.770594"/><trkpt lat="33.832480" lon="135.770752"/><trkpt lat="33.832559" lon="135.770947"/><trkpt lat="33.832677" lon="135.770991"/><trkpt lat="33.832760" lon="135.771032"/><trkpt lat="33.832900" lon="135.771078"/><trkpt lat="33.832978" lon="135.771083"/><trkpt lat="33.833093" lon="135.771156"/><trkpt lat="33.833159" lon="135.771254"/><trkpt lat="33.833173" lon="135.771337"/><trkpt lat="33.833528" lon="135.771381"/><trkpt lat="33.833570" lon="135.771465"/><trkpt lat="33.832956" lon="135.771698"/><trkpt lat="33.833051" lon="135.771646"/><trkpt lat="33.833163" lon="135.771611"/><trkpt lat="33.833301" lon="135.771569"/><trkpt lat="33.833570" lon="135.771465"/><trkpt lat="33.833907" lon="135.772363"/><trkpt lat="33.833645" lon="135.772218"/><trkpt lat="33.833482" lon="135.772102"/><trkpt lat="33.833331" lon="135.771988"/><trkpt lat="33.833086" lon="135.771783"/><trkpt lat="33.832956" lon="135.771698"/><trkpt lat="33.834563" lon="135.772721"/><trkpt lat="33.833907" lon="135.772363"/><trkpt lat="33.834412" lon="135.772874"/><trkpt lat="33.834492" lon="135.772792"/><trkpt lat="33.834563" lon="135.772721"/><trkpt lat="33.834385" lon="135.772965"/><trkpt lat="33.834412" lon="135.772874"/><trkpt lat="33.834309" lon="135.773222"/><trkpt lat="33.834385" lon="135.772965"/><trkpt lat="33.834568" lon="135.775087"/><trkpt lat="33.834313" lon="135.774500"/><trkpt lat="33.834070" lon="135.773957"/><trkpt lat="33.834306" lon="135.773775"/><trkpt lat="33.834306" lon="135.773237"/><trkpt lat="33.834309" lon="135.773222"/><trkpt lat="33.834589" lon="135.775131"/><trkpt lat="33.834568" lon="135.775087"/><trkpt lat="33.835886" lon="135.775578"/><trkpt lat="33.835720" lon="135.775503"/><trkpt lat="33.835342" lon="135.775363"/><trkpt lat="33.834794" lon="135.775153"/><trkpt lat="33.834589" lon="135.775131"/><trkpt lat="33.836500" lon="135.775569"/><trkpt lat="33.836058" lon="135.775575"/><trkpt lat="33.835886" lon="135.775578"/><trkpt lat="33.838382" lon="135.774692"/><trkpt lat="33.838010" lon="135.775303"/><trkpt lat="33.837981" lon="135.775350"/><trkpt lat="33.837872" lon="135.775529"/><trkpt lat="33.837413" lon="135.775543"/><trkpt lat="33.836961" lon="135.775559"/><trkpt lat="33.836500" lon="135.775569"/><trkpt lat="33.838464" lon="135.774739"/><trkpt lat="33.838382" lon="135.774692"/><trkpt lat="33.838464" lon="135.774739"/><trkpt lat="33.838738" lon="135.774597"/><trkpt lat="33.838821" lon="135.774565"/><trkpt lat="33.839242" lon="135.774394"/><trkpt lat="33.839255" lon="135.774388"/><trkpt lat="33.839430" lon="135.774284"/><trkpt lat="33.839579" lon="135.774197"/><trkpt lat="33.839646" lon="135.774156"/><trkpt lat="33.839719" lon="135.774115"/><trkpt lat="33.839815" lon="135.774062"/><trkpt lat="33.839836" lon="135.774050"/><trkpt lat="33.839917" lon="135.774012"/><trkpt lat="33.839973" lon="135.773987"/><trkpt lat="33.839999" lon="135.773975"/><trkpt lat="33.840015" lon="135.773968"/></trkseg><trkseg><trkpt lat="33.856561" lon="135.717234"/><trkpt lat="33.856205" lon="135.717303"/><trkpt lat="33.856083" lon="135.717181"/><trkpt lat="33.855927" lon="135.717058"/><trkpt lat="33.855670" lon="135.716729"/><trkpt lat="33.855468" lon="135.716522"/><trkpt lat="33.855459" lon="135.716488"/><trkpt lat="33.855488" lon="135.716466"/><trkpt lat="33.855529" lon="135.716466"/><trkpt lat="33.855601" lon="135.716500"/><trkpt lat="33.855749" lon="135.716617"/><trkpt lat="33.855923" lon="135.716684"/><trkpt lat="33.855963" lon="135.716662"/><trkpt lat="33.855970" lon="135.716609"/><trkpt lat="33.855966" lon="135.716501"/><trkpt lat="33.855918" lon="135.716366"/><trkpt lat="33.855835" lon="135.716268"/><trkpt lat="33.855515" lon="135.716225"/><trkpt lat="33.855369" lon="135.716159"/><trkpt lat="33.855268" lon="135.716071"/><trkpt lat="33.855277" lon="135.716027"/><trkpt lat="33.855588" lon="135.715973"/><trkpt lat="33.855680" lon="135.715951"/><trkpt lat="33.855753" lon="135.715808"/><trkpt lat="33.855872" lon="135.715347"/><trkpt lat="33.855872" lon="135.715249"/><trkpt lat="33.855762" lon="135.715084"/><trkpt lat="33.855725" lon="135.714887"/><trkpt lat="33.855753" lon="135.714634"/><trkpt lat="33.855817" lon="135.714415"/><trkpt lat="33.855799" lon="135.714338"/><trkpt lat="33.855707" lon="135.714316"/><trkpt lat="33.855588" lon="135.714393"/><trkpt lat="33.855524" lon="135.714612"/><trkpt lat="33.855433" lon="135.715040"/><trkpt lat="33.855314" lon="135.715238"/><trkpt lat="33.855113" lon="135.715336"/><trkpt lat="33.855003" lon="135.715336"/><trkpt lat="33.854957" lon="135.715336"/><trkpt lat="33.854948" lon="135.715282"/><trkpt lat="33.855012" lon="135.715084"/><trkpt lat="33.855067" lon="135.714931"/><trkpt lat="33.855058" lon="135.714821"/><trkpt lat="33.854783" lon="135.714393"/><trkpt lat="33.854664" lon="135.714130"/><trkpt lat="33.854600" lon="135.714119"/><trkpt lat="33.854536" lon="135.714196"/><trkpt lat="33.854472" lon="135.714316"/><trkpt lat="33.854417" lon="135.714448"/><trkpt lat="33.854378" lon="135.714568"/><trkpt lat="33.854316" lon="135.714656"/><trkpt lat="33.854216" lon="135.714711"/><trkpt lat="33.854075" lon="135.714699"/><trkpt lat="33.853746" lon="135.714447"/><trkpt lat="33.853673" lon="135.714436"/><trkpt lat="33.853316" lon="135.714732"/><trkpt lat="33.853206" lon="135.714908"/><trkpt lat="33.853188" lon="135.715379"/><trkpt lat="33.852977" lon="135.715939"/><trkpt lat="33.852986" lon="135.716169"/><trkpt lat="33.853032" lon="135.716476"/><trkpt lat="33.853170" lon="135.716640"/><trkpt lat="33.853335" lon="135.716859"/><trkpt lat="33.853425" lon="135.717100"/><trkpt lat="33.853434" lon="135.717390"/><trkpt lat="33.853379" lon="135.717620"/><trkpt lat="33.853297" lon="135.717804"/><trkpt lat="33.853215" lon="135.718079"/><trkpt lat="33.853157" lon="135.718311"/><trkpt lat="33.853077" lon="135.718516"/><trkpt lat="33.853090" lon="135.718698"/><trkpt lat="33.853047" lon="135.718884"/><trkpt lat="33.853093" lon="135.719164"/><trkpt lat="33.852877" lon="135.720064"/><trkpt lat="33.852693" lon="135.720483"/><trkpt lat="33.852917" lon="135.720998"/><trkpt lat="33.852935" lon="135.721414"/><trkpt lat="33.852510" lon="135.722033"/><trkpt lat="33.852391" lon="135.722363"/><trkpt lat="33.851931" lon="135.722962"/><trkpt lat="33.851442" lon="135.723457"/><trkpt lat="33.850902" lon="135.723907"/><trkpt lat="33.850709" lon="135.724288"/><trkpt lat="33.850384" lon="135.725063"/><trkpt lat="33.850343" lon="135.725575"/><trkpt lat="33.850038" lon="135.725743"/><trkpt lat="33.849948" lon="135.725984"/><trkpt lat="33.849747" lon="135.726236"/><trkpt lat="33.849360" lon="135.726359"/><trkpt lat="33.848913" lon="135.726583"/><trkpt lat="33.848621" lon="135.726771"/><trkpt lat="33.848254" lon="135.727310"/><trkpt lat="33.847861" lon="135.727982"/><trkpt lat="33.847772" lon="135.728294"/><trkpt lat="33.847817" lon="135.728941"/><trkpt lat="33.847917" lon="135.729456"/><trkpt lat="33.848134" lon="135.729917"/><trkpt lat="33.848218" lon="135.730221"/><trkpt lat="33.848165" lon="135.730439"/><trkpt lat="33.847751" lon="135.730764"/><trkpt lat="33.847694" lon="135.730955"/><trkpt lat="33.847633" lon="135.731599"/><trkpt lat="33.847542" lon="135.732308"/><trkpt lat="33.847154" lon="135.733093"/><trkpt lat="33.846874" lon="135.733595"/><trkpt lat="33.846730" lon="135.733941"/><trkpt lat="33.846545" lon="135.734342"/><trkpt lat="33.846169" lon="135.734826"/><trkpt lat="33.846004" lon="135.735014"/><trkpt lat="33.845547" lon="135.735178"/><trkpt lat="33.845574" lon="135.735310"/><trkpt lat="33.845510" lon="135.735957"/><trkpt lat="33.845254" lon="135.736384"/><trkpt lat="33.845049" lon="135.736595"/><trkpt lat="33.844599" lon="135.736846"/><trkpt lat="33.844515" lon="135.736950"/><trkpt lat="33.844364" lon="135.737047"/><trkpt lat="33.844194" lon="135.737305"/><trkpt lat="33.844094" lon="135.737411"/><trkpt lat="33.844065" lon="135.737591"/><trkpt lat="33.844019" lon="135.737696"/><trkpt lat="33.843942" lon="135.737794"/><trkpt lat="33.843921" lon="135.737856"/><trkpt lat="33.843919" lon="135.737917"/><trkpt lat="33.843948" lon="135.738111"/><trkpt lat="33.843946" lon="135.738214"/><trkpt lat="33.843931" lon="135.738279"/><trkpt lat="33.843887" lon="135.738377"/><trkpt lat="33.843880" lon="135.738479"/><trkpt lat="33.843862" lon="135.738525"/><trkpt lat="33.843832" lon="135.738576"/><trkpt lat="33.843722" lon="135.738693"/><trkpt lat="33.843646" lon="135.738791"/><trkpt lat="33.843610" lon="135.738817"/><trkpt lat="33.843542" lon="135.738834"/><trkpt lat="33.843442" lon="135.738944"/><trkpt lat="33.843161" lon="135.739041"/><trkpt lat="33.843006" lon="135.739155"/><trkpt lat="33.842752" lon="135.739183"/><trkpt lat="33.842547" lon="135.739186"/><trkpt lat="33.842501" lon="135.739197"/><trkpt lat="33.842458" lon="135.739284"/><trkpt lat="33.842398" lon="135.739576"/><trkpt lat="33.842343" lon="135.739621"/><trkpt lat="33.842302" lon="135.739714"/><trkpt lat="33.842306" lon="135.739827"/><trkpt lat="33.842215" lon="135.740045"/><trkpt lat="33.842095" lon="135.740331"/><trkpt lat="33.842034" lon="135.740418"/><trkpt lat="33.841953" lon="135.740475"/><trkpt lat="33.841838" lon="135.740581"/><trkpt lat="33.841644" lon="135.740802"/><trkpt lat="33.841499" lon="135.741015"/><trkpt lat="33.841407" lon="135.741227"/><trkpt lat="33.831640" lon="135.752911"/><trkpt lat="33.831884" lon="135.752936"/><trkpt lat="33.832087" lon="135.752850"/><trkpt lat="33.832116" lon="135.752558"/><trkpt lat="33.832308" lon="135.752268"/><trkpt lat="33.832331" lon="135.751995"/><trkpt lat="33.832592" lon="135.751971"/><trkpt lat="33.832766" lon="135.751834"/><trkpt lat="33.832817" lon="135.751355"/><trkpt lat="33.832801" lon="135.751128"/><trkpt lat="33.832893" lon="135.750941"/><trkpt lat="33.832951" lon="135.750736"/><trkpt lat="33.832954" lon="135.750272"/><trkpt lat="33.833171" lon="135.749866"/><trkpt lat="33.833228" lon="135.749681"/><trkpt lat="33.833300" lon="135.749585"/><trkpt lat="33.833609" lon="135.749554"/><trkpt lat="33.833604" lon="135.749272"/><trkpt lat="33.833947" lon="135.749192"/><trkpt lat="33.834146" lon="135.749039"/><trkpt lat="33.834150" lon="135.748831"/><trkpt lat="33.834486" lon="135.748616"/><trkpt lat="33.834697" lon="135.748691"/><trkpt lat="33.834974" lon="135.748738"/><trkpt lat="33.835324" lon="135.748833"/><trkpt lat="33.836327" lon="135.748703"/><trkpt lat="33.836608" lon="135.748488"/><trkpt lat="33.837073" lon="135.748181"/><trkpt lat="33.837136" lon="135.747981"/><trkpt lat="33.837255" lon="135.747762"/><trkpt lat="33.837659" lon="135.747658"/><trkpt lat="33.837852" lon="135.747399"/><trkpt lat="33.838091" lon="135.746995"/><trkpt lat="33.838306" lon="135.746588"/><trkpt lat="33.838290" lon="135.746375"/><trkpt lat="33.838206" lon="135.745892"/><trkpt lat="33.838197" lon="135.745551"/><trkpt lat="33.838205" lon="135.745393"/><trkpt lat="33.838306" lon="135.745122"/><trkpt lat="33.838501" lon="135.744915"/><trkpt lat="33.838716" lon="135.744476"/><trkpt lat="33.838922" lon="135.744215"/><trkpt lat="33.839157" lon="135.743981"/><trkpt lat="33.839392" lon="135.743949"/><trkpt lat="33.839694" lon="135.743656"/><trkpt lat="33.839804" lon="135.743399"/><trkpt lat="33.839922" lon="135.743392"/><trkpt lat="33.840101" lon="135.743391"/><trkpt lat="33.840202" lon="135.743325"/><trkpt lat="33.840343" lon="135.743335"/><trkpt lat="33.840436" lon="135.743317"/><trkpt lat="33.840615" lon="135.742983"/><trkpt lat="33.840622" lon="135.742514"/><trkpt lat="33.840781" lon="135.742164"/><trkpt lat="33.841046" lon="135.741901"/><trkpt lat="33.841256" lon="135.741511"/><trkpt lat="33.841282" lon="135.741311"/><trkpt lat="33.841407" lon="135.741227"/><trkpt lat="33.831640" lon="135.752911"/><trkpt lat="33.831702" lon="135.753072"/><trkpt lat="33.831722" lon="135.753267"/><trkpt lat="33.831681" lon="135.753720"/><trkpt lat="33.831609" lon="135.754259"/><trkpt lat="33.831486" lon="135.754418"/><trkpt lat="33.831414" lon="135.754763"/><trkpt lat="33.831445" lon="135.754881"/><trkpt lat="33.831378" lon="135.754989"/><trkpt lat="33.831383" lon="135.755282"/><trkpt lat="33.831172" lon="135.755888"/><trkpt lat="33.830972" lon="135.756196"/><trkpt lat="33.830854" lon="135.756407"/><trkpt lat="33.830509" lon="135.756582"/><trkpt lat="33.830278" lon="135.756833"/><trkpt lat="33.830206" lon="135.757039"/><trkpt lat="33.830088" lon="135.757075"/><trkpt lat="33.829734" lon="135.757286"/><trkpt lat="33.829595" lon="135.757291"/><trkpt lat="33.829682" lon="135.757588"/><trkpt lat="33.829595" lon="135.757675"/><trkpt lat="33.829519" lon="135.757717"/><trkpt lat="33.829461" lon="135.757731"/><trkpt lat="33.829407" lon="135.757734"/><trkpt lat="33.829360" lon="135.757728"/><trkpt lat="33.829323" lon="135.757716"/><trkpt lat="33.829285" lon="135.757696"/></trkseg><trkseg><trkpt lat="34.212827" lon="135.587402"/><trkpt lat="34.212626" lon="135.587342"/><trkpt lat="34.212532" lon="135.587263"/><trkpt lat="34.212467" lon="135.587207"/><trkpt lat="34.206945" lon="135.587078"/><trkpt lat="34.206976" lon="135.586965"/><trkpt lat="34.207040" lon="135.586736"/><trkpt lat="34.207109" lon="135.586543"/><trkpt lat="34.207184" lon="135.586362"/><trkpt lat="34.207270" lon="135.586219"/><trkpt lat="34.207379" lon="135.586073"/><trkpt lat="34.207407" lon="135.585999"/><trkpt lat="34.207397" lon="135.585650"/><trkpt lat="34.207442" lon="135.585570"/><trkpt lat="34.207512" lon="135.585545"/><trkpt lat="34.207566" lon="135.585555"/><trkpt lat="34.207926" lon="135.585865"/><trkpt lat="34.207972" lon="135.585887"/><trkpt lat="34.208002" lon="135.585895"/><trkpt lat="34.208034" lon="135.585879"/><trkpt lat="34.208171" lon="135.585804"/><trkpt lat="34.208212" lon="135.585797"/><trkpt lat="34.208255" lon="135.585807"/><trkpt lat="34.208455" lon="135.585938"/><trkpt lat="34.208496" lon="135.585951"/><trkpt lat="34.208539" lon="135.585946"/><trkpt lat="34.208575" lon="135.585907"/><trkpt lat="34.208697" lon="135.585621"/><trkpt lat="34.208765" lon="135.585506"/><trkpt lat="34.208821" lon="135.585461"/><trkpt lat="34.208881" lon="135.585456"/><trkpt lat="34.208963" lon="135.585472"/><trkpt lat="34.209204" lon="135.585573"/><trkpt lat="34.209351" lon="135.585641"/><trkpt lat="34.209769" lon="135.585749"/><trkpt lat="34.209949" lon="135.585836"/><trkpt lat="34.210151" lon="135.585938"/><trkpt lat="34.210304" lon="135.585960"/><trkpt lat="34.210415" lon="135.586031"/><trkpt lat="34.210576" lon="135.586179"/><trkpt lat="34.210998" lon="135.586693"/><trkpt lat="34.211224" lon="135.586966"/><trkpt lat="34.211300" lon="135.587102"/><trkpt lat="34.211401" lon="135.587086"/><trkpt lat="34.211498" lon="135.587063"/><trkpt lat="34.211894" lon="135.586990"/><trkpt lat="34.212084" lon="135.586982"/><trkpt lat="34.212232" lon="135.587036"/><trkpt lat="34.212467" lon="135.587207"/><trkpt lat="34.204104" lon="135.589689"/><trkpt lat="34.204132" lon="135.589662"/><trkpt lat="34.204196" lon="135.589644"/><trkpt lat="34.204353" lon="135.589654"/><trkpt lat="34.204474" lon="135.589679"/><trkpt lat="34.204682" lon="135.589687"/><trkpt lat="34.204765" lon="135.589657"/><trkpt lat="34.204824" lon="135.589587"/><trkpt lat="34.204959" lon="135.589382"/><trkpt lat="34.204994" lon="135.589330"/><trkpt lat="34.205021" lon="135.589297"/><trkpt lat="34.205308" lon="135.589042"/><trkpt lat="34.205363" lon="135.588984"/><trkpt lat="34.205395" lon="135.588937"/><trkpt lat="34.205453" lon="135.588715"/><trkpt lat="34.205484" lon="135.588682"/><trkpt lat="34.205519" lon="135.588679"/><trkpt lat="34.205568" lon="135.588697"/><trkpt lat="34.205684" lon="135.588780"/><trkpt lat="34.205917" lon="135.588935"/><trkpt lat="34.205957" lon="135.588955"/><trkpt lat="34.206014" lon="135.588957"/><trkpt lat="34.206076" lon="135.588917"/><trkpt lat="34.206127" lon="135.588849"/><trkpt lat="34.206160" lon="135.588767"/><trkpt lat="34.206259" lon="135.588422"/><trkpt lat="34.206290" lon="135.588372"/><trkpt lat="34.206340" lon="135.588339"/><trkpt lat="34.206532" lon="135.588279"/><trkpt lat="34.206617" lon="135.588217"/><trkpt lat="34.206710" lon="135.588079"/><trkpt lat="34.206752" lon="135.587844"/><trkpt lat="34.206876" lon="135.587530"/><trkpt lat="34.206889" lon="135.587270"/><trkpt lat="34.206912" lon="135.587187"/><trkpt lat="34.206945" lon="135.587078"/><trkpt lat="34.203872" lon="135.590379"/><trkpt lat="34.203944" lon="135.590047"/><trkpt lat="34.203998" lon="135.589835"/><trkpt lat="34.204061" lon="135.589730"/><trkpt lat="34.204104" lon="135.589689"/><trkpt lat="34.200800" lon="135.593874"/><trkpt lat="34.200800" lon="135.593779"/><trkpt lat="34.200777" lon="135.593671"/><trkpt lat="34.200777" lon="135.593596"/><trkpt lat="34.200790" lon="135.593525"/><trkpt lat="34.200847" lon="135.593430"/><trkpt lat="34.200947" lon="135.593303"/><trkpt lat="34.201087" lon="135.593129"/><trkpt lat="34.201209" lon="135.592923"/><trkpt lat="34.201290" lon="135.592829"/><trkpt lat="34.201369" lon="135.592789"/><trkpt lat="34.201663" lon="135.592674"/><trkpt lat="34.201810" lon="135.592572"/><trkpt lat="34.202033" lon="135.592378"/><trkpt lat="34.202618" lon="135.591803"/><trkpt lat="34.203168" lon="135.591310"/><trkpt lat="34.203254" lon="135.591182"/><trkpt lat="34.203307" lon="135.591030"/><trkpt lat="34.203341" lon="135.590839"/><trkpt lat="34.203395" lon="135.590717"/><trkpt lat="34.203464" lon="135.590632"/><trkpt lat="34.203556" lon="135.590570"/><trkpt lat="34.203732" lon="135.590524"/><trkpt lat="34.203816" lon="135.590472"/><trkpt lat="34.203872" lon="135.590379"/><trkpt lat="34.200390" lon="135.594614"/><trkpt lat="34.200422" lon="135.594579"/><trkpt lat="34.200612" lon="135.594319"/><trkpt lat="34.200770" lon="135.594043"/><trkpt lat="34.200798" lon="135.593954"/><trkpt lat="34.200800" lon="135.593874"/><trkpt lat="34.195411" lon="135.597144"/><trkpt lat="34.195509" lon="135.596953"/><trkpt lat="34.195704" lon="135.596599"/><trkpt lat="34.195891" lon="135.596370"/><trkpt lat="34.196061" lon="135.596229"/><trkpt lat="34.196247" lon="135.596106"/><trkpt lat="34.196354" lon="135.595983"/><trkpt lat="34.196449" lon="135.595834"/><trkpt lat="34.196501" lon="135.595731"/><trkpt lat="34.196567" lon="135.595558"/><trkpt lat="34.196641" lon="135.595413"/><trkpt lat="34.196761" lon="135.595291"/><trkpt lat="34.196895" lon="135.595206"/><trkpt lat="34.197016" lon="135.595170"/><trkpt lat="34.197106" lon="135.595166"/><trkpt lat="34.197300" lon="135.595212"/><trkpt lat="34.197500" lon="135.595314"/><trkpt lat="34.197598" lon="135.595318"/><trkpt lat="34.197664" lon="135.595290"/><trkpt lat="34.197977" lon="135.595031"/><trkpt lat="34.198024" lon="135.595007"/><trkpt lat="34.198070" lon="135.595003"/><trkpt lat="34.198112" lon="135.595015"/><trkpt lat="34.198375" lon="135.595245"/><trkpt lat="34.198448" lon="135.595283"/><trkpt lat="34.198555" lon="135.595314"/><trkpt lat="34.198702" lon="135.595335"/><trkpt lat="34.198772" lon="135.595320"/><trkpt lat="34.198837" lon="135.595287"/><trkpt lat="34.199026" lon="135.595066"/><trkpt lat="34.199180" lon="135.594903"/><trkpt lat="34.199273" lon="135.594823"/><trkpt lat="34.199333" lon="135.594778"/><trkpt lat="34.199402" lon="135.594753"/><trkpt lat="34.199750" lon="135.594704"/><trkpt lat="34.200025" lon="135.594665"/><trkpt lat="34.200288" lon="135.594672"/><trkpt lat="34.200322" lon="135.594674"/><trkpt lat="34.200355" lon="135.594655"/><trkpt lat="34.200390" lon="135.594614"/><trkpt lat="34.191591" lon="135.597442"/><trkpt lat="34.191671" lon="135.597426"/><trkpt lat="34.191783" lon="135.597417"/><trkpt lat="34.191890" lon="135.597414"/><trkpt lat="34.191966" lon="135.597429"/><trkpt lat="34.192388" lon="135.597589"/><trkpt lat="34.192690" lon="135.597669"/><trkpt lat="34.192797" lon="135.597687"/><trkpt lat="34.192886" lon="135.597690"/><trkpt lat="34.193190" lon="135.597598"/><trkpt lat="34.193314" lon="135.597555"/><trkpt lat="34.193454" lon="135.597552"/><trkpt lat="34.193720" lon="135.597601"/><trkpt lat="34.193820" lon="135.597604"/><trkpt lat="34.193921" lon="135.597586"/><trkpt lat="34.194505" lon="135.597435"/><trkpt lat="34.195250" lon="135.597246"/><trkpt lat="34.195345" lon="135.597208"/><trkpt lat="34.195411" lon="135.597144"/><trkpt lat="34.183784" lon="135.606589"/><trkpt lat="34.183728" lon="135.606472"/><trkpt lat="34.183641" lon="135.606383"/><trkpt lat="34.183312" lon="135.606223"/><trkpt lat="34.183310" lon="135.606191"/><trkpt lat="34.183565" lon="135.605946"/><trkpt lat="34.183700" lon="135.605634"/><trkpt lat="34.183768" lon="135.605478"/><trkpt lat="34.183993" lon="135.605343"/><trkpt lat="34.184258" lon="135.605126"/><trkpt lat="34.184343" lon="135.605058"/><trkpt lat="34.184540" lon="135.604902"/><trkpt lat="34.184585" lon="135.604786"/><trkpt lat="34.184517" lon="135.604717"/><trkpt lat="34.184404" lon="135.604698"/><trkpt lat="34.184190" lon="135.604698"/><trkpt lat="34.183852" lon="135.604651"/><trkpt lat="34.183988" lon="135.604509"/><trkpt lat="34.184162" lon="135.604407"/><trkpt lat="34.184467" lon="135.604324"/><trkpt lat="34.184698" lon="135.604298"/><trkpt lat="34.184821" lon="135.604319"/><trkpt lat="34.185453" lon="135.604474"/><trkpt lat="34.185752" lon="135.604569"/><trkpt lat="34.185908" lon="135.604617"/><trkpt lat="34.185966" lon="135.604596"/><trkpt lat="34.185966" lon="135.604535"/><trkpt lat="34.185938" lon="135.604474"/><trkpt lat="34.185639" lon="135.604176"/><trkpt lat="34.185616" lon="135.604142"/><trkpt lat="34.185599" lon="135.604129"/><trkpt lat="34.185481" lon="135.603946"/><trkpt lat="34.185357" lon="135.603796"/><trkpt lat="34.185222" lon="135.603661"/><trkpt lat="34.185226" lon="135.603599"/><trkpt lat="34.185249" lon="135.603565"/><trkpt lat="34.185320" lon="135.603510"/><trkpt lat="34.185470" lon="135.603498"/><trkpt lat="34.185656" lon="135.603491"/><trkpt lat="34.185723" lon="135.603478"/><trkpt lat="34.185853" lon="135.603403"/><trkpt lat="34.186124" lon="135.603260"/><trkpt lat="34.186242" lon="135.603254"/><trkpt lat="34.186432" lon="135.603266"/><trkpt lat="34.186663" lon="135.603233"/><trkpt lat="34.186822" lon="135.603173"/><trkpt lat="34.186923" lon="135.603078"/><trkpt lat="34.187019" lon="135.602941"/><trkpt lat="34.187227" lon="135.602698"/><trkpt lat="34.187279" lon="135.602595"/><trkpt lat="34.187397" lon="135.602418"/><trkpt lat="34.187497" lon="135.602303"/><trkpt lat="34.187560" lon="135.602229"/><trkpt lat="34.187814" lon="135.601842"/><trkpt lat="34.188090" lon="135.601306"/><trkpt lat="34.188400" lon="135.600791"/><trkpt lat="34.188570" lon="135.600527"/><trkpt lat="34.188756" lon="135.600216"/><trkpt lat="34.189060" lon="135.599788"/><trkpt lat="34.189440" lon="135.599331"/><trkpt lat="34.189567" lon="135.599266"/><trkpt lat="34.189629" lon="135.599286"/><trkpt lat="34.189719" lon="135.599368"/><trkpt lat="34.189821" lon="135.599497"/><trkpt lat="34.189917" lon="135.599592"/><trkpt lat="34.190042" lon="135.599644"/><trkpt lat="34.190160" lon="135.599571"/><trkpt lat="34.190248" lon="135.599434"/><trkpt lat="34.190261" lon="135.599191"/><trkpt lat="34.190227" lon="135.599015"/><trkpt lat="34.190241" lon="135.598747"/><trkpt lat="34.190306" lon="135.598615"/><trkpt lat="34.190469" lon="135.598418"/><trkpt lat="34.190638" lon="135.598208"/><trkpt lat="34.190849" lon="135.597891"/><trkpt lat="34.190884" lon="135.597896"/><trkpt lat="34.191038" lon="135.598154"/><trkpt lat="34.191106" lon="135.598188"/><trkpt lat="34.191230" lon="135.598188"/><trkpt lat="34.191303" lon="135.598167"/><trkpt lat="34.191461" lon="135.598079"/><trkpt lat="34.191523" lon="135.598066"/><trkpt lat="34.191563" lon="135.598120"/><trkpt lat="34.191589" lon="135.598492"/><trkpt lat="34.191643" lon="135.598596"/><trkpt lat="34.191700" lon="135.598561"/><trkpt lat="34.191777" lon="135.598174"/><trkpt lat="34.191766" lon="135.597951"/><trkpt lat="34.191726" lon="135.597808"/><trkpt lat="34.191625" lon="135.597578"/><trkpt lat="34.191608" lon="135.597516"/><trkpt lat="34.191591" lon="135.597442"/><trkpt lat="34.183784" lon="135.606589"/><trkpt lat="34.183790" lon="135.606944"/><trkpt lat="34.183303" lon="135.608949"/><trkpt lat="34.183306" lon="135.608923"/><trkpt lat="34.183328" lon="135.608774"/><trkpt lat="34.183373" lon="135.608537"/><trkpt lat="34.183452" lon="135.608326"/><trkpt lat="34.183525" lon="135.608191"/><trkpt lat="34.183706" lon="135.607899"/><trkpt lat="34.183728" lon="135.607798"/><trkpt lat="34.183739" lon="135.607587"/><trkpt lat="34.183749" lon="135.607279"/><trkpt lat="34.183824" lon="135.607174"/><trkpt lat="34.183953" lon="135.607093"/><trkpt lat="34.183948" lon="135.607038"/><trkpt lat="34.183892" lon="135.607031"/><trkpt lat="34.183813" lon="135.606997"/><trkpt lat="34.183790" lon="135.606944"/><trkpt lat="34.183303" lon="135.608949"/><trkpt lat="34.183283" lon="135.608948"/><trkpt lat="34.183243" lon="135.608979"/><trkpt lat="34.183227" lon="135.609011"/><trkpt lat="34.183170" lon="135.609168"/><trkpt lat="34.183119" lon="135.609360"/><trkpt lat="34.182956" lon="135.609655"/><trkpt lat="34.182918" lon="135.609684"/><trkpt lat="34.182880" lon="135.609683"/><trkpt lat="34.182851" lon="135.609653"/><trkpt lat="34.182693" lon="135.609317"/><trkpt lat="34.182651" lon="135.609289"/><trkpt lat="34.182613" lon="135.609286"/><trkpt lat="34.182578" lon="135.609288"/><trkpt lat="34.182531" lon="135.609311"/><trkpt lat="34.182479" lon="135.609377"/><trkpt lat="34.182350" lon="135.609675"/><trkpt lat="34.182310" lon="135.609736"/><trkpt lat="34.182271" lon="135.609783"/><trkpt lat="34.182178" lon="135.609852"/><trkpt lat="34.182122" lon="135.609928"/><trkpt lat="34.182030" lon="135.610178"/><trkpt lat="34.182008" lon="135.610212"/><trkpt lat="34.181975" lon="135.610232"/><trkpt lat="34.181885" lon="135.610234"/><trkpt lat="34.181842" lon="135.610212"/><trkpt lat="34.181818" lon="135.610162"/><trkpt lat="34.181810" lon="135.609505"/><trkpt lat="34.181793" lon="135.609433"/><trkpt lat="34.181720" lon="135.609317"/><trkpt lat="34.181630" lon="135.609201"/><trkpt lat="34.181558" lon="135.609134"/><trkpt lat="34.172627" lon="135.616780"/><trkpt lat="34.173064" lon="135.616830"/><trkpt lat="34.173205" lon="135.616824"/><trkpt lat="34.173216" lon="135.616818"/><trkpt lat="34.173301" lon="135.616755"/><trkpt lat="34.173391" lon="135.616633"/><trkpt lat="34.173464" lon="135.616572"/><trkpt lat="34.173605" lon="135.616369"/><trkpt lat="34.173746" lon="135.616275"/><trkpt lat="34.173983" lon="135.616145"/><trkpt lat="34.174051" lon="135.616112"/><trkpt lat="34.174355" lon="135.615880"/><trkpt lat="34.174670" lon="135.615575"/><trkpt lat="34.174777" lon="135.615453"/><trkpt lat="34.174968" lon="135.615195"/><trkpt lat="34.175222" lon="135.614755"/><trkpt lat="34.175329" lon="135.614505"/><trkpt lat="34.175385" lon="135.614295"/><trkpt lat="34.175425" lon="135.614043"/><trkpt lat="34.175437" lon="135.613563"/><trkpt lat="34.175372" lon="135.613184"/><trkpt lat="34.175374" lon="135.613021"/><trkpt lat="34.175430" lon="135.612944"/><trkpt lat="34.175589" lon="135.612877"/><trkpt lat="34.175757" lon="135.612733"/><trkpt lat="34.175877" lon="135.612524"/><trkpt lat="34.175927" lon="135.612369"/><trkpt lat="34.175950" lon="135.612225"/><trkpt lat="34.175921" lon="135.612006"/><trkpt lat="34.175837" lon="135.611765"/><trkpt lat="34.175792" lon="135.611629"/><trkpt lat="34.175820" lon="135.611379"/><trkpt lat="34.176012" lon="135.611128"/><trkpt lat="34.176080" lon="135.611073"/><trkpt lat="34.176152" lon="135.611067"/><trkpt lat="34.176287" lon="135.611114"/><trkpt lat="34.176446" lon="135.611256"/><trkpt lat="34.176581" lon="135.611379"/><trkpt lat="34.176682" lon="135.611460"/><trkpt lat="34.176761" lon="135.611494"/><trkpt lat="34.176907" lon="135.611494"/><trkpt lat="34.177258" lon="135.611379"/><trkpt lat="34.177483" lon="135.611284"/><trkpt lat="34.177675" lon="135.611134"/><trkpt lat="34.177799" lon="135.611019"/><trkpt lat="34.177968" lon="135.610764"/><trkpt lat="34.178098" lon="135.610683"/><trkpt lat="34.178103" lon="135.610680"/><trkpt lat="34.178244" lon="135.610653"/><trkpt lat="34.178396" lon="135.610592"/><trkpt lat="34.178672" lon="135.610571"/><trkpt lat="34.178723" lon="135.610524"/><trkpt lat="34.178774" lon="135.610409"/><trkpt lat="34.178847" lon="135.610185"/><trkpt lat="34.178853" lon="135.610022"/><trkpt lat="34.178775" lon="135.609792"/><trkpt lat="34.178757" lon="135.609561"/><trkpt lat="34.178768" lon="135.609466"/><trkpt lat="34.178796" lon="135.609378"/><trkpt lat="34.178932" lon="135.609093"/><trkpt lat="34.179044" lon="135.608815"/><trkpt lat="34.179146" lon="135.608422"/><trkpt lat="34.179179" lon="135.608340"/><trkpt lat="34.179275" lon="135.608164"/><trkpt lat="34.179349" lon="135.608069"/><trkpt lat="34.179597" lon="135.607961"/><trkpt lat="34.179721" lon="135.607920"/><trkpt lat="34.179861" lon="135.607920"/><trkpt lat="34.179923" lon="135.607947"/><trkpt lat="34.180008" lon="135.608015"/><trkpt lat="34.180228" lon="135.608313"/><trkpt lat="34.180341" lon="135.608442"/><trkpt lat="34.180728" lon="135.609106"/><trkpt lat="34.180847" lon="135.609229"/><trkpt lat="34.180943" lon="135.609283"/><trkpt lat="34.181152" lon="135.609330"/><trkpt lat="34.181287" lon="135.609323"/><trkpt lat="34.181395" lon="135.609276"/><trkpt lat="34.181485" lon="135.609208"/><trkpt lat="34.181558" lon="135.609134"/><trkpt lat="34.158908" lon="135.620237"/><trkpt lat="34.159227" lon="135.620393"/><trkpt lat="34.159313" lon="135.620532"/><trkpt lat="34.159283" lon="135.621205"/><trkpt lat="34.159353" lon="135.621410"/><trkpt lat="34.159522" lon="135.621530"/><trkpt lat="34.159827" lon="135.621632"/><trkpt lat="34.160003" lon="135.621805"/><trkpt lat="34.160198" lon="135.622133"/><trkpt lat="34.160390" lon="135.622293"/><trkpt lat="34.160434" lon="135.622306"/><trkpt lat="34.161533" lon="135.622633"/><trkpt lat="34.162548" lon="135.622650"/><trkpt lat="34.162787" lon="135.622552"/><trkpt lat="34.162880" lon="135.622458"/><trkpt lat="34.163127" lon="135.621748"/><trkpt lat="34.164427" lon="135.620927"/><trkpt lat="34.165558" lon="135.620473"/><trkpt lat="34.165767" lon="135.620277"/><trkpt lat="34.165937" lon="135.620047"/><trkpt lat="34.166038" lon="135.619962"/><trkpt lat="34.166152" lon="135.619922"/><trkpt lat="34.166268" lon="135.619932"/><trkpt lat="34.166748" lon="135.620158"/><trkpt lat="34.167010" lon="135.620172"/><trkpt lat="34.167515" lon="135.620030"/><trkpt lat="34.167898" lon="135.619857"/><trkpt lat="34.168032" lon="135.619830"/><trkpt lat="34.168482" lon="135.619970"/><trkpt lat="34.168592" lon="135.619973"/><trkpt lat="34.168795" lon="135.619862"/><trkpt lat="34.169165" lon="135.619423"/><trkpt lat="34.169422" lon="135.619258"/><trkpt lat="34.170160" lon="135.619088"/><trkpt lat="34.170593" lon="135.618855"/><trkpt lat="34.170812" lon="135.618613"/><trkpt lat="34.171033" lon="135.618155"/><trkpt lat="34.171543" lon="135.617555"/><trkpt lat="34.171820" lon="135.616830"/><trkpt lat="34.171977" lon="135.616588"/><trkpt lat="34.172073" lon="135.616490"/><trkpt lat="34.172195" lon="135.616443"/><trkpt lat="34.172310" lon="135.616440"/><trkpt lat="34.172420" lon="135.616480"/><trkpt lat="34.172585" lon="135.616665"/><trkpt lat="34.172627" lon="135.616780"/><trkpt lat="34.154355" lon="135.616699"/><trkpt lat="34.154667" lon="135.616714"/><trkpt lat="34.155097" lon="135.616781"/><trkpt lat="34.155297" lon="135.616854"/><trkpt lat="34.155445" lon="135.616945"/><trkpt lat="34.155673" lon="135.617136"/><trkpt lat="34.155870" lon="135.617346"/><trkpt lat="34.156063" lon="135.617591"/><trkpt lat="34.156210" lon="135.617805"/><trkpt lat="34.156278" lon="135.617941"/><trkpt lat="34.156379" lon="135.618121"/><trkpt lat="34.156506" lon="135.618254"/><trkpt lat="34.156624" lon="135.618417"/><trkpt lat="34.156773" lon="135.618524"/><trkpt lat="34.157094" lon="135.618742"/><trkpt lat="34.157139" lon="135.618984"/><trkpt lat="34.157233" lon="135.619256"/><trkpt lat="34.157314" lon="135.619397"/><trkpt lat="34.157401" lon="135.619505"/><trkpt lat="34.157496" lon="135.619705"/><trkpt lat="34.157511" lon="135.619786"/><trkpt lat="34.157529" lon="135.619895"/><trkpt lat="34.157481" lon="135.620024"/><trkpt lat="34.157527" lon="135.620112"/><trkpt lat="34.157605" lon="135.620145"/><trkpt lat="34.157812" lon="135.620240"/><trkpt lat="34.157917" lon="135.620331"/><trkpt lat="34.158024" lon="135.620511"/><trkpt lat="34.158185" lon="135.620586"/><trkpt lat="34.158426" lon="135.620588"/><trkpt lat="34.158637" lon="135.620568"/><trkpt lat="34.158833" lon="135.620413"/><trkpt lat="34.158908" lon="135.620237"/><trkpt lat="34.154355" lon="135.616699"/><trkpt lat="34.154235" lon="135.616876"/><trkpt lat="34.154124" lon="135.616979"/><trkpt lat="34.154012" lon="135.617039"/><trkpt lat="34.153839" lon="135.617109"/><trkpt lat="34.153664" lon="135.617133"/><trkpt lat="34.153544" lon="135.617123"/><trkpt lat="34.153397" lon="135.617068"/><trkpt lat="34.153187" lon="135.616909"/><trkpt lat="34.153125" lon="135.616900"/><trkpt lat="34.153035" lon="135.616909"/><trkpt lat="34.152873" lon="135.616974"/><trkpt lat="34.152649" lon="135.616998"/><trkpt lat="34.152499" lon="135.617035"/><trkpt lat="34.152249" lon="135.617119"/><trkpt lat="34.152048" lon="135.617161"/><trkpt lat="34.151854" lon="135.617174"/><trkpt lat="34.151653" lon="135.617226"/><trkpt lat="34.151353" lon="135.617352"/><trkpt lat="34.151113" lon="135.617483"/><trkpt lat="34.150834" lon="135.617650"/><trkpt lat="34.150566" lon="135.617856"/><trkpt lat="34.150306" lon="135.618103"/><trkpt lat="34.150046" lon="135.618294"/><trkpt lat="34.149848" lon="135.618405"/><trkpt lat="34.149581" lon="135.618503"/><trkpt lat="34.149366" lon="135.618568"/><trkpt lat="34.149246" lon="135.618583"/><trkpt lat="34.149092" lon="135.618526"/><trkpt lat="34.148960" lon="135.618513"/><trkpt lat="34.148654" lon="135.618545"/><trkpt lat="34.147801" lon="135.618531"/><trkpt lat="34.147479" lon="135.618550"/><trkpt lat="34.147277" lon="135.618601"/><trkpt lat="34.147168" lon="135.618606"/><trkpt lat="34.146959" lon="135.618587"/><trkpt lat="34.146865" lon="135.618587"/><trkpt lat="34.146773" lon="135.618615"/><trkpt lat="34.146588" lon="135.618749"/><trkpt lat="34.146502" lon="135.618811"/><trkpt lat="34.146342" lon="135.618891"/><trkpt lat="34.146245" lon="135.618970"/><trkpt lat="34.146075" lon="135.619170"/><trkpt lat="34.145978" lon="135.619282"/><trkpt lat="34.145712" lon="135.619544"/><trkpt lat="34.145605" lon="135.619674"/><trkpt lat="34.145430" lon="135.619972"/><trkpt lat="34.145227" lon="135.620280"/><trkpt lat="34.145120" lon="135.620373"/><trkpt lat="34.144965" lon="135.620447"/><trkpt lat="34.144770" lon="135.620517"/><trkpt lat="34.144550" lon="135.620526"/><trkpt lat="34.144528" lon="135.620523"/><trkpt lat="34.144253" lon="135.620591"/><trkpt lat="34.143771" lon="135.620697"/><trkpt lat="34.143607" lon="135.620728"/><trkpt lat="34.143375" lon="135.620779"/><trkpt lat="34.143271" lon="135.620772"/><trkpt lat="34.143135" lon="135.620747"/><trkpt lat="34.142955" lon="135.620678"/><trkpt lat="34.142854" lon="135.620587"/><trkpt lat="34.142672" lon="135.620377"/><trkpt lat="34.142513" lon="135.620121"/><trkpt lat="34.142381" lon="135.620056"/><trkpt lat="34.142037" lon="135.619851"/><trkpt lat="34.141664" lon="135.619589"/><trkpt lat="34.141513" lon="135.619394"/><trkpt lat="34.141447" lon="135.619221"/><trkpt lat="34.141404" lon="135.619030"/><trkpt lat="34.141373" lon="135.618844"/><trkpt lat="34.139232" lon="135.617837"/><trkpt lat="34.139716" lon="135.617909"/><trkpt lat="34.140133" lon="135.617921"/><trkpt lat="34.140518" lon="135.617955"/><trkpt lat="34.140768" lon="135.618019"/><trkpt lat="34.140936" lon="135.618100"/><trkpt lat="34.141173" lon="135.618332"/><trkpt lat="34.141298" lon="135.618523"/><trkpt lat="34.141346" lon="135.618662"/><trkpt lat="34.141373" lon="135.618844"/><trkpt lat="34.139232" lon="135.617837"/><trkpt lat="34.139011" lon="135.617539"/><trkpt lat="34.138700" lon="135.617307"/><trkpt lat="34.138579" lon="135.617139"/><trkpt lat="34.138309" lon="135.616826"/><trkpt lat="34.138097" lon="135.616537"/><trkpt lat="34.137914" lon="135.616288"/><trkpt lat="34.137817" lon="135.616201"/><trkpt lat="34.137697" lon="135.616138"/><trkpt lat="34.137581" lon="135.616143"/><trkpt lat="34.137475" lon="135.616195"/><trkpt lat="34.137322" lon="135.616375"/><trkpt lat="34.137078" lon="135.616660"/><trkpt lat="34.136803" lon="135.616902"/><trkpt lat="34.136564" lon="135.617046"/><trkpt lat="34.135825" lon="135.617332"/><trkpt lat="34.135579" lon="135.617357"/><trkpt lat="34.135396" lon="135.617392"/><trkpt lat="34.135094" lon="135.617468"/><trkpt lat="34.134742" lon="135.617571"/><trkpt lat="34.134349" lon="135.617744"/><trkpt lat="34.134074" lon="135.617907"/><trkpt lat="34.134021" lon="135.617947"/><trkpt lat="34.133695" lon="135.617963"/><trkpt lat="34.133239" lon="135.617936"/><trkpt lat="34.132935" lon="135.617919"/><trkpt lat="34.132660" lon="135.617658"/><trkpt lat="34.132016" lon="135.618111"/><trkpt lat="34.131468" lon="135.618460"/><trkpt lat="34.131336" lon="135.618567"/><trkpt lat="34.131120" lon="135.618688"/><trkpt lat="34.130988" lon="135.618861"/><trkpt lat="34.130830" lon="135.619099"/><trkpt lat="34.130677" lon="135.619380"/><trkpt lat="34.130567" lon="135.619694"/><trkpt lat="34.130467" lon="135.620079"/><trkpt lat="34.130404" lon="135.620222"/><trkpt lat="34.130240" lon="135.620465"/><trkpt lat="34.130155" lon="135.620722"/><trkpt lat="34.129881" lon="135.621053"/><trkpt lat="34.129772" lon="135.621497"/><trkpt lat="34.129697" lon="135.621683"/><trkpt lat="34.129684" lon="135.621869"/><trkpt lat="34.129734" lon="135.622089"/><trkpt lat="34.124191" lon="135.625351"/><trkpt lat="34.124543" lon="135.625125"/><trkpt lat="34.125236" lon="135.624747"/><trkpt lat="34.125484" lon="135.624648"/><trkpt lat="34.125607" lon="135.624626"/><trkpt lat="34.125726" lon="135.624615"/><trkpt lat="34.126409" lon="135.624681"/><trkpt lat="34.126561" lon="135.624642"/><trkpt lat="34.126926" lon="135.624450"/><trkpt lat="34.127003" lon="135.624429"/><trkpt lat="34.127122" lon="135.624396"/><trkpt lat="34.128139" lon="135.624225"/><trkpt lat="34.128706" lon="135.624154"/><trkpt lat="34.129040" lon="135.624170"/><trkpt lat="34.129295" lon="135.624280"/><trkpt lat="34.129403" lon="135.624346"/><trkpt lat="34.129668" lon="135.624673"/><trkpt lat="34.129771" lon="135.624739"/><trkpt lat="34.129887" lon="135.624740"/><trkpt lat="34.129987" lon="135.624650"/><trkpt lat="34.129952" lon="135.624413"/><trkpt lat="34.129727" lon="135.624073"/><trkpt lat="34.129541" lon="135.623806"/><trkpt lat="34.129511" lon="135.623702"/><trkpt lat="34.129386" lon="135.623457"/><trkpt lat="34.129409" lon="135.623180"/><trkpt lat="34.129467" lon="135.622954"/><trkpt lat="34.129564" lon="135.622787"/><trkpt lat="34.129721" lon="135.622599"/><trkpt lat="34.129706" lon="135.622378"/><trkpt lat="34.129705" lon="135.622360"/><trkpt lat="34.129734" lon="135.622089"/><trkpt lat="34.124191" lon="135.625351"/><trkpt lat="34.124050" lon="135.625396"/><trkpt lat="34.123745" lon="135.625565"/><trkpt lat="34.123405" lon="135.625484"/><trkpt lat="34.123181" lon="135.625556"/><trkpt lat="34.123054" lon="135.625476"/><trkpt lat="34.122915" lon="135.625484"/><trkpt lat="34.122827" lon="135.625338"/><trkpt lat="34.122584" lon="135.625213"/><trkpt lat="34.122408" lon="135.624993"/><trkpt lat="34.122351" lon="135.624781"/><trkpt lat="34.121878" lon="135.624364"/><trkpt lat="34.121836" lon="135.624129"/><trkpt lat="34.121733" lon="135.623983"/><trkpt lat="34.121617" lon="135.623739"/><trkpt lat="34.121518" lon="135.623627"/><trkpt lat="34.121199" lon="135.623682"/><trkpt lat="34.120867" lon="135.623372"/><trkpt lat="34.120651" lon="135.623029"/><trkpt lat="34.120511" lon="135.622560"/><trkpt lat="34.120428" lon="135.622497"/><trkpt lat="34.120216" lon="135.622811"/><trkpt lat="34.119958" lon="135.622908"/><trkpt lat="34.119254" lon="135.623257"/><trkpt lat="34.118954" lon="135.623222"/><trkpt lat="34.118698" lon="135.623126"/><trkpt lat="34.118535" lon="135.623168"/><trkpt lat="34.118105" lon="135.623267"/><trkpt lat="34.117571" lon="135.623517"/><trkpt lat="34.117209" lon="135.623587"/><trkpt lat="34.116956" lon="135.623517"/><trkpt lat="34.116690" lon="135.623499"/><trkpt lat="34.116330" lon="135.623384"/><trkpt lat="34.116144" lon="135.623325"/><trkpt lat="34.115866" lon="135.623302"/><trkpt lat="34.115291" lon="135.623593"/><trkpt lat="34.115160" lon="135.623616"/><trkpt lat="34.114928" lon="135.623575"/><trkpt lat="34.114769" lon="135.623628"/><trkpt lat="34.114643" lon="135.623761"/><trkpt lat="34.114566" lon="135.623820"/><trkpt lat="34.114100" lon="135.623843"/><trkpt lat="34.113990" lon="135.623889"/><trkpt lat="34.113917" lon="135.624011"/><trkpt lat="34.113672" lon="135.624742"/><trkpt lat="34.113542" lon="135.624955"/><trkpt lat="34.113222" lon="135.625287"/><trkpt lat="34.111524" lon="135.626336"/><trkpt lat="34.111840" lon="135.626258"/><trkpt lat="34.111949" lon="135.626194"/><trkpt lat="34.112311" lon="135.625965"/><trkpt lat="34.112652" lon="135.625743"/><trkpt lat="34.112957" lon="135.625402"/><trkpt lat="34.113074" lon="135.625325"/><trkpt lat="34.113137" lon="135.625295"/><trkpt lat="34.113222" lon="135.625287"/><trkpt lat="34.106179" lon="135.631120"/><trkpt lat="34.106293" lon="135.630937"/><trkpt lat="34.106321" lon="135.630865"/><trkpt lat="34.106321" lon="135.630820"/><trkpt lat="34.106260" lon="135.630758"/><trkpt lat="34.106257" lon="135.630689"/><trkpt lat="34.106324" lon="135.630647"/><trkpt lat="34.106330" lon="135.630555"/><trkpt lat="34.106369" lon="135.630505"/><trkpt lat="34.106686" lon="135.630315"/><trkpt lat="34.106941" lon="135.630185"/><trkpt lat="34.106910" lon="135.630140"/><trkpt lat="34.106536" lon="135.630115"/><trkpt lat="34.106478" lon="135.630090"/><trkpt lat="34.106437" lon="135.630072"/><trkpt lat="34.106458" lon="135.630002"/><trkpt lat="34.106629" lon="135.629910"/><trkpt lat="34.106738" lon="135.629822"/><trkpt lat="34.106713" lon="135.629722"/><trkpt lat="34.106744" lon="135.629590"/><trkpt lat="34.107060" lon="135.629503"/><trkpt lat="34.107221" lon="135.629410"/><trkpt lat="34.107395" lon="135.629033"/><trkpt lat="34.107504" lon="135.628883"/><trkpt lat="34.108049" lon="135.628702"/><trkpt lat="34.108278" lon="135.628496"/><trkpt lat="34.108403" lon="135.628458"/><trkpt lat="34.108724" lon="135.628539"/><trkpt lat="34.108891" lon="135.628508"/><trkpt lat="34.109093" lon="135.628372"/><trkpt lat="34.109236" lon="135.628375"/><trkpt lat="34.109461" lon="135.628393"/><trkpt lat="34.109589" lon="135.628332"/><trkpt lat="34.109676" lon="135.628134"/><trkpt lat="34.109809" lon="135.627820"/><trkpt lat="34.110307" lon="135.627240"/><trkpt lat="34.110716" lon="135.626951"/><trkpt lat="34.111008" lon="135.626677"/><trkpt lat="34.111524" lon="135.626336"/><trkpt lat="34.105837" lon="135.631069"/><trkpt lat="34.106179" lon="135.631120"/><trkpt lat="34.105837" lon="135.631069"/><trkpt lat="34.105527" lon="135.631030"/><trkpt lat="34.105486" lon="135.631024"/><trkpt lat="34.105456" lon="135.630975"/><trkpt lat="34.105361" lon="135.630927"/><trkpt lat="34.105355" lon="135.630650"/><trkpt lat="34.105286" lon="135.630391"/><trkpt lat="34.105168" lon="135.629952"/><trkpt lat="34.105100" lon="135.629847"/><trkpt lat="34.105025" lon="135.629855"/><trkpt lat="34.104981" lon="135.629930"/><trkpt lat="34.104988" lon="135.630335"/><trkpt lat="34.104980" lon="135.630382"/><trkpt lat="34.104963" lon="135.630477"/><trkpt lat="34.105019" lon="135.630762"/><trkpt lat="34.104906" lon="135.630770"/><trkpt lat="34.104684" lon="135.630622"/><trkpt lat="34.104670" lon="135.630612"/><trkpt lat="34.104676" lon="135.630665"/><trkpt lat="34.104782" lon="135.630873"/><trkpt lat="34.104719" lon="135.630918"/><trkpt lat="34.104539" lon="135.630807"/><trkpt lat="34.104495" lon="135.630792"/><trkpt lat="34.104500" lon="135.630882"/><trkpt lat="34.104757" lon="135.631233"/><trkpt lat="34.104926" lon="135.631449"/><trkpt lat="34.104835" lon="135.631452"/><trkpt lat="34.104962" lon="135.631591"/><trkpt lat="34.104949" lon="135.631662"/><trkpt lat="34.104682" lon="135.631584"/><trkpt lat="34.104475" lon="135.631678"/><trkpt lat="34.104375" lon="135.631861"/><trkpt lat="34.104342" lon="135.631928"/><trkpt lat="34.104330" lon="135.631995"/><trkpt lat="34.104417" lon="135.631969"/><trkpt lat="34.104706" lon="135.632067"/><trkpt lat="34.104687" lon="135.632157"/><trkpt lat="34.104606" lon="135.632210"/><trkpt lat="34.104156" lon="135.632270"/><trkpt lat="34.104100" lon="135.632337"/><trkpt lat="34.104170" lon="135.632420"/><trkpt lat="34.104450" lon="135.632577"/><trkpt lat="34.104631" lon="135.632772"/><trkpt lat="34.104762" lon="135.632992"/><trkpt lat="34.104836" lon="135.633118"/><trkpt lat="34.104961" lon="135.633238"/><trkpt lat="34.104949" lon="135.633305"/><trkpt lat="34.104880" lon="135.633313"/><trkpt lat="34.104556" lon="135.633253"/><trkpt lat="34.104450" lon="135.633320"/><trkpt lat="34.104219" lon="135.633657"/><trkpt lat="34.104163" lon="135.633747"/><trkpt lat="34.104213" lon="135.633837"/><trkpt lat="34.104481" lon="135.633717"/><trkpt lat="34.104488" lon="135.633762"/><trkpt lat="34.104450" lon="135.633859"/><trkpt lat="34.104275" lon="135.634024"/><trkpt lat="34.104256" lon="135.634114"/><trkpt lat="34.104375" lon="135.634129"/><trkpt lat="34.104375" lon="135.634212"/><trkpt lat="34.104275" lon="135.634332"/><trkpt lat="34.104163" lon="135.634377"/><trkpt lat="34.103643" lon="135.634180"/><trkpt lat="34.103388" lon="135.634085"/><trkpt lat="34.103141" lon="135.634143"/><trkpt lat="34.102975" lon="135.634410"/><trkpt lat="34.102878" lon="135.634612"/><trkpt lat="34.102663" lon="135.634689"/><trkpt lat="34.102505" lon="135.634737"/><trkpt lat="34.102241" lon="135.635034"/><trkpt lat="34.102122" lon="135.635158"/><trkpt lat="34.101946" lon="135.635130"/><trkpt lat="34.101715" lon="135.635034"/><trkpt lat="34.101278" lon="135.635101"/><trkpt lat="34.101063" lon="135.635005"/><trkpt lat="34.100888" lon="135.634975"/><trkpt lat="34.100721" lon="135.634900"/><trkpt lat="34.100481" lon="135.634727"/><trkpt lat="34.100394" lon="135.634708"/><trkpt lat="34.100314" lon="135.634833"/><trkpt lat="34.100386" lon="135.635235"/><trkpt lat="34.100654" lon="135.635661"/><trkpt lat="34.100646" lon="135.636111"/><trkpt lat="34.100694" lon="135.636370"/><trkpt lat="34.100798" lon="135.636849"/><trkpt lat="34.100726" lon="135.637079"/><trkpt lat="34.100647" lon="135.637228"/><trkpt lat="34.100558" lon="135.637395"/><trkpt lat="34.100375" lon="135.637625"/><trkpt lat="34.100113" lon="135.637845"/><trkpt lat="34.099623" lon="135.637924"/><trkpt lat="34.099408" lon="135.637963"/><trkpt lat="34.099201" lon="135.638202"/><trkpt lat="34.099097" lon="135.638480"/><trkpt lat="34.098986" lon="135.638624"/><trkpt lat="34.098787" lon="135.638720"/><trkpt lat="34.098428" lon="135.638672"/><trkpt lat="34.098253" lon="135.638710"/><trkpt lat="34.098058" lon="135.638999"/><trkpt lat="34.097891" lon="135.639104"/><trkpt lat="34.097660" lon="135.639008"/><trkpt lat="34.097516" lon="135.639008"/><trkpt lat="34.097349" lon="135.639104"/><trkpt lat="34.097285" lon="135.639258"/><trkpt lat="34.097301" lon="135.639488"/><trkpt lat="34.097293" lon="135.639689"/><trkpt lat="34.097158" lon="135.640034"/><trkpt lat="34.097182" lon="135.640570"/><trkpt lat="34.097110" lon="135.640752"/><trkpt lat="34.096799" lon="135.640973"/><trkpt lat="34.096632" lon="135.641155"/><trkpt lat="34.096393" lon="135.642065"/><trkpt lat="34.096313" lon="135.642266"/><trkpt lat="34.096034" lon="135.642276"/><trkpt lat="34.095886" lon="135.642170"/><trkpt lat="34.095416" lon="135.641931"/><trkpt lat="34.095106" lon="135.641758"/><trkpt lat="34.094907" lon="135.641653"/><trkpt lat="34.094747" lon="135.641701"/><trkpt lat="34.094572" lon="135.641806"/><trkpt lat="34.094462" lon="135.642051"/><trkpt lat="34.094365" lon="135.642266"/><trkpt lat="34.094246" lon="135.642448"/><trkpt lat="34.094117" lon="135.642534"/><trkpt lat="34.093711" lon="135.642515"/><trkpt lat="34.093444" lon="135.642582"/><trkpt lat="34.093038" lon="135.642371"/><trkpt lat="34.092886" lon="135.642390"/><trkpt lat="34.092631" lon="135.642563"/><trkpt lat="34.092393" lon="135.642457"/><trkpt lat="34.092258" lon="135.642448"/><trkpt lat="34.091769" lon="135.642648"/><trkpt lat="34.091346" lon="135.642677"/><trkpt lat="34.090781" lon="135.642571"/><trkpt lat="34.090574" lon="135.642399"/><trkpt lat="34.090327" lon="135.642111"/><trkpt lat="34.089945" lon="135.641901"/><trkpt lat="34.089722" lon="135.641566"/><trkpt lat="34.089343" lon="135.641163"/><trkpt lat="34.089000" lon="135.640923"/><trkpt lat="34.088761" lon="135.640894"/><trkpt lat="34.088506" lon="135.640990"/><trkpt lat="34.088267" lon="135.641172"/><trkpt lat="34.088020" lon="135.641498"/><trkpt lat="34.087901" lon="135.641613"/><trkpt lat="34.087717" lon="135.641623"/><trkpt lat="34.087550" lon="135.641565"/><trkpt lat="34.087383" lon="135.641239"/><trkpt lat="34.087311" lon="135.641105"/><trkpt lat="34.086857" lon="135.641105"/><trkpt lat="34.086658" lon="135.641055"/><trkpt lat="34.086389" lon="135.640988"/><trkpt lat="34.086147" lon="135.640968"/><trkpt lat="34.086095" lon="135.640941"/><trkpt lat="34.085853" lon="135.640731"/><trkpt lat="34.085757" lon="135.640731"/><trkpt lat="34.085532" lon="135.640873"/><trkpt lat="34.085232" lon="135.641110"/><trkpt lat="34.085170" lon="135.641178"/><trkpt lat="34.084997" lon="135.641333"/><trkpt lat="34.084855" lon="135.641475"/><trkpt lat="34.084607" lon="135.641807"/><trkpt lat="34.084275" lon="135.642396"/><trkpt lat="34.084190" lon="135.642626"/><trkpt lat="34.084128" lon="135.642856"/><trkpt lat="34.084072" lon="135.643161"/><trkpt lat="34.084020" lon="135.643296"/><trkpt lat="34.083902" lon="135.643391"/><trkpt lat="34.083772" lon="135.643479"/><trkpt lat="34.083615" lon="135.643560"/><trkpt lat="34.083361" lon="135.643662"/><trkpt lat="34.083237" lon="135.643689"/><trkpt lat="34.082960" lon="135.643689"/><trkpt lat="34.082736" lon="135.643635"/><trkpt lat="34.082668" lon="135.643594"/><trkpt lat="34.082528" lon="135.643533"/><trkpt lat="34.082394" lon="135.643545"/><trkpt lat="34.082296" lon="135.643594"/><trkpt lat="34.082167" lon="135.643709"/><trkpt lat="34.081891" lon="135.644001"/><trkpt lat="34.081840" lon="135.644068"/><trkpt lat="34.081708" lon="135.644208"/><trkpt lat="34.081547" lon="135.644406"/><trkpt lat="34.081511" lon="135.644457"/><trkpt lat="34.081479" lon="135.644515"/><trkpt lat="34.081378" lon="135.644677"/><trkpt lat="34.081299" lon="135.644846"/><trkpt lat="34.081225" lon="135.645043"/><trkpt lat="34.081197" lon="135.645232"/><trkpt lat="34.081197" lon="135.645591"/><trkpt lat="34.081208" lon="135.645794"/><trkpt lat="34.081197" lon="135.645943"/><trkpt lat="34.081186" lon="135.645990"/><trkpt lat="34.081167" lon="135.646049"/><trkpt lat="34.081195" lon="135.646272"/><trkpt lat="34.081169" lon="135.646557"/><trkpt lat="34.081051" lon="135.646796"/><trkpt lat="34.080927" lon="135.646980"/><trkpt lat="34.080661" lon="135.647330"/><trkpt lat="34.080599" lon="135.647438"/><trkpt lat="34.080552" lon="135.647550"/><trkpt lat="34.080518" lon="135.647690"/><trkpt lat="34.080494" lon="135.647797"/><trkpt lat="34.080457" lon="135.647950"/><trkpt lat="34.080396" lon="135.648128"/><trkpt lat="34.080185" lon="135.648476"/><trkpt lat="34.080129" lon="135.648632"/><trkpt lat="34.080137" lon="135.648812"/><trkpt lat="34.080256" lon="135.649225"/><trkpt lat="34.080340" lon="135.649482"/><trkpt lat="34.080408" lon="135.649652"/><trkpt lat="34.080441" lon="135.649741"/><trkpt lat="34.080487" lon="135.649856"/><trkpt lat="34.080509" lon="135.649971"/><trkpt lat="34.080526" lon="135.650187"/><trkpt lat="34.080509" lon="135.650389"/><trkpt lat="34.080464" lon="135.650532"/><trkpt lat="34.080334" lon="135.650701"/><trkpt lat="34.080256" lon="135.650762"/><trkpt lat="34.080114" lon="135.650817"/><trkpt lat="34.079968" lon="135.650849"/><trkpt lat="34.079923" lon="135.650849"/><trkpt lat="34.079855" lon="135.650871"/><trkpt lat="34.079624" lon="135.650891"/><trkpt lat="34.079410" lon="135.650897"/><trkpt lat="34.079252" lon="135.650917"/><trkpt lat="34.079196" lon="135.650966"/><trkpt lat="34.079100" lon="135.651121"/><trkpt lat="34.079004" lon="135.651357"/><trkpt lat="34.078876" lon="135.651667"/><trkpt lat="34.078781" lon="135.651869"/><trkpt lat="34.078774" lon="135.651999"/><trkpt lat="34.078807" lon="135.652231"/><trkpt lat="34.078852" lon="135.652475"/><trkpt lat="34.078903" lon="135.652807"/><trkpt lat="34.078914" lon="135.653064"/><trkpt lat="34.078931" lon="135.653213"/><trkpt lat="34.079009" lon="135.653605"/><trkpt lat="34.079026" lon="135.653714"/><trkpt lat="34.079066" lon="135.653849"/><trkpt lat="34.079122" lon="135.654120"/><trkpt lat="34.079213" lon="135.654458"/><trkpt lat="34.079263" lon="135.654560"/><trkpt lat="34.079386" lon="135.654723"/><trkpt lat="34.079461" lon="135.654804"/><trkpt lat="34.079505" lon="135.654875"/><trkpt lat="34.079539" lon="135.654925"/><trkpt lat="34.079594" lon="135.655005"/><trkpt lat="34.079669" lon="135.655115"/><trkpt lat="34.079709" lon="135.655176"/><trkpt lat="34.079771" lon="135.655365"/><trkpt lat="34.079793" lon="135.655474"/><trkpt lat="34.079782" lon="135.655812"/><trkpt lat="34.079681" lon="135.656320"/><trkpt lat="34.079669" lon="135.656448"/><trkpt lat="34.079464" lon="135.656430"/><trkpt lat="34.079392" lon="135.656228"/><trkpt lat="34.079352" lon="135.655989"/><trkpt lat="34.079032" lon="135.655636"/><trkpt lat="34.078936" lon="135.655575"/><trkpt lat="34.078886" lon="135.655521"/><trkpt lat="34.078801" lon="135.655386"/><trkpt lat="34.078677" lon="135.655122"/><trkpt lat="34.078615" lon="135.655027"/><trkpt lat="34.078474" lon="135.654932"/><trkpt lat="34.078412" lon="135.654919"/><trkpt lat="34.078294" lon="135.654858"/><trkpt lat="34.078198" lon="135.654776"/><trkpt lat="34.078130" lon="135.654661"/><trkpt lat="34.078057" lon="135.654472"/><trkpt lat="34.078029" lon="135.654336"/><trkpt lat="34.078006" lon="135.654066"/><trkpt lat="34.077978" lon="135.653944"/><trkpt lat="34.077927" lon="135.653802"/><trkpt lat="34.077820" lon="135.653707"/><trkpt lat="34.077741" lon="135.653599"/><trkpt lat="34.077629" lon="135.653369"/><trkpt lat="34.077572" lon="135.653274"/><trkpt lat="34.077487" lon="135.653241"/><trkpt lat="34.077408" lon="135.653279"/><trkpt lat="34.077326" lon="135.653320"/><trkpt lat="34.077223" lon="135.653247"/><trkpt lat="34.077144" lon="135.653139"/><trkpt lat="34.077104" lon="135.653078"/><trkpt lat="34.077059" lon="135.653037"/><trkpt lat="34.076980" lon="135.653071"/><trkpt lat="34.076890" lon="135.653206"/><trkpt lat="34.076811" lon="135.653281"/><trkpt lat="34.076738" lon="135.653328"/><trkpt lat="34.076619" lon="135.653321"/><trkpt lat="34.076461" lon="135.653240"/><trkpt lat="34.076393" lon="135.653251"/><trkpt lat="34.076344" lon="135.653260"/><trkpt lat="34.076287" lon="135.653376"/><trkpt lat="34.076338" lon="135.653592"/><trkpt lat="34.076309" lon="135.653876"/><trkpt lat="34.076287" lon="135.653957"/><trkpt lat="34.076247" lon="135.654045"/><trkpt lat="34.076118" lon="135.654201"/><trkpt lat="34.075971" lon="135.654364"/><trkpt lat="34.075920" lon="135.654431"/><trkpt lat="34.075881" lon="135.654519"/><trkpt lat="34.075825" lon="135.654736"/><trkpt lat="34.075825" lon="135.655108"/><trkpt lat="34.075816" lon="135.655249"/><trkpt lat="34.075785" lon="135.655433"/><trkpt lat="34.075706" lon="135.655670"/><trkpt lat="34.075639" lon="135.655792"/><trkpt lat="34.075560" lon="135.655866"/><trkpt lat="34.075441" lon="135.655927"/><trkpt lat="34.075334" lon="135.655968"/><trkpt lat="34.075103" lon="135.655995"/><trkpt lat="34.074985" lon="135.656061"/><trkpt lat="34.074861" lon="135.656191"/><trkpt lat="34.074765" lon="135.656232"/><trkpt lat="34.074651" lon="135.656246"/><trkpt lat="34.074618" lon="135.656232"/><trkpt lat="34.074550" lon="135.656198"/><trkpt lat="34.074348" lon="135.655961"/><trkpt lat="34.074076" lon="135.655501"/><trkpt lat="34.073946" lon="135.655379"/><trkpt lat="34.073940" lon="135.655393"/><trkpt lat="34.073895" lon="135.655399"/><trkpt lat="34.073794" lon="135.655528"/><trkpt lat="34.073473" lon="135.655799"/><trkpt lat="34.073298" lon="135.655921"/><trkpt lat="34.073152" lon="135.655988"/><trkpt lat="34.072729" lon="135.656151"/><trkpt lat="34.072560" lon="135.656184"/><trkpt lat="34.072341" lon="135.656184"/><trkpt lat="34.072031" lon="135.656103"/><trkpt lat="34.071724" lon="135.656074"/><trkpt lat="34.071641" lon="135.656009"/><trkpt lat="34.071591" lon="135.655914"/><trkpt lat="34.071579" lon="135.655873"/><trkpt lat="34.071556" lon="135.655554"/><trkpt lat="34.071467" lon="135.655426"/><trkpt lat="34.071258" lon="135.655318"/><trkpt lat="34.071168" lon="135.655304"/><trkpt lat="34.071106" lon="135.655278"/><trkpt lat="34.070999" lon="135.655257"/><trkpt lat="34.070283" lon="135.655257"/><trkpt lat="34.070153" lon="135.655284"/><trkpt lat="34.069958" lon="135.655359"/><trkpt lat="34.069922" lon="135.655372"/><trkpt lat="34.069815" lon="135.655453"/><trkpt lat="34.069646" lon="135.655677"/><trkpt lat="34.069556" lon="135.655833"/><trkpt lat="34.069466" lon="135.656036"/><trkpt lat="34.069370" lon="135.656151"/><trkpt lat="34.069206" lon="135.656293"/><trkpt lat="34.069026" lon="135.656361"/><trkpt lat="34.068772" lon="135.656483"/><trkpt lat="34.068659" lon="135.656564"/><trkpt lat="34.068355" lon="135.656794"/><trkpt lat="34.068146" lon="135.656997"/><trkpt lat="34.067932" lon="135.657173"/><trkpt lat="34.067650" lon="135.657437"/><trkpt lat="34.067520" lon="135.657592"/><trkpt lat="34.067372" lon="135.657855"/><trkpt lat="34.067351" lon="135.658195"/><trkpt lat="34.067323" lon="135.658317"/><trkpt lat="34.067289" lon="135.658405"/><trkpt lat="34.067188" lon="135.658581"/><trkpt lat="34.067081" lon="135.658716"/><trkpt lat="34.066968" lon="135.658818"/><trkpt lat="34.066895" lon="135.658851"/><trkpt lat="34.066784" lon="135.658837"/><trkpt lat="34.066466" lon="135.658655"/><trkpt lat="34.066303" lon="135.658594"/><trkpt lat="34.066117" lon="135.658594"/><trkpt lat="34.066049" lon="135.658648"/><trkpt lat="34.065930" lon="135.658818"/><trkpt lat="34.065739" lon="135.659190"/><trkpt lat="34.065604" lon="135.659358"/><trkpt lat="34.065508" lon="135.659375"/><trkpt lat="34.065337" lon="135.659240"/><trkpt lat="34.065270" lon="135.659221"/><trkpt lat="34.065022" lon="135.659358"/><trkpt lat="34.064932" lon="135.659385"/><trkpt lat="34.064797" lon="135.659400"/><trkpt lat="34.064667" lon="135.659426"/><trkpt lat="34.064492" lon="135.659487"/><trkpt lat="34.064375" lon="135.659487"/><trkpt lat="34.064284" lon="135.659461"/><trkpt lat="34.064200" lon="135.659474"/><trkpt lat="34.064127" lon="135.659500"/><trkpt lat="34.063969" lon="135.659609"/><trkpt lat="34.063675" lon="135.659893"/><trkpt lat="34.063585" lon="135.660001"/><trkpt lat="34.063517" lon="135.660137"/><trkpt lat="34.063495" lon="135.660225"/><trkpt lat="34.063455" lon="135.660300"/><trkpt lat="34.063394" lon="135.660577"/><trkpt lat="34.063349" lon="135.660705"/><trkpt lat="34.063270" lon="135.660875"/><trkpt lat="34.062887" lon="135.661223"/><trkpt lat="34.062467" lon="135.661578"/><trkpt lat="34.062145" lon="135.661766"/><trkpt lat="34.061980" lon="135.661965"/><trkpt lat="34.061890" lon="135.662158"/><trkpt lat="34.061772" lon="135.662484"/><trkpt lat="34.061673" lon="135.662606"/><trkpt lat="34.061544" lon="135.662660"/><trkpt lat="34.061210" lon="135.662751"/><trkpt lat="34.060705" lon="135.662833"/><trkpt lat="34.060561" lon="135.662870"/><trkpt lat="34.060431" lon="135.662961"/><trkpt lat="34.060248" lon="135.663381"/><trkpt lat="34.060149" lon="135.663515"/><trkpt lat="34.059984" lon="135.663590"/><trkpt lat="34.059700" lon="135.663716"/><trkpt lat="34.059517" lon="135.663855"/><trkpt lat="34.059321" lon="135.664022"/><trkpt lat="34.059164" lon="135.664065"/><trkpt lat="34.059026" lon="135.664022"/><trkpt lat="34.058816" lon="135.663920"/><trkpt lat="34.058584" lon="135.663920"/><trkpt lat="34.058451" lon="135.663958"/><trkpt lat="34.058115" lon="135.664167"/><trkpt lat="34.057954" lon="135.664183"/><trkpt lat="34.057763" lon="135.664237"/><trkpt lat="34.057642" lon="135.664382"/><trkpt lat="34.057544" lon="135.664570"/><trkpt lat="34.057392" lon="135.664903"/><trkpt lat="34.057213" lon="135.665123"/><trkpt lat="34.056896" lon="135.665407"/><trkpt lat="34.056526" lon="135.665584"/><trkpt lat="34.056320" lon="135.665595"/><trkpt lat="34.056043" lon="135.665472"/><trkpt lat="34.055891" lon="135.665402"/><trkpt lat="34.055811" lon="135.665402"/><trkpt lat="34.055810" lon="135.665403"/><trkpt lat="34.055685" lon="135.665590"/><trkpt lat="34.055475" lon="135.665746"/><trkpt lat="34.055276" lon="135.665837"/><trkpt lat="34.054964" lon="135.665869"/><trkpt lat="34.054865" lon="135.665918"/><trkpt lat="34.054803" lon="135.666036"/><trkpt lat="34.054843" lon="135.666213"/><trkpt lat="34.054999" lon="135.666471"/><trkpt lat="34.055124" lon="135.666879"/><trkpt lat="34.055120" lon="135.666987"/><trkpt lat="34.055040" lon="135.667078"/><trkpt lat="34.054870" lon="135.667121"/><trkpt lat="34.054535" lon="135.667008"/><trkpt lat="34.054288" lon="135.666978"/><trkpt lat="34.054145" lon="135.667042"/><trkpt lat="34.054006" lon="135.667198"/><trkpt lat="34.053890" lon="135.667542"/><trkpt lat="34.053868" lon="135.667821"/><trkpt lat="34.053872" lon="135.668245"/><trkpt lat="34.053836" lon="135.668374"/><trkpt lat="34.053747" lon="135.668449"/><trkpt lat="34.053684" lon="135.668471"/><trkpt lat="34.053425" lon="135.668320"/><trkpt lat="34.053275" lon="135.668311"/><trkpt lat="34.053069" lon="135.668397"/><trkpt lat="34.052858" lon="135.668548"/><trkpt lat="34.052684" lon="135.668832"/><trkpt lat="34.052648" lon="135.669058"/><trkpt lat="34.052742" lon="135.669471"/><trkpt lat="34.052729" lon="135.669584"/><trkpt lat="34.052671" lon="135.669713"/><trkpt lat="34.052496" lon="135.669967"/><trkpt lat="34.052433" lon="135.670236"/><trkpt lat="34.052348" lon="135.670526"/><trkpt lat="34.052380" lon="135.670719"/><trkpt lat="34.052411" lon="135.670902"/><trkpt lat="34.052648" lon="135.671219"/><trkpt lat="34.052728" lon="135.671331"/><trkpt lat="34.052755" lon="135.671444"/><trkpt lat="34.052760" lon="135.671831"/><trkpt lat="34.052827" lon="135.672019"/><trkpt lat="34.052997" lon="135.672252"/><trkpt lat="34.053233" lon="135.672468"/><trkpt lat="34.053426" lon="135.672643"/><trkpt lat="34.053663" lon="135.672857"/><trkpt lat="34.053749" lon="135.673056"/><trkpt lat="34.053743" lon="135.673265"/><trkpt lat="34.053700" lon="135.673351"/><trkpt lat="34.053520" lon="135.673373"/><trkpt lat="34.052988" lon="135.673325"/><trkpt lat="34.052707" lon="135.673255"/><trkpt lat="34.052452" lon="135.673126"/><trkpt lat="34.052208" lon="135.672955"/><trkpt lat="34.052120" lon="135.672944"/><trkpt lat="34.052083" lon="135.672993"/><trkpt lat="34.052048" lon="135.673159"/><trkpt lat="34.052110" lon="135.673588"/><trkpt lat="34.052065" lon="135.673803"/><trkpt lat="34.051967" lon="135.673948"/><trkpt lat="34.051855" lon="135.673985"/><trkpt lat="34.051668" lon="135.673980"/><trkpt lat="34.051525" lon="135.673993"/><trkpt lat="34.051445" lon="135.674052"/><trkpt lat="34.051408" lon="135.674186"/><trkpt lat="34.051453" lon="135.674525"/><trkpt lat="34.051525" lon="135.674842"/><trkpt lat="34.051520" lon="135.674960"/><trkpt lat="34.051445" lon="135.675030"/><trkpt lat="34.050676" lon="135.674885"/><trkpt lat="34.050500" lon="135.674907"/><trkpt lat="34.050388" lon="135.674994"/><trkpt lat="34.050285" lon="135.675379"/><trkpt lat="34.050160" lon="135.675492"/><trkpt lat="34.049910" lon="135.675622"/><trkpt lat="34.049776" lon="135.675782"/><trkpt lat="34.049617" lon="135.675945"/><trkpt lat="34.049537" lon="135.676412"/><trkpt lat="34.049501" lon="135.676605"/><trkpt lat="34.049425" lon="135.676745"/><trkpt lat="34.049184" lon="135.676927"/><trkpt lat="34.049027" lon="135.677082"/><trkpt lat="34.048933" lon="135.677449"/><trkpt lat="34.048924" lon="135.677757"/><trkpt lat="34.048955" lon="135.677917"/><trkpt lat="34.048965" lon="135.677935"/><trkpt lat="34.049250" lon="135.678450"/><trkpt lat="34.049358" lon="135.678804"/><trkpt lat="34.049362" lon="135.678987"/><trkpt lat="34.049335" lon="135.679159"/><trkpt lat="34.049273" lon="135.679239"/><trkpt lat="34.048973" lon="135.679223"/><trkpt lat="34.048857" lon="135.679251"/><trkpt lat="34.048741" lon="135.679321"/><trkpt lat="34.048432" lon="135.679273"/><trkpt lat="34.048263" lon="135.679310"/><trkpt lat="34.048088" lon="135.679498"/><trkpt lat="34.047946" lon="135.679536"/><trkpt lat="34.047773" lon="135.679537"/><trkpt lat="34.047715" lon="135.679591"/><trkpt lat="34.047706" lon="135.679762"/><trkpt lat="34.047786" lon="135.680149"/><trkpt lat="34.047782" lon="135.680299"/><trkpt lat="34.047711" lon="135.680449"/><trkpt lat="34.047599" lon="135.680530"/><trkpt lat="34.047380" lon="135.680643"/><trkpt lat="34.047165" lon="135.680680"/><trkpt lat="34.047044" lon="135.680745"/><trkpt lat="34.046969" lon="135.680868"/><trkpt lat="34.046946" lon="135.681223"/><trkpt lat="34.047018" lon="135.681593"/><trkpt lat="34.047170" lon="135.682399"/><trkpt lat="34.047217" lon="135.682901"/><trkpt lat="34.047214" lon="135.683046"/><trkpt lat="34.047156" lon="135.683133"/><trkpt lat="34.047066" lon="135.683154"/><trkpt lat="34.046954" lon="135.683014"/><trkpt lat="34.046584" lon="135.682558"/><trkpt lat="34.046292" lon="135.682391"/><trkpt lat="34.046112" lon="135.682272"/><trkpt lat="34.045897" lon="135.682057"/><trkpt lat="34.045522" lon="135.681832"/><trkpt lat="34.045326" lon="135.681579"/><trkpt lat="34.045187" lon="135.681091"/><trkpt lat="34.045184" lon="135.681087"/><trkpt lat="34.045110" lon="135.680983"/><trkpt lat="34.045065" lon="135.680972"/><trkpt lat="34.045012" lon="135.681037"/><trkpt lat="34.044922" lon="135.681332"/><trkpt lat="34.044904" lon="135.681584"/><trkpt lat="34.044900" lon="135.681987"/><trkpt lat="34.044980" lon="135.682417"/><trkpt lat="34.044970" lon="135.682950"/><trkpt lat="34.044975" lon="135.683106"/><trkpt lat="34.044855" lon="135.683568"/><trkpt lat="34.044881" lon="135.683772"/><trkpt lat="34.045070" lon="135.684314"/><trkpt lat="34.045105" lon="135.684647"/><trkpt lat="34.045074" lon="135.684894"/><trkpt lat="34.045029" lon="135.685109"/><trkpt lat="34.045082" lon="135.685384"/><trkpt lat="34.045119" lon="135.685739"/><trkpt lat="34.045119" lon="135.686029"/><trkpt lat="34.045051" lon="135.686330"/><trkpt lat="34.044984" lon="135.686712"/><trkpt lat="34.045002" lon="135.686868"/><trkpt lat="34.045131" lon="135.687099"/><trkpt lat="34.045292" lon="135.687292"/><trkpt lat="34.045315" lon="135.687496"/><trkpt lat="34.045221" lon="135.688038"/><trkpt lat="34.045172" lon="135.688527"/><trkpt lat="34.045158" lon="135.688650"/><trkpt lat="34.045104" lon="135.688720"/><trkpt lat="34.044872" lon="135.688876"/><trkpt lat="34.044756" lon="135.688983"/><trkpt lat="34.044658" lon="135.689118"/><trkpt lat="34.044455" lon="135.689239"/><trkpt lat="34.044138" lon="135.689357"/><trkpt lat="34.043773" lon="135.689648"/><trkpt lat="34.043599" lon="135.689856"/><trkpt lat="34.043462" lon="135.689916"/><trkpt lat="34.043136" lon="135.689950"/><trkpt lat="34.042895" lon="135.689975"/><trkpt lat="34.042512" lon="135.690051"/><trkpt lat="34.041980" lon="135.690218"/><trkpt lat="34.041923" lon="135.690197"/><trkpt lat="34.041856" lon="135.690104"/><trkpt lat="34.041588" lon="135.689444"/><trkpt lat="34.041518" lon="135.689363"/><trkpt lat="34.041433" lon="135.689363"/><trkpt lat="34.041178" lon="135.689638"/><trkpt lat="34.041022" lon="135.690121"/><trkpt lat="34.040910" lon="135.690277"/><trkpt lat="34.040767" lon="135.690363"/><trkpt lat="34.040508" lon="135.690379"/><trkpt lat="34.040343" lon="135.690460"/><trkpt lat="34.039979" lon="135.690766"/><trkpt lat="34.039720" lon="135.690949"/><trkpt lat="34.039577" lon="135.690986"/><trkpt lat="34.039429" lon="135.690970"/><trkpt lat="34.039258" lon="135.690884"/><trkpt lat="34.039177" lon="135.690917"/><trkpt lat="34.039039" lon="135.691056"/><trkpt lat="34.038815" lon="135.691249"/><trkpt lat="34.038668" lon="135.691271"/><trkpt lat="34.038382" lon="135.691158"/><trkpt lat="34.038118" lon="135.691126"/><trkpt lat="34.037922" lon="135.691164"/><trkpt lat="34.037748" lon="135.691319"/><trkpt lat="34.037547" lon="135.691534"/><trkpt lat="34.037453" lon="135.691824"/><trkpt lat="34.037363" lon="135.691981"/><trkpt lat="34.037257" lon="135.692084"/><trkpt lat="34.037140" lon="135.692111"/><trkpt lat="34.037133" lon="135.692113"/><trkpt lat="34.037032" lon="135.692135"/><trkpt lat="34.037020" lon="135.692170"/><trkpt lat="34.036872" lon="135.692610"/><trkpt lat="34.036870" lon="135.692678"/><trkpt lat="34.036883" lon="135.692731"/><trkpt lat="34.036918" lon="135.692785"/><trkpt lat="34.036960" lon="135.692823"/><trkpt lat="34.037030" lon="135.692874"/><trkpt lat="34.037074" lon="135.692888"/><trkpt lat="34.037130" lon="135.692890"/><trkpt lat="34.037175" lon="135.692884"/><trkpt lat="34.037197" lon="135.692893"/><trkpt lat="34.037215" lon="135.692913"/><trkpt lat="34.037284" lon="135.693052"/><trkpt lat="34.037290" lon="135.693077"/><trkpt lat="34.037287" lon="135.693097"/><trkpt lat="34.037274" lon="135.693114"/><trkpt lat="34.036993" lon="135.693454"/><trkpt lat="34.036844" lon="135.693666"/><trkpt lat="34.036731" lon="135.693778"/><trkpt lat="34.036702" lon="135.693793"/><trkpt lat="34.036647" lon="135.693806"/><trkpt lat="34.036570" lon="135.693712"/><trkpt lat="34.036422" lon="135.693538"/><trkpt lat="34.036367" lon="135.693479"/><trkpt lat="34.036342" lon="135.693457"/><trkpt lat="34.036308" lon="135.693449"/><trkpt lat="34.036274" lon="135.693451"/><trkpt lat="34.036246" lon="135.693456"/><trkpt lat="34.036158" lon="135.693494"/><trkpt lat="34.036055" lon="135.693552"/><trkpt lat="34.035877" lon="135.693658"/><trkpt lat="34.035719" lon="135.693725"/><trkpt lat="34.035595" lon="135.693801"/><trkpt lat="34.035478" lon="135.693875"/><trkpt lat="34.035323" lon="135.693968"/><trkpt lat="34.035242" lon="135.694007"/><trkpt lat="34.035174" lon="135.694034"/><trkpt lat="34.035162" lon="135.694044"/><trkpt lat="34.035155" lon="135.694059"/><trkpt lat="34.035056" lon="135.694603"/><trkpt lat="34.035045" lon="135.694685"/><trkpt lat="34.035049" lon="135.694772"/><trkpt lat="34.035066" lon="135.694883"/><trkpt lat="34.035167" lon="135.695039"/><trkpt lat="34.035405" lon="135.695378"/><trkpt lat="34.035748" lon="135.695811"/><trkpt lat="34.035810" lon="135.695932"/><trkpt lat="34.035878" lon="135.696183"/><trkpt lat="34.035945" lon="135.696396"/><trkpt lat="34.035978" lon="135.696607"/><trkpt lat="34.036007" lon="135.696786"/><trkpt lat="34.036016" lon="135.696955"/><trkpt lat="34.036007" lon="135.697082"/><trkpt lat="34.036000" lon="135.697151"/><trkpt lat="34.035983" lon="135.697209"/><trkpt lat="34.035968" lon="135.697228"/><trkpt lat="34.035947" lon="135.697237"/><trkpt lat="34.035898" lon="135.697255"/><trkpt lat="34.035850" lon="135.697274"/><trkpt lat="34.035831" lon="135.697288"/><trkpt lat="34.035823" lon="135.697305"/><trkpt lat="34.035803" lon="135.697355"/><trkpt lat="34.035752" lon="135.697496"/><trkpt lat="34.035652" lon="135.697716"/><trkpt lat="34.035509" lon="135.697967"/><trkpt lat="34.035390" lon="135.698217"/><trkpt lat="34.035329" lon="135.698327"/><trkpt lat="34.035262" lon="135.698407"/><trkpt lat="34.035114" lon="135.698561"/><trkpt lat="34.035031" lon="135.698676"/><trkpt lat="34.034986" lon="135.698751"/><trkpt lat="34.034928" lon="135.698898"/><trkpt lat="34.034771" lon="135.699206"/><trkpt lat="34.034716" lon="135.699307"/><trkpt lat="34.034674" lon="135.699378"/><trkpt lat="34.034659" lon="135.699427"/><trkpt lat="34.034667" lon="135.699505"/><trkpt lat="34.034708" lon="135.699593"/><trkpt lat="34.034779" lon="135.699679"/><trkpt lat="34.034935" lon="135.699787"/><trkpt lat="34.034689" lon="135.699906"/><trkpt lat="34.034602" lon="135.699973"/><trkpt lat="34.034478" lon="135.700090"/><trkpt lat="34.034408" lon="135.700125"/><trkpt lat="34.034257" lon="135.700901"/><trkpt lat="34.034203" lon="135.701210"/><trkpt lat="34.034277" lon="135.701255"/><trkpt lat="34.034422" lon="135.701348"/><trkpt lat="34.034502" lon="135.701415"/><trkpt lat="34.034796" lon="135.701700"/><trkpt lat="34.034830" lon="135.701756"/><trkpt lat="34.034942" lon="135.702051"/><trkpt lat="34.034982" lon="135.702200"/><trkpt lat="34.035021" lon="135.702505"/><trkpt lat="34.035015" lon="135.702728"/><trkpt lat="34.034970" lon="135.702836"/><trkpt lat="34.034872" lon="135.702894"/><trkpt lat="34.034760" lon="135.702977"/><trkpt lat="34.034830" lon="135.703113"/><trkpt lat="34.034621" lon="135.703415"/><trkpt lat="34.034525" lon="135.703507"/><trkpt lat="34.034237" lon="135.703825"/><trkpt lat="34.034158" lon="135.703859"/><trkpt lat="34.034063" lon="135.703872"/><trkpt lat="34.033737" lon="135.703857"/><trkpt lat="34.033662" lon="135.703934"/><trkpt lat="34.033589" lon="135.704008"/><trkpt lat="34.033561" lon="135.704021"/><trkpt lat="34.033510" lon="135.704021"/><trkpt lat="34.033251" lon="135.703825"/><trkpt lat="34.033082" lon="135.703744"/><trkpt lat="34.033014" lon="135.703730"/><trkpt lat="34.032817" lon="135.703737"/><trkpt lat="34.032721" lon="135.703757"/><trkpt lat="34.032653" lon="135.703791"/><trkpt lat="34.032529" lon="135.703906"/><trkpt lat="34.032467" lon="135.704028"/><trkpt lat="34.032411" lon="135.704177"/><trkpt lat="34.032343" lon="135.704454"/><trkpt lat="34.032321" lon="135.704502"/><trkpt lat="34.032287" lon="135.704522"/><trkpt lat="34.032236" lon="135.704522"/><trkpt lat="34.031977" lon="135.704380"/><trkpt lat="34.031875" lon="135.704380"/><trkpt lat="34.031808" lon="135.704427"/><trkpt lat="34.031734" lon="135.704502"/><trkpt lat="34.031610" lon="135.704509"/><trkpt lat="34.031458" lon="135.704481"/><trkpt lat="34.031374" lon="135.704461"/><trkpt lat="34.031266" lon="135.704468"/><trkpt lat="34.031210" lon="135.704522"/><trkpt lat="34.031249" lon="135.704746"/><trkpt lat="34.031475" lon="135.705280"/><trkpt lat="34.031520" lon="135.705436"/><trkpt lat="34.031520" lon="135.705504"/><trkpt lat="34.031492" lon="135.705598"/><trkpt lat="34.031371" lon="135.705685"/><trkpt lat="34.031266" lon="135.705761"/><trkpt lat="34.031221" lon="135.705774"/><trkpt lat="34.030894" lon="135.705802"/><trkpt lat="34.030818" lon="135.705876"/><trkpt lat="34.030861" lon="135.706106"/><trkpt lat="34.030855" lon="135.706241"/><trkpt lat="34.030827" lon="135.706296"/><trkpt lat="34.030714" lon="135.706397"/><trkpt lat="34.030426" lon="135.706573"/><trkpt lat="34.030263" lon="135.706634"/><trkpt lat="34.029998" lon="135.706668"/><trkpt lat="34.029874" lon="135.706702"/><trkpt lat="34.029733" lon="135.706763"/><trkpt lat="34.029609" lon="135.706783"/><trkpt lat="34.029519" lon="135.706769"/><trkpt lat="34.029333" lon="135.706661"/><trkpt lat="34.029146" lon="135.706607"/><trkpt lat="34.028763" lon="135.706580"/><trkpt lat="34.028627" lon="135.706620"/><trkpt lat="34.028565" lon="135.706674"/><trkpt lat="34.028509" lon="135.706796"/><trkpt lat="34.028475" lon="135.706905"/><trkpt lat="34.028345" lon="135.707121"/><trkpt lat="34.028249" lon="135.707223"/><trkpt lat="34.028176" lon="135.707318"/><trkpt lat="34.028058" lon="135.707494"/><trkpt lat="34.028131" lon="135.707611"/><trkpt lat="34.028452" lon="135.707413"/><trkpt lat="34.028520" lon="135.707413"/><trkpt lat="34.028514" lon="135.707554"/><trkpt lat="34.028458" lon="135.707674"/><trkpt lat="34.028367" lon="135.707864"/><trkpt lat="34.028187" lon="135.707947"/><trkpt lat="34.028134" lon="135.707957"/><trkpt lat="34.028075" lon="135.707995"/><trkpt lat="34.027798" lon="135.708150"/><trkpt lat="34.027708" lon="135.708225"/><trkpt lat="34.027539" lon="135.708428"/><trkpt lat="34.027415" lon="135.708543"/><trkpt lat="34.027246" lon="135.708658"/><trkpt lat="34.027184" lon="135.708719"/><trkpt lat="34.027178" lon="135.708780"/><trkpt lat="34.027248" lon="135.708817"/><trkpt lat="34.027410" lon="135.708800"/><trkpt lat="34.027505" lon="135.708780"/><trkpt lat="34.027646" lon="135.708780"/><trkpt lat="34.027702" lon="135.708826"/><trkpt lat="34.027697" lon="135.708908"/><trkpt lat="34.027550" lon="135.709063"/><trkpt lat="34.027274" lon="135.709111"/><trkpt lat="34.027060" lon="135.709165"/><trkpt lat="34.026823" lon="135.709178"/><trkpt lat="34.026758" lon="135.709227"/><trkpt lat="34.026799" lon="135.709268"/><trkpt lat="34.027071" lon="135.709415"/><trkpt lat="34.027168" lon="135.709489"/><trkpt lat="34.027196" lon="135.709576"/><trkpt lat="34.026942" lon="135.709632"/><trkpt lat="34.026807" lon="135.709665"/><trkpt lat="34.026757" lon="135.709693"/><trkpt lat="34.026599" lon="135.709862"/><trkpt lat="34.026459" lon="135.709820"/><trkpt lat="34.026131" lon="135.709598"/><trkpt lat="34.026061" lon="135.709580"/><trkpt lat="34.026159" lon="135.709828"/><trkpt lat="34.025902" lon="135.709775"/><trkpt lat="34.026001" lon="135.709990"/><trkpt lat="34.026101" lon="135.710173"/><trkpt lat="34.026063" lon="135.710241"/><trkpt lat="34.025916" lon="135.710200"/><trkpt lat="34.025719" lon="135.710180"/><trkpt lat="34.025528" lon="135.710139"/><trkpt lat="34.025347" lon="135.710126"/><trkpt lat="34.025217" lon="135.710180"/><trkpt lat="34.025116" lon="135.710200"/><trkpt lat="34.024941" lon="135.710295"/><trkpt lat="34.024710" lon="135.710593"/><trkpt lat="34.024614" lon="135.710701"/><trkpt lat="34.024569" lon="135.710729"/><trkpt lat="34.024406" lon="135.710804"/><trkpt lat="34.024113" lon="135.710865"/><trkpt lat="34.024051" lon="135.710891"/><trkpt lat="34.023859" lon="135.710992"/><trkpt lat="34.023853" lon="135.711006"/><trkpt lat="34.023735" lon="135.711101"/><trkpt lat="34.023673" lon="135.711129"/><trkpt lat="34.023678" lon="135.711135"/><trkpt lat="34.023622" lon="135.711129"/><trkpt lat="34.023493" lon="135.711067"/><trkpt lat="34.023500" lon="135.711332"/><trkpt lat="34.023499" lon="135.711334"/><trkpt lat="34.023442" lon="135.711359"/><trkpt lat="34.023357" lon="135.711291"/><trkpt lat="34.023239" lon="135.711244"/><trkpt lat="34.023058" lon="135.711230"/><trkpt lat="34.022923" lon="135.711236"/><trkpt lat="34.022759" lon="135.711277"/><trkpt lat="34.022664" lon="135.711339"/><trkpt lat="34.022546" lon="135.711487"/><trkpt lat="34.022495" lon="135.711562"/><trkpt lat="34.022393" lon="135.711819"/><trkpt lat="34.022354" lon="135.711894"/><trkpt lat="34.022292" lon="135.712049"/><trkpt lat="34.022202" lon="135.712239"/><trkpt lat="34.022004" lon="135.712442"/><trkpt lat="34.021948" lon="135.712469"/><trkpt lat="34.021897" lon="135.712476"/><trkpt lat="34.021852" lon="135.712414"/><trkpt lat="34.021717" lon="135.712205"/><trkpt lat="34.021514" lon="135.711982"/><trkpt lat="34.021339" lon="135.711839"/><trkpt lat="34.021135" lon="135.711799"/><trkpt lat="34.021029" lon="135.711819"/><trkpt lat="34.020939" lon="135.711852"/><trkpt lat="34.020780" lon="135.711944"/><trkpt lat="34.020702" lon="135.712089"/><trkpt lat="34.020645" lon="135.712312"/><trkpt lat="34.020600" lon="135.712394"/><trkpt lat="34.020530" lon="135.712367"/><trkpt lat="34.020267" lon="135.712151"/><trkpt lat="34.020137" lon="135.712097"/><trkpt lat="34.020059" lon="135.712076"/><trkpt lat="34.019879" lon="135.712082"/><trkpt lat="34.019782" lon="135.712124"/><trkpt lat="34.019720" lon="135.712191"/><trkpt lat="34.019682" lon="135.712252"/><trkpt lat="34.019637" lon="135.712354"/><trkpt lat="34.019602" lon="135.712469"/><trkpt lat="34.019557" lon="135.712557"/><trkpt lat="34.019382" lon="135.712746"/><trkpt lat="34.019247" lon="135.712962"/><trkpt lat="34.019180" lon="135.713017"/><trkpt lat="34.019117" lon="135.713010"/><trkpt lat="34.018954" lon="135.712760"/><trkpt lat="34.018778" lon="135.712597"/><trkpt lat="34.018610" lon="135.712522"/><trkpt lat="34.018576" lon="135.712496"/><trkpt lat="34.018446" lon="135.712307"/><trkpt lat="34.018237" lon="135.711914"/><trkpt lat="34.018113" lon="135.711684"/><trkpt lat="34.018023" lon="135.711547"/><trkpt lat="34.017980" lon="135.711489"/><trkpt lat="34.017944" lon="135.711535"/><trkpt lat="34.017922" lon="135.711575"/><trkpt lat="34.017927" lon="135.711779"/><trkpt lat="34.017933" lon="135.711900"/><trkpt lat="34.017978" lon="135.712056"/><trkpt lat="34.017995" lon="135.712157"/><trkpt lat="34.018113" lon="135.712602"/><trkpt lat="34.018040" lon="135.712642"/><trkpt lat="34.017756" lon="135.712437"/><trkpt lat="34.017615" lon="135.712404"/><trkpt lat="34.017415" lon="135.712316"/><trkpt lat="34.017615" lon="135.712404"/><trkpt lat="34.017415" lon="135.712316"/><trkpt lat="34.017469" lon="135.712409"/><trkpt lat="34.017489" lon="135.712537"/><trkpt lat="34.017269" lon="135.712909"/><trkpt lat="34.017207" lon="135.713186"/><trkpt lat="34.017126" lon="135.713307"/><trkpt lat="34.016925" lon="135.713220"/><trkpt lat="34.016807" lon="135.713172"/><trkpt lat="34.016582" lon="135.713172"/><trkpt lat="34.016412" lon="135.713281"/><trkpt lat="34.016344" lon="135.713389"/><trkpt lat="34.016384" lon="135.713539"/><trkpt lat="34.016314" lon="135.713692"/><trkpt lat="34.016145" lon="135.713713"/><trkpt lat="34.015834" lon="135.713699"/><trkpt lat="34.015777" lon="135.713916"/><trkpt lat="34.015623" lon="135.714080"/><trkpt lat="34.015301" lon="135.714154"/><trkpt lat="34.014687" lon="135.714154"/><trkpt lat="34.014597" lon="135.714134"/><trkpt lat="34.014475" lon="135.714022"/><trkpt lat="34.014478" lon="135.713432"/><trkpt lat="34.014422" lon="135.713402"/><trkpt lat="34.014343" lon="135.713445"/><trkpt lat="34.014185" lon="135.713681"/><trkpt lat="34.014112" lon="135.713714"/><trkpt lat="34.013988" lon="135.713714"/><trkpt lat="34.013898" lon="135.713687"/><trkpt lat="34.013808" lon="135.713681"/><trkpt lat="34.013762" lon="135.713727"/><trkpt lat="34.013751" lon="135.713727"/><trkpt lat="34.013717" lon="135.713850"/><trkpt lat="34.013700" lon="135.713999"/><trkpt lat="34.013638" lon="135.714062"/><trkpt lat="34.013492" lon="135.714080"/><trkpt lat="34.013311" lon="135.713977"/><trkpt lat="34.013249" lon="135.713992"/><trkpt lat="34.013121" lon="135.714171"/><trkpt lat="34.012911" lon="135.714229"/><trkpt lat="34.012658" lon="135.714324"/><trkpt lat="34.012613" lon="135.714351"/><trkpt lat="34.012211" lon="135.714499"/><trkpt lat="34.012144" lon="135.714554"/><trkpt lat="34.012160" lon="135.714627"/><trkpt lat="34.012539" lon="135.714662"/><trkpt lat="34.012646" lon="135.714683"/><trkpt lat="34.012866" lon="135.714709"/><trkpt lat="34.013013" lon="135.714750"/><trkpt lat="34.012981" lon="135.714881"/><trkpt lat="34.012736" lon="135.715149"/><trkpt lat="34.012590" lon="135.715224"/><trkpt lat="34.012425" lon="135.715251"/><trkpt lat="34.012324" lon="135.715305"/><trkpt lat="34.012256" lon="135.715386"/><trkpt lat="34.012198" lon="135.715486"/><trkpt lat="34.012121" lon="135.715616"/><trkpt lat="34.012025" lon="135.715758"/><trkpt lat="34.011940" lon="135.715813"/><trkpt lat="34.011783" lon="135.715819"/><trkpt lat="34.011518" lon="135.715731"/><trkpt lat="34.011450" lon="135.715718"/><trkpt lat="34.011157" lon="135.715718"/><trkpt lat="34.011040" lon="135.715752"/><trkpt lat="34.010943" lon="135.715813"/><trkpt lat="34.010064" lon="135.716557"/><trkpt lat="34.009856" lon="135.716686"/><trkpt lat="34.009512" lon="135.717031"/><trkpt lat="34.009196" lon="135.717275"/><trkpt lat="34.009055" lon="135.717343"/><trkpt lat="34.008898" lon="135.717343"/><trkpt lat="34.008711" lon="135.717248"/><trkpt lat="34.008603" lon="135.717245"/><trkpt lat="34.008458" lon="135.717302"/><trkpt lat="34.008373" lon="135.717370"/><trkpt lat="34.008232" lon="135.717539"/><trkpt lat="34.007939" lon="135.717884"/><trkpt lat="34.007787" lon="135.718087"/><trkpt lat="34.007483" lon="135.718398"/><trkpt lat="34.007291" lon="135.718581"/><trkpt lat="34.007116" lon="135.718798"/><trkpt lat="34.006981" lon="135.718953"/><trkpt lat="34.006891" lon="135.719028"/><trkpt lat="34.006955" lon="135.718804"/><trkpt lat="34.006490" lon="135.719285"/><trkpt lat="34.006169" lon="135.719542"/><trkpt lat="34.006056" lon="135.719670"/><trkpt lat="34.005802" lon="135.720002"/><trkpt lat="34.005492" lon="135.720490"/><trkpt lat="34.005487" lon="135.720516"/><trkpt lat="34.005244" lon="135.720814"/><trkpt lat="34.005042" lon="135.721045"/><trkpt lat="34.004860" lon="135.721230"/><trkpt lat="34.004571" lon="135.721365"/><trkpt lat="34.004300" lon="135.721553"/><trkpt lat="34.003972" lon="135.721597"/><trkpt lat="34.003744" lon="135.721860"/><trkpt lat="34.003619" lon="135.722176"/><trkpt lat="34.003362" lon="135.722300"/><trkpt lat="34.002977" lon="135.722371"/><trkpt lat="34.002855" lon="135.722400"/><trkpt lat="34.002675" lon="135.722734"/><trkpt lat="34.002491" lon="135.722864"/><trkpt lat="34.002356" lon="135.722906"/><trkpt lat="34.002245" lon="135.723015"/><trkpt lat="34.002169" lon="135.723079"/><trkpt lat="34.001921" lon="135.723147"/><trkpt lat="34.001791" lon="135.723194"/><trkpt lat="34.001549" lon="135.723268"/><trkpt lat="34.001289" lon="135.723309"/><trkpt lat="34.001098" lon="135.723336"/><trkpt lat="34.000720" lon="135.723525"/><trkpt lat="34.000602" lon="135.723613"/><trkpt lat="34.000427" lon="135.723802"/><trkpt lat="34.000328" lon="135.723901"/><trkpt lat="34.000173" lon="135.723985"/><trkpt lat="34.000061" lon="135.724066"/><trkpt lat="33.999970" lon="135.724120"/><trkpt lat="33.999666" lon="135.724242"/><trkpt lat="33.999395" lon="135.724316"/><trkpt lat="33.999040" lon="135.724364"/><trkpt lat="33.998601" lon="135.724377"/><trkpt lat="33.998459" lon="135.724391"/><trkpt lat="33.998330" lon="135.724418"/><trkpt lat="33.998172" lon="135.724479"/><trkpt lat="33.998037" lon="135.724513"/><trkpt lat="33.997929" lon="135.724560"/><trkpt lat="33.997845" lon="135.724580"/><trkpt lat="33.997501" lon="135.724725"/><trkpt lat="33.997348" lon="135.724790"/><trkpt lat="33.997213" lon="135.724830"/><trkpt lat="33.997027" lon="135.724844"/><trkpt lat="33.996953" lon="135.724837"/><trkpt lat="33.996925" lon="135.724803"/><trkpt lat="33.996718" lon="135.724733"/><trkpt lat="33.996548" lon="135.724743"/><trkpt lat="33.996317" lon="135.724783"/><trkpt lat="33.996057" lon="135.724884"/><trkpt lat="33.995896" lon="135.724984"/><trkpt lat="33.995803" lon="135.725006"/><trkpt lat="33.995572" lon="135.725074"/><trkpt lat="33.995432" lon="135.725101"/><trkpt lat="33.995179" lon="135.725108"/><trkpt lat="33.995116" lon="135.725087"/><trkpt lat="33.995050" lon="135.725087"/><trkpt lat="33.994908" lon="135.725087"/><trkpt lat="33.994711" lon="135.725114"/><trkpt lat="33.994587" lon="135.725148"/><trkpt lat="33.994277" lon="135.725324"/><trkpt lat="33.994192" lon="135.725358"/><trkpt lat="33.994079" lon="135.725385"/><trkpt lat="33.993482" lon="135.725398"/><trkpt lat="33.993363" lon="135.725432"/><trkpt lat="33.993166" lon="135.725513"/><trkpt lat="33.992946" lon="135.725655"/><trkpt lat="33.992777" lon="135.725750"/><trkpt lat="33.992603" lon="135.725818"/><trkpt lat="33.992146" lon="135.725946"/><trkpt lat="33.991509" lon="135.726081"/><trkpt lat="33.991221" lon="135.726081"/><trkpt lat="33.991210" lon="135.726081"/><trkpt lat="33.991034" lon="135.726129"/><trkpt lat="33.990945" lon="135.726142"/><trkpt lat="33.990720" lon="135.726230"/><trkpt lat="33.990584" lon="135.726257"/><trkpt lat="33.990438" lon="135.726311"/><trkpt lat="33.990376" lon="135.726311"/><trkpt lat="33.990139" lon="135.726352"/><trkpt lat="33.990004" lon="135.726358"/><trkpt lat="33.989856" lon="135.726365"/><trkpt lat="33.989659" lon="135.726338"/><trkpt lat="33.989473" lon="135.726277"/><trkpt lat="33.989388" lon="135.726237"/><trkpt lat="33.989264" lon="135.726149"/><trkpt lat="33.989100" lon="135.725973"/><trkpt lat="33.988965" lon="135.725892"/><trkpt lat="33.988881" lon="135.725885"/><trkpt lat="33.988768" lon="135.725919"/><trkpt lat="33.988700" lon="135.725993"/><trkpt lat="33.988672" lon="135.726061"/><trkpt lat="33.988616" lon="135.726433"/><trkpt lat="33.988582" lon="135.726649"/><trkpt lat="33.988554" lon="135.726724"/><trkpt lat="33.988475" lon="135.726778"/><trkpt lat="33.988346" lon="135.726764"/><trkpt lat="33.988245" lon="135.726771"/><trkpt lat="33.987980" lon="135.726825"/><trkpt lat="33.987816" lon="135.726913"/><trkpt lat="33.987732" lon="135.726933"/><trkpt lat="33.987461" lon="135.727062"/><trkpt lat="33.987416" lon="135.727103"/><trkpt lat="33.987388" lon="135.727143"/><trkpt lat="33.987343" lon="135.727326"/><trkpt lat="33.987168" lon="135.727596"/><trkpt lat="33.987061" lon="135.727718"/><trkpt lat="33.986993" lon="135.727772"/><trkpt lat="33.986864" lon="135.727772"/><trkpt lat="33.986672" lon="135.727718"/><trkpt lat="33.986373" lon="135.727576"/><trkpt lat="33.985990" lon="135.727468"/><trkpt lat="33.985804" lon="135.727468"/><trkpt lat="33.985680" lon="135.727508"/><trkpt lat="33.985635" lon="135.727569"/><trkpt lat="33.985601" lon="135.727621"/><trkpt lat="33.985567" lon="135.727711"/><trkpt lat="33.985567" lon="135.727860"/><trkpt lat="33.985573" lon="135.728198"/><trkpt lat="33.985584" lon="135.728440"/><trkpt lat="33.985573" lon="135.728663"/><trkpt lat="33.985528" lon="135.728839"/><trkpt lat="33.985460" lon="135.728975"/><trkpt lat="33.985285" lon="135.729232"/><trkpt lat="33.985240" lon="135.729314"/><trkpt lat="33.985127" lon="135.729469"/><trkpt lat="33.985026" lon="135.729577"/><trkpt lat="33.984941" lon="135.729637"/><trkpt lat="33.984789" lon="135.729685"/><trkpt lat="33.984536" lon="135.729827"/><trkpt lat="33.984468" lon="135.729909"/><trkpt lat="33.984423" lon="135.730017"/><trkpt lat="33.984361" lon="135.730070"/><trkpt lat="33.984073" lon="135.730085"/><trkpt lat="33.983893" lon="135.730152"/><trkpt lat="33.983769" lon="135.730185"/><trkpt lat="33.983774" lon="135.730192"/><trkpt lat="33.983700" lon="135.730145"/><trkpt lat="33.983610" lon="135.730050"/><trkpt lat="33.983497" lon="135.729909"/><trkpt lat="33.983385" lon="135.729834"/><trkpt lat="33.983227" lon="135.729834"/><trkpt lat="33.983104" lon="135.729814"/><trkpt lat="33.983052" lon="135.729794"/><trkpt lat="33.983007" lon="135.729697"/><trkpt lat="33.982979" lon="135.729637"/><trkpt lat="33.982917" lon="135.729570"/><trkpt lat="33.982839" lon="135.729522"/><trkpt lat="33.982714" lon="135.729495"/><trkpt lat="33.982679" lon="135.729498"/><trkpt lat="33.982624" lon="135.729502"/><trkpt lat="33.982545" lon="135.729536"/><trkpt lat="33.982495" lon="135.729610"/><trkpt lat="33.982444" lon="135.729712"/><trkpt lat="33.982302" lon="135.729800"/><trkpt lat="33.981925" lon="135.729887"/><trkpt lat="33.981845" lon="135.729942"/><trkpt lat="33.981800" lon="135.730002"/><trkpt lat="33.981779" lon="135.730117"/><trkpt lat="33.981795" lon="135.730220"/><trkpt lat="33.981779" lon="135.730327"/><trkpt lat="33.981739" lon="135.730395"/><trkpt lat="33.981655" lon="135.730395"/><trkpt lat="33.981535" lon="135.730362"/><trkpt lat="33.981147" lon="135.730307"/><trkpt lat="33.980994" lon="135.730232"/><trkpt lat="33.980932" lon="135.730192"/><trkpt lat="33.980786" lon="135.730145"/><trkpt lat="33.980695" lon="135.730132"/><trkpt lat="33.980527" lon="135.730165"/><trkpt lat="33.980437" lon="135.730220"/><trkpt lat="33.980398" lon="135.730287"/><trkpt lat="33.980341" lon="135.730557"/><trkpt lat="33.980302" lon="135.730659"/><trkpt lat="33.980263" lon="135.730705"/><trkpt lat="33.980043" lon="135.730727"/><trkpt lat="33.979851" lon="135.730767"/><trkpt lat="33.979727" lon="135.730787"/><trkpt lat="33.979603" lon="135.730835"/><trkpt lat="33.979496" lon="135.730930"/><trkpt lat="33.979428" lon="135.731045"/><trkpt lat="33.979344" lon="135.731329"/><trkpt lat="33.979304" lon="135.731564"/><trkpt lat="33.979225" lon="135.731510"/><trkpt lat="33.979152" lon="135.731429"/><trkpt lat="33.979050" lon="135.731240"/><trkpt lat="33.978887" lon="135.730902"/><trkpt lat="33.978831" lon="135.730754"/><trkpt lat="33.978814" lon="135.730335"/><trkpt lat="33.978774" lon="135.730139"/><trkpt lat="33.978723" lon="135.730057"/><trkpt lat="33.978633" lon="135.729989"/><trkpt lat="33.978357" lon="135.729875"/><trkpt lat="33.978255" lon="135.729800"/><trkpt lat="33.978233" lon="135.729780"/><trkpt lat="33.978216" lon="135.729732"/><trkpt lat="33.978210" lon="135.729645"/><trkpt lat="33.978255" lon="135.729584"/><trkpt lat="33.978340" lon="135.729522"/><trkpt lat="33.978481" lon="135.729475"/><trkpt lat="33.978588" lon="135.729482"/><trkpt lat="33.978628" lon="135.729495"/><trkpt lat="33.978735" lon="135.729604"/><trkpt lat="33.978780" lon="135.729685"/><trkpt lat="33.978847" lon="135.729875"/><trkpt lat="33.978977" lon="135.729975"/><trkpt lat="33.979073" lon="135.730037"/><trkpt lat="33.979158" lon="135.730154"/><trkpt lat="33.979186" lon="135.730192"/><trkpt lat="33.979264" lon="135.730185"/><trkpt lat="33.979411" lon="135.730064"/><trkpt lat="33.979456" lon="135.730010"/><trkpt lat="33.979507" lon="135.729867"/><trkpt lat="33.978583" lon="135.727623"/><trkpt lat="33.978554" lon="135.727765"/><trkpt lat="33.978492" lon="135.727988"/><trkpt lat="33.978492" lon="135.728116"/><trkpt lat="33.978520" lon="135.728224"/><trkpt lat="33.978571" lon="135.728292"/><trkpt lat="33.978611" lon="135.728325"/><trkpt lat="33.978876" lon="135.728312"/><trkpt lat="33.978909" lon="135.728379"/><trkpt lat="33.978932" lon="135.728832"/><trkpt lat="33.978949" lon="135.728893"/><trkpt lat="33.979090" lon="135.729117"/><trkpt lat="33.979186" lon="135.729286"/><trkpt lat="33.979268" lon="135.729359"/><trkpt lat="33.979332" lon="135.729265"/><trkpt lat="33.979366" lon="135.728995"/><trkpt lat="33.979394" lon="135.728907"/><trkpt lat="33.979676" lon="135.728562"/><trkpt lat="33.979757" lon="135.728536"/><trkpt lat="33.979779" lon="135.728596"/><trkpt lat="33.979721" lon="135.728724"/><trkpt lat="33.979597" lon="135.728873"/><trkpt lat="33.979529" lon="135.729002"/><trkpt lat="33.979507" lon="135.729117"/><trkpt lat="33.979513" lon="135.729515"/><trkpt lat="33.979507" lon="135.729867"/><trkpt lat="33.977647" lon="135.727035"/><trkpt lat="33.977648" lon="135.727111"/><trkpt lat="33.977689" lon="135.727205"/><trkpt lat="33.977748" lon="135.727292"/><trkpt lat="33.977799" lon="135.727346"/><trkpt lat="33.977884" lon="135.727407"/><trkpt lat="33.977951" lon="135.727441"/><trkpt lat="33.978176" lon="135.727454"/><trkpt lat="33.978278" lon="135.727447"/><trkpt lat="33.978357" lon="135.727420"/><trkpt lat="33.978419" lon="135.727414"/><trkpt lat="33.978503" lon="135.727488"/><trkpt lat="33.978583" lon="135.727623"/><trkpt lat="33.975941" lon="135.726649"/><trkpt lat="33.975990" lon="135.726572"/><trkpt lat="33.976047" lon="135.726481"/><trkpt lat="33.976083" lon="135.726403"/><trkpt lat="33.976103" lon="135.726255"/><trkpt lat="33.976181" lon="135.726115"/><trkpt lat="33.976186" lon="135.726101"/><trkpt lat="33.976268" lon="135.726026"/><trkpt lat="33.976341" lon="135.725993"/><trkpt lat="33.976418" lon="135.725983"/><trkpt lat="33.976475" lon="135.726012"/><trkpt lat="33.976516" lon="135.726033"/><trkpt lat="33.976564" lon="135.726099"/><trkpt lat="33.976626" lon="135.726178"/><trkpt lat="33.976695" lon="135.726307"/><trkpt lat="33.976762" lon="135.726433"/><trkpt lat="33.976828" lon="135.726549"/><trkpt lat="33.976864" lon="135.726592"/><trkpt lat="33.976902" lon="135.726610"/><trkpt lat="33.976955" lon="135.726629"/><trkpt lat="33.977017" lon="135.726627"/><trkpt lat="33.977089" lon="135.726632"/><trkpt lat="33.977146" lon="135.726653"/><trkpt lat="33.977213" lon="135.726697"/><trkpt lat="33.977375" lon="135.726782"/><trkpt lat="33.977540" lon="135.726928"/><trkpt lat="33.977591" lon="135.726991"/><trkpt lat="33.977647" lon="135.727035"/><trkpt lat="33.974500" lon="135.729049"/><trkpt lat="33.974611" lon="135.729014"/><trkpt lat="33.974720" lon="135.729006"/><trkpt lat="33.974870" lon="135.728989"/><trkpt lat="33.974975" lon="135.728976"/><trkpt lat="33.975067" lon="135.728948"/><trkpt lat="33.975184" lon="135.728863"/><trkpt lat="33.975298" lon="135.728780"/><trkpt lat="33.975490" lon="135.728615"/><trkpt lat="33.975776" lon="135.728379"/><trkpt lat="33.975844" lon="135.728270"/><trkpt lat="33.975900" lon="135.728171"/><trkpt lat="33.975964" lon="135.728039"/><trkpt lat="33.976021" lon="135.727887"/><trkpt lat="33.976079" lon="135.727664"/><trkpt lat="33.976154" lon="135.727437"/><trkpt lat="33.976162" lon="135.727320"/><trkpt lat="33.976141" lon="135.727203"/><trkpt lat="33.976118" lon="135.727111"/><trkpt lat="33.975996" lon="135.726943"/><trkpt lat="33.975959" lon="135.726741"/><trkpt lat="33.975941" lon="135.726649"/><trkpt lat="33.972552" lon="135.737340"/><trkpt lat="33.972588" lon="135.737255"/><trkpt lat="33.972583" lon="135.737101"/><trkpt lat="33.972563" lon="135.736875"/><trkpt lat="33.972522" lon="135.736644"/><trkpt lat="33.972449" lon="135.736454"/><trkpt lat="33.972403" lon="135.736353"/><trkpt lat="33.972373" lon="135.736270"/><trkpt lat="33.972352" lon="135.736176"/><trkpt lat="33.972358" lon="135.736080"/><trkpt lat="33.972398" lon="135.735968"/><trkpt lat="33.972431" lon="135.735873"/><trkpt lat="33.972434" lon="135.735793"/><trkpt lat="33.972411" lon="135.735680"/><trkpt lat="33.972369" lon="135.735584"/><trkpt lat="33.972329" lon="135.735470"/><trkpt lat="33.972265" lon="135.735313"/><trkpt lat="33.972212" lon="135.735149"/><trkpt lat="33.972191" lon="135.735022"/><trkpt lat="33.972173" lon="135.734919"/><trkpt lat="33.972170" lon="135.734842"/><trkpt lat="33.972191" lon="135.734782"/><trkpt lat="33.972227" lon="135.734722"/><trkpt lat="33.972295" lon="135.734654"/><trkpt lat="33.972355" lon="135.734587"/><trkpt lat="33.972422" lon="135.734461"/><trkpt lat="33.972518" lon="135.734325"/><trkpt lat="33.972551" lon="135.734279"/><trkpt lat="33.972602" lon="135.734228"/><trkpt lat="33.972687" lon="135.734150"/><trkpt lat="33.972818" lon="135.733978"/><trkpt lat="33.972980" lon="135.733767"/><trkpt lat="33.973125" lon="135.733574"/><trkpt lat="33.973227" lon="135.733423"/><trkpt lat="33.973349" lon="135.733282"/><trkpt lat="33.973446" lon="135.733172"/><trkpt lat="33.973545" lon="135.733064"/><trkpt lat="33.973650" lon="135.732997"/><trkpt lat="33.973785" lon="135.732914"/><trkpt lat="33.973846" lon="135.732847"/><trkpt lat="33.973883" lon="135.732756"/><trkpt lat="33.973900" lon="135.732642"/><trkpt lat="33.973888" lon="135.732550"/><trkpt lat="33.973846" lon="135.732463"/><trkpt lat="33.973783" lon="135.732361"/><trkpt lat="33.973732" lon="135.732283"/><trkpt lat="33.973645" lon="135.732170"/><trkpt lat="33.973443" lon="135.731959"/><trkpt lat="33.973298" lon="135.731860"/><trkpt lat="33.973158" lon="135.731782"/><trkpt lat="33.972979" lon="135.731695"/><trkpt lat="33.972865" lon="135.731626"/><trkpt lat="33.972806" lon="135.731559"/><trkpt lat="33.972745" lon="135.731421"/><trkpt lat="33.972702" lon="135.731288"/><trkpt lat="33.972681" lon="135.731166"/><trkpt lat="33.972671" lon="135.731087"/><trkpt lat="33.972678" lon="135.730996"/><trkpt lat="33.972690" lon="135.730865"/><trkpt lat="33.972731" lon="135.730684"/><trkpt lat="33.972811" lon="135.730330"/><trkpt lat="33.972860" lon="135.730121"/><trkpt lat="33.972909" lon="135.730000"/><trkpt lat="33.972991" lon="135.729869"/><trkpt lat="33.973082" lon="135.729729"/><trkpt lat="33.973165" lon="135.729561"/><trkpt lat="33.973220" lon="135.729445"/><trkpt lat="33.973265" lon="135.729381"/><trkpt lat="33.973314" lon="135.729344"/><trkpt lat="33.973394" lon="135.729314"/><trkpt lat="33.973454" lon="135.729309"/><trkpt lat="33.973541" lon="135.729287"/><trkpt lat="33.973614" lon="135.729252"/><trkpt lat="33.973732" lon="135.729182"/><trkpt lat="33.973817" lon="135.729142"/><trkpt lat="33.973866" lon="135.729124"/><trkpt lat="33.973948" lon="135.729112"/><trkpt lat="33.974035" lon="135.729118"/><trkpt lat="33.974137" lon="135.729116"/><trkpt lat="33.974241" lon="135.729124"/><trkpt lat="33.974350" lon="135.729113"/><trkpt lat="33.974426" lon="135.729089"/><trkpt lat="33.974500" lon="135.729049"/><trkpt lat="33.972552" lon="135.737340"/><trkpt lat="33.972178" lon="135.737690"/><trkpt lat="33.972066" lon="135.737773"/><trkpt lat="33.972107" lon="135.737741"/><trkpt lat="33.972178" lon="135.737690"/><trkpt lat="33.972066" lon="135.737773"/><trkpt lat="33.971925" lon="135.737800"/><trkpt lat="33.971796" lon="135.737818"/><trkpt lat="33.971682" lon="135.737869"/><trkpt lat="33.971333" lon="135.737914"/><trkpt lat="33.970995" lon="135.737914"/><trkpt lat="33.970859" lon="135.737874"/><trkpt lat="33.970583" lon="135.737759"/><trkpt lat="33.970504" lon="135.737685"/><trkpt lat="33.970454" lon="135.737624"/><trkpt lat="33.970372" lon="135.737511"/><trkpt lat="33.970257" lon="135.737420"/><trkpt lat="33.970216" lon="135.737361"/><trkpt lat="33.970257" lon="135.737420"/><trkpt lat="33.969845" lon="135.736769"/><trkpt lat="33.970216" lon="135.737361"/><trkpt lat="33.969845" lon="135.736769"/><trkpt lat="33.969815" lon="135.736730"/><trkpt lat="33.969603" lon="135.736484"/><trkpt lat="33.969417" lon="135.736298"/><trkpt lat="33.969112" lon="135.735997"/><trkpt lat="33.968746" lon="135.735668"/><trkpt lat="33.968431" lon="135.735208"/><trkpt lat="33.968287" lon="135.735053"/><trkpt lat="33.968164" lon="135.734922"/><trkpt lat="33.968075" lon="135.734838"/><trkpt lat="33.967962" lon="135.734764"/><trkpt lat="33.967884" lon="135.734735"/><trkpt lat="33.967803" lon="135.734724"/><trkpt lat="33.967679" lon="135.734758"/><trkpt lat="33.967568" lon="135.734815"/><trkpt lat="33.967511" lon="135.734867"/><trkpt lat="33.967455" lon="135.734988"/><trkpt lat="33.967409" lon="135.735116"/><trkpt lat="33.967397" lon="135.735256"/><trkpt lat="33.967405" lon="135.735574"/><trkpt lat="33.967424" lon="135.735935"/><trkpt lat="33.967466" lon="135.736123"/><trkpt lat="33.967508" lon="135.736302"/><trkpt lat="33.967518" lon="135.736624"/><trkpt lat="33.967516" lon="135.736776"/><trkpt lat="33.967511" lon="135.736854"/><trkpt lat="33.967491" lon="135.736946"/><trkpt lat="33.967380" lon="135.737266"/><trkpt lat="33.967214" lon="135.737524"/><trkpt lat="33.967177" lon="135.737595"/><trkpt lat="33.967084" lon="135.737805"/><trkpt lat="33.966862" lon="135.738396"/><trkpt lat="33.966769" lon="135.738561"/><trkpt lat="33.966664" lon="135.738711"/><trkpt lat="33.966500" lon="135.738949"/><trkpt lat="33.966317" lon="135.739187"/><trkpt lat="33.966233" lon="135.739261"/><trkpt lat="33.966124" lon="135.739294"/><trkpt lat="33.966065" lon="135.739296"/><trkpt lat="33.965966" lon="135.739274"/><trkpt lat="33.965748" lon="135.739239"/><trkpt lat="33.965523" lon="135.739224"/><trkpt lat="33.965452" lon="135.739227"/><trkpt lat="33.965399" lon="135.739226"/><trkpt lat="33.965308" lon="135.739212"/><trkpt lat="33.965188" lon="135.739165"/><trkpt lat="33.964923" lon="135.738908"/><trkpt lat="33.964472" lon="135.738577"/><trkpt lat="33.963717" lon="135.737881"/><trkpt lat="33.963509" lon="135.737706"/><trkpt lat="33.963396" lon="135.737638"/><trkpt lat="33.963163" lon="135.737551"/><trkpt lat="33.963113" lon="135.737545"/><trkpt lat="33.963079" lon="135.737549"/><trkpt lat="33.963050" lon="135.737565"/><trkpt lat="33.962996" lon="135.737591"/><trkpt lat="33.962958" lon="135.737601"/><trkpt lat="33.962816" lon="135.737638"/><trkpt lat="33.962324" lon="135.737787"/><trkpt lat="33.962151" lon="135.737865"/><trkpt lat="33.961954" lon="135.738001"/><trkpt lat="33.961470" lon="135.738427"/><trkpt lat="33.961375" lon="135.738489"/><trkpt lat="33.961250" lon="135.738634"/><trkpt lat="33.961147" lon="135.738677"/><trkpt lat="33.961085" lon="135.738666"/><trkpt lat="33.961031" lon="135.738606"/><trkpt lat="33.960995" lon="135.738483"/><trkpt lat="33.960985" lon="135.738276"/><trkpt lat="33.960937" lon="135.738192"/><trkpt lat="33.960805" lon="135.738057"/><trkpt lat="33.960360" lon="135.737783"/><trkpt lat="33.960183" lon="135.737670"/><trkpt lat="33.959603" lon="135.737129"/><trkpt lat="33.959397" lon="135.736798"/><trkpt lat="33.959263" lon="135.736703"/><trkpt lat="33.959110" lon="135.736631"/><trkpt lat="33.958959" lon="135.736598"/><trkpt lat="33.958870" lon="135.736605"/><trkpt lat="33.958792" lon="135.736612"/><trkpt lat="33.958660" lon="135.736659"/><trkpt lat="33.958480" lon="135.736704"/><trkpt lat="33.958322" lon="135.736801"/><trkpt lat="33.958208" lon="135.736897"/><trkpt lat="33.958076" lon="135.736998"/><trkpt lat="33.957977" lon="135.737111"/><trkpt lat="33.957901" lon="135.737229"/><trkpt lat="33.957837" lon="135.737408"/><trkpt lat="33.957726" lon="135.737644"/><trkpt lat="33.957624" lon="135.737886"/><trkpt lat="33.957533" lon="135.738125"/><trkpt lat="33.957483" lon="135.738276"/><trkpt lat="33.957414" lon="135.738387"/><trkpt lat="33.957355" lon="135.738518"/><trkpt lat="33.957322" lon="135.738609"/><trkpt lat="33.957299" lon="135.738690"/><trkpt lat="33.957291" lon="135.738815"/><trkpt lat="33.957246" lon="135.738923"/><trkpt lat="33.957155" lon="135.739011"/><trkpt lat="33.957037" lon="135.739075"/><trkpt lat="33.956948" lon="135.739074"/><trkpt lat="33.956874" lon="135.739109"/><trkpt lat="33.956821" lon="135.739141"/><trkpt lat="33.956749" lon="135.739224"/><trkpt lat="33.956676" lon="135.739352"/><trkpt lat="33.956629" lon="135.739448"/><trkpt lat="33.956601" lon="135.739530"/><trkpt lat="33.956570" lon="135.739623"/><trkpt lat="33.956543" lon="135.739673"/><trkpt lat="33.956478" lon="135.739712"/><trkpt lat="33.956312" lon="135.739807"/><trkpt lat="33.956150" lon="135.739946"/><trkpt lat="33.956055" lon="135.740086"/><trkpt lat="33.956003" lon="135.740228"/><trkpt lat="33.955981" lon="135.740317"/><trkpt lat="33.955940" lon="135.740367"/><trkpt lat="33.955861" lon="135.740388"/><trkpt lat="33.955720" lon="135.740389"/><trkpt lat="33.955670" lon="135.740396"/><trkpt lat="33.955475" lon="135.740487"/><trkpt lat="33.955282" lon="135.740449"/><trkpt lat="33.955182" lon="135.740477"/><trkpt lat="33.955109" lon="135.740491"/><trkpt lat="33.954974" lon="135.740491"/><trkpt lat="33.954675" lon="135.740383"/><trkpt lat="33.954494" lon="135.740335"/><trkpt lat="33.954416" lon="135.740302"/><trkpt lat="33.954314" lon="135.740234"/><trkpt lat="33.954246" lon="135.740153"/><trkpt lat="33.954196" lon="135.740039"/><trkpt lat="33.954099" lon="135.739667"/><trkpt lat="33.954043" lon="135.739363"/><trkpt lat="33.954009" lon="135.739106"/><trkpt lat="33.953993" lon="135.738828"/><trkpt lat="33.953966" lon="135.738627"/><trkpt lat="33.953892" lon="135.738507"/><trkpt lat="33.953720" lon="135.738426"/><trkpt lat="33.953570" lon="135.738447"/><trkpt lat="33.953392" lon="135.738468"/><trkpt lat="33.953248" lon="135.738564"/><trkpt lat="33.953065" lon="135.738651"/><trkpt lat="33.952911" lon="135.738812"/><trkpt lat="33.952804" lon="135.738941"/><trkpt lat="33.952652" lon="135.739125"/><trkpt lat="33.952471" lon="135.739354"/><trkpt lat="33.952244" lon="135.739667"/><trkpt lat="33.952205" lon="135.739777"/><trkpt lat="33.952191" lon="135.739866"/><trkpt lat="33.952094" lon="135.740057"/><trkpt lat="33.951994" lon="135.740159"/><trkpt lat="33.951902" lon="135.740199"/><trkpt lat="33.951791" lon="135.740340"/><trkpt lat="33.951710" lon="135.740428"/><trkpt lat="33.951538" lon="135.740469"/><trkpt lat="33.951368" lon="135.740498"/><trkpt lat="33.951211" lon="135.740763"/><trkpt lat="33.951098" lon="135.740825"/><trkpt lat="33.950936" lon="135.740892"/><trkpt lat="33.950793" lon="135.740931"/><trkpt lat="33.950664" lon="135.740929"/><trkpt lat="33.950593" lon="135.740853"/><trkpt lat="33.950550" lon="135.740715"/><trkpt lat="33.950490" lon="135.740589"/><trkpt lat="33.950328" lon="135.740504"/><trkpt lat="33.950237" lon="135.740459"/><trkpt lat="33.950058" lon="135.740387"/><trkpt lat="33.949903" lon="135.740371"/><trkpt lat="33.949720" lon="135.740384"/><trkpt lat="33.949579" lon="135.740404"/><trkpt lat="33.949494" lon="135.740438"/><trkpt lat="33.949466" lon="135.740465"/><trkpt lat="33.949387" lon="135.740573"/><trkpt lat="33.949348" lon="135.740695"/><trkpt lat="33.949325" lon="135.740992"/><trkpt lat="33.949303" lon="135.741093"/><trkpt lat="33.949246" lon="135.741242"/><trkpt lat="33.949117" lon="135.741492"/><trkpt lat="33.948981" lon="135.741877"/><trkpt lat="33.948835" lon="135.742182"/><trkpt lat="33.948750" lon="135.742459"/><trkpt lat="33.948699" lon="135.742567"/><trkpt lat="33.948502" lon="135.742783"/><trkpt lat="33.948423" lon="135.742919"/><trkpt lat="33.948079" lon="135.743657"/><trkpt lat="33.947966" lon="135.743826"/><trkpt lat="33.947865" lon="135.743948"/><trkpt lat="33.947764" lon="135.744036"/><trkpt lat="33.947684" lon="135.744090"/><trkpt lat="33.947504" lon="135.744164"/><trkpt lat="33.947223" lon="135.744164"/><trkpt lat="33.947008" lon="135.744191"/><trkpt lat="33.946927" lon="135.744175"/><trkpt lat="33.946813" lon="135.744072"/><trkpt lat="33.946726" lon="135.743954"/><trkpt lat="33.946494" lon="135.743883"/><trkpt lat="33.946344" lon="135.743819"/><trkpt lat="33.946274" lon="135.743804"/><trkpt lat="33.946206" lon="135.743840"/><trkpt lat="33.946186" lon="135.743945"/><trkpt lat="33.946206" lon="135.744326"/><trkpt lat="33.946212" lon="135.744939"/><trkpt lat="33.946209" lon="135.745169"/><trkpt lat="33.946184" lon="135.745304"/><trkpt lat="33.946082" lon="135.745506"/><trkpt lat="33.946059" lon="135.745733"/><trkpt lat="33.946014" lon="135.745886"/><trkpt lat="33.945968" lon="135.746009"/><trkpt lat="33.945956" lon="135.746128"/><trkpt lat="33.945980" lon="135.746218"/><trkpt lat="33.945992" lon="135.746341"/><trkpt lat="33.946017" lon="135.746499"/><trkpt lat="33.946052" lon="135.746552"/><trkpt lat="33.946097" lon="135.746586"/><trkpt lat="33.946169" lon="135.746619"/><trkpt lat="33.946260" lon="135.746663"/><trkpt lat="33.946316" lon="135.746724"/><trkpt lat="33.946335" lon="135.746821"/><trkpt lat="33.946323" lon="135.746904"/><trkpt lat="33.946275" lon="135.747007"/><trkpt lat="33.946173" lon="135.747136"/><trkpt lat="33.946102" lon="135.747186"/><trkpt lat="33.946052" lon="135.747199"/><trkpt lat="33.945943" lon="135.747166"/><trkpt lat="33.945828" lon="135.747099"/><trkpt lat="33.945634" lon="135.747082"/><trkpt lat="33.945491" lon="135.747053"/><trkpt lat="33.945403" lon="135.747050"/><trkpt lat="33.945320" lon="135.747082"/><trkpt lat="33.945234" lon="135.747189"/><trkpt lat="33.945176" lon="135.747291"/><trkpt lat="33.945138" lon="135.747438"/><trkpt lat="33.945101" lon="135.747582"/><trkpt lat="33.945043" lon="135.747652"/><trkpt lat="33.944964" lon="135.747687"/><trkpt lat="33.944869" lon="135.747677"/><trkpt lat="33.944820" lon="135.747675"/><trkpt lat="33.944657" lon="135.747740"/><trkpt lat="33.944524" lon="135.747783"/><trkpt lat="33.944435" lon="135.747806"/><trkpt lat="33.944359" lon="135.747822"/><trkpt lat="33.944282" lon="135.747831"/><trkpt lat="33.944199" lon="135.747823"/><trkpt lat="33.944123" lon="135.747835"/><trkpt lat="33.944054" lon="135.747851"/><trkpt lat="33.943983" lon="135.747870"/><trkpt lat="33.943764" lon="135.747917"/><trkpt lat="33.943672" lon="135.747924"/><trkpt lat="33.943545" lon="135.747921"/><trkpt lat="33.943413" lon="135.747905"/><trkpt lat="33.943234" lon="135.747852"/><trkpt lat="33.943036" lon="135.747760"/><trkpt lat="33.942837" lon="135.747650"/><trkpt lat="33.942555" lon="135.747479"/><trkpt lat="33.942206" lon="135.747295"/><trkpt lat="33.942097" lon="135.747224"/><trkpt lat="33.942007" lon="135.747018"/><trkpt lat="33.941962" lon="135.746975"/><trkpt lat="33.941910" lon="135.746982"/><trkpt lat="33.941861" lon="135.747035"/><trkpt lat="33.941840" lon="135.747145"/><trkpt lat="33.941858" lon="135.747356"/><trkpt lat="33.941903" lon="135.747524"/><trkpt lat="33.941896" lon="135.747777"/><trkpt lat="33.941871" lon="135.747963"/><trkpt lat="33.941829" lon="135.748127"/><trkpt lat="33.941806" lon="135.748233"/><trkpt lat="33.941823" lon="135.748324"/><trkpt lat="33.941934" lon="135.748543"/><trkpt lat="33.942059" lon="135.748654"/><trkpt lat="33.942138" lon="135.748722"/><trkpt lat="33.942206" lon="135.748762"/><trkpt lat="33.942349" lon="135.748812"/><trkpt lat="33.942440" lon="135.748796"/><trkpt lat="33.942538" lon="135.748805"/><trkpt lat="33.942691" lon="135.748843"/><trkpt lat="33.942769" lon="135.748905"/><trkpt lat="33.942789" lon="135.748952"/><trkpt lat="33.942788" lon="135.749010"/><trkpt lat="33.942763" lon="135.749081"/><trkpt lat="33.942513" lon="135.749546"/><trkpt lat="33.942409" lon="135.749671"/><trkpt lat="33.942305" lon="135.749724"/><trkpt lat="33.942091" lon="135.749828"/><trkpt lat="33.941979" lon="135.749845"/><trkpt lat="33.941883" lon="135.749723"/><trkpt lat="33.941492" lon="135.749448"/><trkpt lat="33.941363" lon="135.749389"/><trkpt lat="33.941309" lon="135.749379"/><trkpt lat="33.941063" lon="135.749409"/><trkpt lat="33.940980" lon="135.749426"/><trkpt lat="33.940923" lon="135.749459"/><trkpt lat="33.940883" lon="135.749522"/><trkpt lat="33.940839" lon="135.749602"/><trkpt lat="33.940791" lon="135.749709"/><trkpt lat="33.940661" lon="135.750054"/><trkpt lat="33.940652" lon="135.750104"/><trkpt lat="33.940645" lon="135.750142"/><trkpt lat="33.940594" lon="135.750394"/><trkpt lat="33.940460" lon="135.750622"/><trkpt lat="33.940389" lon="135.750874"/><trkpt lat="33.940377" lon="135.751145"/><trkpt lat="33.940371" lon="135.751342"/><trkpt lat="33.940356" lon="135.751586"/><trkpt lat="33.940332" lon="135.751723"/><trkpt lat="33.940282" lon="135.751828"/><trkpt lat="33.940123" lon="135.752076"/><trkpt lat="33.940053" lon="135.752244"/><trkpt lat="33.940021" lon="135.752310"/><trkpt lat="33.939974" lon="135.752345"/><trkpt lat="33.939884" lon="135.752379"/><trkpt lat="33.939737" lon="135.752407"/><trkpt lat="33.939532" lon="135.752445"/><trkpt lat="33.939409" lon="135.752433"/><trkpt lat="33.939349" lon="135.752413"/><trkpt lat="33.939315" lon="135.752407"/><trkpt lat="33.939284" lon="135.752411"/><trkpt lat="33.939233" lon="135.752435"/><trkpt lat="33.939198" lon="135.752469"/><trkpt lat="33.939169" lon="135.752512"/><trkpt lat="33.939161" lon="135.752610"/><trkpt lat="33.939210" lon="135.752777"/><trkpt lat="33.939330" lon="135.753185"/><trkpt lat="33.939365" lon="135.753312"/><trkpt lat="33.939360" lon="135.753708"/><trkpt lat="33.939271" lon="135.753910"/><trkpt lat="33.939159" lon="135.754125"/><trkpt lat="33.939111" lon="135.754215"/><trkpt lat="33.937927" lon="135.754660"/><trkpt lat="33.937950" lon="135.754647"/><trkpt lat="33.938113" lon="135.754653"/><trkpt lat="33.938295" lon="135.754666"/><trkpt lat="33.938434" lon="135.754689"/><trkpt lat="33.938595" lon="135.754686"/><trkpt lat="33.938713" lon="135.754664"/><trkpt lat="33.938926" lon="135.754375"/><trkpt lat="33.939060" lon="135.754179"/><trkpt lat="33.939111" lon="135.754215"/><trkpt lat="33.937927" lon="135.754660"/><trkpt lat="33.937775" lon="135.754829"/><trkpt lat="33.937284" lon="135.755678"/><trkpt lat="33.937319" lon="135.755903"/><trkpt lat="33.937213" lon="135.755921"/><trkpt lat="33.937110" lon="135.755951"/><trkpt lat="33.937009" lon="135.755991"/><trkpt lat="33.936957" lon="135.756015"/><trkpt lat="33.936911" lon="135.756046"/><trkpt lat="33.936871" lon="135.756091"/><trkpt lat="33.936839" lon="135.756116"/><trkpt lat="33.936799" lon="135.756146"/><trkpt lat="33.936755" lon="135.756159"/><trkpt lat="33.936758" lon="135.756218"/><trkpt lat="33.936664" lon="135.757275"/><trkpt lat="33.936684" lon="135.757388"/><trkpt lat="33.936830" lon="135.757430"/><trkpt lat="33.936933" lon="135.757446"/><trkpt lat="33.937045" lon="135.757542"/><trkpt lat="33.937071" lon="135.757628"/><trkpt lat="33.937070" lon="135.757701"/><trkpt lat="33.937074" lon="135.757784"/><trkpt lat="33.936901" lon="135.758249"/><trkpt lat="33.936727" lon="135.758101"/><trkpt lat="33.936665" lon="135.758074"/><trkpt lat="33.936541" lon="135.758074"/><trkpt lat="33.936479" lon="135.758094"/><trkpt lat="33.936276" lon="135.758108"/><trkpt lat="33.936107" lon="135.758067"/><trkpt lat="33.936005" lon="135.758067"/><trkpt lat="33.935870" lon="135.758115"/><trkpt lat="33.935622" lon="135.758263"/><trkpt lat="33.935447" lon="135.758331"/><trkpt lat="33.935361" lon="135.758351"/><trkpt lat="33.935334" lon="135.758358"/><trkpt lat="33.935221" lon="135.758364"/><trkpt lat="33.935075" lon="135.758398"/><trkpt lat="33.934911" lon="135.758479"/><trkpt lat="33.934742" lon="135.758540"/><trkpt lat="33.934618" lon="135.758547"/><trkpt lat="33.934475" lon="135.758608"/><trkpt lat="33.934359" lon="135.758737"/><trkpt lat="33.934213" lon="135.758804"/><trkpt lat="33.934117" lon="135.758939"/><trkpt lat="33.933908" lon="135.759163"/><trkpt lat="33.933761" lon="135.759278"/><trkpt lat="33.933666" lon="135.759318"/><trkpt lat="33.933474" lon="135.759318"/><trkpt lat="33.933356" lon="135.759271"/><trkpt lat="33.933203" lon="135.759176"/><trkpt lat="33.933096" lon="135.759054"/><trkpt lat="33.932842" lon="135.758831"/><trkpt lat="33.932730" lon="135.758764"/><trkpt lat="33.932651" lon="135.758730"/><trkpt lat="33.932436" lon="135.758594"/><trkpt lat="33.932081" lon="135.758493"/><trkpt lat="33.931948" lon="135.758436"/><trkpt lat="33.931835" lon="135.758384"/><trkpt lat="33.931743" lon="135.758308"/><trkpt lat="33.931609" lon="135.758294"/><trkpt lat="33.931489" lon="135.758284"/><trkpt lat="33.931297" lon="135.758297"/><trkpt lat="33.931189" lon="135.758315"/><trkpt lat="33.931099" lon="135.758306"/><trkpt lat="33.930772" lon="135.758406"/><trkpt lat="33.930718" lon="135.758430"/><trkpt lat="33.930614" lon="135.758438"/><trkpt lat="33.930513" lon="135.758459"/><trkpt lat="33.930418" lon="135.758493"/><trkpt lat="33.930321" lon="135.758527"/><trkpt lat="33.930186" lon="135.758602"/><trkpt lat="33.930011" lon="135.758683"/><trkpt lat="33.929842" lon="135.758784"/><trkpt lat="33.929775" lon="135.758872"/><trkpt lat="33.929647" lon="135.758937"/><trkpt lat="33.929479" lon="135.759214"/><trkpt lat="33.929294" lon="135.759315"/><trkpt lat="33.929210" lon="135.759288"/><trkpt lat="33.929227" lon="135.759166"/><trkpt lat="33.929266" lon="135.758950"/><trkpt lat="33.929270" lon="135.758825"/><trkpt lat="33.929232" lon="135.758808"/><trkpt lat="33.929049" lon="135.758773"/><trkpt lat="33.929040" lon="135.758791"/><trkpt lat="33.929027" lon="135.758806"/><trkpt lat="33.929001" lon="135.758814"/><trkpt lat="33.928972" lon="135.758814"/><trkpt lat="33.928811" lon="135.758792"/><trkpt lat="33.928712" lon="135.758787"/><trkpt lat="33.928620" lon="135.758791"/><trkpt lat="33.928507" lon="135.758813"/><trkpt lat="33.928461" lon="135.758846"/><trkpt lat="33.928438" lon="135.758894"/><trkpt lat="33.928415" lon="135.758953"/><trkpt lat="33.928416" lon="135.759020"/><trkpt lat="33.928443" lon="135.759143"/><trkpt lat="33.928463" lon="135.759279"/><trkpt lat="33.927245" lon="135.759723"/><trkpt lat="33.927359" lon="135.759687"/><trkpt lat="33.927446" lon="135.759635"/><trkpt lat="33.927682" lon="135.759443"/><trkpt lat="33.927776" lon="135.759442"/><trkpt lat="33.927877" lon="135.759505"/><trkpt lat="33.928095" lon="135.759581"/><trkpt lat="33.928374" lon="135.759621"/><trkpt lat="33.928404" lon="135.759605"/><trkpt lat="33.928406" lon="135.759439"/><trkpt lat="33.928463" lon="135.759279"/><trkpt lat="33.910022" lon="135.744768"/><trkpt lat="33.910169" lon="135.744700"/><trkpt lat="33.910453" lon="135.744442"/><trkpt lat="33.910578" lon="135.744374"/><trkpt lat="33.910794" lon="135.744374"/><trkpt lat="33.911010" lon="135.744414"/><trkpt lat="33.911363" lon="135.744687"/><trkpt lat="33.911738" lon="135.745090"/><trkpt lat="33.911794" lon="135.745112"/><trkpt lat="33.911944" lon="135.745090"/><trkpt lat="33.912261" lon="135.745303"/><trkpt lat="33.912447" lon="135.745604"/><trkpt lat="33.912736" lon="135.745794"/><trkpt lat="33.912829" lon="135.745996"/><trkpt lat="33.913091" lon="135.746231"/><trkpt lat="33.913137" lon="135.746354"/><trkpt lat="33.913156" lon="135.746488"/><trkpt lat="33.913174" lon="135.746566"/><trkpt lat="33.913231" lon="135.746589"/><trkpt lat="33.913485" lon="135.746590"/><trkpt lat="33.913597" lon="135.746657"/><trkpt lat="33.913774" lon="135.746668"/><trkpt lat="33.914490" lon="135.747185"/><trkpt lat="33.914694" lon="135.747363"/><trkpt lat="33.914900" lon="135.747613"/><trkpt lat="33.915024" lon="135.747694"/><trkpt lat="33.915244" lon="135.747788"/><trkpt lat="33.915560" lon="135.747970"/><trkpt lat="33.915881" lon="135.748301"/><trkpt lat="33.916005" lon="135.748679"/><trkpt lat="33.916185" lon="135.749098"/><trkpt lat="33.916400" lon="135.749518"/><trkpt lat="33.916513" lon="135.749673"/><trkpt lat="33.916631" lon="135.749761"/><trkpt lat="33.916901" lon="135.750004"/><trkpt lat="33.917149" lon="135.750194"/><trkpt lat="33.917240" lon="135.750234"/><trkpt lat="33.917364" lon="135.750261"/><trkpt lat="33.917584" lon="135.750356"/><trkpt lat="33.917640" lon="135.750409"/><trkpt lat="33.917747" lon="135.750544"/><trkpt lat="33.917866" lon="135.750659"/><trkpt lat="33.918057" lon="135.750795"/><trkpt lat="33.918300" lon="135.751038"/><trkpt lat="33.918655" lon="135.751497"/><trkpt lat="33.919010" lon="135.751815"/><trkpt lat="33.919134" lon="135.751883"/><trkpt lat="33.919320" lon="135.751889"/><trkpt lat="33.919376" lon="135.751849"/><trkpt lat="33.919416" lon="135.751801"/><trkpt lat="33.919444" lon="135.751788"/><trkpt lat="33.919449" lon="135.751774"/><trkpt lat="33.919557" lon="135.751788"/><trkpt lat="33.919602" lon="135.751815"/><trkpt lat="33.919748" lon="135.752098"/><trkpt lat="33.920011" lon="135.752454"/><trkpt lat="33.920104" lon="135.752641"/><trkpt lat="33.920237" lon="135.753280"/><trkpt lat="33.920310" lon="135.753834"/><trkpt lat="33.920349" lon="135.753990"/><trkpt lat="33.920462" lon="135.754308"/><trkpt lat="33.920513" lon="135.754483"/><trkpt lat="33.920564" lon="135.754727"/><trkpt lat="33.920597" lon="135.754821"/><trkpt lat="33.920658" lon="135.754942"/><trkpt lat="33.920777" lon="135.755091"/><trkpt lat="33.920991" lon="135.755287"/><trkpt lat="33.921127" lon="135.755483"/><trkpt lat="33.921149" lon="135.755517"/><trkpt lat="33.921188" lon="135.755632"/><trkpt lat="33.921280" lon="135.756052"/><trkpt lat="33.921301" lon="135.756235"/><trkpt lat="33.921307" lon="135.756930"/><trkpt lat="33.921335" lon="135.757072"/><trkpt lat="33.921380" lon="135.757187"/><trkpt lat="33.921505" lon="135.757398"/><trkpt lat="33.921651" lon="135.757574"/><trkpt lat="33.921882" lon="135.757777"/><trkpt lat="33.922137" lon="135.757905"/><trkpt lat="33.922203" lon="135.757919"/><trkpt lat="33.922282" lon="135.757973"/><trkpt lat="33.922350" lon="135.757993"/><trkpt lat="33.922402" lon="135.758027"/><trkpt lat="33.922475" lon="135.758101"/><trkpt lat="33.922700" lon="135.758548"/><trkpt lat="33.922795" lon="135.758716"/><trkpt lat="33.922897" lon="135.758872"/><trkpt lat="33.923072" lon="135.759014"/><trkpt lat="33.923225" lon="135.759089"/><trkpt lat="33.923365" lon="135.759197"/><trkpt lat="33.923472" lon="135.759325"/><trkpt lat="33.923602" lon="135.759542"/><trkpt lat="33.923692" lon="135.759650"/><trkpt lat="33.923839" lon="135.759765"/><trkpt lat="33.923980" lon="135.759988"/><trkpt lat="33.924075" lon="135.760076"/><trkpt lat="33.924183" lon="135.760076"/><trkpt lat="33.924318" lon="135.760008"/><trkpt lat="33.924426" lon="135.759981"/><trkpt lat="33.924668" lon="135.760008"/><trkpt lat="33.924798" lon="135.760056"/><trkpt lat="33.924922" lon="135.760116"/><trkpt lat="33.925063" lon="135.760110"/><trkpt lat="33.925174" lon="135.760099"/><trkpt lat="33.925209" lon="135.760096"/><trkpt lat="33.925299" lon="135.760123"/><trkpt lat="33.925429" lon="135.760231"/><trkpt lat="33.925530" lon="135.760299"/><trkpt lat="33.925660" lon="135.760360"/><trkpt lat="33.925773" lon="135.760353"/><trkpt lat="33.926055" lon="135.760218"/><trkpt lat="33.926218" lon="135.760157"/><trkpt lat="33.926624" lon="135.759927"/><trkpt lat="33.926731" lon="135.759920"/><trkpt lat="33.926793" lon="135.759940"/><trkpt lat="33.926906" lon="135.759927"/><trkpt lat="33.927122" lon="135.759823"/><trkpt lat="33.927245" lon="135.759723"/><trkpt lat="33.889741" lon="135.751991"/><trkpt lat="33.890232" lon="135.751606"/><trkpt lat="33.890462" lon="135.751409"/><trkpt lat="33.890602" lon="135.751335"/><trkpt lat="33.890682" lon="135.751308"/><trkpt lat="33.890777" lon="135.751227"/><trkpt lat="33.890929" lon="135.751126"/><trkpt lat="33.891049" lon="135.751031"/><trkpt lat="33.891319" lon="135.750727"/><trkpt lat="33.891556" lon="135.750544"/><trkpt lat="33.891776" lon="135.750409"/><trkpt lat="33.892035" lon="135.750396"/><trkpt lat="33.892233" lon="135.750315"/><trkpt lat="33.892616" lon="135.749984"/><trkpt lat="33.892813" lon="135.749801"/><trkpt lat="33.893304" lon="135.749483"/><trkpt lat="33.893450" lon="135.749362"/><trkpt lat="33.893558" lon="135.749233"/><trkpt lat="33.893693" lon="135.749024"/><trkpt lat="33.894048" lon="135.748429"/><trkpt lat="33.894155" lon="135.748180"/><trkpt lat="33.894211" lon="135.747990"/><trkpt lat="33.894227" lon="135.747855"/><trkpt lat="33.894278" lon="135.747585"/><trkpt lat="33.894323" lon="135.747498"/><trkpt lat="33.894402" lon="135.747397"/><trkpt lat="33.894470" lon="135.747397"/><trkpt lat="33.894548" lon="135.747458"/><trkpt lat="33.894895" lon="135.748031"/><trkpt lat="33.895090" lon="135.748146"/><trkpt lat="33.895265" lon="135.748146"/><trkpt lat="33.895597" lon="135.747983"/><trkpt lat="33.895890" lon="135.747823"/><trkpt lat="33.895980" lon="135.747789"/><trkpt lat="33.896206" lon="135.747674"/><trkpt lat="33.896341" lon="135.747593"/><trkpt lat="33.896669" lon="135.747262"/><trkpt lat="33.896763" lon="135.747181"/><trkpt lat="33.897357" lon="135.746634"/><trkpt lat="33.897724" lon="135.746321"/><trkpt lat="33.898004" lon="135.746220"/><trkpt lat="33.898274" lon="135.746176"/><trkpt lat="33.898974" lon="135.746288"/><trkpt lat="33.899378" lon="135.746177"/><trkpt lat="33.899686" lon="135.746121"/><trkpt lat="33.900040" lon="135.746188"/><trkpt lat="33.900824" lon="135.746177"/><trkpt lat="33.901307" lon="135.746277"/><trkpt lat="33.901619" lon="135.746289"/><trkpt lat="33.901752" lon="135.746349"/><trkpt lat="33.902216" lon="135.746557"/><trkpt lat="33.902870" lon="135.746915"/><trkpt lat="33.903349" lon="135.746983"/><trkpt lat="33.903955" lon="135.746983"/><trkpt lat="33.904403" lon="135.747072"/><trkpt lat="33.904673" lon="135.747072"/><trkpt lat="33.905199" lon="135.747072"/><trkpt lat="33.905684" lon="135.747094"/><trkpt lat="33.905852" lon="135.747094"/><trkpt lat="33.906346" lon="135.746904"/><trkpt lat="33.906750" lon="135.746590"/><trkpt lat="33.907058" lon="135.746512"/><trkpt lat="33.907533" lon="135.746277"/><trkpt lat="33.907981" lon="135.746154"/><trkpt lat="33.908357" lon="135.745896"/><trkpt lat="33.908711" lon="135.745706"/><trkpt lat="33.909019" lon="135.745459"/><trkpt lat="33.909187" lon="135.745236"/><trkpt lat="33.909187" lon="135.744968"/><trkpt lat="33.909206" lon="135.744901"/><trkpt lat="33.909326" lon="135.744856"/><trkpt lat="33.910022" lon="135.744768"/><trkpt lat="33.889741" lon="135.751991"/><trkpt lat="33.889537" lon="135.752112"/><trkpt lat="33.889131" lon="135.752281"/><trkpt lat="33.888776" lon="135.752383"/><trkpt lat="33.888444" lon="135.752504"/><trkpt lat="33.888320" lon="135.752572"/><trkpt lat="33.888016" lon="135.752680"/><trkpt lat="33.887785" lon="135.752801"/><trkpt lat="33.887700" lon="135.752876"/><trkpt lat="33.887621" lon="135.752984"/><trkpt lat="33.887486" lon="135.753227"/><trkpt lat="33.887339" lon="135.753625"/><trkpt lat="33.887187" lon="135.753902"/><trkpt lat="33.886990" lon="135.754159"/><trkpt lat="33.886900" lon="135.754261"/><trkpt lat="33.886579" lon="135.754558"/><trkpt lat="33.886489" lon="135.754666"/><trkpt lat="33.885823" lon="135.755321"/><trkpt lat="33.885479" lon="135.755727"/><trkpt lat="33.885366" lon="135.755841"/><trkpt lat="33.885231" lon="135.756010"/><trkpt lat="33.885203" lon="135.756051"/><trkpt lat="33.885169" lon="135.756129"/><trkpt lat="33.885135" lon="135.756206"/><trkpt lat="33.885040" lon="135.756503"/><trkpt lat="33.884966" lon="135.756760"/><trkpt lat="33.884961" lon="135.756801"/><trkpt lat="33.884820" lon="135.757213"/><trkpt lat="33.884707" lon="135.757462"/><trkpt lat="33.884639" lon="135.757577"/><trkpt lat="33.884561" lon="135.757685"/><trkpt lat="33.884442" lon="135.757820"/><trkpt lat="33.884329" lon="135.757995"/><trkpt lat="33.884047" lon="135.758408"/><trkpt lat="33.884019" lon="135.758533"/><trkpt lat="33.883908" lon="135.758657"/><trkpt lat="33.883772" lon="135.758778"/><trkpt lat="33.883690" lon="135.759015"/><trkpt lat="33.883484" lon="135.759803"/><trkpt lat="33.883032" lon="135.759628"/><trkpt lat="33.882827" lon="135.759430"/><trkpt lat="33.882661" lon="135.759108"/><trkpt lat="33.882528" lon="135.759043"/><trkpt lat="33.882468" lon="135.759031"/><trkpt lat="33.882458" lon="135.759104"/><trkpt lat="33.882264" lon="135.759107"/><trkpt lat="33.881893" lon="135.758739"/><trkpt lat="33.881792" lon="135.758672"/><trkpt lat="33.881725" lon="135.758652"/><trkpt lat="33.881415" lon="135.758632"/><trkpt lat="33.881296" lon="135.758603"/><trkpt lat="33.881082" lon="135.758510"/><trkpt lat="33.880919" lon="135.758347"/><trkpt lat="33.880863" lon="135.758225"/><trkpt lat="33.880767" lon="135.758117"/><trkpt lat="33.880581" lon="135.758110"/><trkpt lat="33.880445" lon="135.758131"/><trkpt lat="33.880254" lon="135.758137"/><trkpt lat="33.880034" lon="135.758083"/><trkpt lat="33.879853" lon="135.757990"/><trkpt lat="33.879746" lon="135.757955"/><trkpt lat="33.879380" lon="135.757921"/><trkpt lat="33.879047" lon="135.757847"/><trkpt lat="33.878822" lon="135.757772"/><trkpt lat="33.878669" lon="135.757759"/><trkpt lat="33.878489" lon="135.757725"/><trkpt lat="33.878258" lon="135.757725"/><trkpt lat="33.878145" lon="135.757766"/><trkpt lat="33.878055" lon="135.757786"/><trkpt lat="33.877943" lon="135.757847"/><trkpt lat="33.877886" lon="135.757894"/><trkpt lat="33.877623" lon="135.758090"/><trkpt lat="33.877637" lon="135.758116"/><trkpt lat="33.877621" lon="135.758125"/><trkpt lat="33.877690" lon="135.758177"/><trkpt lat="33.877743" lon="135.758213"/><trkpt lat="33.877909" lon="135.758407"/><trkpt lat="33.878028" lon="135.758706"/><trkpt lat="33.878101" lon="135.758804"/><trkpt lat="33.878310" lon="135.758870"/><trkpt lat="33.878501" lon="135.758895"/><trkpt lat="33.878596" lon="135.758948"/><trkpt lat="33.878703" lon="135.759044"/><trkpt lat="33.878947" lon="135.759428"/><trkpt lat="33.878997" lon="135.759565"/><trkpt lat="33.879100" lon="135.759765"/><trkpt lat="33.879328" lon="135.759983"/><trkpt lat="33.879584" lon="135.760202"/><trkpt lat="33.878171" lon="135.759591"/><trkpt lat="33.878220" lon="135.759620"/><trkpt lat="33.878292" lon="135.759697"/><trkpt lat="33.878324" lon="135.759699"/><trkpt lat="33.878442" lon="135.759659"/><trkpt lat="33.878534" lon="135.759685"/><trkpt lat="33.878585" lon="135.759852"/><trkpt lat="33.878578" lon="135.759996"/><trkpt lat="33.878578" lon="135.760109"/><trkpt lat="33.878624" lon="135.760312"/><trkpt lat="33.878664" lon="135.760435"/><trkpt lat="33.878743" lon="135.760537"/><trkpt lat="33.878803" lon="135.760568"/><trkpt lat="33.878925" lon="135.760548"/><trkpt lat="33.879090" lon="135.760532"/><trkpt lat="33.879250" lon="135.760495"/><trkpt lat="33.879399" lon="135.760395"/><trkpt lat="33.879468" lon="135.760285"/><trkpt lat="33.879584" lon="135.760202"/><trkpt lat="33.875526" lon="135.758907"/><trkpt lat="33.875641" lon="135.758867"/><trkpt lat="33.875794" lon="135.758902"/><trkpt lat="33.876154" lon="135.759017"/><trkpt lat="33.876364" lon="135.759022"/><trkpt lat="33.876432" lon="135.759043"/><trkpt lat="33.876606" lon="135.759137"/><trkpt lat="33.876803" lon="135.759141"/><trkpt lat="33.876877" lon="135.759148"/><trkpt lat="33.877116" lon="135.759234"/><trkpt lat="33.877219" lon="135.759291"/><trkpt lat="33.877372" lon="135.759349"/><trkpt lat="33.877627" lon="135.759434"/><trkpt lat="33.878016" lon="135.759501"/><trkpt lat="33.878171" lon="135.759591"/><trkpt lat="33.875429" lon="135.758831"/><trkpt lat="33.875472" lon="135.758870"/><trkpt lat="33.875526" lon="135.758907"/><trkpt lat="33.874785" lon="135.758254"/><trkpt lat="33.875429" lon="135.758831"/><trkpt lat="33.874785" lon="135.758254"/><trkpt lat="33.874694" lon="135.758192"/><trkpt lat="33.874629" lon="135.758196"/><trkpt lat="33.874248" lon="135.758291"/><trkpt lat="33.874159" lon="135.758281"/><trkpt lat="33.873682" lon="135.757992"/><trkpt lat="33.873103" lon="135.757918"/><trkpt lat="33.872809" lon="135.757991"/><trkpt lat="33.872689" lon="135.757943"/><trkpt lat="33.872201" lon="135.757544"/><trkpt lat="33.871937" lon="135.757483"/><trkpt lat="33.871520" lon="135.757469"/><trkpt lat="33.871157" lon="135.757327"/><trkpt lat="33.871039" lon="135.757323"/><trkpt lat="33.870609" lon="135.757513"/><trkpt lat="33.870460" lon="135.757496"/><trkpt lat="33.870056" lon="135.757303"/><trkpt lat="33.869837" lon="135.757407"/><trkpt lat="33.869449" lon="135.757607"/><trkpt lat="33.869088" lon="135.757679"/><trkpt lat="33.868683" lon="135.757950"/><trkpt lat="33.868597" lon="135.758188"/><trkpt lat="33.868543" lon="135.758396"/><trkpt lat="33.868515" lon="135.758557"/><trkpt lat="33.868054" lon="135.759032"/><trkpt lat="33.867778" lon="135.759269"/><trkpt lat="33.867671" lon="135.759311"/><trkpt lat="33.867478" lon="135.759315"/><trkpt lat="33.867233" lon="135.759220"/><trkpt lat="33.867040" lon="135.759120"/><trkpt lat="33.866796" lon="135.758996"/><trkpt lat="33.866445" lon="135.758845"/><trkpt lat="33.866411" lon="135.758833"/><trkpt lat="33.865876" lon="135.758656"/><trkpt lat="33.865855" lon="135.758650"/><trkpt lat="33.865834" lon="135.758650"/><trkpt lat="33.865782" lon="135.758763"/><trkpt lat="33.865524" lon="135.759834"/><trkpt lat="33.863949" lon="135.758763"/><trkpt lat="33.864041" lon="135.758767"/><trkpt lat="33.864131" lon="135.758745"/><trkpt lat="33.864153" lon="135.758732"/><trkpt lat="33.864227" lon="135.758739"/><trkpt lat="33.864283" lon="135.758780"/><trkpt lat="33.864317" lon="135.758853"/><trkpt lat="33.864300" lon="135.758935"/><trkpt lat="33.864210" lon="135.759063"/><trkpt lat="33.864187" lon="135.759125"/><trkpt lat="33.864176" lon="135.759130"/><trkpt lat="33.864193" lon="135.759375"/><trkpt lat="33.864233" lon="135.759549"/><trkpt lat="33.864283" lon="135.759718"/><trkpt lat="33.864294" lon="135.759819"/><trkpt lat="33.864345" lon="135.760015"/><trkpt lat="33.864458" lon="135.760022"/><trkpt lat="33.864492" lon="135.759988"/><trkpt lat="33.864486" lon="135.759928"/><trkpt lat="33.864458" lon="135.759745"/><trkpt lat="33.864458" lon="135.759597"/><trkpt lat="33.864503" lon="135.759468"/><trkpt lat="33.864531" lon="135.759240"/><trkpt lat="33.864599" lon="135.759103"/><trkpt lat="33.864683" lon="135.758982"/><trkpt lat="33.864734" lon="135.758935"/><trkpt lat="33.864796" lon="135.758928"/><trkpt lat="33.864819" lon="135.758915"/><trkpt lat="33.864886" lon="135.759030"/><trkpt lat="33.864914" lon="135.759125"/><trkpt lat="33.864926" lon="135.759577"/><trkpt lat="33.864994" lon="135.759657"/><trkpt lat="33.865095" lon="135.759712"/><trkpt lat="33.865247" lon="135.759725"/><trkpt lat="33.865524" lon="135.759834"/><trkpt lat="33.863949" lon="135.758763"/><trkpt lat="33.863957" lon="135.758848"/><trkpt lat="33.863962" lon="135.758932"/><trkpt lat="33.863920" lon="135.759013"/><trkpt lat="33.863695" lon="135.759126"/><trkpt lat="33.863633" lon="135.759190"/><trkpt lat="33.863646" lon="135.759293"/><trkpt lat="33.863735" lon="135.759446"/><trkpt lat="33.863815" lon="135.759752"/><trkpt lat="33.863847" lon="135.759894"/><trkpt lat="33.863867" lon="135.760025"/><trkpt lat="33.863866" lon="135.760192"/><trkpt lat="33.863764" lon="135.760226"/><trkpt lat="33.863703" lon="135.760258"/><trkpt lat="33.863629" lon="135.760287"/><trkpt lat="33.863377" lon="135.760366"/><trkpt lat="33.862912" lon="135.760451"/><trkpt lat="33.862760" lon="135.760480"/><trkpt lat="33.862592" lon="135.760540"/><trkpt lat="33.862567" lon="135.760588"/><trkpt lat="33.862551" lon="135.760680"/><trkpt lat="33.862695" lon="135.760932"/><trkpt lat="33.862710" lon="135.761019"/><trkpt lat="33.862684" lon="135.761113"/><trkpt lat="33.862598" lon="135.761219"/><trkpt lat="33.862544" lon="135.761298"/><trkpt lat="33.862323" lon="135.761568"/><trkpt lat="33.862057" lon="135.761989"/><trkpt lat="33.861961" lon="135.762224"/><trkpt lat="33.861861" lon="135.762408"/><trkpt lat="33.861824" lon="135.762539"/><trkpt lat="33.861807" lon="135.763017"/><trkpt lat="33.861834" lon="135.763188"/><trkpt lat="33.861562" lon="135.763311"/><trkpt lat="33.861244" lon="135.763578"/><trkpt lat="33.861050" lon="135.763727"/><trkpt lat="33.860889" lon="135.763808"/><trkpt lat="33.860721" lon="135.763838"/><trkpt lat="33.860526" lon="135.763811"/><trkpt lat="33.860077" lon="135.763672"/><trkpt lat="33.859667" lon="135.763596"/><trkpt lat="33.858954" lon="135.763397"/><trkpt lat="33.859249" lon="135.763313"/><trkpt lat="33.859339" lon="135.763313"/><trkpt lat="33.859424" lon="135.763340"/><trkpt lat="33.859492" lon="135.763381"/><trkpt lat="33.859667" lon="135.763596"/><trkpt lat="33.857903" lon="135.763772"/><trkpt lat="33.858139" lon="135.763604"/><trkpt lat="33.858218" lon="135.763550"/><trkpt lat="33.858314" lon="135.763489"/><trkpt lat="33.858483" lon="135.763435"/><trkpt lat="33.858954" lon="135.763397"/><trkpt lat="33.855337" lon="135.763867"/><trkpt lat="33.855286" lon="135.763975"/><trkpt lat="33.855252" lon="135.764191"/><trkpt lat="33.855241" lon="135.764610"/><trkpt lat="33.855281" lon="135.764719"/><trkpt lat="33.855591" lon="135.765117"/><trkpt lat="33.855607" lon="135.765138"/><trkpt lat="33.855709" lon="135.765191"/><trkpt lat="33.855946" lon="135.765225"/><trkpt lat="33.856284" lon="135.765340"/><trkpt lat="33.856374" lon="135.765333"/><trkpt lat="33.856431" lon="135.765293"/><trkpt lat="33.856532" lon="135.765131"/><trkpt lat="33.856577" lon="135.765009"/><trkpt lat="33.856577" lon="135.764799"/><trkpt lat="33.856538" lon="135.764631"/><trkpt lat="33.856544" lon="135.764516"/><trkpt lat="33.856572" lon="135.764469"/><trkpt lat="33.856876" lon="135.764191"/><trkpt lat="33.856949" lon="135.764185"/><trkpt lat="33.857101" lon="135.764266"/><trkpt lat="33.857203" lon="135.764259"/><trkpt lat="33.857389" lon="135.764077"/><trkpt lat="33.857581" lon="135.764056"/><trkpt lat="33.857620" lon="135.764036"/><trkpt lat="33.857772" lon="135.763874"/><trkpt lat="33.857903" lon="135.763772"/></trkseg></trk></gpx>
