{
  "type": "FeatureCollection",
  "features": [
    {
      "type": "Feature",
      "id": "shikoku-88-sanuki-main",
      "geometry": {
        "type": "LineString",
        "coordinates": [
          [
            133.586898,
            33.9673849
          ],
          [
            133.5867684,
            33.9673874
          ],
          [
            133.586968,
            33.9673826
          ],
          [
            133.586898,
            33.9673849
          ],
          [
            133.5870139,
            33.9673797
          ],
          [
            133.586968,
            33.9673826
          ],
          [
            133.5872891,
            33.9673556
          ],
          [
            133.5870139,
            33.9673797
          ],
          [
            133.5875526,
            33.9673323
          ],
          [
            133.5872891,
            33.9673556
          ],
          [
            133.592049,
            33.969023
          ],
          [
            133.592021,
            33.968902
          ],
          [
            133.592044,
            33.968775
          ],
          [
            133.592168,
            33.968608
          ],
          [
            133.592305,
            33.968497
          ],
          [
            133.592388,
            33.968395
          ],
          [
            133.592397,
            33.968287
          ],
          [
            133.592374,
            33.96815
          ],
          [
            133.592314,
            33.967982
          ],
          [
            133.592301,
            33.967865
          ],
          [
            133.592342,
            33.967732
          ],
          [
            133.59236,
            33.967625
          ],
          [
            133.592328,
            33.967509
          ],
          [
            133.592228,
            33.967403
          ],
          [
            133.592177,
            33.967292
          ],
          [
            133.592163,
            33.967182
          ],
          [
            133.592104,
            33.967128
          ],
          [
            133.592012,
            33.967105
          ],
          [
            133.591852,
            33.967125
          ],
          [
            133.59166,
            33.967143
          ],
          [
            133.591408,
            33.967117
          ],
          [
            133.591157,
            33.967052
          ],
          [
            133.591006,
            33.967014
          ],
          [
            133.590864,
            33.967021
          ],
          [
            133.590699,
            33.967021
          ],
          [
            133.59063,
            33.966968
          ],
          [
            133.590612,
            33.966819
          ],
          [
            133.590653,
            33.96666
          ],
          [
            133.590713,
            33.966564
          ],
          [
            133.590795,
            33.966469
          ],
          [
            133.590928,
            33.966366
          ],
          [
            133.59096,
            33.966305
          ],
          [
            133.590937,
            33.966248
          ],
          [
            133.590864,
            33.966218
          ],
          [
            133.590745,
            33.966225
          ],
          [
            133.590452,
            33.966301
          ],
          [
            133.590214,
            33.966328
          ],
          [
            133.589912,
            33.966298
          ],
          [
            133.589756,
            33.966298
          ],
          [
            133.589614,
            33.966328
          ],
          [
            133.589274,
            33.966488
          ],
          [
            133.589157,
            33.966515
          ],
          [
            133.589014,
            33.966496
          ],
          [
            133.588909,
            33.96642
          ],
          [
            133.588791,
            33.96629
          ],
          [
            133.588626,
            33.966134
          ],
          [
            133.588566,
            33.966096
          ],
          [
            133.588488,
            33.966077
          ],
          [
            133.588415,
            33.966099
          ],
          [
            133.5883,
            33.966191
          ],
          [
            133.5882,
            33.966214
          ],
          [
            133.588085,
            33.966164
          ],
          [
            133.587938,
            33.966019
          ],
          [
            133.587856,
            33.965989
          ],
          [
            133.587792,
            33.966039
          ],
          [
            133.587782,
            33.96613
          ],
          [
            133.587792,
            33.966389
          ],
          [
            133.587769,
            33.966511
          ],
          [
            133.587709,
            33.966633
          ],
          [
            133.587581,
            33.966751
          ],
          [
            133.5874402,
            33.9669604
          ],
          [
            133.5874225,
            33.9670431
          ],
          [
            133.5874392,
            33.9670886
          ],
          [
            133.5875233,
            33.9671725
          ],
          [
            133.5875631,
            33.9672562
          ],
          [
            133.5875526,
            33.9673323
          ],
          [
            133.592324,
            33.969248
          ],
          [
            133.592232,
            33.969215
          ],
          [
            133.592099,
            33.969112
          ],
          [
            133.592049,
            33.969023
          ],
          [
            133.59588,
            33.97026
          ],
          [
            133.595778,
            33.97034
          ],
          [
            133.595582,
            33.970488
          ],
          [
            133.595453,
            33.970553
          ],
          [
            133.595352,
            33.970569
          ],
          [
            133.595233,
            33.970557
          ],
          [
            133.59516,
            33.970508
          ],
          [
            133.595087,
            33.970333
          ],
          [
            133.594973,
            33.970138
          ],
          [
            133.594867,
            33.970023
          ],
          [
            133.59469,
            33.969917
          ],
          [
            133.594428,
            33.96981
          ],
          [
            133.594222,
            33.969749
          ],
          [
            133.594098,
            33.969741
          ],
          [
            133.594002,
            33.969772
          ],
          [
            133.593892,
            33.969882
          ],
          [
            133.593764,
            33.970088
          ],
          [
            133.593663,
            33.970176
          ],
          [
            133.593573,
            33.970195
          ],
          [
            133.593472,
            33.970188
          ],
          [
            133.593344,
            33.970153
          ],
          [
            133.593266,
            33.970081
          ],
          [
            133.593193,
            33.969939
          ],
          [
            133.593193,
            33.96976
          ],
          [
            133.593207,
            33.969569
          ],
          [
            133.593216,
            33.969425
          ],
          [
            133.593184,
            33.969348
          ],
          [
            133.593129,
            33.96929
          ],
          [
            133.593019,
            33.969248
          ],
          [
            133.592873,
            33.969257
          ],
          [
            133.592671,
            33.969279
          ],
          [
            133.592507,
            33.969275
          ],
          [
            133.592324,
            33.969248
          ],
          [
            133.602721,
            33.973699
          ],
          [
            133.602699,
            33.973513
          ],
          [
            133.602716,
            33.973383
          ],
          [
            133.602754,
            33.97323
          ],
          [
            133.602735,
            33.973139
          ],
          [
            133.602662,
            33.973055
          ],
          [
            133.602579,
            33.973009
          ],
          [
            133.602437,
            33.973009
          ],
          [
            133.602103,
            33.973047
          ],
          [
            133.601892,
            33.973104
          ],
          [
            133.601737,
            33.973181
          ],
          [
            133.60154,
            33.973337
          ],
          [
            133.601384,
            33.973455
          ],
          [
            133.601284,
            33.973471
          ],
          [
            133.601197,
            33.973448
          ],
          [
            133.60111,
            33.973398
          ],
          [
            133.60096,
            33.973204
          ],
          [
            133.600864,
            33.972944
          ],
          [
            133.600745,
            33.972635
          ],
          [
            133.60063,
            33.97241
          ],
          [
            133.600539,
            33.972281
          ],
          [
            133.600511,
            33.972155
          ],
          [
            133.600488,
            33.971999
          ],
          [
            133.600479,
            33.971587
          ],
          [
            133.60047,
            33.971469
          ],
          [
            133.600411,
            33.971396
          ],
          [
            133.60031,
            33.971377
          ],
          [
            133.600182,
            33.971408
          ],
          [
            133.599921,
            33.971484
          ],
          [
            133.599738,
            33.971511
          ],
          [
            133.599596,
            33.971537
          ],
          [
            133.599335,
            33.971636
          ],
          [
            133.599047,
            33.971724
          ],
          [
            133.598923,
            33.971709
          ],
          [
            133.5988,
            33.971656
          ],
          [
            133.598626,
            33.971514
          ],
          [
            133.598456,
            33.971328
          ],
          [
            133.598246,
            33.971015
          ],
          [
            133.597985,
            33.970626
          ],
          [
            133.597829,
            33.970382
          ],
          [
            133.597669,
            33.970275
          ],
          [
            133.597518,
            33.970218
          ],
          [
            133.597248,
            33.970168
          ],
          [
            133.597061,
            33.970119
          ],
          [
            133.596951,
            33.970046
          ],
          [
            133.596827,
            33.969917
          ],
          [
            133.596722,
            33.969856
          ],
          [
            133.59663,
            33.969852
          ],
          [
            133.596525,
            33.969871
          ],
          [
            133.596388,
            33.969936
          ],
          [
            133.596057,
            33.970123
          ],
          [
            133.59588,
            33.97026
          ],
          [
            133.612626,
            33.9785343
          ],
          [
            133.6124476,
            33.9783679
          ],
          [
            133.6122148,
            33.9782207
          ],
          [
            133.6119603,
            33.9780762
          ],
          [
            133.6117085,
            33.977945
          ],
          [
            133.6114705,
            33.9778819
          ],
          [
            133.611217,
            33.9778266
          ],
          [
            133.6108424,
            33.9777984
          ],
          [
            133.61031,
            33.9777791
          ],
          [
            133.6101567,
            33.9777458
          ],
          [
            133.6100473,
            33.9776709
          ],
          [
            133.6099181,
            33.9774897
          ],
          [
            133.6096696,
            33.9773
          ],
          [
            133.6093776,
            33.97712
          ],
          [
            133.6092948,
            33.9770201
          ],
          [
            133.6092212,
            33.9768543
          ],
          [
            133.60922,
            33.976642
          ],
          [
            133.60916,
            33.976272
          ],
          [
            133.609119,
            33.976102
          ],
          [
            133.609041,
            33.975957
          ],
          [
            133.608955,
            33.975892
          ],
          [
            133.60885,
            33.975877
          ],
          [
            133.608754,
            33.975896
          ],
          [
            133.608658,
            33.975961
          ],
          [
            133.608383,
            33.976269
          ],
          [
            133.608141,
            33.976556
          ],
          [
            133.608008,
            33.976651
          ],
          [
            133.60788,
            33.976689
          ],
          [
            133.607756,
            33.976662
          ],
          [
            133.607592,
            33.976574
          ],
          [
            133.607299,
            33.976331
          ],
          [
            133.607138,
            33.976251
          ],
          [
            133.606846,
            33.976171
          ],
          [
            133.60669,
            33.976082
          ],
          [
            133.606552,
            33.975972
          ],
          [
            133.606287,
            33.975647
          ],
          [
            133.606086,
            33.975461
          ],
          [
            133.605898,
            33.975339
          ],
          [
            133.605445,
            33.975151
          ],
          [
            133.605051,
            33.974968
          ],
          [
            133.604914,
            33.974934
          ],
          [
            133.604653,
            33.974938
          ],
          [
            133.604475,
            33.97493
          ],
          [
            133.604379,
            33.9749
          ],
          [
            133.604301,
            33.974835
          ],
          [
            133.604292,
            33.974732
          ],
          [
            133.60431,
            33.974564
          ],
          [
            133.604337,
            33.974385
          ],
          [
            133.604332,
            33.974282
          ],
          [
            133.604292,
            33.974232
          ],
          [
            133.604185,
            33.974205
          ],
          [
            133.603944,
            33.974213
          ],
          [
            133.603697,
            33.974202
          ],
          [
            133.603672,
            33.974195
          ],
          [
            133.603454,
            33.974141
          ],
          [
            133.603074,
            33.974027
          ],
          [
            133.602812,
            33.973894
          ],
          [
            133.602749,
            33.973844
          ],
          [
            133.602731,
            33.973791
          ],
          [
            133.602721,
            33.973699
          ],
          [
            133.612626,
            33.9785343
          ],
          [
            133.6126596,
            33.9785988
          ],
          [
            133.6127011,
            33.9786332
          ],
          [
            133.6127226,
            33.9786944
          ],
          [
            133.6127748,
            33.9787762
          ],
          [
            133.6125733,
            33.978756
          ],
          [
            133.6127748,
            33.9787762
          ],
          [
            133.612209,
            33.9790563
          ],
          [
            133.6123337,
            33.9789758
          ],
          [
            133.6124812,
            33.9788623
          ],
          [
            133.6125733,
            33.978756
          ],
          [
            133.612209,
            33.9790563
          ],
          [
            133.6124517,
            33.9791882
          ],
          [
            133.612814,
            33.97932
          ],
          [
            133.613303,
            33.97958
          ],
          [
            133.613724,
            33.979847
          ],
          [
            133.613963,
            33.979969
          ],
          [
            133.6140917,
            33.9800101
          ],
          [
            133.6142309,
            33.9800389
          ],
          [
            133.6146258,
            33.9800366
          ],
          [
            133.6146994,
            33.9800589
          ],
          [
            133.6147586,
            33.980099
          ],
          [
            133.614812,
            33.9800578
          ],
          [
            133.6148134,
            33.9799144
          ],
          [
            133.614863,
            33.9798988
          ],
          [
            133.6149475,
            33.9799105
          ],
          [
            133.6151084,
            33.9799983
          ],
          [
            133.6155657,
            33.980278
          ],
          [
            133.6155912,
            33.9803136
          ],
          [
            133.6155792,
            33.9803436
          ],
          [
            133.6154947,
            33.9804571
          ],
          [
            133.6154678,
            33.9805138
          ],
          [
            133.6154611,
            33.9805727
          ],
          [
            133.6154813,
            33.9806228
          ],
          [
            133.6155362,
            33.9806739
          ],
          [
            133.6156087,
            33.9806995
          ],
          [
            133.616026,
            33.9808
          ],
          [
            133.6160983,
            33.9807541
          ],
          [
            133.6161966,
            33.9807461
          ],
          [
            133.6162913,
            33.9807596
          ],
          [
            133.6164689,
            33.9808275
          ],
          [
            133.6165739,
            33.9808384
          ],
          [
            133.6167258,
            33.9808474
          ],
          [
            133.6168411,
            33.9808808
          ],
          [
            133.6169296,
            33.9809197
          ],
          [
            133.6170194,
            33.9810102
          ],
          [
            133.6172593,
            33.9813211
          ],
          [
            133.617331,
            33.981379
          ],
          [
            133.617455,
            33.981463
          ],
          [
            133.617614,
            33.981509
          ],
          [
            133.617752,
            33.981517
          ],
          [
            133.617916,
            33.981501
          ],
          [
            133.618117,
            33.981441
          ],
          [
            133.61825,
            33.981429
          ],
          [
            133.618415,
            33.981452
          ],
          [
            133.618634,
            33.981517
          ],
          [
            133.618895,
            33.981628
          ],
          [
            133.619142,
            33.981788
          ],
          [
            133.619335,
            33.981952
          ],
          [
            133.619532,
            33.98202
          ],
          [
            133.620213,
            33.982268
          ],
          [
            133.620452,
            33.982329
          ],
          [
            133.620617,
            33.982348
          ],
          [
            133.620877,
            33.982371
          ],
          [
            133.621037,
            33.982405
          ],
          [
            133.621152,
            33.98247
          ],
          [
            133.62134,
            33.982652
          ],
          [
            133.621583,
            33.982835
          ],
          [
            133.62171,
            33.982923
          ],
          [
            133.621917,
            33.983041
          ],
          [
            133.622118,
            33.983118
          ],
          [
            133.622381,
            33.983199
          ],
          [
            133.622787,
            33.983283
          ],
          [
            133.622902,
            33.98332
          ],
          [
            133.623004,
            33.983437
          ],
          [
            133.62315,
            33.983565
          ],
          [
            133.623303,
            33.98366
          ],
          [
            133.623455,
            33.983723
          ],
          [
            133.6239733,
            33.9839462
          ],
          [
            133.6247323,
            33.9844176
          ],
          [
            133.6239733,
            33.9839462
          ],
          [
            133.6270098,
            33.9855958
          ],
          [
            133.6267851,
            33.9854714
          ],
          [
            133.626566,
            33.985383
          ],
          [
            133.6264385,
            33.9853699
          ],
          [
            133.6262995,
            33.9853756
          ],
          [
            133.6261301,
            33.9853679
          ],
          [
            133.625977,
            33.9853256
          ],
          [
            133.6258012,
            33.9852248
          ],
          [
            133.6256426,
            33.9851252
          ],
          [
            133.6253784,
            33.9848598
          ],
          [
            133.625072,
            33.9846728
          ],
          [
            133.6248139,
            33.984481
          ],
          [
            133.6247323,
            33.9844176
          ],
          [
            133.6271379,
            33.9856389
          ],
          [
            133.6270098,
            33.9855958
          ],
          [
            133.627849,
            33.986149
          ],
          [
            133.627572,
            33.98589
          ],
          [
            133.6271379,
            33.9856389
          ],
          [
            133.627849,
            33.986149
          ],
          [
            133.627912,
            33.98625
          ],
          [
            133.628079,
            33.986375
          ],
          [
            133.628214,
            33.986426
          ],
          [
            133.62845,
            33.986471
          ],
          [
            133.628586,
            33.986493
          ],
          [
            133.628959,
            33.986601
          ],
          [
            133.629195,
            33.986623
          ],
          [
            133.629296,
            33.986638
          ],
          [
            133.629422,
            33.986681
          ],
          [
            133.629649,
            33.986831
          ],
          [
            133.629769,
            33.986873
          ],
          [
            133.629969,
            33.986881
          ],
          [
            133.630062,
            33.986912
          ],
          [
            133.630159,
            33.986958
          ],
          [
            133.630242,
            33.987067
          ],
          [
            133.630339,
            33.987287
          ],
          [
            133.6304,
            33.987364
          ],
          [
            133.630557,
            33.987549
          ],
          [
            133.630689,
            33.987741
          ],
          [
            133.630768,
            33.987795
          ],
          [
            133.630921,
            33.987849
          ],
          [
            133.631311,
            33.987964
          ],
          [
            133.631463,
            33.988023
          ],
          [
            133.631565,
            33.988058
          ],
          [
            133.631741,
            33.9881
          ],
          [
            133.632038,
            33.988231
          ],
          [
            133.6322,
            33.98827
          ],
          [
            133.632372,
            33.988301
          ],
          [
            133.632562,
            33.988316
          ],
          [
            133.632763,
            33.988303
          ],
          [
            133.632879,
            33.988303
          ],
          [
            133.632986,
            33.988338
          ],
          [
            133.63331,
            33.988516
          ],
          [
            133.633454,
            33.988577
          ],
          [
            133.633746,
            33.98867
          ],
          [
            133.633982,
            33.988743
          ],
          [
            133.634214,
            33.988828
          ],
          [
            133.634292,
            33.988832
          ],
          [
            133.634353,
            33.988805
          ],
          [
            133.63451,
            33.988643
          ],
          [
            133.634594,
            33.988604
          ],
          [
            133.634691,
            33.988604
          ],
          [
            133.634779,
            33.988647
          ],
          [
            133.6351797,
            33.9889858
          ],
          [
            133.6351901,
            33.9890035
          ],
          [
            133.635258,
            33.989065
          ],
          [
            133.6353569,
            33.9891142
          ],
          [
            133.635462,
            33.9891539
          ],
          [
            133.6355517,
            33.9891884
          ],
          [
            133.6356002,
            33.9892243
          ],
          [
            133.6356178,
            33.9892748
          ],
          [
            133.6356237,
            33.9893343
          ],
          [
            133.6355739,
            33.9894175
          ],
          [
            133.6355505,
            33.9895166
          ],
          [
            133.6355626,
            33.9896468
          ],
          [
            133.6355709,
            33.9896758
          ],
          [
            133.6356139,
            33.9896902
          ],
          [
            133.6359881,
            33.9897986
          ],
          [
            133.6361148,
            33.9898533
          ],
          [
            133.6361713,
            33.9899213
          ],
          [
            133.6361988,
            33.9900003
          ],
          [
            133.6361914,
            33.9901085
          ],
          [
            133.6361679,
            33.9902534
          ],
          [
            133.6362923,
            33.9901892
          ],
          [
            133.636719,
            33.9899644
          ],
          [
            133.6368989,
            33.9898906
          ],
          [
            133.6370173,
            33.9898719
          ],
          [
            133.6379661,
            33.9897899
          ],
          [
            133.6385051,
            33.9897516
          ],
          [
            133.6388039,
            33.9897736
          ],
          [
            133.6389786,
            33.989835
          ],
          [
            133.6391669,
            33.9899336
          ],
          [
            133.6392948,
            33.9900167
          ],
          [
            133.6394294,
            33.9901679
          ],
          [
            133.6394525,
            33.9902681
          ],
          [
            133.6394469,
            33.9903489
          ],
          [
            133.639421,
            33.9904853
          ],
          [
            133.6393803,
            33.9906283
          ],
          [
            133.639421,
            33.9904853
          ],
          [
            133.6393803,
            33.9906283
          ],
          [
            133.6398275,
            33.9910581
          ],
          [
            133.6399297,
            33.991128
          ],
          [
            133.6400213,
            33.9911759
          ],
          [
            133.6401112,
            33.9912041
          ],
          [
            133.6402066,
            33.9912206
          ],
          [
            133.640307,
            33.9912258
          ],
          [
            133.6404052,
            33.9912204
          ],
          [
            133.6405242,
            33.9912046
          ],
          [
            133.6409443,
            33.99112
          ],
          [
            133.6410709,
            33.9911024
          ],
          [
            133.6412134,
            33.991098
          ],
          [
            133.6413404,
            33.9911029
          ],
          [
            133.6414578,
            33.9911149
          ],
          [
            133.6415769,
            33.9911396
          ],
          [
            133.6416874,
            33.991173
          ],
          [
            133.6418126,
            33.9912153
          ],
          [
            133.6419607,
            33.9912869
          ],
          [
            133.6420597,
            33.9913549
          ],
          [
            133.6421383,
            33.9914129
          ],
          [
            133.6422088,
            33.9914754
          ],
          [
            133.6422676,
            33.9915388
          ],
          [
            133.6423304,
            33.9916161
          ],
          [
            133.6427364,
            33.9921864
          ],
          [
            133.6428053,
            33.9922763
          ],
          [
            133.6428769,
            33.992361
          ],
          [
            133.6429614,
            33.9924439
          ],
          [
            133.6430644,
            33.9925361
          ],
          [
            133.6431727,
            33.992616
          ],
          [
            133.6433055,
            33.9927045
          ],
          [
            133.64343,
            33.9927781
          ],
          [
            133.6435726,
            33.9928473
          ],
          [
            133.6437292,
            33.9929084
          ],
          [
            133.6443094,
            33.9930956
          ],
          [
            133.6447115,
            33.9932244
          ],
          [
            133.6448011,
            33.993253
          ],
          [
            133.6449735,
            33.9933008
          ],
          [
            133.645143,
            33.9933322
          ],
          [
            133.6453247,
            33.9933554
          ],
          [
            133.6455157,
            33.9933658
          ],
          [
            133.6460132,
            33.9933761
          ],
          [
            133.6466009,
            33.9933917
          ],
          [
            133.6468099,
            33.9934047
          ],
          [
            133.6470116,
            33.9934311
          ],
          [
            133.6471731,
            33.9934677
          ],
          [
            133.6472886,
            33.9935041
          ],
          [
            133.6481274,
            33.9937385
          ],
          [
            133.6484634,
            33.9937982
          ],
          [
            133.6487024,
            33.9938328
          ],
          [
            133.6489254,
            33.9938621
          ],
          [
            133.649133,
            33.9938843
          ],
          [
            133.6492609,
            33.9939134
          ],
          [
            133.6493793,
            33.9939625
          ],
          [
            133.6494969,
            33.994037
          ],
          [
            133.6496234,
            33.9941352
          ],
          [
            133.6498072,
            33.9943088
          ],
          [
            133.6499325,
            33.9944054
          ],
          [
            133.6500242,
            33.9944563
          ],
          [
            133.6501112,
            33.9944943
          ],
          [
            133.6502397,
            33.9945334
          ],
          [
            133.6504464,
            33.9945737
          ],
          [
            133.6511345,
            33.9946846
          ],
          [
            133.651365,
            33.9947374
          ],
          [
            133.6514839,
            33.9947774
          ],
          [
            133.6516092,
            33.9948347
          ],
          [
            133.651704,
            33.9949028
          ],
          [
            133.651819,
            33.9949964
          ],
          [
            133.6518997,
            33.9950835
          ],
          [
            133.6519603,
            33.9951695
          ],
          [
            133.65204,
            33.9952891
          ],
          [
            133.6522881,
            33.9957379
          ],
          [
            133.6523538,
            33.9958436
          ],
          [
            133.6524398,
            33.9959536
          ],
          [
            133.6525385,
            33.9960694
          ],
          [
            133.6526404,
            33.9961374
          ],
          [
            133.652713,
            33.9961833
          ],
          [
            133.6528637,
            33.9962719
          ],
          [
            133.6530139,
            33.9963592
          ],
          [
            133.6531439,
            33.9964275
          ],
          [
            133.6532907,
            33.9964971
          ],
          [
            133.6534418,
            33.9965495
          ],
          [
            133.653608,
            33.9965878
          ],
          [
            133.654174,
            33.9967116
          ],
          [
            133.654359,
            33.996756
          ],
          [
            133.6546493,
            33.9968167
          ],
          [
            133.6547217,
            33.9968308
          ],
          [
            133.6548093,
            33.9968431
          ],
          [
            133.6549426,
            33.9968538
          ],
          [
            133.6550643,
            33.9968489
          ],
          [
            133.6551859,
            33.9968362
          ],
          [
            133.6553076,
            33.9968086
          ],
          [
            133.6554225,
            33.9967713
          ],
          [
            133.6566806,
            33.9962834
          ],
          [
            133.6569513,
            33.9961847
          ],
          [
            133.6571184,
            33.9961397
          ],
          [
            133.6572822,
            33.9961183
          ],
          [
            133.6573993,
            33.9961187
          ],
          [
            133.6575148,
            33.9961322
          ],
          [
            133.6576453,
            33.9961646
          ],
          [
            133.6577976,
            33.9962271
          ],
          [
            133.6579226,
            33.9962948
          ],
          [
            133.6583016,
            33.9965468
          ],
          [
            133.6583674,
            33.9965861
          ],
          [
            133.6585289,
            33.9966783
          ],
          [
            133.6586601,
            33.9967434
          ],
          [
            133.6587895,
            33.9967968
          ],
          [
            133.6589445,
            33.9968527
          ],
          [
            133.6590386,
            33.9968816
          ],
          [
            133.6598123,
            33.9970678
          ],
          [
            133.6599514,
            33.9970958
          ],
          [
            133.6600577,
            33.9971102
          ],
          [
            133.6601741,
            33.9971117
          ],
          [
            133.6602979,
            33.9971035
          ],
          [
            133.6604204,
            33.9970812
          ],
          [
            133.6605365,
            33.9970515
          ],
          [
            133.6606576,
            33.9970074
          ],
          [
            133.6626838,
            33.9962702
          ],
          [
            133.6631904,
            33.996166
          ],
          [
            133.6636104,
            33.9961191
          ],
          [
            133.6639194,
            33.9960482
          ],
          [
            133.6640434,
            33.996006
          ],
          [
            133.6641013,
            33.9959818
          ],
          [
            133.6641964,
            33.9959362
          ],
          [
            133.6645144,
            33.9957594
          ],
          [
            133.6646442,
            33.9957072
          ],
          [
            133.6647928,
            33.9956667
          ],
          [
            133.6649486,
            33.995648
          ],
          [
            133.6651306,
            33.995647
          ],
          [
            133.6652935,
            33.995657
          ],
          [
            133.6654919,
            33.995699
          ],
          [
            133.6656906,
            33.995747
          ],
          [
            133.6658949,
            33.9958259
          ],
          [
            133.6660667,
            33.995899
          ],
          [
            133.6661751,
            33.9959635
          ],
          [
            133.6662291,
            33.9960025
          ],
          [
            133.6666136,
            33.9963257
          ],
          [
            133.6667399,
            33.9963994
          ],
          [
            133.6668901,
            33.9964596
          ],
          [
            133.6670509,
            33.9964976
          ],
          [
            133.6672097,
            33.9965038
          ],
          [
            133.6673852,
            33.9964976
          ],
          [
            133.6677032,
            33.9964591
          ],
          [
            133.6679502,
            33.9964405
          ],
          [
            133.6682777,
            33.9964519
          ],
          [
            133.6682629,
            33.9964899
          ],
          [
            133.6682777,
            33.9964519
          ],
          [
            133.6682068,
            33.9966341
          ],
          [
            133.6682629,
            33.9964899
          ],
          [
            133.6682085,
            33.9967217
          ],
          [
            133.6682068,
            33.9966341
          ],
          [
            133.6682085,
            33.9967217
          ],
          [
            133.6682985,
            33.9967341
          ],
          [
            133.6683515,
            33.9967733
          ],
          [
            133.6683693,
            33.9968243
          ],
          [
            133.6683381,
            33.9968779
          ],
          [
            133.6682494,
            33.9969282
          ],
          [
            133.6680656,
            33.9969504
          ],
          [
            133.6679994,
            33.9969902
          ],
          [
            133.6679832,
            33.9970368
          ],
          [
            133.6680073,
            33.9971019
          ],
          [
            133.6680729,
            33.9971375
          ],
          [
            133.6681627,
            33.9971486
          ],
          [
            133.6685396,
            33.9970941
          ],
          [
            133.6700562,
            33.9986988
          ],
          [
            133.6701103,
            33.9983944
          ],
          [
            133.670128,
            33.9982771
          ],
          [
            133.6700931,
            33.9981667
          ],
          [
            133.6699837,
            33.9981029
          ],
          [
            133.6694253,
            33.998121
          ],
          [
            133.6693255,
            33.9980465
          ],
          [
            133.6692855,
            33.9980135
          ],
          [
            133.6692625,
            33.9979485
          ],
          [
            133.6692025,
            33.9978045
          ],
          [
            133.6691615,
            33.9977855
          ],
          [
            133.6690645,
            33.9977785
          ],
          [
            133.6689865,
            33.9977735
          ],
          [
            133.6689765,
            33.9977485
          ],
          [
            133.6690195,
            33.9976545
          ],
          [
            133.6690455,
            33.9975615
          ],
          [
            133.6690225,
            33.9975325
          ],
          [
            133.6689765,
            33.9975325
          ],
          [
            133.6687845,
            33.9975735
          ],
          [
            133.6687175,
            33.9975685
          ],
          [
            133.6686715,
            33.9975425
          ],
          [
            133.6686835,
            33.9975015
          ],
          [
            133.6687695,
            33.9973045
          ],
          [
            133.6687865,
            33.9972425
          ],
          [
            133.6687755,
            33.9972235
          ],
          [
            133.6686925,
            33.9972165
          ],
          [
            133.6685285,
            33.9972815
          ],
          [
            133.6684775,
            33.9972725
          ],
          [
            133.6684695,
            33.9972175
          ],
          [
            133.6685396,
            33.9970941
          ],
          [
            133.6706066,
            33.9985802
          ],
          [
            133.6703163,
            33.9986099
          ],
          [
            133.6700562,
            33.9986988
          ],
          [
            133.6706066,
            33.9985802
          ],
          [
            133.6705684,
            33.9986075
          ],
          [
            133.670576,
            33.9986417
          ],
          [
            133.6707181,
            33.9987669
          ],
          [
            133.6707225,
            33.9988167
          ],
          [
            133.6706867,
            33.9988382
          ],
          [
            133.6706245,
            33.9988329
          ],
          [
            133.670433,
            33.9987967
          ],
          [
            133.6703426,
            33.9988102
          ],
          [
            133.6701939,
            33.9988772
          ],
          [
            133.670084,
            33.99898
          ],
          [
            133.670039,
            33.999043
          ],
          [
            133.670045,
            33.999085
          ],
          [
            133.6701423,
            33.9992105
          ],
          [
            133.6701838,
            33.9992338
          ],
          [
            133.6702171,
            33.9992269
          ],
          [
            133.6702707,
            33.9991647
          ],
          [
            133.670311,
            33.9991447
          ],
          [
            133.6703641,
            33.9991588
          ],
          [
            133.6704411,
            33.9993103
          ],
          [
            133.6705014,
            33.9993847
          ],
          [
            133.6706026,
            33.9994788
          ],
          [
            133.6707207,
            33.9995379
          ],
          [
            133.6708797,
            33.9995915
          ],
          [
            133.671256,
            33.999686
          ],
          [
            133.67133,
            33.999703
          ],
          [
            133.671607,
            33.999804
          ],
          [
            133.67173,
            33.999804
          ],
          [
            133.671952,
            33.999748
          ],
          [
            133.672082,
            33.999708
          ],
          [
            133.67225,
            33.999703
          ],
          [
            133.672392,
            33.999759
          ],
          [
            133.672595,
            33.999883
          ],
          [
            133.67277,
            34.000018
          ],
          [
            133.67292,
            34.00017
          ],
          [
            133.673,
            34.000271
          ],
          [
            133.672993,
            34.000356
          ],
          [
            133.672925,
            34.000428
          ],
          [
            133.672858,
            34.000462
          ],
          [
            133.672689,
            34.000507
          ],
          [
            133.672412,
            34.000547
          ],
          [
            133.671892,
            34.000586
          ],
          [
            133.671682,
            34.000586
          ],
          [
            133.671634,
            34.000592
          ],
          [
            133.671579,
            34.000629
          ],
          [
            133.671567,
            34.000654
          ],
          [
            133.671573,
            34.000693
          ],
          [
            133.671675,
            34.000767
          ],
          [
            133.671899,
            34.000845
          ],
          [
            133.672087,
            34.000936
          ],
          [
            133.672155,
            34.001003
          ],
          [
            133.672202,
            34.001077
          ],
          [
            133.672202,
            34.001257
          ],
          [
            133.672182,
            34.001347
          ],
          [
            133.672082,
            34.00163
          ],
          [
            133.67206,
            34.002023
          ],
          [
            133.672013,
            34.002182
          ],
          [
            133.671992,
            34.002265
          ],
          [
            133.672027,
            34.002312
          ],
          [
            133.672027,
            34.002362
          ],
          [
            133.672217,
            34.002255
          ],
          [
            133.672297,
            34.002175
          ],
          [
            133.672379,
            34.002119
          ],
          [
            133.672445,
            34.002119
          ],
          [
            133.672494,
            34.002108
          ],
          [
            133.672487,
            34.00221
          ],
          [
            133.672467,
            34.002272
          ],
          [
            133.672379,
            34.002407
          ],
          [
            133.672257,
            34.002543
          ],
          [
            133.672114,
            34.002729
          ],
          [
            133.672054,
            34.002847
          ],
          [
            133.67202,
            34.002954
          ],
          [
            133.672027,
            34.003179
          ],
          [
            133.672075,
            34.003309
          ],
          [
            133.672222,
            34.006561
          ],
          [
            133.672085,
            34.006403
          ],
          [
            133.671997,
            34.006217
          ],
          [
            133.671984,
            34.00611
          ],
          [
            133.671915,
            34.005884
          ],
          [
            133.671794,
            34.005642
          ],
          [
            133.671767,
            34.005569
          ],
          [
            133.671747,
            34.005468
          ],
          [
            133.67174,
            34.004955
          ],
          [
            133.671685,
            34.004831
          ],
          [
            133.671544,
            34.004605
          ],
          [
            133.671495,
            34.004464
          ],
          [
            133.671502,
            34.004335
          ],
          [
            133.671522,
            34.004273
          ],
          [
            133.671597,
            34.004149
          ],
          [
            133.67178,
            34.003901
          ],
          [
            133.672037,
            34.003653
          ],
          [
            133.672085,
            34.003574
          ],
          [
            133.672099,
            34.003484
          ],
          [
            133.672097,
            34.003381
          ],
          [
            133.672075,
            34.003309
          ],
          [
            133.678378,
            34.010066
          ],
          [
            133.678195,
            34.009914
          ],
          [
            133.678127,
            34.009824
          ],
          [
            133.678073,
            34.009671
          ],
          [
            133.678073,
            34.009349
          ],
          [
            133.6781,
            34.009204
          ],
          [
            133.678168,
            34.008961
          ],
          [
            133.678189,
            34.008854
          ],
          [
            133.678189,
            34.008712
          ],
          [
            133.678155,
            34.008595
          ],
          [
            133.678101,
            34.008505
          ],
          [
            133.678027,
            34.00846
          ],
          [
            133.677824,
            34.008415
          ],
          [
            133.677736,
            34.008404
          ],
          [
            133.677641,
            34.008364
          ],
          [
            133.677539,
            34.008274
          ],
          [
            133.677499,
            34.008217
          ],
          [
            133.677451,
            34.008081
          ],
          [
            133.677424,
            34.007957
          ],
          [
            133.677404,
            34.007687
          ],
          [
            133.677343,
            34.007399
          ],
          [
            133.677262,
            34.007309
          ],
          [
            133.67716,
            34.00732
          ],
          [
            133.677025,
            34.007394
          ],
          [
            133.676842,
            34.007518
          ],
          [
            133.676802,
            34.007535
          ],
          [
            133.676721,
            34.00754
          ],
          [
            133.676565,
            34.007439
          ],
          [
            133.676498,
            34.007365
          ],
          [
            133.676423,
            34.007242
          ],
          [
            133.676328,
            34.007106
          ],
          [
            133.676233,
            34.007022
          ],
          [
            133.676152,
            34.006983
          ],
          [
            133.675854,
            34.006983
          ],
          [
            133.675699,
            34.007016
          ],
          [
            133.675638,
            34.007067
          ],
          [
            133.675679,
            34.00727
          ],
          [
            133.675753,
            34.00749
          ],
          [
            133.675794,
            34.007591
          ],
          [
            133.675794,
            34.007709
          ],
          [
            133.675719,
            34.00776
          ],
          [
            133.675638,
            34.007788
          ],
          [
            133.675273,
            34.007845
          ],
          [
            133.674921,
            34.00794
          ],
          [
            133.674724,
            34.007952
          ],
          [
            133.674454,
            34.007935
          ],
          [
            133.674102,
            34.007833
          ],
          [
            133.673736,
            34.007687
          ],
          [
            133.673398,
            34.007546
          ],
          [
            133.673168,
            34.0074
          ],
          [
            133.672978,
            34.007226
          ],
          [
            133.672836,
            34.007057
          ],
          [
            133.672647,
            34.006882
          ],
          [
            133.67224,
            34.006583
          ],
          [
            133.672222,
            34.006561
          ],
          [
            133.678378,
            34.010066
          ],
          [
            133.678412,
            34.010145
          ],
          [
            133.678506,
            34.010308
          ],
          [
            133.678573,
            34.010399
          ],
          [
            133.678682,
            34.010494
          ],
          [
            133.678777,
            34.010556
          ],
          [
            133.678953,
            34.010629
          ],
          [
            133.67944,
            34.010782
          ],
          [
            133.679738,
            34.010776
          ],
          [
            133.679833,
            34.010753
          ],
          [
            133.680124,
            34.010708
          ],
          [
            133.680354,
            34.010686
          ],
          [
            133.68053,
            34.010697
          ],
          [
            133.680686,
            34.010748
          ],
          [
            133.680686,
            34.010832
          ],
          [
            133.680605,
            34.010934
          ],
          [
            133.680375,
            34.011131
          ],
          [
            133.680104,
            34.011424
          ],
          [
            133.67982,
            34.01174
          ],
          [
            133.679759,
            34.011812
          ],
          [
            133.679739,
            34.011869
          ],
          [
            133.679745,
            34.01192
          ],
          [
            133.679799,
            34.011999
          ],
          [
            133.680003,
            34.012163
          ],
          [
            133.680334,
            34.012376
          ],
          [
            133.680876,
            34.012653
          ],
          [
            133.681031,
            34.012703
          ],
          [
            133.681214,
            34.012743
          ],
          [
            133.681498,
            34.012771
          ],
          [
            133.681694,
            34.01276
          ],
          [
            133.682418,
            34.012669
          ],
          [
            133.682933,
            34.012664
          ],
          [
            133.68321,
            34.012685
          ],
          [
            133.683549,
            34.012685
          ],
          [
            133.683745,
            34.012668
          ],
          [
            133.683995,
            34.012675
          ],
          [
            133.684124,
            34.012713
          ],
          [
            133.684266,
            34.01277
          ],
          [
            133.684476,
            34.012888
          ],
          [
            133.68478,
            34.013075
          ],
          [
            133.684902,
            34.013125
          ],
          [
            133.684997,
            34.013142
          ],
          [
            133.685261,
            34.013131
          ],
          [
            133.685477,
            34.013091
          ],
          [
            133.685639,
            34.013052
          ],
          [
            133.685795,
            34.013052
          ],
          [
            133.685958,
            34.01308
          ],
          [
            133.686249,
            34.01307
          ],
          [
            133.686459,
            34.013056
          ],
          [
            133.686249,
            34.01307
          ],
          [
            133.6933959,
            34.0150526
          ],
          [
            133.6931869,
            34.0149134
          ],
          [
            133.693008,
            34.01463
          ],
          [
            133.692853,
            34.014528
          ],
          [
            133.6927197,
            34.0144067
          ],
          [
            133.692575,
            34.014275
          ],
          [
            133.69246,
            34.01414
          ],
          [
            133.692311,
            34.013925
          ],
          [
            133.692284,
            34.013847
          ],
          [
            133.692291,
            34.013746
          ],
          [
            133.692358,
            34.013639
          ],
          [
            133.692413,
            34.013588
          ],
          [
            133.69269,
            34.013419
          ],
          [
            133.69277,
            34.013327
          ],
          [
            133.692812,
            34.01325
          ],
          [
            133.692853,
            34.013075
          ],
          [
            133.692839,
            34.012608
          ],
          [
            133.69288,
            34.012411
          ],
          [
            133.692941,
            34.012253
          ],
          [
            133.692945,
            34.012189
          ],
          [
            133.692941,
            34.012133
          ],
          [
            133.692901,
            34.012078
          ],
          [
            133.692826,
            34.01205
          ],
          [
            133.692771,
            34.012027
          ],
          [
            133.692653,
            34.012025
          ],
          [
            133.69252,
            34.012047
          ],
          [
            133.692406,
            34.012095
          ],
          [
            133.692128,
            34.012247
          ],
          [
            133.691939,
            34.01232
          ],
          [
            133.691791,
            34.012367
          ],
          [
            133.691675,
            34.012416
          ],
          [
            133.691513,
            34.012529
          ],
          [
            133.691392,
            34.012641
          ],
          [
            133.691135,
            34.012957
          ],
          [
            133.690973,
            34.013124
          ],
          [
            133.690939,
            34.013154
          ],
          [
            133.690842,
            34.013168
          ],
          [
            133.690772,
            34.01316
          ],
          [
            133.690512,
            34.013064
          ],
          [
            133.690343,
            34.013064
          ],
          [
            133.690187,
            34.013087
          ],
          [
            133.689964,
            34.013143
          ],
          [
            133.689335,
            34.013137
          ],
          [
            133.689206,
            34.013126
          ],
          [
            133.689104,
            34.013098
          ],
          [
            133.6888,
            34.012957
          ],
          [
            133.688577,
            34.012827
          ],
          [
            133.688434,
            34.01276
          ],
          [
            133.688347,
            34.012737
          ],
          [
            133.688116,
            34.012726
          ],
          [
            133.687764,
            34.012658
          ],
          [
            133.687595,
            34.012613
          ],
          [
            133.68748,
            34.012602
          ],
          [
            133.687385,
            34.012604
          ],
          [
            133.687102,
            34.012648
          ],
          [
            133.687013,
            34.012669
          ],
          [
            133.686916,
            34.012701
          ],
          [
            133.686702,
            34.012792
          ],
          [
            133.686505,
            34.012903
          ],
          [
            133.686446,
            34.012982
          ],
          [
            133.686459,
            34.013056
          ],
          [
            133.698295,
            34.01594
          ],
          [
            133.698165,
            34.015881
          ],
          [
            133.697598,
            34.015611
          ],
          [
            133.697415,
            34.015549
          ],
          [
            133.69717,
            34.015492
          ],
          [
            133.69694,
            34.015475
          ],
          [
            133.696717,
            34.015436
          ],
          [
            133.69629,
            34.015306
          ],
          [
            133.696182,
            34.01529
          ],
          [
            133.6952194,
            34.0154649
          ],
          [
            133.6943427,
            34.0152361
          ],
          [
            133.6939831,
            34.0151626
          ],
          [
            133.6937783,
            34.015136
          ],
          [
            133.693603,
            34.0151339
          ],
          [
            133.693519,
            34.0151193
          ],
          [
            133.6933959,
            34.0150526
          ],
          [
            133.7060147,
            34.0160702
          ],
          [
            133.7055889,
            34.015792
          ],
          [
            133.7055153,
            34.0156956
          ],
          [
            133.7053526,
            34.0153057
          ],
          [
            133.7052782,
            34.0152267
          ],
          [
            133.705109,
            34.01512
          ],
          [
            133.70505,
            34.0151
          ],
          [
            133.704974,
            34.015092
          ],
          [
            133.704872,
            34.01511
          ],
          [
            133.704642,
            34.015216
          ],
          [
            133.704453,
            34.015267
          ],
          [
            133.704257,
            34.015256
          ],
          [
            133.704148,
            34.015233
          ],
          [
            133.703695,
            34.015053
          ],
          [
            133.703512,
            34.014991
          ],
          [
            133.703282,
            34.014946
          ],
          [
            133.703106,
            34.014946
          ],
          [
            133.70289,
            34.014991
          ],
          [
            133.702788,
            34.015025
          ],
          [
            133.702463,
            34.015087
          ],
          [
            133.702369,
            34.015098
          ],
          [
            133.7023067,
            34.0151261
          ],
          [
            133.7022056,
            34.0152369
          ],
          [
            133.7021986,
            34.0153888
          ],
          [
            133.7023424,
            34.0157028
          ],
          [
            133.7024192,
            34.0162188
          ],
          [
            133.7024209,
            34.0164363
          ],
          [
            133.7017122,
            34.0166449
          ],
          [
            133.7015228,
            34.0167754
          ],
          [
            133.701421,
            34.016773
          ],
          [
            133.701083,
            34.016598
          ],
          [
            133.700785,
            34.016523
          ],
          [
            133.700616,
            34.016523
          ],
          [
            133.700494,
            34.016563
          ],
          [
            133.700441,
            34.016595
          ],
          [
            133.700406,
            34.016643
          ],
          [
            133.700391,
            34.01681
          ],
          [
            133.700375,
            34.016868
          ],
          [
            133.70035,
            34.016894
          ],
          [
            133.700296,
            34.01689
          ],
          [
            133.700027,
            34.016766
          ],
          [
            133.699905,
            34.016676
          ],
          [
            133.69977,
            34.016546
          ],
          [
            133.699533,
            34.016366
          ],
          [
            133.699269,
            34.016236
          ],
          [
            133.699005,
            34.016174
          ],
          [
            133.698789,
            34.016123
          ],
          [
            133.698586,
            34.016056
          ],
          [
            133.698295,
            34.01594
          ],
          [
            133.7155881,
            34.019513
          ],
          [
            133.714827,
            34.0188508
          ],
          [
            133.7144555,
            34.0185063
          ],
          [
            133.7142666,
            34.0183634
          ],
          [
            133.7141505,
            34.0180985
          ],
          [
            133.7140461,
            34.0179547
          ],
          [
            133.7138803,
            34.0178247
          ],
          [
            133.7136429,
            34.0177308
          ],
          [
            133.7132765,
            34.0176185
          ],
          [
            133.7124039,
            34.0176011
          ],
          [
            133.7121264,
            34.0175197
          ],
          [
            133.7114915,
            34.017198
          ],
          [
            133.7106659,
            34.0167845
          ],
          [
            133.7102184,
            34.0165834
          ],
          [
            133.7098495,
            34.0165776
          ],
          [
            133.7095612,
            34.0166103
          ],
          [
            133.7094187,
            34.0165743
          ],
          [
            133.7093206,
            34.0164869
          ],
          [
            133.7092463,
            34.0162736
          ],
          [
            133.7092773,
            34.0156248
          ],
          [
            133.7092504,
            34.0155372
          ],
          [
            133.7092259,
            34.0154595
          ],
          [
            133.7091513,
            34.0154073
          ],
          [
            133.7089522,
            34.0154339
          ],
          [
            133.7084822,
            34.0155489
          ],
          [
            133.7079281,
            34.0155967
          ],
          [
            133.707495,
            34.0157695
          ],
          [
            133.706994,
            34.0159945
          ],
          [
            133.7061473,
            34.0160937
          ],
          [
            133.7060147,
            34.0160702
          ],
          [
            133.7203549,
            34.0218756
          ],
          [
            133.7199458,
            34.0217478
          ],
          [
            133.7196783,
            34.0216913
          ],
          [
            133.7195549,
            34.0216047
          ],
          [
            133.7194295,
            34.0214038
          ],
          [
            133.7193124,
            34.0212321
          ],
          [
            133.719226,
            34.021159
          ],
          [
            133.7187151,
            34.0211023
          ],
          [
            133.7182629,
            34.0208348
          ],
          [
            133.7174802,
            34.0204436
          ],
          [
            133.7164395,
            34.0201013
          ],
          [
            133.716219,
            34.0199907
          ],
          [
            133.7158078,
            34.0196815
          ],
          [
            133.7155881,
            34.019513
          ],
          [
            133.7217549,
            34.0220801
          ],
          [
            133.7214636,
            34.0219053
          ],
          [
            133.7210737,
            34.0218662
          ],
          [
            133.7208538,
            34.0219362
          ],
          [
            133.7205908,
            34.0219372
          ],
          [
            133.7203549,
            34.0218756
          ],
          [
            133.7241852,
            34.0283071
          ],
          [
            133.7243274,
            34.0280886
          ],
          [
            133.7243508,
            34.0279793
          ],
          [
            133.7242878,
            34.0278964
          ],
          [
            133.7237169,
            34.0276682
          ],
          [
            133.7235856,
            34.027583
          ],
          [
            133.7234686,
            34.0270914
          ],
          [
            133.7230589,
            34.0268372
          ],
          [
            133.7228955,
            34.0264164
          ],
          [
            133.722891,
            34.0260504
          ],
          [
            133.7229724,
            34.0258009
          ],
          [
            133.7232217,
            34.0256626
          ],
          [
            133.7234287,
            34.0255441
          ],
          [
            133.7234909,
            34.0254463
          ],
          [
            133.7234703,
            34.0253104
          ],
          [
            133.7231327,
            34.0247314
          ],
          [
            133.7229521,
            34.0245789
          ],
          [
            133.7227672,
            34.0240087
          ],
          [
            133.7227899,
            34.0237412
          ],
          [
            133.7227423,
            34.0235249
          ],
          [
            133.7228042,
            34.0230969
          ],
          [
            133.7226412,
            34.0227324
          ],
          [
            133.7225828,
            34.0226113
          ],
          [
            133.7217549,
            34.0220801
          ],
          [
            133.7241852,
            34.0283071
          ],
          [
            133.724125,
            34.028111
          ],
          [
            133.723577,
            34.0279754
          ],
          [
            133.7234537,
            34.0280064
          ],
          [
            133.7234237,
            34.0281383
          ],
          [
            133.7236278,
            34.0285482
          ],
          [
            133.7236185,
            34.028758
          ],
          [
            133.7235684,
            34.0289007
          ],
          [
            133.7235973,
            34.0292897
          ],
          [
            133.7235793,
            34.0295121
          ],
          [
            133.723401,
            34.02974
          ],
          [
            133.723386,
            34.029807
          ],
          [
            133.723388,
            34.029903
          ],
          [
            133.723428,
            34.030111
          ],
          [
            133.723503,
            34.030331
          ],
          [
            133.723577,
            34.030506
          ],
          [
            133.7237164,
            34.0308136
          ],
          [
            133.723726,
            34.031041
          ],
          [
            133.723577,
            34.03131
          ],
          [
            133.7236562,
            34.0315913
          ],
          [
            133.7236168,
            34.0317317
          ],
          [
            133.723506,
            34.031782
          ],
          [
            133.7234183,
            34.031741
          ],
          [
            133.7233666,
            34.0316368
          ],
          [
            133.7232943,
            34.0311193
          ],
          [
            133.7231789,
            34.0309401
          ],
          [
            133.7230599,
            34.0310286
          ],
          [
            133.7230433,
            34.0311408
          ],
          [
            133.7230315,
            34.0315372
          ],
          [
            133.7228862,
            34.0319507
          ],
          [
            133.7227523,
            34.0321934
          ],
          [
            133.722724,
            34.032342
          ],
          [
            133.722751,
            34.032517
          ],
          [
            133.722826,
            34.032719
          ],
          [
            133.722968,
            34.032984
          ],
          [
            133.723008,
            34.033104
          ],
          [
            133.723022,
            34.033255
          ],
          [
            133.722995,
            34.033402
          ],
          [
            133.722995,
            34.033611
          ],
          [
            133.723049,
            34.033701
          ],
          [
            133.723123,
            34.033757
          ],
          [
            133.723313,
            34.033864
          ],
          [
            133.723617,
            34.033994
          ],
          [
            133.7239364,
            34.0341192
          ],
          [
            133.7240964,
            34.034264
          ],
          [
            133.7241609,
            34.0344834
          ],
          [
            133.7241362,
            34.0346038
          ],
          [
            133.7241177,
            34.0347182
          ],
          [
            133.7240867,
            34.034771
          ],
          [
            133.7238965,
            34.0349136
          ],
          [
            133.7238277,
            34.0349818
          ],
          [
            133.7238122,
            34.0350693
          ],
          [
            133.7238496,
            34.0351818
          ],
          [
            133.7239189,
            34.0353302
          ],
          [
            133.7239258,
            34.0355094
          ],
          [
            133.7239302,
            34.0355768
          ],
          [
            133.7237971,
            34.0355045
          ],
          [
            133.7237947,
            34.035428
          ],
          [
            133.7236864,
            34.0352849
          ],
          [
            133.7237971,
            34.0355045
          ],
          [
            133.7237947,
            34.035428
          ],
          [
            133.7236864,
            34.0352849
          ],
          [
            133.7239302,
            34.0355768
          ],
          [
            133.7237971,
            34.0355045
          ],
          [
            133.7239302,
            34.0355768
          ],
          [
            133.7239833,
            34.0356072
          ],
          [
            133.7243125,
            34.03576
          ],
          [
            133.7243871,
            34.0358339
          ],
          [
            133.7244078,
            34.0358943
          ],
          [
            133.7243767,
            34.03595
          ],
          [
            133.7242602,
            34.0360225
          ],
          [
            133.7241336,
            34.036114
          ],
          [
            133.7238207,
            34.0364497
          ],
          [
            133.723804,
            34.0365444
          ],
          [
            133.7238342,
            34.0366473
          ],
          [
            133.7239307,
            34.0367139
          ],
          [
            133.7240562,
            34.0367741
          ],
          [
            133.7241331,
            34.036902
          ],
          [
            133.7242327,
            34.0370016
          ],
          [
            133.724436,
            34.037082
          ],
          [
            133.724524,
            34.037099
          ],
          [
            133.724707,
            34.03711
          ],
          [
            133.724876,
            34.037161
          ],
          [
            133.724978,
            34.037223
          ],
          [
            133.725187,
            34.03746
          ],
          [
            133.725316,
            34.037573
          ],
          [
            133.725431,
            34.037629
          ],
          [
            133.725715,
            34.037725
          ],
          [
            133.725803,
            34.037776
          ],
          [
            133.725864,
            34.037843
          ],
          [
            133.725909,
            34.0379172
          ],
          [
            133.7259563,
            34.0380647
          ],
          [
            133.726028,
            34.0387673
          ],
          [
            133.7260623,
            34.0388563
          ],
          [
            133.7261129,
            34.0389035
          ],
          [
            133.7262012,
            34.0389327
          ],
          [
            133.7263242,
            34.0389427
          ],
          [
            133.7264661,
            34.0389652
          ],
          [
            133.7265592,
            34.0391545
          ],
          [
            133.7266504,
            34.039401
          ],
          [
            133.726707,
            34.0394926
          ],
          [
            133.7268013,
            34.0395827
          ],
          [
            133.7270302,
            34.0398206
          ],
          [
            133.7250539,
            34.0673506
          ],
          [
            133.7251065,
            34.0673355
          ],
          [
            133.7250908,
            34.0672591
          ],
          [
            133.7250047,
            34.06711
          ],
          [
            133.7250831,
            34.067015
          ],
          [
            133.7251842,
            34.0668431
          ],
          [
            133.7251992,
            34.0665073
          ],
          [
            133.7252848,
            34.0662497
          ],
          [
            133.725383,
            34.066225
          ],
          [
            133.7256593,
            34.0661964
          ],
          [
            133.725823,
            34.065971
          ],
          [
            133.725984,
            34.065814
          ],
          [
            133.7260286,
            34.065593
          ],
          [
            133.7260779,
            34.0655244
          ],
          [
            133.726181,
            34.06547
          ],
          [
            133.726167,
            34.065301
          ],
          [
            133.726099,
            34.065194
          ],
          [
            133.7259055,
            34.0651024
          ],
          [
            133.7257914,
            34.0650561
          ],
          [
            133.7256964,
            34.0649068
          ],
          [
            133.7256158,
            34.0647969
          ],
          [
            133.7255678,
            34.0647438
          ],
          [
            133.7255182,
            34.0646974
          ],
          [
            133.7255578,
            34.0645922
          ],
          [
            133.7255716,
            34.0645139
          ],
          [
            133.7255403,
            34.0644647
          ],
          [
            133.725505,
            34.06432
          ],
          [
            133.725478,
            34.064218
          ],
          [
            133.725464,
            34.064134
          ],
          [
            133.7253857,
            34.0640299
          ],
          [
            133.7254615,
            34.0639249
          ],
          [
            133.7254857,
            34.0638711
          ],
          [
            133.7255075,
            34.0638134
          ],
          [
            133.7255198,
            34.0637641
          ],
          [
            133.7255141,
            34.0637118
          ],
          [
            133.725471,
            34.063655
          ],
          [
            133.725478,
            34.063475
          ],
          [
            133.725458,
            34.063418
          ],
          [
            133.7252108,
            34.0631953
          ],
          [
            133.7250832,
            34.0630588
          ],
          [
            133.7250545,
            34.0628639
          ],
          [
            133.7251098,
            34.0626997
          ],
          [
            133.7251983,
            34.0625148
          ],
          [
            133.7252187,
            34.0624161
          ],
          [
            133.725189,
            34.0622931
          ],
          [
            133.725194,
            34.062223
          ],
          [
            133.7250908,
            34.0620544
          ],
          [
            133.7250139,
            34.0618869
          ],
          [
            133.7248825,
            34.0617513
          ],
          [
            133.7246169,
            34.0616958
          ],
          [
            133.7244148,
            34.061582
          ],
          [
            133.7243293,
            34.0614617
          ],
          [
            133.723976,
            34.061085
          ],
          [
            133.723664,
            34.060752
          ],
          [
            133.723346,
            34.060465
          ],
          [
            133.7229,
            34.060104
          ],
          [
            133.722704,
            34.059902
          ],
          [
            133.72246,
            34.059591
          ],
          [
            133.722348,
            34.05941
          ],
          [
            133.722176,
            34.059134
          ],
          [
            133.722122,
            34.058987
          ],
          [
            133.722115,
            34.058706
          ],
          [
            133.722094,
            34.058621
          ],
          [
            133.722034,
            34.058396
          ],
          [
            133.7220366,
            34.0582938
          ],
          [
            133.7220876,
            34.058198
          ],
          [
            133.722115,
            34.058036
          ],
          [
            133.72223,
            34.057923
          ],
          [
            133.7224096,
            34.0578094
          ],
          [
            133.7225248,
            34.0577783
          ],
          [
            133.7225707,
            34.0577172
          ],
          [
            133.722844,
            34.0574227
          ],
          [
            133.723225,
            34.057264
          ],
          [
            133.723475,
            34.057084
          ],
          [
            133.723603,
            34.05696
          ],
          [
            133.723698,
            34.05683
          ],
          [
            133.723766,
            34.05665
          ],
          [
            133.72382,
            34.056436
          ],
          [
            133.723894,
            34.056238
          ],
          [
            133.7240671,
            34.0560205
          ],
          [
            133.7241315,
            34.0559139
          ],
          [
            133.7241722,
            34.0558018
          ],
          [
            133.7242014,
            34.0556881
          ],
          [
            133.724202,
            34.0556239
          ],
          [
            133.7242167,
            34.0553419
          ],
          [
            133.7242334,
            34.0552838
          ],
          [
            133.7242465,
            34.055176
          ],
          [
            133.7242781,
            34.0550874
          ],
          [
            133.724366,
            34.0549288
          ],
          [
            133.7244227,
            34.0548027
          ],
          [
            133.7244962,
            34.0546628
          ],
          [
            133.7246547,
            34.054514
          ],
          [
            133.7246457,
            34.0543589
          ],
          [
            133.7245659,
            34.0542786
          ],
          [
            133.724585,
            34.054125
          ],
          [
            133.724639,
            34.054063
          ],
          [
            133.7247349,
            34.0539517
          ],
          [
            133.7247353,
            34.0537977
          ],
          [
            133.725092,
            34.053578
          ],
          [
            133.725174,
            34.053437
          ],
          [
            133.725214,
            34.05333
          ],
          [
            133.725214,
            34.053133
          ],
          [
            133.72516,
            34.053003
          ],
          [
            133.7250674,
            34.0529699
          ],
          [
            133.7249281,
            34.0529027
          ],
          [
            133.7248261,
            34.0527983
          ],
          [
            133.724686,
            34.052564
          ],
          [
            133.72467,
            34.0524696
          ],
          [
            133.7246704,
            34.0524076
          ],
          [
            133.724649,
            34.0522878
          ],
          [
            133.7246551,
            34.0522178
          ],
          [
            133.7247752,
            34.0520005
          ],
          [
            133.7248898,
            34.051772
          ],
          [
            133.7249186,
            34.051636
          ],
          [
            133.7249356,
            34.0515627
          ],
          [
            133.7248975,
            34.0513541
          ],
          [
            133.725058,
            34.051093
          ],
          [
            133.7251778,
            34.0508919
          ],
          [
            133.7252473,
            34.0508137
          ],
          [
            133.7253949,
            34.0507156
          ],
          [
            133.7255274,
            34.0505822
          ],
          [
            133.725793,
            34.0503391
          ],
          [
            133.725913,
            34.050178
          ],
          [
            133.725996,
            34.050075
          ],
          [
            133.726017,
            34.04997
          ],
          [
            133.7260866,
            34.0497642
          ],
          [
            133.7260658,
            34.0496631
          ],
          [
            133.726134,
            34.049373
          ],
          [
            133.726256,
            34.04916
          ],
          [
            133.726317,
            34.048985
          ],
          [
            133.726324,
            34.04885
          ],
          [
            133.7261845,
            34.0485722
          ],
          [
            133.7259875,
            34.0483401
          ],
          [
            133.726331,
            34.048055
          ],
          [
            133.7265,
            34.0478543
          ],
          [
            133.7265963,
            34.0476242
          ],
          [
            133.7266128,
            34.0474497
          ],
          [
            133.7266072,
            34.0473024
          ],
          [
            133.7265735,
            34.0472473
          ],
          [
            133.726561,
            34.047215
          ],
          [
            133.726629,
            34.047041
          ],
          [
            133.726694,
            34.0466779
          ],
          [
            133.7268262,
            34.0465183
          ],
          [
            133.7269239,
            34.0463523
          ],
          [
            133.7271154,
            34.0461805
          ],
          [
            133.7273629,
            34.0459399
          ],
          [
            133.7275917,
            34.0456478
          ],
          [
            133.7280705,
            34.0452071
          ],
          [
            133.7282543,
            34.0450829
          ],
          [
            133.7282216,
            34.0449684
          ],
          [
            133.7278964,
            34.0448931
          ],
          [
            133.7278804,
            34.0447899
          ],
          [
            133.72793,
            34.0447158
          ],
          [
            133.7279671,
            34.0446792
          ],
          [
            133.7280466,
            34.0446079
          ],
          [
            133.728174,
            34.0445066
          ],
          [
            133.7284106,
            34.0443278
          ],
          [
            133.728583,
            34.044127
          ],
          [
            133.7286582,
            34.0440051
          ],
          [
            133.728685,
            34.043943
          ],
          [
            133.7286662,
            34.0437742
          ],
          [
            133.7286097,
            34.0436089
          ],
          [
            133.7284022,
            34.0434148
          ],
          [
            133.7282779,
            34.0433114
          ],
          [
            133.7282054,
            34.043186
          ],
          [
            133.7280416,
            34.0429122
          ],
          [
            133.7279507,
            34.0427418
          ],
          [
            133.7278474,
            34.042622
          ],
          [
            133.7277835,
            34.0424439
          ],
          [
            133.7276204,
            34.042167
          ],
          [
            133.7275699,
            34.0420442
          ],
          [
            133.7275378,
            34.0419187
          ],
          [
            133.7274368,
            34.0417476
          ],
          [
            133.7272487,
            34.0413859
          ],
          [
            133.7271273,
            34.0411703
          ],
          [
            133.7270132,
            34.0409353
          ],
          [
            133.7269826,
            34.040689
          ],
          [
            133.727001,
            34.040491
          ],
          [
            133.727001,
            34.040147
          ],
          [
            133.7270302,
            34.0398206
          ],
          [
            133.7250539,
            34.0673506
          ],
          [
            133.725071,
            34.0676231
          ],
          [
            133.7251314,
            34.0677172
          ],
          [
            133.7252638,
            34.0677959
          ],
          [
            133.7252334,
            34.0678725
          ],
          [
            133.7250233,
            34.0681024
          ],
          [
            133.724983,
            34.068163
          ],
          [
            133.7249034,
            34.0683757
          ],
          [
            133.7248129,
            34.0685659
          ],
          [
            133.7246826,
            34.0687403
          ],
          [
            133.7243096,
            34.0691155
          ],
          [
            133.7238754,
            34.0697925
          ],
          [
            133.7234219,
            34.0706268
          ],
          [
            133.7233324,
            34.0707345
          ],
          [
            133.7231422,
            34.0708498
          ],
          [
            133.7229014,
            34.0709437
          ],
          [
            133.7226088,
            34.0711185
          ],
          [
            133.7220707,
            34.0716097
          ],
          [
            133.7212653,
            34.0725366
          ],
          [
            133.7212157,
            34.072586
          ],
          [
            133.7210074,
            34.0726673
          ],
          [
            133.7208436,
            34.072742
          ],
          [
            133.7207879,
            34.072859
          ],
          [
            133.7207738,
            34.0730655
          ],
          [
            133.7207524,
            34.0731589
          ],
          [
            133.7207132,
            34.0732389
          ],
          [
            133.7205545,
            34.0734434
          ],
          [
            133.7204422,
            34.0736048
          ],
          [
            133.7203742,
            34.0736746
          ],
          [
            133.7203017,
            34.073825
          ],
          [
            133.7202773,
            34.0740843
          ],
          [
            133.7202714,
            34.0742365
          ],
          [
            133.7202119,
            34.0742998
          ],
          [
            133.7201071,
            34.0743767
          ],
          [
            133.7200303,
            34.0744884
          ],
          [
            133.7197993,
            34.0750095
          ],
          [
            133.7196873,
            34.075235
          ],
          [
            133.7195703,
            34.0753222
          ],
          [
            133.7192615,
            34.0754456
          ],
          [
            133.7188544,
            34.0755117
          ],
          [
            133.7186584,
            34.0755674
          ],
          [
            133.7185667,
            34.0756263
          ],
          [
            133.7184589,
            34.0757241
          ],
          [
            133.7183587,
            34.0758768
          ],
          [
            133.7182101,
            34.0761166
          ],
          [
            133.7180152,
            34.0763701
          ],
          [
            133.7177994,
            34.0766215
          ],
          [
            133.7176496,
            34.0768243
          ],
          [
            133.7174266,
            34.0772902
          ],
          [
            133.7172547,
            34.0777212
          ],
          [
            133.7171525,
            34.0781516
          ],
          [
            133.7170913,
            34.0783279
          ],
          [
            133.7170228,
            34.0784424
          ],
          [
            133.7169382,
            34.0785504
          ],
          [
            133.7167592,
            34.0787063
          ],
          [
            133.7162945,
            34.0791109
          ],
          [
            133.715992,
            34.0793964
          ],
          [
            133.7157248,
            34.0797296
          ],
          [
            133.715418,
            34.0801328
          ],
          [
            133.7152507,
            34.0803524
          ],
          [
            133.7151642,
            34.0805015
          ],
          [
            133.7151177,
            34.0805891
          ],
          [
            133.7149708,
            34.0809553
          ],
          [
            133.7148104,
            34.0814278
          ],
          [
            133.7146676,
            34.0818679
          ],
          [
            133.7145796,
            34.0820124
          ],
          [
            133.7143741,
            34.0821806
          ],
          [
            133.7141547,
            34.0822758
          ],
          [
            133.7138958,
            34.0824026
          ],
          [
            133.7136489,
            34.0825413
          ],
          [
            133.7134529,
            34.0826969
          ],
          [
            133.7134108,
            34.0827542
          ],
          [
            133.7132856,
            34.0829246
          ],
          [
            133.7130566,
            34.0832394
          ],
          [
            133.7129098,
            34.0835083
          ],
          [
            133.7127805,
            34.0838453
          ],
          [
            133.7126626,
            34.084027
          ],
          [
            133.7124204,
            34.0842412
          ],
          [
            133.712227,
            34.0843556
          ],
          [
            133.7120783,
            34.0844544
          ],
          [
            133.7118935,
            34.0846268
          ],
          [
            133.7117473,
            34.0847947
          ],
          [
            133.7116281,
            34.0848841
          ],
          [
            133.7114717,
            34.0849526
          ],
          [
            133.7111778,
            34.0850453
          ],
          [
            133.710982,
            34.0851044
          ],
          [
            133.7108109,
            34.0852131
          ],
          [
            133.7106732,
            34.0853231
          ],
          [
            133.7097759,
            34.0862644
          ],
          [
            133.7097506,
            34.08629
          ],
          [
            133.7096174,
            34.0864253
          ],
          [
            133.7094493,
            34.0866578
          ],
          [
            133.7093078,
            34.0868794
          ],
          [
            133.7092023,
            34.0870464
          ],
          [
            133.7091431,
            34.0872096
          ],
          [
            133.7091107,
            34.0874009
          ],
          [
            133.7090958,
            34.0877242
          ],
          [
            133.7090716,
            34.0879092
          ],
          [
            133.7089937,
            34.0881095
          ],
          [
            133.7089,
            34.0882666
          ],
          [
            133.7088096,
            34.0883968
          ],
          [
            133.70867,
            34.0885318
          ],
          [
            133.7083673,
            34.0887799
          ],
          [
            133.7081945,
            34.0889025
          ],
          [
            133.7080715,
            34.0890327
          ],
          [
            133.7080048,
            34.0891593
          ],
          [
            133.7079522,
            34.0893158
          ],
          [
            133.7078867,
            34.0896167
          ],
          [
            133.7078774,
            34.0897765
          ],
          [
            133.7079073,
            34.0899373
          ],
          [
            133.7079975,
            34.0901005
          ],
          [
            133.7081011,
            34.0902638
          ],
          [
            133.7081532,
            34.0904406
          ],
          [
            133.7081947,
            34.0905867
          ],
          [
            133.7082151,
            34.090721
          ],
          [
            133.7082183,
            34.090854
          ],
          [
            133.7081885,
            34.091025
          ],
          [
            133.7081352,
            34.091192
          ],
          [
            133.70811,
            34.0912941
          ],
          [
            133.7081021,
            34.0913261
          ],
          [
            133.7080996,
            34.091402
          ],
          [
            133.7080986,
            34.091432
          ],
          [
            133.7081407,
            34.0915677
          ],
          [
            133.7081915,
            34.0916656
          ],
          [
            133.708201,
            34.0916838
          ],
          [
            133.7083085,
            34.0918135
          ],
          [
            133.7083702,
            34.0917763
          ],
          [
            133.7084332,
            34.0917557
          ],
          [
            133.7084882,
            34.0917768
          ],
          [
            133.7087068,
            34.0919168
          ],
          [
            133.7089173,
            34.0920567
          ],
          [
            133.7091509,
            34.0922229
          ],
          [
            133.7092245,
            34.0922855
          ],
          [
            133.7093197,
            34.0923999
          ],
          [
            133.709372,
            34.092481
          ],
          [
            133.7093975,
            34.0925731
          ],
          [
            133.7094082,
            34.0927042
          ],
          [
            133.7094149,
            34.0928308
          ],
          [
            133.7094109,
            34.0929441
          ],
          [
            133.7093988,
            34.0930518
          ],
          [
            133.7093894,
            34.0931429
          ],
          [
            133.7093975,
            34.093234
          ],
          [
            133.7094243,
            34.0933006
          ],
          [
            133.7095544,
            34.0934727
          ],
          [
            133.7097,
            34.0936077
          ],
          [
            133.7097535,
            34.0936966
          ],
          [
            133.7100085,
            34.0940491
          ],
          [
            133.7102435,
            34.0942739
          ],
          [
            133.7104585,
            34.0944987
          ],
          [
            133.7105134,
            34.0945776
          ],
          [
            133.7105395,
            34.0947024
          ],
          [
            133.7105328,
            34.0948083
          ],
          [
            133.7105394,
            34.094846
          ],
          [
            133.7105554,
            34.0949027
          ],
          [
            133.7106151,
            34.0949796
          ],
          [
            133.7106772,
            34.0950508
          ],
          [
            133.7109609,
            34.0954198
          ],
          [
            133.7110696,
            34.0955634
          ],
          [
            133.7111803,
            34.0956487
          ],
          [
            133.711297,
            34.0957638
          ],
          [
            133.7115936,
            34.0962086
          ],
          [
            133.7118562,
            34.0966198
          ],
          [
            133.711806,
            34.0966755
          ],
          [
            133.7123489,
            34.0972226
          ],
          [
            133.7127806,
            34.0976494
          ],
          [
            133.7131178,
            34.097947
          ],
          [
            133.7133783,
            34.0982493
          ],
          [
            133.7138731,
            34.0988251
          ],
          [
            133.7140516,
            34.0990358
          ],
          [
            133.7142409,
            34.0990269
          ],
          [
            133.7149991,
            34.0991912
          ],
          [
            133.7150928,
            34.0991951
          ],
          [
            133.7158123,
            34.0991108
          ],
          [
            133.7160021,
            34.0991013
          ],
          [
            133.7165027,
            34.0991674
          ],
          [
            133.7165862,
            34.0991823
          ],
          [
            133.7166815,
            34.099245
          ],
          [
            133.7169193,
            34.0995237
          ],
          [
            133.7170927,
            34.0996461
          ],
          [
            133.7172012,
            34.0997059
          ],
          [
            133.7173942,
            34.0997793
          ],
          [
            133.71752,
            34.0998414
          ],
          [
            133.7176238,
            34.1001545
          ],
          [
            133.7177087,
            34.100273
          ],
          [
            133.7178005,
            34.1004626
          ],
          [
            133.7179417,
            34.1009075
          ],
          [
            133.7181538,
            34.1014596
          ],
          [
            133.7182184,
            34.1015434
          ],
          [
            133.7182793,
            34.1015806
          ],
          [
            133.7184164,
            34.1014446
          ],
          [
            133.7186161,
            34.1012087
          ],
          [
            133.7203873,
            34.1023061
          ],
          [
            133.7203156,
            34.1022963
          ],
          [
            133.7202926,
            34.1022795
          ],
          [
            133.7202591,
            34.1020257
          ],
          [
            133.7202303,
            34.1019053
          ],
          [
            133.7201839,
            34.101823
          ],
          [
            133.7201444,
            34.1017833
          ],
          [
            133.7198898,
            34.101725
          ],
          [
            133.719531,
            34.1015794
          ],
          [
            133.7191276,
            34.1013897
          ],
          [
            133.7188839,
            34.1012941
          ],
          [
            133.7186161,
            34.1012087
          ],
          [
            133.7204741,
            34.1023155
          ],
          [
            133.7203873,
            34.1023061
          ],
          [
            133.7204717,
            34.1025193
          ],
          [
            133.7204951,
            34.1023565
          ],
          [
            133.7204741,
            34.1023155
          ],
          [
            133.7204717,
            34.1025193
          ],
          [
            133.7203989,
            34.1025097
          ],
          [
            133.7200113,
            34.1024246
          ],
          [
            133.7198215,
            34.1023789
          ],
          [
            133.7196077,
            34.1023192
          ],
          [
            133.7194015,
            34.1022446
          ],
          [
            133.7193041,
            34.1022106
          ],
          [
            133.7142409,
            34.0990269
          ],
          [
            133.7140516,
            34.0990358
          ],
          [
            133.7194015,
            34.1022446
          ],
          [
            133.7193041,
            34.1022106
          ],
          [
            133.7196077,
            34.1023192
          ],
          [
            133.7194015,
            34.1022446
          ],
          [
            133.7198215,
            34.1023789
          ],
          [
            133.7196077,
            34.1023192
          ],
          [
            133.7200113,
            34.1024246
          ],
          [
            133.7198215,
            34.1023789
          ],
          [
            133.7203989,
            34.1025097
          ],
          [
            133.7200113,
            34.1024246
          ],
          [
            133.7204717,
            34.1025193
          ],
          [
            133.7203989,
            34.1025097
          ],
          [
            133.7202274,
            34.103563
          ],
          [
            133.7203709,
            34.1029568
          ],
          [
            133.7204717,
            34.1025193
          ],
          [
            133.7202152,
            34.1052502
          ],
          [
            133.7201006,
            34.1042113
          ],
          [
            133.7201198,
            34.1040057
          ],
          [
            133.720166,
            34.1036338
          ],
          [
            133.7202274,
            34.103563
          ],
          [
            133.7202152,
            34.1052502
          ],
          [
            133.7199923,
            34.1052223
          ],
          [
            133.7199333,
            34.1052126
          ],
          [
            133.719744,
            34.1051575
          ],
          [
            133.7196572,
            34.1051579
          ],
          [
            133.7195854,
            34.105224
          ],
          [
            133.7194076,
            34.1054491
          ],
          [
            133.7193233,
            34.105593
          ],
          [
            133.7192563,
            34.1056342
          ],
          [
            133.719159,
            34.1056681
          ],
          [
            133.7187953,
            34.1057439
          ],
          [
            133.7187441,
            34.1058439
          ],
          [
            133.7187326,
            34.1058663
          ],
          [
            133.718658,
            34.1059471
          ],
          [
            133.7185856,
            34.1059821
          ],
          [
            133.7184709,
            34.1060539
          ],
          [
            133.7183842,
            34.1061504
          ],
          [
            133.7183113,
            34.1062566
          ],
          [
            133.7182435,
            34.1063701
          ],
          [
            133.7180712,
            34.1065265
          ],
          [
            133.7179223,
            34.10665
          ],
          [
            133.7176914,
            34.1069144
          ],
          [
            133.7176317,
            34.1069827
          ],
          [
            133.7175518,
            34.1070893
          ],
          [
            133.717398,
            34.1073597
          ],
          [
            133.7172747,
            34.1074178
          ],
          [
            133.7166543,
            34.1076106
          ],
          [
            133.7164135,
            34.1076171
          ],
          [
            133.7163756,
            34.1076447
          ],
          [
            133.7163365,
            34.1077482
          ],
          [
            133.7160549,
            34.1081302
          ],
          [
            133.7160471,
            34.1083554
          ],
          [
            133.7149948,
            34.1089726
          ],
          [
            133.7150504,
            34.1089593
          ],
          [
            133.7152717,
            34.1088975
          ],
          [
            133.7154539,
            34.108821
          ],
          [
            133.7156498,
            34.1087172
          ],
          [
            133.715787,
            34.1086361
          ],
          [
            133.7159072,
            34.10854
          ],
          [
            133.7160471,
            34.1083554
          ],
          [
            133.714221,
            34.1093457
          ],
          [
            133.7142427,
            34.1092987
          ],
          [
            133.7142899,
            34.1091819
          ],
          [
            133.7143284,
            34.1091604
          ],
          [
            133.714553,
            34.1091173
          ],
          [
            133.714912,
            34.1090914
          ],
          [
            133.7149503,
            34.109046
          ],
          [
            133.7149948,
            34.1089726
          ],
          [
            133.714221,
            34.1093457
          ],
          [
            133.7138597,
            34.1092037
          ],
          [
            133.7138023,
            34.1093656
          ],
          [
            133.7107003,
            34.1087197
          ],
          [
            133.7111415,
            34.1088088
          ],
          [
            133.7111581,
            34.1088518
          ],
          [
            133.7112463,
            34.1088728
          ],
          [
            133.7115293,
            34.108871
          ],
          [
            133.7118707,
            34.1089414
          ],
          [
            133.712312,
            34.1090648
          ],
          [
            133.712517,
            34.1090675
          ],
          [
            133.712703,
            34.1091194
          ],
          [
            133.7131598,
            34.1092044
          ],
          [
            133.7138023,
            34.1093656
          ],
          [
            133.7107003,
            34.1087197
          ],
          [
            133.7107691,
            34.1092701
          ],
          [
            133.7107842,
            34.1095078
          ],
          [
            133.7107591,
            34.1096197
          ],
          [
            133.710717,
            34.1096916
          ],
          [
            133.7104839,
            34.1100741
          ],
          [
            133.7104097,
            34.1102278
          ],
          [
            133.710377,
            34.110392
          ],
          [
            133.7103273,
            34.1106262
          ],
          [
            133.7102076,
            34.1108702
          ],
          [
            133.7101794,
            34.1109335
          ],
          [
            133.7100588,
            34.1110125
          ],
          [
            133.7100099,
            34.1110327
          ],
          [
            133.7099553,
            34.1110447
          ],
          [
            133.7097816,
            34.1110242
          ],
          [
            133.7096348,
            34.1109949
          ],
          [
            133.7094495,
            34.1109533
          ],
          [
            133.7092677,
            34.1108831
          ],
          [
            133.7092257,
            34.1108821
          ],
          [
            133.7090402,
            34.1109912
          ],
          [
            133.7089202,
            34.1111539
          ],
          [
            133.7088662,
            34.1111832
          ],
          [
            133.7087821,
            34.1110898
          ],
          [
            133.7086612,
            34.110995
          ],
          [
            133.708482,
            34.110897
          ],
          [
            133.708177,
            34.1107829
          ],
          [
            133.7079834,
            34.1107336
          ],
          [
            133.7077877,
            34.1107166
          ],
          [
            133.7075558,
            34.1107257
          ],
          [
            133.7068507,
            34.1108276
          ],
          [
            133.7065326,
            34.1108645
          ],
          [
            133.706251,
            34.1108844
          ],
          [
            133.7062074,
            34.110863
          ],
          [
            133.7061,
            34.110478
          ],
          [
            133.7060469,
            34.1103843
          ],
          [
            133.7059382,
            34.1103263
          ],
          [
            133.7058165,
            34.1102974
          ],
          [
            133.7056417,
            34.1102842
          ],
          [
            133.7054583,
            34.110222
          ],
          [
            133.7050941,
            34.110067
          ],
          [
            133.7049428,
            34.1100522
          ],
          [
            133.7048329,
            34.1100644
          ],
          [
            133.7044502,
            34.1101997
          ],
          [
            133.704227,
            34.1102531
          ],
          [
            133.7039661,
            34.1102736
          ],
          [
            133.7037747,
            34.1102945
          ],
          [
            133.7035979,
            34.1103021
          ],
          [
            133.703202,
            34.1102764
          ],
          [
            133.7026217,
            34.1102526
          ],
          [
            133.7025285,
            34.1102517
          ],
          [
            133.7019616,
            34.1103153
          ],
          [
            133.7017529,
            34.1103456
          ],
          [
            133.7016123,
            34.1103901
          ],
          [
            133.6928847,
            34.1157637
          ],
          [
            133.6929731,
            34.1156982
          ],
          [
            133.6931897,
            34.1155794
          ],
          [
            133.6933609,
            34.115521
          ],
          [
            133.6936341,
            34.1154312
          ],
          [
            133.693921,
            34.1153174
          ],
          [
            133.6941758,
            34.1151911
          ],
          [
            133.6960663,
            34.1141477
          ],
          [
            133.6963446,
            34.1140328
          ],
          [
            133.6966319,
            34.1139403
          ],
          [
            133.6967337,
            34.1138926
          ],
          [
            133.6968162,
            34.1138246
          ],
          [
            133.6972186,
            34.1133117
          ],
          [
            133.697487,
            34.1130532
          ],
          [
            133.6980621,
            34.1125014
          ],
          [
            133.6982413,
            34.1123415
          ],
          [
            133.6984483,
            34.1122145
          ],
          [
            133.6988851,
            34.1120007
          ],
          [
            133.6994703,
            34.1117166
          ],
          [
            133.6997984,
            34.1115431
          ],
          [
            133.7000879,
            34.1113803
          ],
          [
            133.7003404,
            34.1112106
          ],
          [
            133.7007323,
            34.1109179
          ],
          [
            133.7011443,
            34.1106216
          ],
          [
            133.7012924,
            34.1105167
          ],
          [
            133.7014307,
            34.1104526
          ],
          [
            133.7016123,
            34.1103901
          ],
          [
            133.6928847,
            34.1157637
          ],
          [
            133.6926808,
            34.1157336
          ],
          [
            133.6924645,
            34.1157045
          ],
          [
            133.6916945,
            34.1156202
          ],
          [
            133.690904,
            34.1155221
          ],
          [
            133.6907831,
            34.1155071
          ],
          [
            133.6906223,
            34.1154926
          ],
          [
            133.6904631,
            34.1154954
          ],
          [
            133.6903549,
            34.1154876
          ],
          [
            133.6902193,
            34.1155189
          ],
          [
            133.6901508,
            34.1155429
          ],
          [
            133.6896922,
            34.1157504
          ],
          [
            133.6893603,
            34.1158901
          ],
          [
            133.6891603,
            34.1159653
          ],
          [
            133.6889581,
            34.11603
          ],
          [
            133.6881767,
            34.1162392
          ],
          [
            133.6879498,
            34.1163046
          ],
          [
            133.687584,
            34.1164104
          ],
          [
            133.6874334,
            34.1164512
          ],
          [
            133.6865815,
            34.116668
          ],
          [
            133.6863411,
            34.1167291
          ],
          [
            133.6859348,
            34.1168211
          ],
          [
            133.6855161,
            34.1168978
          ],
          [
            133.6852073,
            34.1169553
          ],
          [
            133.6845285,
            34.1170943
          ],
          [
            133.6838493,
            34.1172292
          ],
          [
            133.6832936,
            34.1173404
          ],
          [
            133.6819829,
            34.1176046
          ],
          [
            133.6817323,
            34.1176692
          ],
          [
            133.681228,
            34.1178307
          ],
          [
            133.6807421,
            34.1179977
          ],
          [
            133.6807093,
            34.1180086
          ],
          [
            133.6802057,
            34.1181859
          ],
          [
            133.6795473,
            34.1184161
          ],
          [
            133.6792893,
            34.118506
          ],
          [
            133.6790216,
            34.1186195
          ],
          [
            133.6787483,
            34.1187121
          ],
          [
            133.6784101,
            34.1188752
          ],
          [
            133.6782318,
            34.1189633
          ],
          [
            133.6781438,
            34.1190067
          ],
          [
            133.6779566,
            34.1191037
          ],
          [
            133.6773473,
            34.1194139
          ],
          [
            133.6766487,
            34.1197515
          ],
          [
            133.6762252,
            34.1199617
          ],
          [
            133.6760598,
            34.1200288
          ],
          [
            133.6758944,
            34.1200832
          ],
          [
            133.675671,
            34.1201388
          ],
          [
            133.6754531,
            34.1201752
          ],
          [
            133.675191,
            34.1202199
          ],
          [
            133.6745934,
            34.1203318
          ],
          [
            133.674455,
            34.1203625
          ],
          [
            133.6743946,
            34.1203759
          ],
          [
            133.6742258,
            34.1204165
          ],
          [
            133.6740002,
            34.1205084
          ],
          [
            133.6730041,
            34.1209966
          ],
          [
            133.6727158,
            34.1211217
          ],
          [
            133.6724353,
            34.1212391
          ],
          [
            133.6719045,
            34.1214585
          ],
          [
            133.6713913,
            34.1216803
          ],
          [
            133.6708291,
            34.1219442
          ],
          [
            133.670411,
            34.1221497
          ],
          [
            133.6703531,
            34.1221782
          ],
          [
            133.669832,
            34.1224225
          ],
          [
            133.669312,
            34.1226477
          ],
          [
            133.6682821,
            34.123092
          ],
          [
            133.6678425,
            34.1232969
          ],
          [
            133.6672518,
            34.1235873
          ],
          [
            133.6661562,
            34.1241062
          ],
          [
            133.6640473,
            34.1250839
          ],
          [
            133.6638233,
            34.1251753
          ],
          [
            133.6628517,
            34.1256166
          ],
          [
            133.6626423,
            34.1256847
          ],
          [
            133.6624895,
            34.12572
          ],
          [
            133.6620453,
            34.1258032
          ],
          [
            133.6618178,
            34.1258466
          ],
          [
            133.6614883,
            34.1259212
          ],
          [
            133.6613004,
            34.125991
          ],
          [
            133.6611764,
            34.1260368
          ],
          [
            133.6610197,
            34.1260932
          ],
          [
            133.6608831,
            34.1261247
          ],
          [
            133.6607468,
            34.1261349
          ],
          [
            133.6606133,
            34.126145
          ],
          [
            133.6604722,
            34.1261617
          ],
          [
            133.6603869,
            34.1261932
          ],
          [
            133.6603463,
            34.1262429
          ],
          [
            133.6603295,
            34.1262838
          ],
          [
            133.6603463,
            34.1262429
          ],
          [
            133.6602583,
            34.1264952
          ],
          [
            133.6603295,
            34.1262838
          ],
          [
            133.6602431,
            34.1265403
          ],
          [
            133.6602583,
            34.1264952
          ],
          [
            133.6602431,
            34.1265403
          ],
          [
            133.6599705,
            34.1264887
          ],
          [
            133.6598276,
            34.1264801
          ],
          [
            133.6596616,
            34.1264918
          ],
          [
            133.6594433,
            34.126539
          ],
          [
            133.6586959,
            34.1267342
          ],
          [
            133.6582961,
            34.1268537
          ],
          [
            133.657997,
            34.1269569
          ],
          [
            133.657515,
            34.1271603
          ],
          [
            133.6573494,
            34.1272284
          ],
          [
            133.6572494,
            34.1272696
          ],
          [
            133.6569881,
            34.1273975
          ],
          [
            133.6568372,
            34.1274702
          ],
          [
            133.6566753,
            34.1275659
          ],
          [
            133.6565907,
            34.1276181
          ],
          [
            133.6564886,
            34.1276855
          ],
          [
            133.6562211,
            34.1278751
          ],
          [
            133.6555876,
            34.1283265
          ],
          [
            133.6553461,
            34.1284962
          ],
          [
            133.6552699,
            34.1285564
          ],
          [
            133.6551912,
            34.1286167
          ],
          [
            133.6546278,
            34.1290136
          ],
          [
            133.6542592,
            34.129255
          ],
          [
            133.6539399,
            34.1294209
          ],
          [
            133.6537013,
            34.1295189
          ],
          [
            133.6536289,
            34.1295422
          ],
          [
            133.6533743,
            34.1296283
          ],
          [
            133.6529421,
            34.1297566
          ],
          [
            133.6526284,
            34.1298503
          ],
          [
            133.6525035,
            34.1298851
          ],
          [
            133.6511023,
            34.1299971
          ],
          [
            133.65122,
            34.1299917
          ],
          [
            133.6521314,
            34.1299599
          ],
          [
            133.6522536,
            34.1299474
          ],
          [
            133.6523758,
            34.1299223
          ],
          [
            133.6525035,
            34.1298851
          ],
          [
            133.6506937,
            34.1312773
          ],
          [
            133.6507121,
            34.1312516
          ],
          [
            133.6509539,
            34.1309345
          ],
          [
            133.651016,
            34.1308523
          ],
          [
            133.6510426,
            34.1307855
          ],
          [
            133.6510618,
            34.1307044
          ],
          [
            133.6511004,
            34.1304398
          ],
          [
            133.6511105,
            34.1303229
          ],
          [
            133.6511129,
            34.1301869
          ],
          [
            133.6511036,
            34.1300155
          ],
          [
            133.6511023,
            34.1299971
          ],
          [
            133.6501017,
            34.13199
          ],
          [
            133.6506937,
            34.1312773
          ],
          [
            133.6500639,
            34.1320653
          ],
          [
            133.6501017,
            34.13199
          ],
          [
            133.6500042,
            34.1322324
          ],
          [
            133.6500639,
            34.1320653
          ],
          [
            133.6500042,
            34.1322324
          ],
          [
            133.6498213,
            34.1322282
          ],
          [
            133.649722,
            34.1322055
          ],
          [
            133.6496762,
            34.1321929
          ],
          [
            133.6495109,
            34.1322606
          ],
          [
            133.6493641,
            34.1324192
          ],
          [
            133.6492327,
            34.1325994
          ],
          [
            133.649049,
            34.1329203
          ],
          [
            133.6490479,
            34.1330093
          ],
          [
            133.6491871,
            34.1334205
          ],
          [
            133.6492321,
            34.1335559
          ],
          [
            133.6493182,
            34.1338339
          ],
          [
            133.6494574,
            34.1342473
          ],
          [
            133.6483853,
            34.1342489
          ],
          [
            133.6490002,
            34.1342511
          ],
          [
            133.6494574,
            34.1342473
          ],
          [
            133.6483853,
            34.1342489
          ],
          [
            133.6482454,
            34.1342451
          ],
          [
            133.6481165,
            34.1342422
          ],
          [
            133.6477455,
            34.1342416
          ],
          [
            133.6476421,
            34.1342412
          ],
          [
            133.6477455,
            34.1342416
          ],
          [
            133.6476799,
            34.1340433
          ],
          [
            133.6476421,
            34.1342412
          ],
          [
            133.6474209,
            34.1340046
          ],
          [
            133.6476799,
            34.1340433
          ],
          [
            133.6474209,
            34.1340046
          ],
          [
            133.6476799,
            34.1340433
          ],
          [
            133.6476421,
            34.1342412
          ],
          [
            133.6476317,
            34.1342718
          ],
          [
            133.6479391,
            34.134567
          ],
          [
            133.6476932,
            34.1345794
          ],
          [
            133.6476973,
            34.1344185
          ],
          [
            133.6477008,
            34.1343054
          ],
          [
            133.6476317,
            34.1342718
          ],
          [
            133.6479391,
            34.134567
          ],
          [
            133.6483937,
            34.1345745
          ],
          [
            133.6486823,
            34.1347628
          ],
          [
            133.6483937,
            34.1345745
          ],
          [
            133.649581,
            34.1345978
          ],
          [
            133.6495611,
            34.1345933
          ],
          [
            133.6494304,
            34.1345905
          ],
          [
            133.6492631,
            34.1346084
          ],
          [
            133.648776,
            34.1347223
          ],
          [
            133.6486823,
            34.1347628
          ],
          [
            133.6497056,
            34.1346221
          ],
          [
            133.649581,
            34.1345978
          ],
          [
            133.6524046,
            34.1336907
          ],
          [
            133.6523317,
            34.1337501
          ],
          [
            133.6522442,
            34.1337947
          ],
          [
            133.6521385,
            34.1338167
          ],
          [
            133.6518866,
            34.1338383
          ],
          [
            133.6517984,
            34.1338641
          ],
          [
            133.6515471,
            34.1339767
          ],
          [
            133.6511842,
            34.1341223
          ],
          [
            133.6509829,
            34.1342039
          ],
          [
            133.6505861,
            34.1343736
          ],
          [
            133.6504997,
            34.1344144
          ],
          [
            133.6504216,
            34.13445
          ],
          [
            133.6502387,
            34.1345315
          ],
          [
            133.6500518,
            34.1346013
          ],
          [
            133.6498798,
            34.1346289
          ],
          [
            133.6497056,
            34.1346221
          ],
          [
            133.6531022,
            34.1328694
          ],
          [
            133.6524046,
            34.1336907
          ],
          [
            133.6632781,
            34.1349344
          ],
          [
            133.6623802,
            34.1346455
          ],
          [
            133.6620061,
            34.134511
          ],
          [
            133.6610136,
            34.1340881
          ],
          [
            133.6607167,
            34.1339961
          ],
          [
            133.6601768,
            34.1338498
          ],
          [
            133.6599665,
            34.1337908
          ],
          [
            133.6597334,
            34.133731
          ],
          [
            133.6593759,
            34.1336692
          ],
          [
            133.6590473,
            34.1336571
          ],
          [
            133.6588269,
            34.1336602
          ],
          [
            133.6583838,
            34.1336831
          ],
          [
            133.6577783,
            34.1337157
          ],
          [
            133.6575272,
            34.133717
          ],
          [
            133.6569119,
            34.1336957
          ],
          [
            133.6566999,
            34.1336927
          ],
          [
            133.6565512,
            34.1336819
          ],
          [
            133.6560013,
            34.1336552
          ],
          [
            133.6556634,
            34.1336374
          ],
          [
            133.6554262,
            34.1336123
          ],
          [
            133.6550604,
            34.1335543
          ],
          [
            133.6549505,
            34.1335265
          ],
          [
            133.654382,
            34.1333766
          ],
          [
            133.6540014,
            34.1332566
          ],
          [
            133.6538163,
            34.1331923
          ],
          [
            133.6534805,
            34.1330583
          ],
          [
            133.6531022,
            34.1328694
          ],
          [
            133.665732,
            34.1356726
          ],
          [
            133.6656215,
            34.1356322
          ],
          [
            133.6651182,
            34.1353815
          ],
          [
            133.6649041,
            34.1352705
          ],
          [
            133.664777,
            34.1352285
          ],
          [
            133.6639873,
            34.1351093
          ],
          [
            133.6632781,
            34.1349344
          ],
          [
            133.6730761,
            34.1376665
          ],
          [
            133.6726092,
            34.1375174
          ],
          [
            133.6721301,
            34.1373818
          ],
          [
            133.6711394,
            34.1371239
          ],
          [
            133.6704429,
            34.1369065
          ],
          [
            133.6700137,
            34.1367567
          ],
          [
            133.6690816,
            34.1364388
          ],
          [
            133.6679068,
            34.1360896
          ],
          [
            133.6672926,
            34.1359445
          ],
          [
            133.6664084,
            34.1358012
          ],
          [
            133.6660924,
            34.1357531
          ],
          [
            133.6658683,
            34.1357087
          ],
          [
            133.665732,
            34.1356726
          ],
          [
            133.6730761,
            34.1376665
          ],
          [
            133.6731652,
            34.1377143
          ],
          [
            133.6734159,
            34.1378102
          ],
          [
            133.6737413,
            34.1378911
          ],
          [
            133.6743367,
            34.138016
          ],
          [
            133.6745346,
            34.1380325
          ],
          [
            133.6753753,
            34.1379938
          ],
          [
            133.6762055,
            34.1379128
          ],
          [
            133.676693,
            34.1378684
          ],
          [
            133.6775037,
            34.137742
          ],
          [
            133.6786967,
            34.1376355
          ],
          [
            133.6799067,
            34.1376218
          ],
          [
            133.6803765,
            34.1376899
          ],
          [
            133.6807702,
            34.1377613
          ],
          [
            133.6812021,
            34.1378708
          ],
          [
            133.6820202,
            34.1380853
          ],
          [
            133.6824554,
            34.1382485
          ],
          [
            133.6827133,
            34.1383017
          ],
          [
            133.6829747,
            34.1383435
          ],
          [
            133.6838603,
            34.1384326
          ],
          [
            133.6924385,
            34.1368898
          ],
          [
            133.6907294,
            34.1371711
          ],
          [
            133.6893338,
            34.1374831
          ],
          [
            133.6880465,
            34.1378146
          ],
          [
            133.6879835,
            34.1378491
          ],
          [
            133.687821,
            34.1378934
          ],
          [
            133.6877246,
            34.1379031
          ],
          [
            133.687026,
            34.1380404
          ],
          [
            133.6864029,
            34.1381817
          ],
          [
            133.6856733,
            34.1383678
          ],
          [
            133.68486,
            34.1385189
          ],
          [
            133.6846991,
            34.1385301
          ],
          [
            133.684078,
            34.1384718
          ],
          [
            133.6838603,
            34.1384326
          ],
          [
            133.6924385,
            34.1368898
          ],
          [
            133.6929682,
            34.1367563
          ],
          [
            133.6930547,
            34.1366941
          ],
          [
            133.693253,
            34.136657
          ],
          [
            133.6934542,
            34.1374171
          ],
          [
            133.693486,
            34.1375689
          ],
          [
            133.693539,
            34.1377654
          ],
          [
            133.693582,
            34.1378762
          ],
          [
            133.6936813,
            34.138252
          ],
          [
            133.6937132,
            34.138348
          ],
          [
            133.693771,
            34.1385657
          ],
          [
            133.693869,
            34.138862
          ],
          [
            133.6938748,
            34.1388916
          ],
          [
            133.6938229,
            34.1389149
          ],
          [
            133.693771,
            34.1389289
          ],
          [
            133.693637,
            34.1389813
          ],
          [
            133.6934782,
            34.1390845
          ],
          [
            133.6939777,
            34.1396611
          ],
          [
            133.6938637,
            34.1395306
          ],
          [
            133.6937799,
            34.1394364
          ],
          [
            133.6934782,
            34.1390845
          ],
          [
            133.6939777,
            34.1396611
          ],
          [
            133.6938637,
            34.1395306
          ],
          [
            133.6937799,
            34.1394364
          ],
          [
            133.6934782,
            34.1390845
          ],
          [
            133.6938748,
            34.1388916
          ],
          [
            133.6938229,
            34.1389149
          ],
          [
            133.693771,
            34.1389289
          ],
          [
            133.693637,
            34.1389813
          ],
          [
            133.6934782,
            34.1390845
          ],
          [
            133.6938748,
            34.1388916
          ],
          [
            133.6939212,
            34.1389222
          ],
          [
            133.6941887,
            34.1392044
          ],
          [
            133.6944703,
            34.139497
          ],
          [
            133.6946272,
            34.1396645
          ],
          [
            133.694755,
            34.1397914
          ],
          [
            133.6948998,
            34.1399141
          ],
          [
            133.6950248,
            34.1399908
          ],
          [
            133.6951072,
            34.1400256
          ],
          [
            133.6952694,
            34.1400605
          ],
          [
            133.6953753,
            34.1400758
          ],
          [
            133.6957419,
            34.140106
          ],
          [
            133.6958591,
            34.1401113
          ],
          [
            133.6959719,
            34.1400903
          ],
          [
            133.6961101,
            34.1400485
          ],
          [
            133.6963288,
            34.1399553
          ],
          [
            133.6965689,
            34.1399019
          ],
          [
            133.6966843,
            34.1398843
          ],
          [
            133.696848,
            34.1398821
          ],
          [
            133.6969988,
            34.1398972
          ],
          [
            133.6971315,
            34.1399329
          ],
          [
            133.6972596,
            34.1399836
          ],
          [
            133.6973796,
            34.1400386
          ],
          [
            133.6976414,
            34.1401992
          ],
          [
            133.6981687,
            34.1405446
          ],
          [
            133.6982704,
            34.1406021
          ],
          [
            133.6985555,
            34.1407607
          ],
          [
            133.6987972,
            34.1410596
          ],
          [
            133.6986808,
            34.1409169
          ],
          [
            133.6986033,
            34.1408212
          ],
          [
            133.6985555,
            34.1407607
          ],
          [
            133.6987972,
            34.1410596
          ],
          [
            133.6991913,
            34.1416355
          ],
          [
            133.6994716,
            34.1420552
          ],
          [
            133.6997644,
            34.1424779
          ],
          [
            133.6998582,
            34.142616
          ],
          [
            133.700129,
            34.1430148
          ],
          [
            133.7004274,
            34.1435102
          ],
          [
            133.7013524,
            34.1452645
          ],
          [
            133.7017812,
            34.1460578
          ],
          [
            133.7019274,
            34.1463313
          ],
          [
            133.7024439,
            34.1472964
          ],
          [
            133.7027728,
            34.1479267
          ],
          [
            133.7030705,
            34.1485156
          ],
          [
            133.7036786,
            34.1499248
          ],
          [
            133.704017,
            34.1507198
          ],
          [
            133.7040938,
            34.1509239
          ],
          [
            133.7042452,
            34.1514212
          ],
          [
            133.7057738,
            34.1564925
          ],
          [
            133.7057195,
            34.1563326
          ],
          [
            133.7054109,
            34.1553377
          ],
          [
            133.7051064,
            34.1543155
          ],
          [
            133.7049359,
            34.1537429
          ],
          [
            133.7044065,
            34.1519524
          ],
          [
            133.7042452,
            34.1514212
          ],
          [
            133.7129774,
            34.1663676
          ],
          [
            133.7128501,
            34.1661384
          ],
          [
            133.7123035,
            34.1650421
          ],
          [
            133.7120349,
            34.1644906
          ],
          [
            133.7119574,
            34.1643495
          ],
          [
            133.7118793,
            34.164222
          ],
          [
            133.7117684,
            34.1640524
          ],
          [
            133.7117312,
            34.1640064
          ],
          [
            133.711592,
            34.1638434
          ],
          [
            133.7114988,
            34.1637309
          ],
          [
            133.7113804,
            34.1636119
          ],
          [
            133.7108091,
            34.1630719
          ],
          [
            133.7099743,
            34.1622818
          ],
          [
            133.709443,
            34.161769
          ],
          [
            133.7092888,
            34.1616206
          ],
          [
            133.7091347,
            34.1614605
          ],
          [
            133.7088604,
            34.161156
          ],
          [
            133.7083029,
            34.1604957
          ],
          [
            133.7066458,
            34.1585276
          ],
          [
            133.7065267,
            34.1583867
          ],
          [
            133.706435,
            34.1582745
          ],
          [
            133.7062654,
            34.1580273
          ],
          [
            133.7062112,
            34.1579216
          ],
          [
            133.7061595,
            34.1578006
          ],
          [
            133.7061099,
            34.157664
          ],
          [
            133.7057738,
            34.1564925
          ],
          [
            133.7129774,
            34.1663676
          ],
          [
            133.712707,
            34.1665568
          ],
          [
            133.7126779,
            34.166605
          ],
          [
            133.7126672,
            34.166707
          ],
          [
            133.7126823,
            34.1669467
          ],
          [
            133.7126962,
            34.1671914
          ],
          [
            133.7128531,
            34.1679163
          ],
          [
            133.7128567,
            34.1680751
          ],
          [
            133.7128511,
            34.1682648
          ],
          [
            133.7129237,
            34.1683397
          ],
          [
            133.7146298,
            34.1728783
          ],
          [
            133.714498,
            34.172496
          ],
          [
            133.7143803,
            34.1722016
          ],
          [
            133.7142409,
            34.1718452
          ],
          [
            133.714192,
            34.171508
          ],
          [
            133.7141942,
            34.1712317
          ],
          [
            133.7141906,
            34.1711445
          ],
          [
            133.7139539,
            34.1702166
          ],
          [
            133.7139077,
            34.1699684
          ],
          [
            133.7138562,
            34.1698548
          ],
          [
            133.7135525,
            34.1691738
          ],
          [
            133.7134783,
            34.1689625
          ],
          [
            133.7134509,
            34.168853
          ],
          [
            133.7134428,
            34.1687302
          ],
          [
            133.7134357,
            34.1685846
          ],
          [
            133.7133851,
            34.1684856
          ],
          [
            133.7133006,
            34.1684413
          ],
          [
            133.7130435,
            34.1683785
          ],
          [
            133.7129237,
            34.1683397
          ],
          [
            133.7146298,
            34.1728783
          ],
          [
            133.7147612,
            34.1733491
          ],
          [
            133.7148048,
            34.1734344
          ],
          [
            133.7148683,
            34.1735103
          ],
          [
            133.7149916,
            34.173593
          ],
          [
            133.7154069,
            34.1738029
          ],
          [
            133.715489,
            34.1739538
          ],
          [
            133.7154797,
            34.174109
          ],
          [
            133.71546,
            34.174265
          ],
          [
            133.7153698,
            34.1748137
          ],
          [
            133.7153685,
            34.1749323
          ],
          [
            133.71548,
            34.175139
          ],
          [
            133.715494,
            34.175184
          ],
          [
            133.7155859,
            34.1754057
          ],
          [
            133.7155821,
            34.1756036
          ],
          [
            133.715513,
            34.1757821
          ],
          [
            133.7154778,
            34.1759845
          ],
          [
            133.7154898,
            34.1761368
          ],
          [
            133.7154931,
            34.1763626
          ],
          [
            133.7155504,
            34.1766651
          ],
          [
            133.7156366,
            34.1770869
          ],
          [
            133.7154916,
            34.1777757
          ],
          [
            133.7153721,
            34.1780521
          ],
          [
            133.7153031,
            34.1781519
          ],
          [
            133.7150626,
            34.1783005
          ],
          [
            133.7150266,
            34.1783217
          ],
          [
            133.714984,
            34.178542
          ],
          [
            133.7149676,
            34.1787458
          ],
          [
            133.7149689,
            34.1787925
          ],
          [
            133.7149696,
            34.1788178
          ],
          [
            133.7149744,
            34.178994
          ],
          [
            133.7149181,
            34.179271
          ],
          [
            133.7149127,
            34.1792975
          ],
          [
            133.7149306,
            34.1794057
          ],
          [
            133.714984,
            34.179523
          ],
          [
            133.715073,
            34.179652
          ],
          [
            133.715093,
            34.179686
          ],
          [
            133.715105,
            34.1796954
          ],
          [
            133.7152261,
            34.17979
          ],
          [
            133.7153465,
            34.1799161
          ],
          [
            133.7154078,
            34.1799803
          ],
          [
            133.715525,
            34.1801368
          ],
          [
            133.7157579,
            34.1805405
          ],
          [
            133.7159742,
            34.1808921
          ],
          [
            133.7160359,
            34.1810739
          ],
          [
            133.716046,
            34.1811355
          ],
          [
            133.7161292,
            34.1813806
          ],
          [
            133.7161427,
            34.1813999
          ],
          [
            133.7161739,
            34.1814447
          ],
          [
            133.7162031,
            34.1814949
          ],
          [
            133.7162842,
            34.1816359
          ],
          [
            133.7163302,
            34.1817209
          ],
          [
            133.7164096,
            34.1819232
          ],
          [
            133.7165588,
            34.1821856
          ],
          [
            133.7165798,
            34.1822225
          ],
          [
            133.7167098,
            34.1824004
          ],
          [
            133.716813,
            34.1825739
          ],
          [
            133.7169334,
            34.1829802
          ],
          [
            133.7169842,
            34.1831842
          ],
          [
            133.716987,
            34.1832144
          ],
          [
            133.7170708,
            34.1834324
          ],
          [
            133.7171886,
            34.1836612
          ],
          [
            133.7173182,
            34.1838775
          ],
          [
            133.717414,
            34.184065
          ],
          [
            133.7174337,
            34.1841017
          ],
          [
            133.7174731,
            34.184175
          ],
          [
            133.7174953,
            34.1842182
          ],
          [
            133.71752,
            34.1842715
          ],
          [
            133.7176269,
            34.1845022
          ],
          [
            133.7177458,
            34.1847423
          ],
          [
            133.7178114,
            34.1848531
          ],
          [
            133.7179174,
            34.1850916
          ],
          [
            133.7179766,
            34.1851489
          ],
          [
            133.7180105,
            34.1853477
          ],
          [
            133.7179766,
            34.1851489
          ],
          [
            133.7180105,
            34.1853477
          ],
          [
            133.7178268,
            34.185648
          ],
          [
            133.7174129,
            34.1863248
          ],
          [
            133.7172548,
            34.1865602
          ],
          [
            133.7171749,
            34.1866792
          ],
          [
            133.7170601,
            34.1868319
          ],
          [
            133.7166921,
            34.1874157
          ],
          [
            133.7163737,
            34.187916
          ],
          [
            133.7162708,
            34.1880431
          ],
          [
            133.7162174,
            34.1880976
          ],
          [
            133.7166148,
            34.1882888
          ],
          [
            133.7165502,
            34.1882441
          ],
          [
            133.7163477,
            34.1881446
          ],
          [
            133.7162174,
            34.1880976
          ],
          [
            133.7163962,
            34.1890182
          ],
          [
            133.7163972,
            34.1888595
          ],
          [
            133.7164198,
            34.1887558
          ],
          [
            133.7164746,
            34.1886321
          ],
          [
            133.7166047,
            34.1884631
          ],
          [
            133.7166388,
            34.1883839
          ],
          [
            133.7166148,
            34.1882888
          ],
          [
            133.7163957,
            34.1892333
          ],
          [
            133.7163948,
            34.1891064
          ],
          [
            133.7163962,
            34.1890182
          ],
          [
            133.7163941,
            34.1893106
          ],
          [
            133.7163957,
            34.1892333
          ],
          [
            133.7195589,
            34.1966385
          ],
          [
            133.7193031,
            34.1961698
          ],
          [
            133.7191113,
            34.19578
          ],
          [
            133.7190125,
            34.1956641
          ],
          [
            133.7189137,
            34.1955553
          ],
          [
            133.7188249,
            34.1954961
          ],
          [
            133.7184946,
            34.1952364
          ],
          [
            133.7184353,
            34.1951909
          ],
          [
            133.7184035,
            34.1951453
          ],
          [
            133.7183784,
            34.1951082
          ],
          [
            133.7183623,
            34.1950625
          ],
          [
            133.7183391,
            34.1949556
          ],
          [
            133.7183269,
            34.1948185
          ],
          [
            133.7183062,
            34.1947399
          ],
          [
            133.7182441,
            34.1945665
          ],
          [
            133.7182282,
            34.1944818
          ],
          [
            133.7182294,
            34.1944143
          ],
          [
            133.718238,
            34.1943266
          ],
          [
            133.7182514,
            34.1942379
          ],
          [
            133.7182514,
            34.1941381
          ],
          [
            133.7182246,
            34.1936461
          ],
          [
            133.7182164,
            34.1934007
          ],
          [
            133.7181545,
            34.1933219
          ],
          [
            133.7179522,
            34.1930659
          ],
          [
            133.717776,
            34.1928415
          ],
          [
            133.7174282,
            34.1924361
          ],
          [
            133.7171166,
            34.1920755
          ],
          [
            133.7170238,
            34.191983
          ],
          [
            133.7167691,
            34.1917349
          ],
          [
            133.7166882,
            34.1916522
          ],
          [
            133.716612,
            34.1915577
          ],
          [
            133.7165049,
            34.1913943
          ],
          [
            133.7164501,
            34.1912879
          ],
          [
            133.7164287,
            34.1912111
          ],
          [
            133.7164168,
            34.1911481
          ],
          [
            133.7164144,
            34.1910832
          ],
          [
            133.7164501,
            34.1909315
          ],
          [
            133.7164763,
            34.1908075
          ],
          [
            133.7164763,
            34.1907169
          ],
          [
            133.7164757,
            34.1903105
          ],
          [
            133.7164708,
            34.1902032
          ],
          [
            133.7164581,
            34.1901081
          ],
          [
            133.7164386,
            34.1899935
          ],
          [
            133.7164201,
            34.1898758
          ],
          [
            133.7164084,
            34.1897879
          ],
          [
            133.7163996,
            34.1896911
          ],
          [
            133.7163948,
            34.1895088
          ],
          [
            133.7163934,
            34.1893367
          ],
          [
            133.7163941,
            34.1893106
          ],
          [
            133.7185314,
            34.2100838
          ],
          [
            133.7185914,
            34.2096772
          ],
          [
            133.718629,
            34.209147
          ],
          [
            133.7186365,
            34.2088385
          ],
          [
            133.7186425,
            34.208592
          ],
          [
            133.7186653,
            34.2080553
          ],
          [
            133.7186009,
            34.2073695
          ],
          [
            133.7185355,
            34.2065426
          ],
          [
            133.71854,
            34.205068
          ],
          [
            133.7186127,
            34.2040743
          ],
          [
            133.718672,
            34.203242
          ],
          [
            133.7187888,
            34.2022495
          ],
          [
            133.7187905,
            34.202144
          ],
          [
            133.7187989,
            34.2018351
          ],
          [
            133.7188828,
            34.2011357
          ],
          [
            133.7189152,
            34.2006974
          ],
          [
            133.7189544,
            34.2002244
          ],
          [
            133.7189652,
            34.2000949
          ],
          [
            133.7189724,
            34.1999236
          ],
          [
            133.7189744,
            34.1997643
          ],
          [
            133.7189578,
            34.1995689
          ],
          [
            133.718906,
            34.1991283
          ],
          [
            133.7189014,
            34.1990907
          ],
          [
            133.7188716,
            34.1988861
          ],
          [
            133.7188335,
            34.1986327
          ],
          [
            133.7188239,
            34.1985217
          ],
          [
            133.7188427,
            34.1984068
          ],
          [
            133.7188516,
            34.1983754
          ],
          [
            133.7189082,
            34.198231
          ],
          [
            133.718962,
            34.1980811
          ],
          [
            133.719116,
            34.1976897
          ],
          [
            133.7192853,
            34.1972421
          ],
          [
            133.7195242,
            34.1966761
          ],
          [
            133.7195589,
            34.1966385
          ],
          [
            133.7185314,
            34.2100838
          ],
          [
            133.718516,
            34.210175
          ],
          [
            133.7184911,
            34.2104622
          ],
          [
            133.7184262,
            34.2109634
          ],
          [
            133.7184219,
            34.2110093
          ],
          [
            133.7184079,
            34.2111063
          ],
          [
            133.7182427,
            34.2113395
          ],
          [
            133.7181096,
            34.2115196
          ],
          [
            133.717899,
            34.211855
          ],
          [
            133.71777,
            34.21208
          ],
          [
            133.7176702,
            34.2122927
          ],
          [
            133.7176491,
            34.2123314
          ],
          [
            133.7176419,
            34.2123445
          ],
          [
            133.7175397,
            34.2124714
          ],
          [
            133.7174065,
            34.2126082
          ],
          [
            133.7175057,
            34.2127055
          ],
          [
            133.7175657,
            34.2127753
          ],
          [
            133.7176703,
            34.2129677
          ],
          [
            133.7179185,
            34.2133988
          ],
          [
            133.7181322,
            34.213717
          ],
          [
            133.7182161,
            34.2138503
          ],
          [
            133.7182667,
            34.2139234
          ],
          [
            133.7183178,
            34.2139892
          ],
          [
            133.7184028,
            34.2141237
          ],
          [
            133.7185332,
            34.2144906
          ],
          [
            133.7185512,
            34.2145641
          ],
          [
            133.718603,
            34.215214
          ],
          [
            133.718739,
            34.215597
          ],
          [
            133.71899,
            34.216099
          ],
          [
            133.719083,
            34.216219
          ],
          [
            133.71899,
            34.216099
          ],
          [
            133.719083,
            34.216219
          ],
          [
            133.719159,
            34.216319
          ],
          [
            133.719261,
            34.216668
          ],
          [
            133.719302,
            34.216831
          ],
          [
            133.719471,
            34.21744
          ],
          [
            133.71968,
            34.217995
          ],
          [
            133.719718,
            34.218089
          ],
          [
            133.719749,
            34.218179
          ],
          [
            133.719776,
            34.218274
          ],
          [
            133.719865,
            34.218499
          ],
          [
            133.720305,
            34.219496
          ],
          [
            133.720487,
            34.220032
          ],
          [
            133.72058,
            34.220334
          ],
          [
            133.720617,
            34.220516
          ],
          [
            133.720988,
            34.2214245
          ],
          [
            133.7209449,
            34.2213297
          ],
          [
            133.72088,
            34.221024
          ],
          [
            133.72084,
            34.220962
          ],
          [
            133.720677,
            34.220815
          ],
          [
            133.720636,
            34.220685
          ],
          [
            133.720617,
            34.220516
          ],
          [
            133.7209522,
            34.2230963
          ],
          [
            133.7209685,
            34.2228387
          ],
          [
            133.7209912,
            34.2227508
          ],
          [
            133.7210369,
            34.2226723
          ],
          [
            133.7212369,
            34.2224558
          ],
          [
            133.7212816,
            34.2223747
          ],
          [
            133.7212973,
            34.2223062
          ],
          [
            133.721289,
            34.2222682
          ],
          [
            133.720988,
            34.2214245
          ],
          [
            133.7209522,
            34.2230963
          ],
          [
            133.7211633,
            34.2233591
          ],
          [
            133.7212891,
            34.2234956
          ],
          [
            133.721401,
            34.2235915
          ],
          [
            133.7217637,
            34.2238219
          ],
          [
            133.7218594,
            34.2239685
          ],
          [
            133.7220679,
            34.2241368
          ],
          [
            133.722266,
            34.22436
          ],
          [
            133.7224,
            34.224439
          ],
          [
            133.722597,
            34.224605
          ],
          [
            133.722854,
            34.224868
          ],
          [
            133.723247,
            34.225336
          ],
          [
            133.723358,
            34.225497
          ],
          [
            133.723452,
            34.225589
          ],
          [
            133.723575,
            34.225808
          ],
          [
            133.723572,
            34.225942
          ],
          [
            133.7236392,
            34.2262245
          ],
          [
            133.7236138,
            34.226331
          ],
          [
            133.7235468,
            34.2263886
          ],
          [
            133.7235183,
            34.2264435
          ],
          [
            133.7235429,
            34.226526
          ],
          [
            133.7236828,
            34.2267346
          ],
          [
            133.7237757,
            34.2268088
          ],
          [
            133.7235287,
            34.2270703
          ],
          [
            133.7234132,
            34.2271416
          ],
          [
            133.7235355,
            34.2273203
          ],
          [
            133.7237173,
            34.2274096
          ],
          [
            133.7238816,
            34.2275361
          ],
          [
            133.7239671,
            34.2275744
          ],
          [
            133.7240554,
            34.2275969
          ],
          [
            133.7241383,
            34.227626
          ],
          [
            133.7243031,
            34.2277202
          ],
          [
            133.7243534,
            34.2277963
          ],
          [
            133.7243068,
            34.2278579
          ],
          [
            133.724415,
            34.2280217
          ],
          [
            133.7243068,
            34.2278579
          ],
          [
            133.7244386,
            34.2280574
          ],
          [
            133.724415,
            34.2280217
          ],
          [
            133.7244386,
            34.2280574
          ],
          [
            133.7245243,
            34.2280592
          ],
          [
            133.7246194,
            34.2280803
          ],
          [
            133.724655,
            34.2281343
          ],
          [
            133.7246765,
            34.2282893
          ],
          [
            133.7246918,
            34.2285033
          ],
          [
            133.7247543,
            34.2286762
          ],
          [
            133.7248406,
            34.2288531
          ],
          [
            133.724917,
            34.2290732
          ],
          [
            133.7249816,
            34.2292252
          ],
          [
            133.7250953,
            34.2294199
          ],
          [
            133.7251208,
            34.2294936
          ],
          [
            133.7251026,
            34.2295242
          ],
          [
            133.7250838,
            34.2295403
          ],
          [
            133.7250012,
            34.2295727
          ],
          [
            133.7249588,
            34.2296126
          ],
          [
            133.7249602,
            34.2296529
          ],
          [
            133.7249719,
            34.2297085
          ],
          [
            133.7249489,
            34.2297826
          ],
          [
            133.7246208,
            34.2299424
          ],
          [
            133.7248686,
            34.2301689
          ],
          [
            133.7250031,
            34.2302106
          ],
          [
            133.7251001,
            34.2302403
          ],
          [
            133.7250436,
            34.2303426
          ],
          [
            133.7249365,
            34.2305037
          ],
          [
            133.7248737,
            34.2304863
          ],
          [
            133.7248126,
            34.2304674
          ],
          [
            133.7247719,
            34.2304443
          ],
          [
            133.7246857,
            34.2304476
          ],
          [
            133.7246421,
            34.2304737
          ],
          [
            133.7245276,
            34.2304927
          ],
          [
            133.7243916,
            34.2304318
          ],
          [
            133.7244131,
            34.2303496
          ],
          [
            133.7242273,
            34.2302044
          ],
          [
            133.7241993,
            34.2302633
          ],
          [
            133.7243916,
            34.2304318
          ],
          [
            133.7244131,
            34.2303496
          ],
          [
            133.7242273,
            34.2302044
          ],
          [
            133.7241993,
            34.2302633
          ],
          [
            133.7249365,
            34.2305037
          ],
          [
            133.7248737,
            34.2304863
          ],
          [
            133.7248126,
            34.2304674
          ],
          [
            133.7247719,
            34.2304443
          ],
          [
            133.7246857,
            34.2304476
          ],
          [
            133.7246421,
            34.2304737
          ],
          [
            133.7245276,
            34.2304927
          ],
          [
            133.7243916,
            34.2304318
          ],
          [
            133.7246208,
            34.2299424
          ],
          [
            133.7248686,
            34.2301689
          ],
          [
            133.7250031,
            34.2302106
          ],
          [
            133.7251001,
            34.2302403
          ],
          [
            133.7250436,
            34.2303426
          ],
          [
            133.7249365,
            34.2305037
          ],
          [
            133.7249719,
            34.2297085
          ],
          [
            133.7249489,
            34.2297826
          ],
          [
            133.7246208,
            34.2299424
          ],
          [
            133.7250838,
            34.2295403
          ],
          [
            133.7250012,
            34.2295727
          ],
          [
            133.7249588,
            34.2296126
          ],
          [
            133.7249602,
            34.2296529
          ],
          [
            133.7249719,
            34.2297085
          ],
          [
            133.7251026,
            34.2295242
          ],
          [
            133.7250838,
            34.2295403
          ],
          [
            133.7248406,
            34.2288531
          ],
          [
            133.724917,
            34.2290732
          ],
          [
            133.7249816,
            34.2292252
          ],
          [
            133.7250953,
            34.2294199
          ],
          [
            133.7251208,
            34.2294936
          ],
          [
            133.7251026,
            34.2295242
          ],
          [
            133.7244386,
            34.2280574
          ],
          [
            133.7245243,
            34.2280592
          ],
          [
            133.7246194,
            34.2280803
          ],
          [
            133.724655,
            34.2281343
          ],
          [
            133.7246765,
            34.2282893
          ],
          [
            133.7246918,
            34.2285033
          ],
          [
            133.7247543,
            34.2286762
          ],
          [
            133.7248406,
            34.2288531
          ],
          [
            133.7244386,
            34.2280574
          ],
          [
            133.724415,
            34.2280217
          ],
          [
            133.731539,
            34.224722
          ],
          [
            133.731494,
            34.224693
          ],
          [
            133.7313771,
            34.2246539
          ],
          [
            133.7312875,
            34.2245963
          ],
          [
            133.7311731,
            34.2245428
          ],
          [
            133.7311184,
            34.2244647
          ],
          [
            133.7310438,
            34.2243947
          ],
          [
            133.7309642,
            34.2243803
          ],
          [
            133.7308149,
            34.2243659
          ],
          [
            133.7307426,
            34.2243813
          ],
          [
            133.7306669,
            34.2243937
          ],
          [
            133.7305747,
            34.2244364
          ],
          [
            133.7304843,
            34.2245657
          ],
          [
            133.7304342,
            34.2246448
          ],
          [
            133.7302389,
            34.2247795
          ],
          [
            133.7300282,
            34.224861
          ],
          [
            133.7298725,
            34.2249034
          ],
          [
            133.7297053,
            34.2249056
          ],
          [
            133.7294721,
            34.2249716
          ],
          [
            133.7293085,
            34.2250247
          ],
          [
            133.7291742,
            34.2250905
          ],
          [
            133.72906,
            34.2251938
          ],
          [
            133.7288262,
            34.225276
          ],
          [
            133.7286521,
            34.2253542
          ],
          [
            133.7283138,
            34.2255146
          ],
          [
            133.7281447,
            34.2256133
          ],
          [
            133.7280452,
            34.2256421
          ],
          [
            133.7278574,
            34.2257172
          ],
          [
            133.7277165,
            34.2257889
          ],
          [
            133.7276742,
            34.2258157
          ],
          [
            133.7276475,
            34.2258393
          ],
          [
            133.7276201,
            34.2258552
          ],
          [
            133.7275039,
            34.2259349
          ],
          [
            133.7274752,
            34.2259637
          ],
          [
            133.7274236,
            34.225993
          ],
          [
            133.7274081,
            34.2260105
          ],
          [
            133.7273503,
            34.2260517
          ],
          [
            133.7273042,
            34.2260912
          ],
          [
            133.7272912,
            34.2261206
          ],
          [
            133.7272601,
            34.2261519
          ],
          [
            133.7272195,
            34.2261822
          ],
          [
            133.7272006,
            34.226216
          ],
          [
            133.727166,
            34.2263036
          ],
          [
            133.7271215,
            34.2263605
          ],
          [
            133.7270616,
            34.2264203
          ],
          [
            133.7270132,
            34.2265024
          ],
          [
            133.7269216,
            34.2265394
          ],
          [
            133.7268897,
            34.2265656
          ],
          [
            133.7268429,
            34.2265962
          ],
          [
            133.7267234,
            34.226655
          ],
          [
            133.7265925,
            34.2266941
          ],
          [
            133.7264336,
            34.2266941
          ],
          [
            133.7262488,
            34.2266541
          ],
          [
            133.7260915,
            34.2266266
          ],
          [
            133.725883,
            34.2266298
          ],
          [
            133.7256943,
            34.2267207
          ],
          [
            133.7255638,
            34.2268093
          ],
          [
            133.7253657,
            34.2269547
          ],
          [
            133.7252388,
            34.2270918
          ],
          [
            133.7251932,
            34.2272343
          ],
          [
            133.7251513,
            34.2272947
          ],
          [
            133.7251181,
            34.2273194
          ],
          [
            133.7250574,
            34.2273365
          ],
          [
            133.7250164,
            34.2273342
          ],
          [
            133.7249499,
            34.2273105
          ],
          [
            133.7248106,
            34.2272477
          ],
          [
            133.7247211,
            34.2272415
          ],
          [
            133.7246877,
            34.2272565
          ],
          [
            133.7246543,
            34.2272892
          ],
          [
            133.7246595,
            34.2273473
          ],
          [
            133.7247292,
            34.2275936
          ],
          [
            133.724622,
            34.2277962
          ],
          [
            133.7245657,
            34.2279647
          ],
          [
            133.7245403,
            34.2279971
          ],
          [
            133.7244835,
            34.2280287
          ],
          [
            133.724415,
            34.2280217
          ],
          [
            133.732252,
            34.224705
          ],
          [
            133.732008,
            34.224642
          ],
          [
            133.731736,
            34.224665
          ],
          [
            133.731587,
            34.224705
          ],
          [
            133.731539,
            34.224722
          ],
          [
            133.7333572,
            34.2248163
          ],
          [
            133.732252,
            34.224705
          ],
          [
            133.7334641,
            34.2247462
          ],
          [
            133.7333572,
            34.2248163
          ],
          [
            133.7336957,
            34.2245896
          ],
          [
            133.7334641,
            34.2247462
          ],
          [
            133.7337436,
            34.2245627
          ],
          [
            133.7336957,
            34.2245896
          ],
          [
            133.7337436,
            34.2245627
          ],
          [
            133.7346384,
            34.2251701
          ],
          [
            133.7371959,
            34.2259108
          ],
          [
            133.737059,
            34.225979
          ],
          [
            133.736967,
            34.225995
          ],
          [
            133.736889,
            34.22599
          ],
          [
            133.7366796,
            34.2259579
          ],
          [
            133.7366076,
            34.2259697
          ],
          [
            133.7363121,
            34.2261476
          ],
          [
            133.7362477,
            34.2261653
          ],
          [
            133.7361404,
            34.2261343
          ],
          [
            133.7358507,
            34.2259901
          ],
          [
            133.7356979,
            34.2258637
          ],
          [
            133.7346384,
            34.2251701
          ],
          [
            133.7371959,
            34.2259108
          ],
          [
            133.7372488,
            34.2258122
          ],
          [
            133.7373857,
            34.2256439
          ],
          [
            133.7376491,
            34.225358
          ],
          [
            133.7377981,
            34.2251271
          ],
          [
            133.7379703,
            34.2249077
          ],
          [
            133.7381332,
            34.2247422
          ],
          [
            133.7382469,
            34.2245741
          ],
          [
            133.7383509,
            34.2243764
          ],
          [
            133.7383908,
            34.2242415
          ],
          [
            133.7383747,
            34.2241531
          ],
          [
            133.7383491,
            34.2240448
          ],
          [
            133.7383502,
            34.2239764
          ],
          [
            133.7384814,
            34.2240757
          ],
          [
            133.7386074,
            34.2241516
          ],
          [
            133.7387336,
            34.2241969
          ],
          [
            133.738823,
            34.2242027
          ],
          [
            133.738918,
            34.2241925
          ],
          [
            133.7393027,
            34.224082
          ],
          [
            133.7393658,
            34.224055
          ],
          [
            133.7393945,
            34.2239979
          ],
          [
            133.7416783,
            34.2241118
          ],
          [
            133.7415359,
            34.2239947
          ],
          [
            133.7413792,
            34.2239058
          ],
          [
            133.7412305,
            34.2238453
          ],
          [
            133.7410762,
            34.2238088
          ],
          [
            133.740901,
            34.2237944
          ],
          [
            133.7407482,
            34.2237895
          ],
          [
            133.7405582,
            34.2238145
          ],
          [
            133.7397306,
            34.2239654
          ],
          [
            133.7393945,
            34.2239979
          ],
          [
            133.7416783,
            34.2241118
          ],
          [
            133.7416453,
            34.2241619
          ],
          [
            133.7416732,
            34.2244898
          ],
          [
            133.7417042,
            34.2247292
          ],
          [
            133.7417381,
            34.2248263
          ],
          [
            133.7417927,
            34.2249217
          ],
          [
            133.7418624,
            34.2250072
          ],
          [
            133.74195,
            34.22509
          ],
          [
            133.7420705,
            34.2251688
          ],
          [
            133.7422068,
            34.2252273
          ],
          [
            133.7423807,
            34.2252854
          ],
          [
            133.742482,
            34.2252977
          ],
          [
            133.7426233,
            34.2253122
          ],
          [
            133.7444625,
            34.2255881
          ],
          [
            133.743872,
            34.2255074
          ],
          [
            133.742768,
            34.2253472
          ],
          [
            133.7426233,
            34.2253122
          ],
          [
            133.7444625,
            34.2255881
          ],
          [
            133.7445934,
            34.2254789
          ],
          [
            133.7449488,
            34.2252494
          ],
          [
            133.7451044,
            34.2251551
          ],
          [
            133.7454463,
            34.2251289
          ],
          [
            133.7482676,
            34.2237783
          ],
          [
            133.7480783,
            34.2240067
          ],
          [
            133.7479663,
            34.2241172
          ],
          [
            133.7478764,
            34.2241937
          ],
          [
            133.7477828,
            34.2242624
          ],
          [
            133.7476177,
            34.2243408
          ],
          [
            133.747503,
            34.2243618
          ],
          [
            133.7468761,
            34.2243356
          ],
          [
            133.7467875,
            34.2243468
          ],
          [
            133.7467303,
            34.2243908
          ],
          [
            133.7466166,
            34.2245418
          ],
          [
            133.7465526,
            34.2246236
          ],
          [
            133.7464362,
            34.2247005
          ],
          [
            133.7462816,
            34.2247467
          ],
          [
            133.7458574,
            34.2248863
          ],
          [
            133.7456993,
            34.2249261
          ],
          [
            133.7455838,
            34.2249739
          ],
          [
            133.7455184,
            34.2250467
          ],
          [
            133.7454463,
            34.2251289
          ],
          [
            133.7500195,
            34.2227919
          ],
          [
            133.7499767,
            34.2227833
          ],
          [
            133.7499321,
            34.2227743
          ],
          [
            133.7497144,
            34.2227715
          ],
          [
            133.7493188,
            34.2227859
          ],
          [
            133.7491791,
            34.2228244
          ],
          [
            133.7490918,
            34.2228773
          ],
          [
            133.7489464,
            34.2230265
          ],
          [
            133.7482676,
            34.2237783
          ],
          [
            133.7503572,
            34.2229494
          ],
          [
            133.7503101,
            34.2229377
          ],
          [
            133.750194,
            34.2229015
          ],
          [
            133.7501098,
            34.2228692
          ],
          [
            133.7500627,
            34.2228375
          ],
          [
            133.7500195,
            34.2227919
          ],
          [
            133.7504083,
            34.2230014
          ],
          [
            133.7503572,
            34.2229494
          ],
          [
            133.7504057,
            34.2230285
          ],
          [
            133.7504083,
            34.2230014
          ],
          [
            133.7504951,
            34.2231748
          ],
          [
            133.7504081,
            34.2231744
          ],
          [
            133.7504057,
            34.2230285
          ],
          [
            133.7504873,
            34.2233366
          ],
          [
            133.7504951,
            34.2231748
          ],
          [
            133.7504873,
            34.2233366
          ],
          [
            133.7504033,
            34.2233379
          ],
          [
            133.7504873,
            34.2233366
          ],
          [
            133.7504033,
            34.2233379
          ],
          [
            133.7510193,
            34.223367
          ],
          [
            133.7504873,
            34.2233366
          ],
          [
            133.7510193,
            34.223367
          ],
          [
            133.751022,
            34.2232252
          ],
          [
            133.7510353,
            34.223082
          ],
          [
            133.7505384,
            34.2229814
          ],
          [
            133.7504634,
            34.2229661
          ],
          [
            133.7504113,
            34.2229587
          ],
          [
            133.7503572,
            34.2229494
          ],
          [
            133.7503101,
            34.2229377
          ],
          [
            133.750194,
            34.2229015
          ],
          [
            133.7501098,
            34.2228692
          ],
          [
            133.7500627,
            34.2228375
          ],
          [
            133.7500195,
            34.2227919
          ],
          [
            133.7501434,
            34.2224385
          ],
          [
            133.7501649,
            34.2223223
          ],
          [
            133.7501625,
            34.2222355
          ],
          [
            133.7501386,
            34.2221311
          ],
          [
            133.7500719,
            34.2219321
          ],
          [
            133.7500528,
            34.2218197
          ],
          [
            133.7500552,
            34.2217074
          ],
          [
            133.7500838,
            34.2215754
          ],
          [
            133.7501267,
            34.2214354
          ],
          [
            133.7502387,
            34.2211694
          ],
          [
            133.7502462,
            34.2211425
          ],
          [
            133.7503007,
            34.2209093
          ],
          [
            133.7503388,
            34.2208363
          ],
          [
            133.7503937,
            34.2207733
          ],
          [
            133.7504364,
            34.2207447
          ],
          [
            133.7504938,
            34.2207063
          ],
          [
            133.7505521,
            34.2206634
          ],
          [
            133.7505796,
            34.2206432
          ],
          [
            133.750601,
            34.2205801
          ],
          [
            133.7506248,
            34.2204934
          ],
          [
            133.7506725,
            34.2202116
          ],
          [
            133.75065,
            34.2201578
          ],
          [
            133.7506334,
            34.220101
          ],
          [
            133.7506209,
            34.2200749
          ],
          [
            133.7505795,
            34.2199334
          ],
          [
            133.7505245,
            34.2196518
          ],
          [
            133.7505065,
            34.219468
          ],
          [
            133.7505226,
            34.2194344
          ],
          [
            133.7504976,
            34.2192026
          ],
          [
            133.7504793,
            34.2191111
          ],
          [
            133.7503028,
            34.2191329
          ],
          [
            133.7506725,
            34.2202116
          ],
          [
            133.75065,
            34.2201578
          ],
          [
            133.7506334,
            34.220101
          ],
          [
            133.7506209,
            34.2200749
          ],
          [
            133.7505795,
            34.2199334
          ],
          [
            133.7505245,
            34.2196518
          ],
          [
            133.7505065,
            34.219468
          ],
          [
            133.7505226,
            34.2194344
          ],
          [
            133.7504976,
            34.2192026
          ],
          [
            133.7504793,
            34.2191111
          ],
          [
            133.7503028,
            34.2191329
          ],
          [
            133.7500195,
            34.2227919
          ],
          [
            133.7501434,
            34.2224385
          ],
          [
            133.7501649,
            34.2223223
          ],
          [
            133.7501625,
            34.2222355
          ],
          [
            133.7501386,
            34.2221311
          ],
          [
            133.7500719,
            34.2219321
          ],
          [
            133.7500528,
            34.2218197
          ],
          [
            133.7500552,
            34.2217074
          ],
          [
            133.7500838,
            34.2215754
          ],
          [
            133.7501267,
            34.2214354
          ],
          [
            133.7502387,
            34.2211694
          ],
          [
            133.7502462,
            34.2211425
          ],
          [
            133.7503007,
            34.2209093
          ],
          [
            133.7503388,
            34.2208363
          ],
          [
            133.7503937,
            34.2207733
          ],
          [
            133.7504364,
            34.2207447
          ],
          [
            133.7504938,
            34.2207063
          ],
          [
            133.7505521,
            34.2206634
          ],
          [
            133.7505796,
            34.2206432
          ],
          [
            133.750601,
            34.2205801
          ],
          [
            133.7506248,
            34.2204934
          ],
          [
            133.7506725,
            34.2202116
          ],
          [
            133.7503572,
            34.2229494
          ],
          [
            133.7503101,
            34.2229377
          ],
          [
            133.750194,
            34.2229015
          ],
          [
            133.7501098,
            34.2228692
          ],
          [
            133.7500627,
            34.2228375
          ],
          [
            133.7500195,
            34.2227919
          ],
          [
            133.7510353,
            34.223082
          ],
          [
            133.7505384,
            34.2229814
          ],
          [
            133.7504634,
            34.2229661
          ],
          [
            133.7504113,
            34.2229587
          ],
          [
            133.7503572,
            34.2229494
          ],
          [
            133.7510193,
            34.223367
          ],
          [
            133.751022,
            34.2232252
          ],
          [
            133.7510353,
            34.223082
          ],
          [
            133.750953,
            34.2241471
          ],
          [
            133.7509603,
            34.2240543
          ],
          [
            133.7509655,
            34.2238031
          ],
          [
            133.7509892,
            34.2236108
          ],
          [
            133.7510193,
            34.223367
          ],
          [
            133.7510903,
            34.2246821
          ],
          [
            133.7510763,
            34.2246091
          ],
          [
            133.750953,
            34.2241471
          ],
          [
            133.7513577,
            34.2263415
          ],
          [
            133.7516445,
            34.2257984
          ],
          [
            133.7517368,
            34.225523
          ],
          [
            133.7517486,
            34.2254017
          ],
          [
            133.7517523,
            34.2253284
          ],
          [
            133.7517434,
            34.2252856
          ],
          [
            133.7516914,
            34.2252496
          ],
          [
            133.7514566,
            34.225188
          ],
          [
            133.7513146,
            34.2251364
          ],
          [
            133.7511697,
            34.2249073
          ],
          [
            133.7511033,
            34.2247841
          ],
          [
            133.7510903,
            34.2246821
          ],
          [
            133.7513577,
            34.2263415
          ],
          [
            133.7522976,
            34.2267155
          ],
          [
            133.7528177,
            34.2269226
          ],
          [
            133.7535736,
            34.2273966
          ],
          [
            133.7528063,
            34.2269792
          ],
          [
            133.7528318,
            34.2269426
          ],
          [
            133.7528177,
            34.2269226
          ],
          [
            133.755521,
            34.2282611
          ],
          [
            133.7548971,
            34.2279594
          ],
          [
            133.7545189,
            34.227731
          ],
          [
            133.7541997,
            34.2275735
          ],
          [
            133.7539771,
            34.2274782
          ],
          [
            133.7537652,
            34.2274183
          ],
          [
            133.7535736,
            34.2273966
          ],
          [
            133.7562314,
            34.2286555
          ],
          [
            133.7562732,
            34.2284916
          ],
          [
            133.7560976,
            34.2284378
          ],
          [
            133.7555945,
            34.2282943
          ],
          [
            133.755521,
            34.2282611
          ],
          [
            133.7573477,
            34.2288227
          ],
          [
            133.7568934,
            34.2287567
          ],
          [
            133.7562314,
            34.2286555
          ],
          [
            133.7633398,
            34.2317869
          ],
          [
            133.7631702,
            34.2317416
          ],
          [
            133.7630408,
            34.2316642
          ],
          [
            133.7628926,
            34.2315895
          ],
          [
            133.7626995,
            34.2315141
          ],
          [
            133.762354,
            34.2313551
          ],
          [
            133.7621296,
            34.2312636
          ],
          [
            133.7619368,
            34.2311512
          ],
          [
            133.7618818,
            34.2311342
          ],
          [
            133.7618418,
            34.2311172
          ],
          [
            133.7614218,
            34.2309372
          ],
          [
            133.7609096,
            34.2306549
          ],
          [
            133.760879,
            34.2306381
          ],
          [
            133.760655,
            34.2305311
          ],
          [
            133.760371,
            34.2304071
          ],
          [
            133.7591924,
            34.2300153
          ],
          [
            133.7587681,
            34.2297014
          ],
          [
            133.7582202,
            34.2294412
          ],
          [
            133.7578513,
            34.2292427
          ],
          [
            133.7577754,
            34.229184
          ],
          [
            133.7573287,
            34.2288652
          ],
          [
            133.7573477,
            34.2288227
          ],
          [
            133.7651482,
            34.2334693
          ],
          [
            133.7651867,
            34.2333307
          ],
          [
            133.7652551,
            34.2331278
          ],
          [
            133.7652517,
            34.2330734
          ],
          [
            133.7652256,
            34.233033
          ],
          [
            133.7650875,
            34.2329698
          ],
          [
            133.7649681,
            34.2329426
          ],
          [
            133.7648621,
            34.2328982
          ],
          [
            133.7644732,
            34.232595
          ],
          [
            133.7643438,
            34.2324525
          ],
          [
            133.7641581,
            34.2322119
          ],
          [
            133.7640836,
            34.2321554
          ],
          [
            133.763977,
            34.2320905
          ],
          [
            133.7638302,
            34.2320096
          ],
          [
            133.7633398,
            34.2317869
          ],
          [
            133.7659036,
            34.2334272
          ],
          [
            133.7657064,
            34.2335258
          ],
          [
            133.7655052,
            34.233558
          ],
          [
            133.7653764,
            34.233538
          ],
          [
            133.7651482,
            34.2334693
          ],
          [
            133.7660308,
            34.233155
          ],
          [
            133.7659612,
            34.2332528
          ],
          [
            133.7659036,
            34.2334272
          ],
          [
            133.7660067,
            34.2331423
          ],
          [
            133.7660308,
            34.233155
          ],
          [
            133.76597,
            34.2331245
          ],
          [
            133.7660067,
            34.2331423
          ],
          [
            133.7657963,
            34.2330488
          ],
          [
            133.76597,
            34.2331245
          ],
          [
            133.7657963,
            34.2330488
          ],
          [
            133.76597,
            34.2331245
          ],
          [
            133.7660067,
            34.2331423
          ],
          [
            133.7660308,
            34.233155
          ],
          [
            133.7659612,
            34.2332528
          ],
          [
            133.7659036,
            34.2334272
          ],
          [
            133.7665289,
            34.2329825
          ],
          [
            133.7663032,
            34.2331499
          ],
          [
            133.7661919,
            34.2332264
          ],
          [
            133.7659036,
            34.2334272
          ],
          [
            133.7667323,
            34.2331729
          ],
          [
            133.7665289,
            34.2329825
          ],
          [
            133.7667323,
            34.2331729
          ],
          [
            133.7674408,
            34.2325396
          ],
          [
            133.7675897,
            34.2323999
          ],
          [
            133.76776,
            34.2322957
          ],
          [
            133.7678687,
            34.2321959
          ],
          [
            133.7679223,
            34.2321028
          ],
          [
            133.7679639,
            34.2320263
          ],
          [
            133.7680396,
            34.231989
          ],
          [
            133.7681228,
            34.2318776
          ],
          [
            133.7681529,
            34.2317579
          ],
          [
            133.7681624,
            34.2317002
          ],
          [
            133.7682318,
            34.2317379
          ],
          [
            133.7684128,
            34.2317423
          ],
          [
            133.7686328,
            34.231718
          ],
          [
            133.7687374,
            34.2316503
          ],
          [
            133.7689573,
            34.2314973
          ],
          [
            133.7690297,
            34.2314929
          ],
          [
            133.769286,
            34.2316204
          ],
          [
            133.7696784,
            34.230496
          ],
          [
            133.7722267,
            34.230912
          ],
          [
            133.77215,
            34.2308809
          ],
          [
            133.7720404,
            34.2308866
          ],
          [
            133.771799,
            34.2308894
          ],
          [
            133.7715858,
            34.2308628
          ],
          [
            133.7714503,
            34.2308345
          ],
          [
            133.7713707,
            34.2308179
          ],
          [
            133.7709612,
            34.2307325
          ],
          [
            133.7698366,
            34.2304979
          ],
          [
            133.7696784,
            34.230496
          ],
          [
            133.7732296,
            34.2281119
          ],
          [
            133.7730931,
            34.22852
          ],
          [
            133.7729631,
            34.2289085
          ],
          [
            133.7728806,
            34.2291552
          ],
          [
            133.772836,
            34.2292885
          ],
          [
            133.7727739,
            34.229474
          ],
          [
            133.7727051,
            34.2296845
          ],
          [
            133.772627,
            34.2299237
          ],
          [
            133.772565,
            34.2300814
          ],
          [
            133.7723324,
            34.2307435
          ],
          [
            133.7723103,
            34.2308064
          ],
          [
            133.7722267,
            34.230912
          ],
          [
            133.7732296,
            34.2281119
          ],
          [
            133.7733738,
            34.2278793
          ],
          [
            133.773702,
            34.2273498
          ],
          [
            133.7739326,
            34.2269778
          ],
          [
            133.7742182,
            34.2265169
          ],
          [
            133.7746689,
            34.2258893
          ],
          [
            133.7749274,
            34.225511
          ],
          [
            133.7752984,
            34.2256897
          ],
          [
            133.7756525,
            34.2258611
          ],
          [
            133.7756791,
            34.2258273
          ],
          [
            133.7757025,
            34.2258363
          ],
          [
            133.7757343,
            34.2258513
          ],
          [
            133.7763679,
            34.2261502
          ],
          [
            133.7762846,
            34.2262714
          ],
          [
            133.7763679,
            34.2261502
          ],
          [
            133.7762846,
            34.2262714
          ],
          [
            133.7763679,
            34.2261502
          ],
          [
            133.7765999,
            34.2262597
          ],
          [
            133.7765011,
            34.2264068
          ],
          [
            133.7767639,
            34.2265274
          ],
          [
            133.7768012,
            34.2265448
          ],
          [
            133.7768516,
            34.2265677
          ],
          [
            133.7768251,
            34.2266071
          ],
          [
            133.7768697,
            34.2266257
          ],
          [
            133.7768787,
            34.2266108
          ],
          [
            133.7768697,
            34.2266257
          ],
          [
            133.7768787,
            34.2266108
          ],
          [
            133.7782879,
            34.2272332
          ],
          [
            133.778333,
            34.2272541
          ],
          [
            133.7783494,
            34.2272618
          ],
          [
            133.7798308,
            34.2279436
          ],
          [
            133.7798421,
            34.2279653
          ],
          [
            133.7798471,
            34.2279785
          ],
          [
            133.7798471,
            34.2279918
          ],
          [
            133.7798337,
            34.2280339
          ],
          [
            133.7799756,
            34.2280944
          ],
          [
            133.779911,
            34.2280669
          ],
          [
            133.7798337,
            34.2280339
          ],
          [
            133.7850013,
            34.2303442
          ],
          [
            133.7848345,
            34.2302788
          ],
          [
            133.7847521,
            34.2302399
          ],
          [
            133.7844132,
            34.230091
          ],
          [
            133.7832327,
            34.2295441
          ],
          [
            133.7820132,
            34.2289861
          ],
          [
            133.7801486,
            34.22814
          ],
          [
            133.7800402,
            34.2280908
          ],
          [
            133.7800124,
            34.2280766
          ],
          [
            133.7799909,
            34.228084
          ],
          [
            133.7799756,
            34.2280944
          ],
          [
            133.7868309,
            34.2319218
          ],
          [
            133.7867943,
            34.2318399
          ],
          [
            133.7866817,
            34.2317197
          ],
          [
            133.7865616,
            34.2316473
          ],
          [
            133.7864282,
            34.2315508
          ],
          [
            133.7863141,
            34.2313802
          ],
          [
            133.7862187,
            34.2313081
          ],
          [
            133.7860126,
            34.2312068
          ],
          [
            133.785999,
            34.2311693
          ],
          [
            133.7858953,
            34.2310852
          ],
          [
            133.7857947,
            34.2309935
          ],
          [
            133.7855038,
            34.2307388
          ],
          [
            133.7852325,
            34.2306441
          ],
          [
            133.7850328,
            34.2305468
          ],
          [
            133.7849746,
            34.2305123
          ],
          [
            133.7849471,
            34.2304695
          ],
          [
            133.7850013,
            34.2303442
          ],
          [
            133.7866276,
            34.2324789
          ],
          [
            133.7866666,
            34.2323613
          ],
          [
            133.7867882,
            34.2321928
          ],
          [
            133.7868369,
            34.2321469
          ],
          [
            133.7868309,
            34.2319218
          ],
          [
            133.7888268,
            34.233977
          ],
          [
            133.7887943,
            34.2339457
          ],
          [
            133.7885655,
            34.2338227
          ],
          [
            133.7884207,
            34.2336741
          ],
          [
            133.7883201,
            34.2335766
          ],
          [
            133.7882397,
            34.2334302
          ],
          [
            133.788076,
            34.2331042
          ],
          [
            133.7880251,
            34.233051
          ],
          [
            133.7879124,
            34.2330011
          ],
          [
            133.7871507,
            34.2327018
          ],
          [
            133.7869482,
            34.2326286
          ],
          [
            133.7868315,
            34.2325288
          ],
          [
            133.7867483,
            34.2324911
          ],
          [
            133.7866276,
            34.2324789
          ],
          [
            133.7894217,
            34.2348707
          ],
          [
            133.7893463,
            34.2348152
          ],
          [
            133.7892986,
            34.2347228
          ],
          [
            133.7891325,
            34.2342485
          ],
          [
            133.7890001,
            34.2340237
          ],
          [
            133.7889331,
            34.2339498
          ],
          [
            133.7888268,
            34.233977
          ],
          [
            133.7894547,
            34.2353444
          ],
          [
            133.7894455,
            34.2352766
          ],
          [
            133.7894976,
            34.2351732
          ],
          [
            133.7895161,
            34.2350923
          ],
          [
            133.7895028,
            34.2350179
          ],
          [
            133.7894561,
            34.2349729
          ],
          [
            133.7894217,
            34.2348707
          ],
          [
            133.7893389,
            34.2360675
          ],
          [
            133.789435,
            34.235791
          ],
          [
            133.7894482,
            34.2354925
          ],
          [
            133.789458,
            34.2354416
          ],
          [
            133.7894547,
            34.2353444
          ],
          [
            133.7893777,
            34.2395063
          ],
          [
            133.789449,
            34.239359
          ],
          [
            133.78949,
            34.239297
          ],
          [
            133.789652,
            34.238852
          ],
          [
            133.789734,
            34.238553
          ],
          [
            133.789795,
            34.238159
          ],
          [
            133.789818,
            34.237994
          ],
          [
            133.789829,
            34.237911
          ],
          [
            133.789829,
            34.237866
          ],
          [
            133.789774,
            34.237584
          ],
          [
            133.789693,
            34.23729
          ],
          [
            133.789626,
            34.23702
          ],
          [
            133.789612,
            34.236908
          ],
          [
            133.7894702,
            34.2365933
          ],
          [
            133.7893505,
            34.2363825
          ],
          [
            133.7893396,
            34.2363063
          ],
          [
            133.7893389,
            34.2360675
          ],
          [
            133.7880036,
            34.2404462
          ],
          [
            133.7880559,
            34.2404062
          ],
          [
            133.788178,
            34.2403741
          ],
          [
            133.7884341,
            34.2403952
          ],
          [
            133.7885494,
            34.2403885
          ],
          [
            133.7886018,
            34.2403309
          ],
          [
            133.7886298,
            34.2402808
          ],
          [
            133.7888244,
            34.2399329
          ],
          [
            133.7889504,
            34.2397411
          ],
          [
            133.7892589,
            34.239455
          ],
          [
            133.7893777,
            34.2395063
          ],
          [
            133.7878168,
            34.2403845
          ],
          [
            133.7880036,
            34.2404462
          ],
          [
            133.7861482,
            34.2432554
          ],
          [
            133.7863818,
            34.2427978
          ],
          [
            133.7866621,
            34.2422851
          ],
          [
            133.7869768,
            34.2416346
          ],
          [
            133.7872023,
            34.2412561
          ],
          [
            133.7878168,
            34.2403845
          ],
          [
            133.7858369,
            34.2435767
          ],
          [
            133.7859799,
            34.2434362
          ],
          [
            133.7861482,
            34.2432554
          ],
          [
            133.784229,
            34.2450799
          ],
          [
            133.7845241,
            34.2446047
          ],
          [
            133.7846993,
            34.2444071
          ],
          [
            133.7848603,
            34.2442894
          ],
          [
            133.7850304,
            34.2441817
          ],
          [
            133.7853397,
            34.243996
          ],
          [
            133.7856081,
            34.2437779
          ],
          [
            133.7857112,
            34.2436779
          ],
          [
            133.7857871,
            34.2436262
          ],
          [
            133.7858369,
            34.2435767
          ],
          [
            133.7826766,
            34.2473809
          ],
          [
            133.78281,
            34.2471918
          ],
          [
            133.7828543,
            34.2471291
          ],
          [
            133.7829763,
            34.2469562
          ],
          [
            133.782994,
            34.2469311
          ],
          [
            133.7832898,
            34.246444
          ],
          [
            133.7832981,
            34.2464303
          ],
          [
            133.7835153,
            34.2461209
          ],
          [
            133.7836347,
            34.2459391
          ],
          [
            133.7837612,
            34.2457924
          ],
          [
            133.7840011,
            34.2454113
          ],
          [
            133.784229,
            34.2450799
          ],
          [
            133.7826766,
            34.2473809
          ],
          [
            133.7821946,
            34.2480925
          ],
          [
            133.782093,
            34.2482426
          ],
          [
            133.7815837,
            34.2490122
          ],
          [
            133.7809938,
            34.2498671
          ],
          [
            133.7809938,
            34.2498671
          ],
          [
            133.7807023,
            34.2497236
          ],
          [
            133.7805994,
            34.2496753
          ],
          [
            133.7805471,
            34.2497374
          ],
          [
            133.7804662,
            34.2497048
          ],
          [
            133.7804229,
            34.2496889
          ],
          [
            133.7802118,
            34.2495955
          ],
          [
            133.7800512,
            34.2498409
          ],
          [
            133.7799234,
            34.2497852
          ],
          [
            133.7797325,
            34.2500486
          ],
          [
            133.7794685,
            34.2505037
          ],
          [
            133.7794412,
            34.250547
          ],
          [
            133.7794108,
            34.2505973
          ],
          [
            133.7794412,
            34.250547
          ],
          [
            133.7794108,
            34.2505973
          ],
          [
            133.7785733,
            34.2505622
          ],
          [
            133.7785003,
            34.2505611
          ],
          [
            133.7767017,
            34.2528923
          ],
          [
            133.7767921,
            34.2527986
          ],
          [
            133.7768928,
            34.252762
          ],
          [
            133.7770057,
            34.2527177
          ],
          [
            133.7770548,
            34.2526783
          ],
          [
            133.7771103,
            34.252589
          ],
          [
            133.7772094,
            34.2525124
          ],
          [
            133.7773475,
            34.252475
          ],
          [
            133.7774478,
            34.2523402
          ],
          [
            133.7775739,
            34.252174
          ],
          [
            133.7777334,
            34.2519766
          ],
          [
            133.7778997,
            34.2516973
          ],
          [
            133.7780043,
            34.2515465
          ],
          [
            133.7782685,
            34.2510876
          ],
          [
            133.7782605,
            34.2510167
          ],
          [
            133.7785003,
            34.2505611
          ],
          [
            133.7761604,
            34.2535646
          ],
          [
            133.7762783,
            34.2533501
          ],
          [
            133.7764634,
            34.2531317
          ],
          [
            133.7767017,
            34.2528923
          ],
          [
            133.7761604,
            34.2535646
          ],
          [
            133.7757608,
            34.2540519
          ],
          [
            133.775589,
            34.2541737
          ],
          [
            133.775512,
            34.2542536
          ],
          [
            133.7754708,
            34.2542862
          ],
          [
            133.7754476,
            34.2543188
          ],
          [
            133.7753133,
            34.2544994
          ],
          [
            133.7752968,
            34.254519
          ],
          [
            133.775274,
            34.2545621
          ],
          [
            133.7751016,
            34.2547508
          ],
          [
            133.7749058,
            34.25647
          ],
          [
            133.7754965,
            34.2563208
          ],
          [
            133.7755119,
            34.2563025
          ],
          [
            133.7755119,
            34.2562842
          ],
          [
            133.7754891,
            34.2562587
          ],
          [
            133.7751827,
            34.2559689
          ],
          [
            133.7749969,
            34.2557727
          ],
          [
            133.7748165,
            34.2554972
          ],
          [
            133.7747966,
            34.2554609
          ],
          [
            133.7749346,
            34.2553908
          ],
          [
            133.7750253,
            34.2553286
          ],
          [
            133.7750848,
            34.2552556
          ],
          [
            133.7751537,
            34.2551483
          ],
          [
            133.7751748,
            34.2550483
          ],
          [
            133.7751529,
            34.2549347
          ],
          [
            133.7751016,
            34.2547508
          ],
          [
            133.7745042,
            34.2571226
          ],
          [
            133.7748463,
            34.2565666
          ],
          [
            133.7749058,
            34.25647
          ],
          [
            133.7730805,
            34.2577445
          ],
          [
            133.7733909,
            34.2572597
          ],
          [
            133.7734158,
            34.257239
          ],
          [
            133.7734785,
            34.2571868
          ],
          [
            133.7737429,
            34.2570645
          ],
          [
            133.7737642,
            34.2570559
          ],
          [
            133.7740356,
            34.2569454
          ],
          [
            133.7742918,
            34.2570404
          ],
          [
            133.7745042,
            34.2571226
          ],
          [
            133.7730805,
            34.2577445
          ],
          [
            133.7725353,
            34.2576166
          ],
          [
            133.7724689,
            34.2575717
          ],
          [
            133.7720083,
            34.2576437
          ],
          [
            133.7718577,
            34.2576372
          ],
          [
            133.7679315,
            34.2644579
          ],
          [
            133.7679801,
            34.2643828
          ],
          [
            133.768138,
            34.2641388
          ],
          [
            133.7683326,
            34.263875
          ],
          [
            133.7685662,
            34.263527
          ],
          [
            133.7686439,
            34.2634104
          ],
          [
            133.768704,
            34.2633202
          ],
          [
            133.7689865,
            34.2628271
          ],
          [
            133.7695981,
            34.2620099
          ],
          [
            133.7699094,
            34.2614711
          ],
          [
            133.7699131,
            34.2614647
          ],
          [
            133.7700959,
            34.2611314
          ],
          [
            133.7702379,
            34.2607676
          ],
          [
            133.7703612,
            34.260493
          ],
          [
            133.7704058,
            34.2603937
          ],
          [
            133.7706124,
            34.260057
          ],
          [
            133.7706328,
            34.260009
          ],
          [
            133.7707912,
            34.2597066
          ],
          [
            133.7708816,
            34.2595197
          ],
          [
            133.7709033,
            34.2594765
          ],
          [
            133.7711071,
            34.2590701
          ],
          [
            133.7712534,
            34.2586378
          ],
          [
            133.7713932,
            34.2582481
          ],
          [
            133.7714161,
            34.258158
          ],
          [
            133.7714634,
            34.2580629
          ],
          [
            133.7716046,
            34.2579181
          ],
          [
            133.7718577,
            34.2576372
          ],
          [
            133.7618873,
            34.2732685
          ],
          [
            133.7619594,
            34.2730687
          ],
          [
            133.7619727,
            34.2730317
          ],
          [
            133.7620261,
            34.2728265
          ],
          [
            133.762354,
            34.2722589
          ],
          [
            133.7627553,
            34.2716344
          ],
          [
            133.7629318,
            34.2713597
          ],
          [
            133.7634836,
            34.2705077
          ],
          [
            133.7638885,
            34.2698975
          ],
          [
            133.7640388,
            34.2697401
          ],
          [
            133.764138,
            34.2696734
          ],
          [
            133.7642902,
            34.2695831
          ],
          [
            133.7644429,
            34.2694531
          ],
          [
            133.7645364,
            34.2693227
          ],
          [
            133.7648445,
            34.2688263
          ],
          [
            133.7651464,
            34.2683431
          ],
          [
            133.7652995,
            34.2681383
          ],
          [
            133.7653668,
            34.268041
          ],
          [
            133.7658034,
            34.267497
          ],
          [
            133.7659185,
            34.2673717
          ],
          [
            133.7659929,
            34.267254
          ],
          [
            133.7660147,
            34.2671696
          ],
          [
            133.7660369,
            34.2671038
          ],
          [
            133.7660879,
            34.2670183
          ],
          [
            133.7661827,
            34.2668891
          ],
          [
            133.7662564,
            34.2667952
          ],
          [
            133.7662746,
            34.2667647
          ],
          [
            133.7662988,
            34.2667307
          ],
          [
            133.7665909,
            34.2663221
          ],
          [
            133.7668001,
            34.265977
          ],
          [
            133.766842,
            34.2659111
          ],
          [
            133.7668692,
            34.2658683
          ],
          [
            133.7671528,
            34.2654412
          ],
          [
            133.7672239,
            34.2653484
          ],
          [
            133.7672624,
            34.2653177
          ],
          [
            133.7672893,
            34.2653
          ],
          [
            133.7673366,
            34.2652688
          ],
          [
            133.7674068,
            34.2652167
          ],
          [
            133.767881,
            34.2645309
          ],
          [
            133.7679315,
            34.2644579
          ],
          [
            133.761425,
            34.2741181
          ],
          [
            133.7616364,
            34.2737937
          ],
          [
            133.7618031,
            34.273527
          ],
          [
            133.7618415,
            34.2734354
          ],
          [
            133.7618873,
            34.2732685
          ],
          [
            133.761425,
            34.2741181
          ],
          [
            133.761493,
            34.274149
          ],
          [
            133.7624692,
            34.2745483
          ],
          [
            133.7636071,
            34.2749957
          ],
          [
            133.763119,
            34.2759545
          ],
          [
            133.7633092,
            34.2755705
          ],
          [
            133.7636071,
            34.2749957
          ],
          [
            133.763119,
            34.2759545
          ],
          [
            133.7630282,
            34.2761643
          ],
          [
            133.7629753,
            34.276216
          ],
          [
            133.7628417,
            34.276476
          ],
          [
            133.7627335,
            34.2766864
          ],
          [
            133.7628417,
            34.276476
          ],
          [
            133.7627335,
            34.2766864
          ],
          [
            133.7630282,
            34.2761643
          ],
          [
            133.7629753,
            34.276216
          ],
          [
            133.7628417,
            34.276476
          ],
          [
            133.7630282,
            34.2761643
          ],
          [
            133.763275,
            34.2762497
          ],
          [
            133.7632267,
            34.2763627
          ],
          [
            133.7635298,
            34.2765123
          ],
          [
            133.7637444,
            34.2765866
          ],
          [
            133.7638316,
            34.2766187
          ],
          [
            133.7637122,
            34.2768193
          ],
          [
            133.7634943,
            34.2772121
          ],
          [
            133.7634259,
            34.277405
          ],
          [
            133.7634005,
            34.2774422
          ],
          [
            133.7729149,
            34.2814849
          ],
          [
            133.772873,
            34.2814675
          ],
          [
            133.7725573,
            34.2813361
          ],
          [
            133.7706688,
            34.280547
          ],
          [
            133.7695233,
            34.2800638
          ],
          [
            133.7686423,
            34.2796873
          ],
          [
            133.7677879,
            34.279341
          ],
          [
            133.7676697,
            34.2792906
          ],
          [
            133.7672083,
            34.2790865
          ],
          [
            133.766822,
            34.2789122
          ],
          [
            133.766684,
            34.2788499
          ],
          [
            133.7665844,
            34.2788099
          ],
          [
            133.766507,
            34.2787787
          ],
          [
            133.7646883,
            34.2780211
          ],
          [
            133.7645743,
            34.2779781
          ],
          [
            133.7641871,
            34.2778037
          ],
          [
            133.7634005,
            34.2774422
          ],
          [
            133.7732169,
            34.2816153
          ],
          [
            133.7729149,
            34.2814849
          ],
          [
            133.7772829,
            34.2835543
          ],
          [
            133.7771667,
            34.2834985
          ],
          [
            133.7770429,
            34.2834414
          ],
          [
            133.7750118,
            34.2824545
          ],
          [
            133.7748393,
            34.2823709
          ],
          [
            133.7744228,
            34.282169
          ],
          [
            133.77393,
            34.2819349
          ],
          [
            133.7733818,
            34.2816902
          ],
          [
            133.7732169,
            34.2816153
          ],
          [
            133.7773604,
            34.2835964
          ],
          [
            133.7772829,
            34.2835543
          ],
          [
            133.7859853,
            34.2869709
          ],
          [
            133.7859414,
            34.2869576
          ],
          [
            133.7857912,
            34.2869141
          ],
          [
            133.785543,
            34.2868422
          ],
          [
            133.7854086,
            34.2867966
          ],
          [
            133.7853982,
            34.2867919
          ],
          [
            133.7851149,
            34.2866643
          ],
          [
            133.7843443,
            34.2862989
          ],
          [
            133.7840264,
            34.2861491
          ],
          [
            133.7834494,
            34.2858977
          ],
          [
            133.7833843,
            34.2858764
          ],
          [
            133.7828653,
            34.2857005
          ],
          [
            133.7822588,
            34.2855012
          ],
          [
            133.7818803,
            34.2853768
          ],
          [
            133.7815679,
            34.2852713
          ],
          [
            133.7810621,
            34.2851004
          ],
          [
            133.781005,
            34.2850773
          ],
          [
            133.78094,
            34.2850516
          ],
          [
            133.7808325,
            34.2850062
          ],
          [
            133.7807796,
            34.284983
          ],
          [
            133.7807569,
            34.284973
          ],
          [
            133.7807131,
            34.284954
          ],
          [
            133.7805012,
            34.2848594
          ],
          [
            133.7804344,
            34.2848311
          ],
          [
            133.7803343,
            34.2847849
          ],
          [
            133.7797427,
            34.2845347
          ],
          [
            133.7795074,
            34.2844332
          ],
          [
            133.779193,
            34.2843144
          ],
          [
            133.7790063,
            34.2842415
          ],
          [
            133.7785849,
            34.2840839
          ],
          [
            133.7783764,
            34.2840059
          ],
          [
            133.7775997,
            34.2837115
          ],
          [
            133.7775782,
            34.2837033
          ],
          [
            133.7773604,
            34.2835964
          ],
          [
            133.7863082,
            34.2870642
          ],
          [
            133.7859853,
            34.2869709
          ],
          [
            133.7865747,
            34.2871427
          ],
          [
            133.7863591,
            34.2870792
          ],
          [
            133.7863327,
            34.2870714
          ],
          [
            133.7863082,
            34.2870642
          ],
          [
            133.7919151,
            34.288959
          ],
          [
            133.7918337,
            34.2889216
          ],
          [
            133.7914703,
            34.2887454
          ],
          [
            133.7912894,
            34.2886662
          ],
          [
            133.7910088,
            34.2885375
          ],
          [
            133.7909172,
            34.2884955
          ],
          [
            133.7908317,
            34.2884616
          ],
          [
            133.7905771,
            34.2883806
          ],
          [
            133.7905256,
            34.2883642
          ],
          [
            133.7904789,
            34.2883495
          ],
          [
            133.7903915,
            34.2883222
          ],
          [
            133.7898093,
            34.288108
          ],
          [
            133.7889351,
            34.2877638
          ],
          [
            133.7883041,
            34.2875159
          ],
          [
            133.787935,
            34.2873718
          ],
          [
            133.787776,
            34.2873349
          ],
          [
            133.7875596,
            34.2872917
          ],
          [
            133.7870357,
            34.2871998
          ],
          [
            133.7868422,
            34.287176
          ],
          [
            133.7868141,
            34.2871725
          ],
          [
            133.7865747,
            34.2871427
          ],
          [
            133.7923473,
            34.2883836
          ],
          [
            133.7922673,
            34.2884549
          ],
          [
            133.7922221,
            34.2884999
          ],
          [
            133.7919151,
            34.288959
          ],
          [
            133.793842,
            34.2887773
          ],
          [
            133.7934412,
            34.2886778
          ],
          [
            133.7933007,
            34.2886429
          ],
          [
            133.7924876,
            34.288441
          ],
          [
            133.7924782,
            34.2884372
          ],
          [
            133.7923473,
            34.2883836
          ],
          [
            133.793842,
            34.2887773
          ],
          [
            133.7940158,
            34.2888611
          ],
          [
            133.7941063,
            34.2888796
          ],
          [
            133.7942798,
            34.2889371
          ],
          [
            133.7945026,
            34.2890126
          ],
          [
            133.794603,
            34.2890444
          ],
          [
            133.7951317,
            34.2892352
          ],
          [
            133.7954405,
            34.2893555
          ],
          [
            133.7954598,
            34.289363
          ],
          [
            133.7956121,
            34.2894274
          ],
          [
            133.7957221,
            34.2894704
          ],
          [
            133.7961623,
            34.2896425
          ],
          [
            133.7965741,
            34.2897984
          ],
          [
            133.7966118,
            34.2898127
          ],
          [
            133.7967105,
            34.2898524
          ],
          [
            133.796862,
            34.2899059
          ],
          [
            133.7977161,
            34.2902279
          ],
          [
            133.7977869,
            34.2902546
          ],
          [
            133.797931,
            34.2903119
          ],
          [
            133.7980565,
            34.2903636
          ],
          [
            133.798169,
            34.2904049
          ],
          [
            133.7987941,
            34.2906344
          ],
          [
            133.7989346,
            34.2906886
          ],
          [
            133.7991337,
            34.290762
          ],
          [
            133.7999229,
            34.2910628
          ],
          [
            133.7999859,
            34.2910889
          ],
          [
            133.8005492,
            34.2913054
          ],
          [
            133.8009414,
            34.2914566
          ],
          [
            133.801472,
            34.2916664
          ],
          [
            133.8015915,
            34.2917107
          ],
          [
            133.8016697,
            34.2917447
          ],
          [
            133.8018227,
            34.2917995
          ],
          [
            133.8019561,
            34.2918525
          ],
          [
            133.8022691,
            34.2919703
          ],
          [
            133.8023035,
            34.2919844
          ],
          [
            133.8028364,
            34.2921642
          ],
          [
            133.802922,
            34.2922062
          ],
          [
            133.8035435,
            34.2924552
          ],
          [
            133.803963,
            34.2926262
          ],
          [
            133.8043202,
            34.2927982
          ],
          [
            133.8043965,
            34.2928398
          ],
          [
            133.8044513,
            34.2928696
          ],
          [
            133.8045104,
            34.2928988
          ],
          [
            133.8058097,
            34.293681
          ],
          [
            133.80592,
            34.2937477
          ],
          [
            133.8060107,
            34.293808
          ],
          [
            133.8060469,
            34.2938321
          ],
          [
            133.8062946,
            34.2940108
          ],
          [
            133.8064517,
            34.2940977
          ],
          [
            133.8065089,
            34.2941612
          ],
          [
            133.807184,
            34.2949103
          ],
          [
            133.8072793,
            34.2950094
          ],
          [
            133.8077937,
            34.2955444
          ],
          [
            133.8083955,
            34.2961702
          ],
          [
            133.8087156,
            34.2965031
          ],
          [
            133.8088419,
            34.2966345
          ],
          [
            133.8092068,
            34.297014
          ],
          [
            133.809322,
            34.2971338
          ],
          [
            133.8094809,
            34.2972991
          ],
          [
            133.80972,
            34.2975477
          ],
          [
            133.8097803,
            34.2976104
          ],
          [
            133.8098591,
            34.2976924
          ],
          [
            133.8099284,
            34.297765
          ],
          [
            133.8098938,
            34.2977287
          ],
          [
            133.8098591,
            34.2976924
          ],
          [
            133.8118191,
            34.2997288
          ],
          [
            133.8117995,
            34.2997088
          ],
          [
            133.8105884,
            34.2984327
          ],
          [
            133.8104726,
            34.2983106
          ],
          [
            133.8104002,
            34.2982384
          ],
          [
            133.8100496,
            34.2978884
          ],
          [
            133.8100071,
            34.2978446
          ],
          [
            133.8099284,
            34.297765
          ],
          [
            133.8120394,
            34.2999507
          ],
          [
            133.8118191,
            34.2997288
          ],
          [
            133.8162292,
            34.3045247
          ],
          [
            133.8160212,
            34.3043001
          ],
          [
            133.8159776,
            34.304253
          ],
          [
            133.8158,
            34.3040571
          ],
          [
            133.8152526,
            34.3033452
          ],
          [
            133.8151107,
            34.3031606
          ],
          [
            133.8149568,
            34.3029879
          ],
          [
            133.8145976,
            34.3026186
          ],
          [
            133.8143447,
            34.3023587
          ],
          [
            133.8133096,
            34.3012861
          ],
          [
            133.8130824,
            34.3010506
          ],
          [
            133.8120394,
            34.2999507
          ],
          [
            133.8161765,
            34.3045543
          ],
          [
            133.8162292,
            34.3045247
          ],
          [
            133.8162969,
            34.3044785
          ],
          [
            133.8163474,
            34.3045375
          ],
          [
            133.8164552,
            34.3046635
          ],
          [
            133.8165227,
            34.3047212
          ],
          [
            133.8178177,
            34.3058278
          ],
          [
            133.8183796,
            34.3063462
          ],
          [
            133.8186344,
            34.3066033
          ],
          [
            133.8189058,
            34.3069286
          ],
          [
            133.8190495,
            34.3071033
          ],
          [
            133.8191842,
            34.307267
          ],
          [
            133.8192591,
            34.3072528
          ],
          [
            133.8193051,
            34.3072733
          ],
          [
            133.8194007,
            34.3073697
          ],
          [
            133.8198077,
            34.3078682
          ],
          [
            133.8198207,
            34.3078855
          ],
          [
            133.8199864,
            34.307817
          ],
          [
            133.8201059,
            34.3077776
          ],
          [
            133.8202253,
            34.3077381
          ],
          [
            133.8204235,
            34.3076796
          ],
          [
            133.8205014,
            34.3076577
          ],
          [
            133.821515,
            34.307874
          ],
          [
            133.8214168,
            34.3078591
          ],
          [
            133.8211974,
            34.3077831
          ],
          [
            133.821116,
            34.3077539
          ],
          [
            133.8209497,
            34.3077378
          ],
          [
            133.8207479,
            34.3077422
          ],
          [
            133.8206258,
            34.3077378
          ],
          [
            133.8205014,
            34.3076577
          ],
          [
            133.821515,
            34.307874
          ],
          [
            133.8216265,
            34.3079612
          ],
          [
            133.8217199,
            34.3079159
          ],
          [
            133.8220027,
            34.3078543
          ],
          [
            133.822509,
            34.3077396
          ],
          [
            133.8227473,
            34.307712
          ],
          [
            133.8231834,
            34.3076748
          ],
          [
            133.8232338,
            34.3076706
          ],
          [
            133.8233488,
            34.307661
          ],
          [
            133.8237415,
            34.3076281
          ],
          [
            133.8241315,
            34.3076085
          ],
          [
            133.8243603,
            34.3076167
          ],
          [
            133.8245426,
            34.307611
          ],
          [
            133.8247031,
            34.3073234
          ],
          [
            133.8246543,
            34.3072898
          ],
          [
            133.8245547,
            34.3072428
          ],
          [
            133.8243921,
            34.3071974
          ],
          [
            133.8242661,
            34.3071823
          ],
          [
            133.8241766,
            34.3071689
          ],
          [
            133.8241258,
            34.3071605
          ],
          [
            133.8241729,
            34.3070972
          ],
          [
            133.824344,
            34.3069398
          ],
          [
            133.8244312,
            34.3068411
          ],
          [
            133.8243114,
            34.3067576
          ],
          [
            133.8242868,
            34.3067405
          ],
          [
            133.8241258,
            34.3071605
          ],
          [
            133.8241729,
            34.3070972
          ],
          [
            133.824344,
            34.3069398
          ],
          [
            133.8244312,
            34.3068411
          ],
          [
            133.8243114,
            34.3067576
          ],
          [
            133.8242868,
            34.3067405
          ],
          [
            133.8245426,
            34.307611
          ],
          [
            133.8247031,
            34.3073234
          ],
          [
            133.8246543,
            34.3072898
          ],
          [
            133.8245547,
            34.3072428
          ],
          [
            133.8243921,
            34.3071974
          ],
          [
            133.8242661,
            34.3071823
          ],
          [
            133.8241766,
            34.3071689
          ],
          [
            133.8241258,
            34.3071605
          ],
          [
            133.8245426,
            34.307611
          ],
          [
            133.8245959,
            34.3076093
          ],
          [
            133.8247843,
            34.3076244
          ],
          [
            133.8250408,
            34.3076693
          ],
          [
            133.8252587,
            34.3077217
          ],
          [
            133.8254211,
            34.3077765
          ],
          [
            133.8259598,
            34.3080374
          ],
          [
            133.8266001,
            34.3083294
          ],
          [
            133.8266167,
            34.3083375
          ],
          [
            133.8268974,
            34.3084741
          ],
          [
            133.8271625,
            34.3085649
          ],
          [
            133.8273385,
            34.3086311
          ],
          [
            133.8276339,
            34.3087296
          ],
          [
            133.8278955,
            34.3088508
          ],
          [
            133.8280057,
            34.3088445
          ],
          [
            133.8284794,
            34.3090631
          ],
          [
            133.8285531,
            34.3090796
          ],
          [
            133.8288241,
            34.3092096
          ],
          [
            133.8288489,
            34.3092791
          ],
          [
            133.8288649,
            34.3092985
          ],
          [
            133.8289363,
            34.3093397
          ],
          [
            133.8292165,
            34.3095048
          ],
          [
            133.8296217,
            34.3097407
          ],
          [
            133.8297625,
            34.3098188
          ],
          [
            133.8297747,
            34.3098256
          ],
          [
            133.8301618,
            34.3100355
          ],
          [
            133.8304198,
            34.3101784
          ],
          [
            133.8305648,
            34.3102702
          ],
          [
            133.8306416,
            34.3103312
          ],
          [
            133.8306532,
            34.3103404
          ],
          [
            133.8307634,
            34.3104609
          ],
          [
            133.8308375,
            34.3105574
          ],
          [
            133.8308894,
            34.3106085
          ],
          [
            133.8309255,
            34.3106883
          ],
          [
            133.8309446,
            34.3107619
          ],
          [
            133.8315961,
            34.3116648
          ],
          [
            133.8317121,
            34.3118435
          ],
          [
            133.8317375,
            34.3118826
          ],
          [
            133.8321752,
            34.311987
          ],
          [
            133.8318564,
            34.3119082
          ],
          [
            133.8317375,
            34.3118826
          ],
          [
            133.8332896,
            34.3122424
          ],
          [
            133.8331053,
            34.3121889
          ],
          [
            133.8325676,
            34.3120575
          ],
          [
            133.8321752,
            34.311987
          ],
          [
            133.83327,
            34.3122674
          ],
          [
            133.8332896,
            34.3122424
          ],
          [
            133.8377392,
            34.3139115
          ],
          [
            133.8376589,
            34.3138889
          ],
          [
            133.837585,
            34.3138558
          ],
          [
            133.8374023,
            34.3137221
          ],
          [
            133.837253,
            34.3136255
          ],
          [
            133.8370036,
            34.3134691
          ],
          [
            133.8368663,
            34.3133731
          ],
          [
            133.8367254,
            34.3132935
          ],
          [
            133.8365725,
            34.3132278
          ],
          [
            133.836402,
            34.3131721
          ],
          [
            133.8362293,
            34.3131206
          ],
          [
            133.8355144,
            34.3129052
          ],
          [
            133.8350135,
            34.3127652
          ],
          [
            133.8342181,
            34.3125419
          ],
          [
            133.8337947,
            34.3124193
          ],
          [
            133.83327,
            34.3122674
          ],
          [
            133.8379172,
            34.3140411
          ],
          [
            133.837837,
            34.313981
          ],
          [
            133.8377392,
            34.3139115
          ],
          [
            133.8379172,
            34.3140411
          ],
          [
            133.8379421,
            34.3140271
          ],
          [
            133.8380795,
            34.3140074
          ],
          [
            133.8381362,
            34.3139992
          ],
          [
            133.8385002,
            34.3139398
          ],
          [
            133.8385401,
            34.3139333
          ],
          [
            133.8390817,
            34.3138498
          ],
          [
            133.8391782,
            34.3138367
          ],
          [
            133.8392941,
            34.3138226
          ],
          [
            133.8393849,
            34.3138189
          ],
          [
            133.8394371,
            34.3138254
          ],
          [
            133.83947,
            34.3138395
          ],
          [
            133.8394984,
            34.3138658
          ],
          [
            133.8395177,
            34.3138967
          ],
          [
            133.8395257,
            34.3139267
          ],
          [
            133.8395741,
            34.3139338
          ],
          [
            133.8396252,
            34.3139412
          ],
          [
            133.839582,
            34.3142116
          ],
          [
            133.8395725,
            34.3141794
          ],
          [
            133.8396252,
            34.3139412
          ],
          [
            133.8395743,
            34.3142393
          ],
          [
            133.839582,
            34.3142116
          ],
          [
            133.8395743,
            34.3142393
          ],
          [
            133.8399135,
            34.3142975
          ],
          [
            133.8401878,
            34.3143445
          ],
          [
            133.8411288,
            34.3144932
          ],
          [
            133.8412443,
            34.3145143
          ],
          [
            133.8418117,
            34.314618
          ],
          [
            133.8422103,
            34.3146818
          ],
          [
            133.8427614,
            34.3147494
          ],
          [
            133.8431013,
            34.3147908
          ],
          [
            133.8431449,
            34.3147921
          ],
          [
            133.8433751,
            34.31477
          ],
          [
            133.8442224,
            34.3146349
          ],
          [
            133.8446546,
            34.3145806
          ],
          [
            133.8451494,
            34.3145652
          ],
          [
            133.8454269,
            34.3145689
          ],
          [
            133.8454702,
            34.3145686
          ],
          [
            133.8455888,
            34.3145711
          ],
          [
            133.84605,
            34.3145816
          ],
          [
            133.8463261,
            34.3146111
          ],
          [
            133.8466988,
            34.314648
          ],
          [
            133.8471386,
            34.3146704
          ],
          [
            133.8474549,
            34.3147054
          ],
          [
            133.8479679,
            34.314757
          ],
          [
            133.8480815,
            34.3147701
          ],
          [
            133.8481813,
            34.3147842
          ],
          [
            133.8486669,
            34.314859
          ],
          [
            133.8488296,
            34.3148788
          ],
          [
            133.8489863,
            34.3148978
          ],
          [
            133.8492974,
            34.3149416
          ],
          [
            133.8497872,
            34.3150067
          ],
          [
            133.8498034,
            34.3150088
          ],
          [
            133.8498206,
            34.315011
          ],
          [
            133.8503904,
            34.3150854
          ],
          [
            133.8504809,
            34.315091
          ],
          [
            133.8506652,
            34.3151036
          ],
          [
            133.8509125,
            34.3151108
          ],
          [
            133.8509911,
            34.3151128
          ],
          [
            133.8511055,
            34.3151156
          ],
          [
            133.8512078,
            34.3151163
          ],
          [
            133.8517304,
            34.3151196
          ],
          [
            133.8519529,
            34.315121
          ],
          [
            133.852413,
            34.3151206
          ],
          [
            133.8526008,
            34.3151205
          ],
          [
            133.8528368,
            34.3151203
          ],
          [
            133.8531265,
            34.31512
          ],
          [
            133.8532313,
            34.3151232
          ],
          [
            133.8534668,
            34.3151303
          ],
          [
            133.8536852,
            34.3151369
          ],
          [
            133.8537483,
            34.3151388
          ],
          [
            133.8544795,
            34.3151422
          ],
          [
            133.8546618,
            34.315143
          ],
          [
            133.8548809,
            34.315144
          ],
          [
            133.8553315,
            34.3151515
          ],
          [
            133.8559222,
            34.3151619
          ],
          [
            133.8561352,
            34.3151657
          ],
          [
            133.8562089,
            34.3151742
          ],
          [
            133.862645,
            34.3152229
          ],
          [
            133.8625485,
            34.3152225
          ],
          [
            133.861742,
            34.3152191
          ],
          [
            133.8616862,
            34.3152189
          ],
          [
            133.8610938,
            34.3152086
          ],
          [
            133.8605507,
            34.3152061
          ],
          [
            133.8601054,
            34.3152021
          ],
          [
            133.8600597,
            34.3151984
          ],
          [
            133.8599218,
            34.3152006
          ],
          [
            133.8597843,
            34.3151977
          ],
          [
            133.8597051,
            34.3151989
          ],
          [
            133.8590172,
            34.3151917
          ],
          [
            133.8586333,
            34.3151874
          ],
          [
            133.8585782,
            34.3151867
          ],
          [
            133.8585127,
            34.315186
          ],
          [
            133.8584055,
            34.3151848
          ],
          [
            133.8579934,
            34.3151801
          ],
          [
            133.8576643,
            34.3151748
          ],
          [
            133.8573804,
            34.3151778
          ],
          [
            133.8573291,
            34.3151783
          ],
          [
            133.8571021,
            34.3151807
          ],
          [
            133.8570683,
            34.3151804
          ],
          [
            133.8562933,
            34.3151748
          ],
          [
            133.8562089,
            34.3151742
          ],
          [
            133.8685971,
            34.3152713
          ],
          [
            133.8681515,
            34.3152664
          ],
          [
            133.8680959,
            34.3152655
          ],
          [
            133.8675914,
            34.3152616
          ],
          [
            133.8669931,
            34.3152565
          ],
          [
            133.8662954,
            34.3152504
          ],
          [
            133.8662261,
            34.3152495
          ],
          [
            133.8649963,
            34.3152332
          ],
          [
            133.8644099,
            34.3152286
          ],
          [
            133.8643063,
            34.3152278
          ],
          [
            133.8635203,
            34.3152255
          ],
          [
            133.8634203,
            34.3152252
          ],
          [
            133.8633348,
            34.3152249
          ],
          [
            133.8629748,
            34.3152239
          ],
          [
            133.862645,
            34.3152229
          ],
          [
            133.8690702,
            34.3152766
          ],
          [
            133.8690577,
            34.3152764
          ],
          [
            133.8688187,
            34.3152738
          ],
          [
            133.8685971,
            34.3152713
          ],
          [
            133.869154,
            34.3152775
          ],
          [
            133.8690702,
            34.3152766
          ],
          [
            133.8700964,
            34.3152356
          ],
          [
            133.8693629,
            34.3152703
          ],
          [
            133.869201,
            34.315278
          ],
          [
            133.869154,
            34.3152775
          ],
          [
            133.8704548,
            34.3152156
          ],
          [
            133.8700964,
            34.3152356
          ],
          [
            133.8734201,
            34.3150428
          ],
          [
            133.8733239,
            34.3150424
          ],
          [
            133.8729007,
            34.3150564
          ],
          [
            133.8717724,
            34.3151382
          ],
          [
            133.8715745,
            34.3151526
          ],
          [
            133.8713175,
            34.3151674
          ],
          [
            133.8704548,
            34.3152156
          ],
          [
            133.8734201,
            34.3150428
          ],
          [
            133.8734255,
            34.3150074
          ],
          [
            133.8734454,
            34.3149623
          ],
          [
            133.8735487,
            34.3149014
          ],
          [
            133.873664,
            34.3148404
          ],
          [
            133.8737096,
            34.3148404
          ],
          [
            133.874537,
            34.314939
          ],
          [
            133.8746886,
            34.3149479
          ],
          [
            133.8747718,
            34.3149258
          ],
          [
            133.8758503,
            34.3148485
          ],
          [
            133.8760174,
            34.3148276
          ],
          [
            133.8760962,
            34.3147944
          ],
          [
            133.8763164,
            34.3146826
          ],
          [
            133.8763387,
            34.3146626
          ],
          [
            133.87636,
            34.3146434
          ],
          [
            133.8764037,
            34.3145994
          ],
          [
            133.87645,
            34.3145676
          ],
          [
            133.8765007,
            34.3145326
          ],
          [
            133.8769529,
            34.3143456
          ],
          [
            133.8775253,
            34.3141387
          ],
          [
            133.8777707,
            34.3140624
          ],
          [
            133.8779914,
            34.3139908
          ],
          [
            133.8781305,
            34.3139602
          ],
          [
            133.8783011,
            34.3138581
          ],
          [
            133.8785083,
            34.3137248
          ],
          [
            133.8786932,
            34.313575
          ],
          [
            133.878872,
            34.3133778
          ],
          [
            133.8790306,
            34.3131838
          ],
          [
            133.8795869,
            34.3125061
          ],
          [
            133.8797618,
            34.3122548
          ],
          [
            133.8798965,
            34.3119947
          ],
          [
            133.8800059,
            34.3117699
          ],
          [
            133.880082,
            34.3116428
          ],
          [
            133.8801645,
            34.3115766
          ],
          [
            133.8804184,
            34.3114757
          ],
          [
            133.880711,
            34.311385
          ],
          [
            133.880996,
            34.311346
          ],
          [
            133.8812043,
            34.3112951
          ],
          [
            133.8814407,
            34.3112036
          ],
          [
            133.881785,
            34.3111834
          ],
          [
            133.8821238,
            34.3111794
          ],
          [
            133.8823358,
            34.311178
          ],
          [
            133.8825685,
            34.3111733
          ],
          [
            133.8825917,
            34.3110969
          ],
          [
            133.8829503,
            34.3111739
          ],
          [
            133.8828883,
            34.3113719
          ],
          [
            133.8828693,
            34.3114265
          ],
          [
            133.8829503,
            34.3111739
          ],
          [
            133.8828883,
            34.3113719
          ],
          [
            133.8828693,
            34.3114265
          ],
          [
            133.8829503,
            34.3111739
          ],
          [
            133.8831807,
            34.3112191
          ],
          [
            133.8832285,
            34.3112285
          ],
          [
            133.8832583,
            34.3112359
          ],
          [
            133.8832065,
            34.3122308
          ],
          [
            133.8831876,
            34.3117468
          ],
          [
            133.8831911,
            34.3115476
          ],
          [
            133.8832214,
            34.3113766
          ],
          [
            133.8832583,
            34.3112359
          ],
          [
            133.8867085,
            34.311977
          ],
          [
            133.8866171,
            34.3120295
          ],
          [
            133.8863382,
            34.3121318
          ],
          [
            133.8862733,
            34.3121506
          ],
          [
            133.8860978,
            34.3122073
          ],
          [
            133.8855406,
            34.3122952
          ],
          [
            133.8854785,
            34.312299
          ],
          [
            133.885433,
            34.3123015
          ],
          [
            133.884648,
            34.3123557
          ],
          [
            133.8844675,
            34.3123558
          ],
          [
            133.8842835,
            34.3123301
          ],
          [
            133.8837797,
            34.3122374
          ],
          [
            133.8835924,
            34.3122331
          ],
          [
            133.8832065,
            34.3122308
          ],
          [
            133.8867085,
            34.311977
          ],
          [
            133.8869397,
            34.3120335
          ],
          [
            133.8875974,
            34.3121858
          ],
          [
            133.8877241,
            34.3122102
          ],
          [
            133.8878278,
            34.312219
          ],
          [
            133.8879076,
            34.3122102
          ],
          [
            133.8879927,
            34.3121992
          ],
          [
            133.8895536,
            34.3118613
          ],
          [
            133.8898297,
            34.3117987
          ],
          [
            133.8898842,
            34.3117933
          ],
          [
            133.8899403,
            34.3118011
          ],
          [
            133.8900412,
            34.3118043
          ],
          [
            133.8900979,
            34.3117967
          ],
          [
            133.8901381,
            34.3117863
          ],
          [
            133.8903496,
            34.311739
          ],
          [
            133.8904337,
            34.3117026
          ],
          [
            133.9033391,
            34.3083283
          ],
          [
            133.9031669,
            34.3084421
          ],
          [
            133.903057,
            34.3084927
          ],
          [
            133.9028327,
            34.3085846
          ],
          [
            133.9026521,
            34.3086432
          ],
          [
            133.9024739,
            34.3086909
          ],
          [
            133.90218,
            34.3088018
          ],
          [
            133.9020228,
            34.3088618
          ],
          [
            133.9018971,
            34.3089288
          ],
          [
            133.9017057,
            34.3090512
          ],
          [
            133.9015608,
            34.3091365
          ],
          [
            133.901423,
            34.3091965
          ],
          [
            133.9013538,
            34.3092155
          ],
          [
            133.9013225,
            34.3092241
          ],
          [
            133.9012448,
            34.3092358
          ],
          [
            133.9011319,
            34.3091951
          ],
          [
            133.9003172,
            34.3089028
          ],
          [
            133.9001431,
            34.3088589
          ],
          [
            133.9000549,
            34.3088529
          ],
          [
            133.8999666,
            34.3088602
          ],
          [
            133.8997084,
            34.3089577
          ],
          [
            133.8996266,
            34.308987
          ],
          [
            133.8995477,
            34.3089879
          ],
          [
            133.8993959,
            34.3089565
          ],
          [
            133.8988775,
            34.3088232
          ],
          [
            133.8985455,
            34.3087325
          ],
          [
            133.8983194,
            34.3086874
          ],
          [
            133.8980933,
            34.3086555
          ],
          [
            133.8980655,
            34.3086541
          ],
          [
            133.8979952,
            34.3086503
          ],
          [
            133.8973825,
            34.3087602
          ],
          [
            133.8972747,
            34.3088452
          ],
          [
            133.897183,
            34.3088991
          ],
          [
            133.8967122,
            34.3091886
          ],
          [
            133.8960076,
            34.3096878
          ],
          [
            133.8957026,
            34.3098957
          ],
          [
            133.8953441,
            34.3100682
          ],
          [
            133.8950367,
            34.3102427
          ],
          [
            133.8944662,
            34.3104643
          ],
          [
            133.894346,
            34.3104532
          ],
          [
            133.893904,
            34.3105572
          ],
          [
            133.8936135,
            34.3106478
          ],
          [
            133.8933393,
            34.310764
          ],
          [
            133.892481,
            34.3110606
          ],
          [
            133.890969,
            34.3114056
          ],
          [
            133.8904337,
            34.3117026
          ],
          [
            133.9033391,
            34.3083283
          ],
          [
            133.9033687,
            34.3083425
          ],
          [
            133.9033933,
            34.3083543
          ],
          [
            133.9034357,
            34.3083746
          ],
          [
            133.9034708,
            34.3083915
          ],
          [
            133.9038498,
            34.3086041
          ],
          [
            133.9054766,
            34.3070547
          ],
          [
            133.9049449,
            34.3075545
          ],
          [
            133.9041497,
            34.3083172
          ],
          [
            133.9040998,
            34.3083676
          ],
          [
            133.9038498,
            34.3086041
          ],
          [
            133.9054766,
            34.3070547
          ],
          [
            133.9057768,
            34.3072252
          ],
          [
            133.9064882,
            34.3076734
          ],
          [
            133.9065204,
            34.3076938
          ],
          [
            133.9068461,
            34.3073239
          ],
          [
            133.9071205,
            34.3070397
          ],
          [
            133.9075393,
            34.3066222
          ],
          [
            133.9080054,
            34.3061382
          ],
          [
            133.9082378,
            34.3059045
          ],
          [
            133.9084666,
            34.305692
          ],
          [
            133.9086883,
            34.3054861
          ],
          [
            133.9090285,
            34.3052118
          ],
          [
            133.9094323,
            34.3049171
          ],
          [
            133.9098591,
            34.3046557
          ],
          [
            133.9103585,
            34.3043971
          ],
          [
            133.9108485,
            34.3041756
          ],
          [
            133.9109298,
            34.3041417
          ],
          [
            133.9111014,
            34.3040328
          ],
          [
            133.9114552,
            34.3038553
          ],
          [
            133.9124392,
            34.3034314
          ],
          [
            133.9131435,
            34.3031345
          ],
          [
            133.9139363,
            34.3028204
          ],
          [
            133.9145533,
            34.3025766
          ],
          [
            133.9147534,
            34.3024989
          ],
          [
            133.916013,
            34.3020098
          ],
          [
            133.9169888,
            34.3016967
          ],
          [
            133.9173753,
            34.3015746
          ],
          [
            133.9176791,
            34.301451
          ],
          [
            133.9178442,
            34.3013447
          ],
          [
            133.9180444,
            34.3012264
          ],
          [
            133.9180998,
            34.3011885
          ],
          [
            133.9184882,
            34.3008558
          ],
          [
            133.9190241,
            34.3002758
          ],
          [
            133.9191209,
            34.3001672
          ],
          [
            133.9192541,
            34.3000372
          ],
          [
            133.9193354,
            34.29996
          ],
          [
            133.9195466,
            34.2997467
          ],
          [
            133.9196157,
            34.2996824
          ],
          [
            133.9196837,
            34.299601
          ],
          [
            133.9197559,
            34.2994915
          ],
          [
            133.9198261,
            34.2994438
          ],
          [
            133.9199228,
            34.299355
          ],
          [
            133.9200677,
            34.2992818
          ],
          [
            133.9202026,
            34.2992361
          ],
          [
            133.9202839,
            34.2991989
          ],
          [
            133.920341,
            34.299166
          ],
          [
            133.920379,
            34.2991332
          ],
          [
            133.9222749,
            34.2957187
          ],
          [
            133.9223142,
            34.2957972
          ],
          [
            133.9224829,
            34.2959633
          ],
          [
            133.9225097,
            34.2960131
          ],
          [
            133.9225215,
            34.2960638
          ],
          [
            133.9225178,
            34.2961018
          ],
          [
            133.9224692,
            34.2963821
          ],
          [
            133.9224645,
            34.2967593
          ],
          [
            133.9224241,
            34.29696
          ],
          [
            133.9223851,
            34.2971307
          ],
          [
            133.9223521,
            34.2972723
          ],
          [
            133.9222643,
            34.2975221
          ],
          [
            133.9221778,
            34.2977312
          ],
          [
            133.9221064,
            34.2978854
          ],
          [
            133.9219633,
            34.2981489
          ],
          [
            133.9217734,
            34.2982678
          ],
          [
            133.9216245,
            34.2984256
          ],
          [
            133.9214972,
            34.2985692
          ],
          [
            133.9214109,
            34.2986546
          ],
          [
            133.9213192,
            34.2987311
          ],
          [
            133.9209595,
            34.2989475
          ],
          [
            133.9208521,
            34.2989984
          ],
          [
            133.9207017,
            34.2990435
          ],
          [
            133.9205734,
            34.2990774
          ],
          [
            133.920379,
            34.2991332
          ],
          [
            133.9350007,
            34.2979491
          ],
          [
            133.9349525,
            34.2979254
          ],
          [
            133.9349121,
            34.2978696
          ],
          [
            133.934813,
            34.297554
          ],
          [
            133.9346251,
            34.2974114
          ],
          [
            133.9344649,
            34.2973186
          ],
          [
            133.9343113,
            34.2972595
          ],
          [
            133.9341188,
            34.2971445
          ],
          [
            133.9339739,
            34.2970693
          ],
          [
            133.9338138,
            34.2969414
          ],
          [
            133.9337773,
            34.2968487
          ],
          [
            133.9336756,
            34.2967829
          ],
          [
            133.9335248,
            34.296798
          ],
          [
            133.9333661,
            34.2968273
          ],
          [
            133.9332175,
            34.2968437
          ],
          [
            133.9329524,
            34.2968522
          ],
          [
            133.9328829,
            34.2968419
          ],
          [
            133.9327857,
            34.2968045
          ],
          [
            133.9325764,
            34.2966436
          ],
          [
            133.9325085,
            34.2966169
          ],
          [
            133.9324091,
            34.2966095
          ],
          [
            133.9323399,
            34.296615
          ],
          [
            133.9321867,
            34.2966475
          ],
          [
            133.9321287,
            34.2966612
          ],
          [
            133.9318652,
            34.2966536
          ],
          [
            133.9317902,
            34.2966422
          ],
          [
            133.9314873,
            34.2965372
          ],
          [
            133.9311493,
            34.2964919
          ],
          [
            133.9310138,
            34.2964919
          ],
          [
            133.9306728,
            34.2966084
          ],
          [
            133.9304978,
            34.2966555
          ],
          [
            133.9301858,
            34.2965991
          ],
          [
            133.9301002,
            34.2965633
          ],
          [
            133.9297118,
            34.296509
          ],
          [
            133.9295478,
            34.2964903
          ],
          [
            133.9290873,
            34.2964234
          ],
          [
            133.928813,
            34.2963764
          ],
          [
            133.9284028,
            34.2962717
          ],
          [
            133.927999,
            34.2961321
          ],
          [
            133.9276754,
            34.2960632
          ],
          [
            133.9275136,
            34.2960494
          ],
          [
            133.927121,
            34.2959838
          ],
          [
            133.9267365,
            34.2959587
          ],
          [
            133.926316,
            34.2959165
          ],
          [
            133.9260663,
            34.2958723
          ],
          [
            133.9258303,
            34.2957991
          ],
          [
            133.9255167,
            34.2956661
          ],
          [
            133.9253704,
            34.295617
          ],
          [
            133.9250618,
            34.2955398
          ],
          [
            133.9248564,
            34.2954788
          ],
          [
            133.9247148,
            34.2954493
          ],
          [
            133.9243457,
            34.2954312
          ],
          [
            133.9238746,
            34.295384
          ],
          [
            133.9237573,
            34.2953846
          ],
          [
            133.9234053,
            34.2954818
          ],
          [
            133.9233535,
            34.2954972
          ],
          [
            133.9227413,
            34.2956526
          ],
          [
            133.9225984,
            34.2956793
          ],
          [
            133.9224944,
            34.2956979
          ],
          [
            133.9222749,
            34.2957187
          ],
          [
            133.9350007,
            34.2979491
          ],
          [
            133.9349994,
            34.2979697
          ],
          [
            133.9357424,
            34.2979352
          ],
          [
            133.9353293,
            34.2979709
          ],
          [
            133.9349994,
            34.2979697
          ],
          [
            133.9358081,
            34.2982522
          ],
          [
            133.9358047,
            34.2982097
          ],
          [
            133.9357491,
            34.2979721
          ],
          [
            133.9357424,
            34.2979352
          ],
          [
            133.9394439,
            34.3006651
          ],
          [
            133.9391861,
            34.3005655
          ],
          [
            133.939161,
            34.3005558
          ],
          [
            133.938255,
            34.300162
          ],
          [
            133.937862,
            34.300055
          ],
          [
            133.937502,
            34.299972
          ],
          [
            133.937305,
            34.299881
          ],
          [
            133.937134,
            34.299766
          ],
          [
            133.936789,
            34.299554
          ],
          [
            133.93662,
            34.299453
          ],
          [
            133.9363758,
            34.2992816
          ],
          [
            133.9361717,
            34.2991078
          ],
          [
            133.9360964,
            34.298809
          ],
          [
            133.9359977,
            34.2986332
          ],
          [
            133.9358384,
            34.298331
          ],
          [
            133.9358081,
            34.2982522
          ],
          [
            133.9394439,
            34.3006651
          ],
          [
            133.9399268,
            34.3009138
          ],
          [
            133.9401868,
            34.301003
          ],
          [
            133.9406388,
            34.3010823
          ],
          [
            133.9411068,
            34.3012058
          ],
          [
            133.9414961,
            34.3012841
          ],
          [
            133.9418106,
            34.3013277
          ],
          [
            133.9419795,
            34.3013468
          ],
          [
            133.9421468,
            34.301383
          ],
          [
            133.9424183,
            34.3014734
          ],
          [
            133.9424628,
            34.3014891
          ],
          [
            133.942496,
            34.3015017
          ],
          [
            133.9427364,
            34.3015822
          ],
          [
            133.9429628,
            34.3016209
          ],
          [
            133.9431708,
            34.3016375
          ],
          [
            133.9434492,
            34.3016517
          ],
          [
            133.9435712,
            34.3016525
          ],
          [
            133.9437703,
            34.3016537
          ],
          [
            133.9441999,
            34.3016549
          ],
          [
            133.9441961,
            34.301795
          ],
          [
            133.9441963,
            34.3017896
          ],
          [
            133.9441999,
            34.3016549
          ],
          [
            133.9441955,
            34.3018177
          ],
          [
            133.9441961,
            34.301795
          ],
          [
            133.9441803,
            34.3024472
          ],
          [
            133.9441809,
            34.3024308
          ],
          [
            133.9441883,
            34.3021975
          ],
          [
            133.9441953,
            34.3018235
          ],
          [
            133.9441955,
            34.3018177
          ],
          [
            133.9441801,
            34.3024588
          ],
          [
            133.9441803,
            34.3024472
          ],
          [
            133.9441754,
            34.3027601
          ],
          [
            133.9441786,
            34.3025645
          ],
          [
            133.9441789,
            34.3025443
          ],
          [
            133.944179,
            34.3024855
          ],
          [
            133.9441801,
            34.3024588
          ],
          [
            133.9441708,
            34.3028654
          ],
          [
            133.9441754,
            34.3027601
          ],
          [
            133.9441708,
            34.3030127
          ],
          [
            133.9441707,
            34.3029901
          ],
          [
            133.9441707,
            34.3029174
          ],
          [
            133.9441708,
            34.3028654
          ],
          [
            133.9441708,
            34.3030127
          ],
          [
            133.9441561,
            34.3030125
          ],
          [
            133.9441571,
            34.3030414
          ],
          [
            133.9441705,
            34.3030414
          ],
          [
            133.9441705,
            34.3030473
          ],
          [
            133.9441705,
            34.3030414
          ],
          [
            133.9441704,
            34.3030579
          ],
          [
            133.9441705,
            34.3030473
          ],
          [
            133.9441704,
            34.3030579
          ],
          [
            133.9441705,
            34.3030473
          ],
          [
            133.9441705,
            34.3030414
          ],
          [
            133.944186,
            34.3030415
          ],
          [
            133.9441854,
            34.3030129
          ],
          [
            133.9441708,
            34.3030127
          ],
          [
            133.9441707,
            34.3029901
          ],
          [
            133.9441707,
            34.3029174
          ],
          [
            133.9441708,
            34.3028654
          ],
          [
            133.9441754,
            34.3027601
          ],
          [
            133.9441786,
            34.3025645
          ],
          [
            133.9441789,
            34.3025443
          ],
          [
            133.944179,
            34.3024855
          ],
          [
            133.9441801,
            34.3024588
          ],
          [
            133.9441803,
            34.3024472
          ],
          [
            133.9441809,
            34.3024308
          ],
          [
            133.9441883,
            34.3021975
          ],
          [
            133.9441953,
            34.3018235
          ],
          [
            133.9441955,
            34.3018177
          ],
          [
            133.9441961,
            34.301795
          ],
          [
            133.9441963,
            34.3017896
          ],
          [
            133.9441999,
            34.3016549
          ],
          [
            133.944363,
            34.3016591
          ],
          [
            133.9445957,
            34.3016674
          ],
          [
            133.9448228,
            34.3016881
          ],
          [
            133.9449269,
            34.3016956
          ],
          [
            133.9451319,
            34.3016951
          ],
          [
            133.9456943,
            34.3016976
          ],
          [
            133.9458633,
            34.3016992
          ],
          [
            133.9460774,
            34.3017246
          ],
          [
            133.9462548,
            34.3017551
          ],
          [
            133.9464445,
            34.301802
          ],
          [
            133.9466316,
            34.3018658
          ],
          [
            133.9467345,
            34.3019051
          ],
          [
            133.946799,
            34.301937
          ],
          [
            133.9468734,
            34.3019739
          ],
          [
            133.9469983,
            34.3020599
          ],
          [
            133.9471369,
            34.3021675
          ],
          [
            133.9472382,
            34.3022065
          ],
          [
            133.9475026,
            34.302285
          ],
          [
            133.9476375,
            34.3023108
          ],
          [
            133.9477506,
            34.3023106
          ],
          [
            133.9479526,
            34.3022641
          ],
          [
            133.9485538,
            34.3142719
          ],
          [
            133.9485217,
            34.314259
          ],
          [
            133.948497,
            34.3142378
          ],
          [
            133.9484636,
            34.3141231
          ],
          [
            133.9482628,
            34.3137488
          ],
          [
            133.9481673,
            34.3136012
          ],
          [
            133.948115,
            34.3133747
          ],
          [
            133.9480826,
            34.3130452
          ],
          [
            133.9480564,
            34.3128454
          ],
          [
            133.9480318,
            34.3125158
          ],
          [
            133.9480287,
            34.3124891
          ],
          [
            133.9480179,
            34.3123606
          ],
          [
            133.9479902,
            34.3122168
          ],
          [
            133.9478931,
            34.3120094
          ],
          [
            133.9477468,
            34.3117269
          ],
          [
            133.9476066,
            34.3114164
          ],
          [
            133.947605,
            34.3113503
          ],
          [
            133.9476436,
            34.3112141
          ],
          [
            133.9476774,
            34.3110054
          ],
          [
            133.9477699,
            34.310681
          ],
          [
            133.9477714,
            34.3104697
          ],
          [
            133.9477498,
            34.3102203
          ],
          [
            133.9476882,
            34.3097928
          ],
          [
            133.9476929,
            34.3096681
          ],
          [
            133.947719,
            34.3095535
          ],
          [
            133.9477529,
            34.3094327
          ],
          [
            133.947699,
            34.3094059
          ],
          [
            133.9471336,
            34.3094365
          ],
          [
            133.9466154,
            34.3094701
          ],
          [
            133.9466019,
            34.3094014
          ],
          [
            133.9465805,
            34.3091056
          ],
          [
            133.9465751,
            34.3089206
          ],
          [
            133.946559,
            34.3087057
          ],
          [
            133.9465429,
            34.3083479
          ],
          [
            133.9465376,
            34.3080366
          ],
          [
            133.9465282,
            34.3072717
          ],
          [
            133.9465081,
            34.3069222
          ],
          [
            133.946492,
            34.3067848
          ],
          [
            133.946496,
            34.3066286
          ],
          [
            133.9465188,
            34.3064558
          ],
          [
            133.9465413,
            34.3062243
          ],
          [
            133.9465792,
            34.3060382
          ],
          [
            133.9466675,
            34.3057823
          ],
          [
            133.9467068,
            34.3056699
          ],
          [
            133.9467338,
            34.3055871
          ],
          [
            133.9468602,
            34.3052185
          ],
          [
            133.9470693,
            34.3046579
          ],
          [
            133.9471799,
            34.3042865
          ],
          [
            133.9472937,
            34.3039105
          ],
          [
            133.9472994,
            34.3038914
          ],
          [
            133.9473449,
            34.3037487
          ],
          [
            133.9474485,
            34.3035313
          ],
          [
            133.9475929,
            34.3032987
          ],
          [
            133.9476731,
            34.3031694
          ],
          [
            133.9477138,
            34.3030384
          ],
          [
            133.9477433,
            34.3029242
          ],
          [
            133.9479395,
            34.3023458
          ],
          [
            133.9479526,
            34.3022641
          ],
          [
            133.9485538,
            34.3142719
          ],
          [
            133.9485741,
            34.3143508
          ],
          [
            133.9486277,
            34.3144439
          ],
          [
            133.9487068,
            34.3145724
          ],
          [
            133.9487913,
            34.3150055
          ],
          [
            133.9487806,
            34.3150409
          ],
          [
            133.9487162,
            34.3151074
          ],
          [
            133.9486666,
            34.3152292
          ],
          [
            133.9486331,
            34.3154286
          ],
          [
            133.9486478,
            34.3155837
          ],
          [
            133.9486866,
            34.3156933
          ],
          [
            133.9487806,
            34.3157964
          ],
          [
            133.9489147,
            34.3158916
          ],
          [
            133.9489549,
            34.3159658
          ],
          [
            133.9489523,
            34.3160877
          ],
          [
            133.9489107,
            34.3162671
          ],
          [
            133.9488302,
            34.3165274
          ],
          [
            133.9488396,
            34.3166869
          ],
          [
            133.9488101,
            34.316852
          ],
          [
            133.9487645,
            34.3169937
          ],
          [
            133.9486505,
            34.3173781
          ],
          [
            133.9486049,
            34.317593
          ],
          [
            133.9485607,
            34.3177314
          ],
          [
            133.9484842,
            34.3178422
          ],
          [
            133.9484105,
            34.3178943
          ],
          [
            133.948393,
            34.317943
          ],
          [
            133.9483756,
            34.3180792
          ],
          [
            133.9483179,
            34.3182764
          ],
          [
            133.9482214,
            34.3185555
          ],
          [
            133.9482053,
            34.3186142
          ],
          [
            133.9482227,
            34.3186353
          ],
          [
            133.9482817,
            34.318632
          ],
          [
            133.9484172,
            34.3185555
          ],
          [
            133.9486586,
            34.3183739
          ],
          [
            133.9487135,
            34.3183517
          ],
          [
            133.9487377,
            34.3183562
          ],
          [
            133.9487457,
            34.3183827
          ],
          [
            133.9487323,
            34.3184182
          ],
          [
            133.9486974,
            34.3184702
          ],
          [
            133.9486934,
            34.3185533
          ],
          [
            133.9486653,
            34.3186331
          ],
          [
            133.9486693,
            34.3187671
          ],
          [
            133.9486814,
            34.3188668
          ],
          [
            133.9486438,
            34.318972
          ],
          [
            133.9485767,
            34.3191459
          ],
          [
            133.9485513,
            34.3192312
          ],
          [
            133.948511,
            34.3193309
          ],
          [
            133.9485016,
            34.3193907
          ],
          [
            133.9484292,
            34.3194981
          ],
          [
            133.9483246,
            34.3196222
          ],
          [
            133.9482777,
            34.3197053
          ],
          [
            133.9482576,
            34.3197916
          ],
          [
            133.9482978,
            34.3198814
          ],
          [
            133.9482978,
            34.31997
          ],
          [
            133.9482495,
            34.320001
          ],
          [
            133.9481342,
            34.3200099
          ],
          [
            133.9479437,
            34.3200807
          ],
          [
            133.9476272,
            34.3202425
          ],
          [
            133.9475749,
            34.3202879
          ],
          [
            133.9475723,
            34.3203344
          ],
          [
            133.9476179,
            34.3203554
          ],
          [
            133.9477962,
            34.3203532
          ],
          [
            133.9480537,
            34.3203455
          ],
          [
            133.9481449,
            34.3203665
          ],
          [
            133.9481543,
            34.3204064
          ],
          [
            133.9481167,
            34.3204518
          ],
          [
            133.9479236,
            34.3205548
          ],
          [
            133.9477292,
            34.3207187
          ],
          [
            133.9475696,
            34.3208804
          ],
          [
            133.9474703,
            34.320989
          ],
          [
            133.9472464,
            34.321113
          ],
          [
            133.946958,
            34.3212282
          ],
          [
            133.9468856,
            34.3212725
          ],
          [
            133.946887,
            34.321298
          ],
          [
            133.9469138,
            34.3213146
          ],
          [
            133.9470291,
            34.3213157
          ],
          [
            133.9475562,
            34.3213445
          ],
          [
            133.9478713,
            34.3213778
          ],
          [
            133.9480403,
            34.3213689
          ],
          [
            133.9482348,
            34.3213501
          ],
          [
            133.9483568,
            34.3213412
          ],
          [
            133.9484118,
            34.3213467
          ],
          [
            133.9484453,
            34.3213689
          ],
          [
            133.9484668,
            34.3214088
          ],
          [
            133.948441,
            34.3214438
          ],
          [
            133.9484043,
            34.3214832
          ],
          [
            133.9484028,
            34.3215332
          ],
          [
            133.948417,
            34.32157
          ],
          [
            133.948536,
            34.321679
          ],
          [
            133.948542,
            34.321737
          ],
          [
            133.948408,
            34.321767
          ],
          [
            133.948349,
            34.321812
          ],
          [
            133.948373,
            34.321847
          ],
          [
            133.948492,
            34.3219
          ],
          [
            133.948516,
            34.321945
          ],
          [
            133.948438,
            34.321985
          ],
          [
            133.948379,
            34.32202
          ],
          [
            133.948384,
            34.322054
          ],
          [
            133.948623,
            34.322177
          ],
          [
            133.948771,
            34.322262
          ],
          [
            133.948837,
            34.322335
          ],
          [
            133.948968,
            34.322375
          ],
          [
            133.949147,
            34.322435
          ],
          [
            133.9492536,
            34.3224884
          ],
          [
            133.9492661,
            34.3225186
          ],
          [
            133.9492324,
            34.3225378
          ],
          [
            133.948861,
            34.322514
          ],
          [
            133.948635,
            34.322552
          ],
          [
            133.948367,
            34.322672
          ],
          [
            133.948051,
            34.322834
          ],
          [
            133.947905,
            34.322949
          ],
          [
            133.94781,
            34.323122
          ],
          [
            133.947742,
            34.3232366
          ],
          [
            133.9476899,
            34.323371
          ],
          [
            133.9476358,
            34.3234959
          ],
          [
            133.9476068,
            34.323603
          ],
          [
            133.9334241,
            34.3291978
          ],
          [
            133.9336281,
            34.3291487
          ],
          [
            133.9337245,
            34.3291156
          ],
          [
            133.9338834,
            34.3290711
          ],
          [
            133.9340155,
            34.3290416
          ],
          [
            133.934103,
            34.3290317
          ],
          [
            133.934229,
            34.3290366
          ],
          [
            133.9343745,
            34.3290659
          ],
          [
            133.9348415,
            34.3292776
          ],
          [
            133.9349559,
            34.329307
          ],
          [
            133.9350349,
            34.3293084
          ],
          [
            133.935123,
            34.3292827
          ],
          [
            133.935195,
            34.3292299
          ],
          [
            133.935263,
            34.3291507
          ],
          [
            133.9353769,
            34.3289773
          ],
          [
            133.9355427,
            34.3286707
          ],
          [
            133.9356169,
            34.3285028
          ],
          [
            133.9356764,
            34.3283459
          ],
          [
            133.9357907,
            34.3279389
          ],
          [
            133.9360055,
            34.3271273
          ],
          [
            133.9360134,
            34.3270466
          ],
          [
            133.9360085,
            34.3268987
          ],
          [
            133.935954,
            34.3267363
          ],
          [
            133.9358241,
            34.3264474
          ],
          [
            133.9357971,
            34.3263774
          ],
          [
            133.9357812,
            34.3262953
          ],
          [
            133.9357843,
            34.3261694
          ],
          [
            133.9358245,
            34.3260669
          ],
          [
            133.9358887,
            34.3259523
          ],
          [
            133.9359812,
            34.3258442
          ],
          [
            133.9361165,
            34.325721
          ],
          [
            133.9362904,
            34.3255793
          ],
          [
            133.9365349,
            34.3254184
          ],
          [
            133.9367754,
            34.3252407
          ],
          [
            133.9368451,
            34.3251803
          ],
          [
            133.9369604,
            34.3251342
          ],
          [
            133.9371151,
            34.3251048
          ],
          [
            133.9375532,
            34.3250531
          ],
          [
            133.9378273,
            34.3250153
          ],
          [
            133.9380557,
            34.3249871
          ],
          [
            133.9383726,
            34.3249852
          ],
          [
            133.938532,
            34.325019
          ],
          [
            133.9386346,
            34.3250702
          ],
          [
            133.9389954,
            34.3252962
          ],
          [
            133.9395628,
            34.3256348
          ],
          [
            133.9396195,
            34.3256711
          ],
          [
            133.9399298,
            34.3258753
          ],
          [
            133.9405227,
            34.326264
          ],
          [
            133.9411736,
            34.3266063
          ],
          [
            133.9420766,
            34.327063
          ],
          [
            133.9421358,
            34.3270842
          ],
          [
            133.9422067,
            34.3270881
          ],
          [
            133.9422928,
            34.3270659
          ],
          [
            133.942346,
            34.3270288
          ],
          [
            133.9423827,
            34.3269801
          ],
          [
            133.9424042,
            34.3269103
          ],
          [
            133.9424044,
            34.3265997
          ],
          [
            133.942424,
            34.3265288
          ],
          [
            133.942465,
            34.3264629
          ],
          [
            133.9425282,
            34.3264047
          ],
          [
            133.9425862,
            34.326374
          ],
          [
            133.942691,
            34.326341
          ],
          [
            133.9430511,
            34.3262734
          ],
          [
            133.9432304,
            34.326231
          ],
          [
            133.9433739,
            34.326204
          ],
          [
            133.9435086,
            34.3262147
          ],
          [
            133.9436604,
            34.3262259
          ],
          [
            133.9438743,
            34.3262343
          ],
          [
            133.9439928,
            34.3262394
          ],
          [
            133.9440775,
            34.3262624
          ],
          [
            133.9441485,
            34.3263244
          ],
          [
            133.944214,
            34.326411
          ],
          [
            133.9442961,
            34.3265235
          ],
          [
            133.9443576,
            34.3265745
          ],
          [
            133.944425,
            34.3265975
          ],
          [
            133.9445158,
            34.3266024
          ],
          [
            133.9445916,
            34.3265795
          ],
          [
            133.9446774,
            34.3265223
          ],
          [
            133.9448018,
            34.3264227
          ],
          [
            133.9449777,
            34.3262677
          ],
          [
            133.9451885,
            34.3260166
          ],
          [
            133.9455282,
            34.3256037
          ],
          [
            133.9456378,
            34.3254998
          ],
          [
            133.9457217,
            34.3254494
          ],
          [
            133.9458528,
            34.325393
          ],
          [
            133.9459423,
            34.3253509
          ],
          [
            133.9461198,
            34.3252043
          ],
          [
            133.9462973,
            34.3250091
          ],
          [
            133.9463746,
            34.3249093
          ],
          [
            133.9464508,
            34.3247811
          ],
          [
            133.9465217,
            34.3246114
          ],
          [
            133.94661,
            34.3241507
          ],
          [
            133.946657,
            34.3240249
          ],
          [
            133.946696,
            34.3239512
          ],
          [
            133.946762,
            34.3238633
          ],
          [
            133.9470133,
            34.3236657
          ],
          [
            133.9470952,
            34.3236266
          ],
          [
            133.947208,
            34.323594
          ],
          [
            133.9473619,
            34.3235854
          ],
          [
            133.9476068,
            34.323603
          ],
          [
            133.9334241,
            34.3291978
          ],
          [
            133.9334223,
            34.3293043
          ],
          [
            133.933383,
            34.329563
          ],
          [
            133.933444,
            34.329688
          ],
          [
            133.933566,
            34.329845
          ],
          [
            133.933675,
            34.329998
          ],
          [
            133.933675,
            34.330116
          ],
          [
            133.933627,
            34.330218
          ],
          [
            133.933539,
            34.330313
          ],
          [
            133.9334436,
            34.3304225
          ],
          [
            133.9334437,
            34.3305571
          ],
          [
            133.933518,
            34.330716
          ],
          [
            133.9332598,
            34.3309421
          ],
          [
            133.9329621,
            34.3311762
          ],
          [
            133.9328358,
            34.3315945
          ],
          [
            133.9325528,
            34.3319063
          ],
          [
            133.9323481,
            34.3320419
          ],
          [
            133.9321538,
            34.3320475
          ],
          [
            133.9320054,
            34.3320492
          ],
          [
            133.9318609,
            34.3320612
          ],
          [
            133.9314284,
            34.3320754
          ],
          [
            133.9310891,
            34.3320944
          ],
          [
            133.9308798,
            34.3321395
          ],
          [
            133.9306045,
            34.3322373
          ],
          [
            133.9303466,
            34.3323207
          ],
          [
            133.930179,
            34.332371
          ],
          [
            133.9300133,
            34.3324014
          ],
          [
            133.9297235,
            34.3323692
          ],
          [
            133.929406,
            34.332359
          ],
          [
            133.9292562,
            34.3323216
          ],
          [
            133.9289876,
            34.3323524
          ],
          [
            133.9288472,
            34.332518
          ],
          [
            133.928765,
            34.3325729
          ],
          [
            133.9286607,
            34.3325485
          ],
          [
            133.9285516,
            34.332444
          ],
          [
            133.9283562,
            34.3324767
          ],
          [
            133.9281023,
            34.3326356
          ],
          [
            133.927933,
            34.332737
          ],
          [
            133.9277117,
            34.3328961
          ],
          [
            133.9275954,
            34.333035
          ],
          [
            133.9275503,
            34.3330316
          ],
          [
            133.927326,
            34.3330825
          ],
          [
            133.9271031,
            34.3330737
          ],
          [
            133.9268956,
            34.3331158
          ],
          [
            133.9267811,
            34.3331435
          ],
          [
            133.9266108,
            34.3332372
          ],
          [
            133.9262534,
            34.3336112
          ],
          [
            133.926333,
            34.3336642
          ],
          [
            133.9266138,
            34.33381
          ],
          [
            133.9265593,
            34.3338911
          ],
          [
            133.9266209,
            34.3339215
          ],
          [
            133.9265618,
            34.3339982
          ],
          [
            133.9265162,
            34.3340606
          ],
          [
            133.9264167,
            34.3341968
          ],
          [
            133.9261905,
            34.3344641
          ],
          [
            133.9264167,
            34.3341968
          ],
          [
            133.9261905,
            34.3344641
          ],
          [
            133.926333,
            34.3336642
          ],
          [
            133.9266138,
            34.33381
          ],
          [
            133.9265593,
            34.3338911
          ],
          [
            133.9266209,
            34.3339215
          ],
          [
            133.9265618,
            34.3339982
          ],
          [
            133.9265162,
            34.3340606
          ],
          [
            133.9264167,
            34.3341968
          ],
          [
            133.9262534,
            34.3336112
          ],
          [
            133.926333,
            34.3336642
          ],
          [
            133.933518,
            34.330716
          ],
          [
            133.9332598,
            34.3309421
          ],
          [
            133.9329621,
            34.3311762
          ],
          [
            133.9328358,
            34.3315945
          ],
          [
            133.9325528,
            34.3319063
          ],
          [
            133.9323481,
            34.3320419
          ],
          [
            133.9321538,
            34.3320475
          ],
          [
            133.9320054,
            34.3320492
          ],
          [
            133.9318609,
            34.3320612
          ],
          [
            133.9314284,
            34.3320754
          ],
          [
            133.9310891,
            34.3320944
          ],
          [
            133.9308798,
            34.3321395
          ],
          [
            133.9306045,
            34.3322373
          ],
          [
            133.9303466,
            34.3323207
          ],
          [
            133.930179,
            34.332371
          ],
          [
            133.9300133,
            34.3324014
          ],
          [
            133.9297235,
            34.3323692
          ],
          [
            133.929406,
            34.332359
          ],
          [
            133.9292562,
            34.3323216
          ],
          [
            133.9289876,
            34.3323524
          ],
          [
            133.9288472,
            34.332518
          ],
          [
            133.928765,
            34.3325729
          ],
          [
            133.9286607,
            34.3325485
          ],
          [
            133.9285516,
            34.332444
          ],
          [
            133.9283562,
            34.3324767
          ],
          [
            133.9281023,
            34.3326356
          ],
          [
            133.927933,
            34.332737
          ],
          [
            133.9277117,
            34.3328961
          ],
          [
            133.9275954,
            34.333035
          ],
          [
            133.9275503,
            34.3330316
          ],
          [
            133.927326,
            34.3330825
          ],
          [
            133.9271031,
            34.3330737
          ],
          [
            133.9268956,
            34.3331158
          ],
          [
            133.9267811,
            34.3331435
          ],
          [
            133.9266108,
            34.3332372
          ],
          [
            133.9262534,
            34.3336112
          ],
          [
            133.942392,
            34.329534
          ],
          [
            133.94233,
            34.329693
          ],
          [
            133.942262,
            34.329749
          ],
          [
            133.942198,
            34.329754
          ],
          [
            133.942091,
            34.329682
          ],
          [
            133.941901,
            34.329519
          ],
          [
            133.941493,
            34.329254
          ],
          [
            133.941419,
            34.329198
          ],
          [
            133.941208,
            34.328978
          ],
          [
            133.941093,
            34.328825
          ],
          [
            133.941046,
            34.328779
          ],
          [
            133.940903,
            34.328713
          ],
          [
            133.940747,
            34.328717
          ],
          [
            133.940564,
            34.328779
          ],
          [
            133.940265,
            34.328888
          ],
          [
            133.940122,
            34.328933
          ],
          [
            133.939919,
            34.328978
          ],
          [
            133.939688,
            34.328989
          ],
          [
            133.939444,
            34.328938
          ],
          [
            133.939322,
            34.32887
          ],
          [
            133.939152,
            34.328734
          ],
          [
            133.939009,
            34.328588
          ],
          [
            133.938881,
            34.328419
          ],
          [
            133.93879,
            34.328308
          ],
          [
            133.938684,
            34.328267
          ],
          [
            133.938514,
            34.328261
          ],
          [
            133.938364,
            34.3283
          ],
          [
            133.938263,
            34.328362
          ],
          [
            133.93793,
            34.328638
          ],
          [
            133.937781,
            34.328723
          ],
          [
            133.937617,
            34.328796
          ],
          [
            133.937157,
            34.328915
          ],
          [
            133.937021,
            34.328965
          ],
          [
            133.936675,
            34.329135
          ],
          [
            133.936288,
            34.329304
          ],
          [
            133.935961,
            34.329479
          ],
          [
            133.935615,
            34.329739
          ],
          [
            133.935438,
            34.329851
          ],
          [
            133.935248,
            34.329947
          ],
          [
            133.935181,
            34.32997
          ],
          [
            133.934916,
            34.330037
          ],
          [
            133.934326,
            34.330037
          ],
          [
            133.934231,
            34.330054
          ],
          [
            133.934163,
            34.330083
          ],
          [
            133.934102,
            34.330133
          ],
          [
            133.933559,
            34.330686
          ],
          [
            133.933518,
            34.330716
          ],
          [
            133.942392,
            34.329534
          ],
          [
            133.942552,
            34.329418
          ],
          [
            133.94266,
            34.329344
          ],
          [
            133.94283,
            34.329248
          ],
          [
            133.943177,
            34.329113
          ],
          [
            133.94344,
            34.329057
          ],
          [
            133.943698,
            34.329034
          ],
          [
            133.944323,
            34.329023
          ],
          [
            133.944792,
            34.329057
          ],
          [
            133.94492,
            34.329094
          ],
          [
            133.945023,
            34.329186
          ],
          [
            133.945084,
            34.329259
          ],
          [
            133.94545,
            34.329817
          ],
          [
            133.945756,
            34.330178
          ],
          [
            133.945891,
            34.330392
          ],
          [
            133.946027,
            34.330663
          ],
          [
            133.946165,
            34.330852
          ],
          [
            133.946319,
            34.330939
          ],
          [
            133.946509,
            34.331029
          ],
          [
            133.947066,
            34.331193
          ],
          [
            133.947249,
            34.331277
          ],
          [
            133.947595,
            34.331485
          ],
          [
            133.947815,
            34.331571
          ],
          [
            133.947962,
            34.331604
          ],
          [
            133.948023,
            34.331609
          ],
          [
            133.948349,
            34.331598
          ],
          [
            133.948484,
            34.33157
          ],
          [
            133.9486187,
            34.3315533
          ],
          [
            133.9487865,
            34.3316042
          ],
          [
            133.9489494,
            34.3315932
          ],
          [
            133.9490211,
            34.3317055
          ],
          [
            133.9491048,
            34.3318373
          ],
          [
            133.9493433,
            34.3319764
          ],
          [
            133.9495062,
            34.332168
          ],
          [
            133.9496911,
            34.3322975
          ],
          [
            133.9499316,
            34.3324252
          ],
          [
            133.950225,
            34.3325385
          ],
          [
            133.9504165,
            34.3326855
          ],
          [
            133.950627,
            34.3327491
          ],
          [
            133.9507525,
            34.3327527
          ],
          [
            133.9508974,
            34.3327622
          ],
          [
            133.9510427,
            34.3328032
          ],
          [
            133.9513475,
            34.3328073
          ],
          [
            133.9517338,
            34.3327702
          ],
          [
            133.951927,
            34.332785
          ],
          [
            133.952019,
            34.332878
          ],
          [
            133.952182,
            34.333238
          ],
          [
            133.952311,
            34.333447
          ],
          [
            133.952501,
            34.333689
          ],
          [
            133.952596,
            34.333796
          ],
          [
            133.952773,
            34.333943
          ],
          [
            133.9528323,
            34.3339766
          ],
          [
            133.952902,
            34.334016
          ],
          [
            133.952976,
            34.334044
          ],
          [
            133.95308,
            34.334049
          ],
          [
            133.953112,
            34.334051
          ],
          [
            133.953209,
            34.334029
          ],
          [
            133.95335,
            34.333994
          ],
          [
            133.953436,
            34.333969
          ],
          [
            133.953527,
            34.333961
          ],
          [
            133.953615,
            34.333968
          ],
          [
            133.953715,
            34.333996
          ],
          [
            133.953807,
            34.334043
          ],
          [
            133.953937,
            34.334142
          ],
          [
            133.954217,
            34.334389
          ],
          [
            133.95454,
            34.3346549
          ],
          [
            133.9545892,
            34.3347547
          ],
          [
            133.954628,
            34.33481
          ],
          [
            133.9546768,
            34.3348634
          ],
          [
            133.9547448,
            34.3349246
          ],
          [
            133.9548176,
            34.334984
          ],
          [
            133.9553775,
            34.3353387
          ],
          [
            133.9555397,
            34.3354214
          ],
          [
            133.9556853,
            34.3354748
          ],
          [
            133.9559529,
            34.3355551
          ],
          [
            133.9561452,
            34.335619
          ],
          [
            133.9563526,
            34.3356691
          ],
          [
            133.9565924,
            34.3357249
          ],
          [
            133.9568487,
            34.3357715
          ],
          [
            133.9571961,
            34.3358164
          ],
          [
            133.9581921,
            34.3358934
          ],
          [
            133.958682,
            34.3359386
          ],
          [
            133.9587883,
            34.3359581
          ],
          [
            133.9589301,
            34.3360089
          ],
          [
            133.9590177,
            34.3360562
          ],
          [
            133.9591119,
            34.3361178
          ],
          [
            133.9592081,
            34.3361992
          ],
          [
            133.9592512,
            34.3362566
          ],
          [
            133.9592941,
            34.3363364
          ],
          [
            133.9593276,
            34.3364235
          ],
          [
            133.9593331,
            34.3365152
          ],
          [
            133.9593269,
            34.3365971
          ],
          [
            133.9592488,
            34.336962
          ],
          [
            133.9591302,
            34.337439
          ],
          [
            133.9591124,
            34.337531
          ],
          [
            133.9591123,
            34.3376362
          ],
          [
            133.9591281,
            34.3377023
          ],
          [
            133.9591773,
            34.3377915
          ],
          [
            133.9593109,
            34.3379091
          ],
          [
            133.9593791,
            34.337977
          ],
          [
            133.95943,
            34.3380647
          ],
          [
            133.9594541,
            34.3381739
          ],
          [
            133.959458,
            34.338328
          ],
          [
            133.9594352,
            34.3385025
          ],
          [
            133.9594321,
            34.3386965
          ],
          [
            133.9594566,
            34.3388461
          ],
          [
            133.9595052,
            34.3390116
          ],
          [
            133.9595618,
            34.3391663
          ],
          [
            133.9595772,
            34.3392298
          ],
          [
            133.9595788,
            34.3393094
          ],
          [
            133.9595624,
            34.3393925
          ],
          [
            133.9623418,
            34.3412989
          ],
          [
            133.9621997,
            34.3410908
          ],
          [
            133.9621729,
            34.34098
          ],
          [
            133.96202,
            34.3407165
          ],
          [
            133.9618993,
            34.3406279
          ],
          [
            133.9615452,
            34.3405371
          ],
          [
            133.961387,
            34.3404795
          ],
          [
            133.9612368,
            34.3404108
          ],
          [
            133.9606976,
            34.3399524
          ],
          [
            133.9603195,
            34.3396534
          ],
          [
            133.9600432,
            34.3395715
          ],
          [
            133.9599386,
            34.3395449
          ],
          [
            133.9598635,
            34.3394984
          ],
          [
            133.9597723,
            34.3393987
          ],
          [
            133.9596838,
            34.3394054
          ],
          [
            133.9595624,
            34.3393925
          ],
          [
            133.9617371,
            34.3430686
          ],
          [
            133.9618147,
            34.3427943
          ],
          [
            133.9619058,
            34.3424699
          ],
          [
            133.962162,
            34.3420233
          ],
          [
            133.962293,
            34.3417694
          ],
          [
            133.9623556,
            34.3414967
          ],
          [
            133.9623955,
            34.3414027
          ],
          [
            133.9623499,
            34.3413698
          ],
          [
            133.9623418,
            34.3412989
          ],
          [
            133.9616715,
            34.3434251
          ],
          [
            133.9617411,
            34.3433484
          ],
          [
            133.9617371,
            34.343214
          ],
          [
            133.9617371,
            34.3430686
          ],
          [
            133.9616715,
            34.3434251
          ],
          [
            133.9616049,
            34.3434942
          ],
          [
            133.9615217,
            34.3435703
          ],
          [
            133.9614624,
            34.3436266
          ],
          [
            133.9612801,
            34.3437998
          ],
          [
            133.9612685,
            34.3438102
          ],
          [
            133.9611858,
            34.3438928
          ],
          [
            133.9611244,
            34.343957
          ],
          [
            133.9610133,
            34.3440651
          ],
          [
            133.9609514,
            34.3441225
          ],
          [
            133.9608531,
            34.3442181
          ],
          [
            133.9607511,
            34.3443222
          ],
          [
            133.9607058,
            34.3443648
          ],
          [
            133.9607511,
            34.3443222
          ],
          [
            133.9607058,
            34.3443648
          ],
          [
            133.9608531,
            34.3442181
          ],
          [
            133.9607511,
            34.3443222
          ],
          [
            133.9610133,
            34.3440651
          ],
          [
            133.9609514,
            34.3441225
          ],
          [
            133.9608531,
            34.3442181
          ],
          [
            133.9611244,
            34.343957
          ],
          [
            133.9610133,
            34.3440651
          ],
          [
            133.9611858,
            34.3438928
          ],
          [
            133.9611244,
            34.343957
          ],
          [
            133.9612685,
            34.3438102
          ],
          [
            133.9611858,
            34.3438928
          ],
          [
            133.9614624,
            34.3436266
          ],
          [
            133.9612801,
            34.3437998
          ],
          [
            133.9612685,
            34.3438102
          ],
          [
            133.9615217,
            34.3435703
          ],
          [
            133.9614624,
            34.3436266
          ],
          [
            133.9616715,
            34.3434251
          ],
          [
            133.9616049,
            34.3434942
          ],
          [
            133.9615217,
            34.3435703
          ],
          [
            133.9616715,
            34.3434251
          ],
          [
            133.9617411,
            34.3433484
          ],
          [
            133.9617371,
            34.343214
          ],
          [
            133.9617371,
            34.3430686
          ],
          [
            133.9618147,
            34.3427943
          ],
          [
            133.9619058,
            34.3424699
          ],
          [
            133.962162,
            34.3420233
          ],
          [
            133.962293,
            34.3417694
          ],
          [
            133.9623556,
            34.3414967
          ],
          [
            133.9623955,
            34.3414027
          ],
          [
            133.9623499,
            34.3413698
          ],
          [
            133.9623418,
            34.3412989
          ],
          [
            133.9624735,
            34.3411613
          ],
          [
            133.9624669,
            34.3408705
          ],
          [
            133.9622923,
            34.3402545
          ],
          [
            133.9620036,
            34.3396765
          ],
          [
            133.9618367,
            34.3395037
          ],
          [
            133.9618384,
            34.3392363
          ],
          [
            133.9625633,
            34.3389184
          ],
          [
            133.9636007,
            34.3389391
          ],
          [
            133.9642455,
            34.3387896
          ],
          [
            133.9646923,
            34.3385565
          ],
          [
            133.9648992,
            34.3380905
          ],
          [
            133.9650724,
            34.3380292
          ],
          [
            133.9656681,
            34.3382559
          ],
          [
            133.9661893,
            34.3386831
          ],
          [
            133.9673153,
            34.3390248
          ],
          [
            133.9680264,
            34.3388497
          ],
          [
            133.968687,
            34.3384085
          ],
          [
            133.9689298,
            34.33815
          ],
          [
            133.9688099,
            34.3375231
          ],
          [
            133.9684245,
            34.3370059
          ],
          [
            133.9673898,
            34.33654
          ],
          [
            133.9664484,
            34.3357336
          ],
          [
            133.9665535,
            34.3357309
          ],
          [
            133.9667254,
            34.3357553
          ],
          [
            133.96682,
            34.3358027
          ],
          [
            133.9669111,
            34.3359074
          ],
          [
            133.9673898,
            34.33654
          ],
          [
            133.966392,
            34.3342427
          ],
          [
            133.966401,
            34.3344297
          ],
          [
            133.9662276,
            34.3347271
          ],
          [
            133.9662385,
            34.3349183
          ],
          [
            133.9661119,
            34.3352051
          ],
          [
            133.9661444,
            34.3355278
          ],
          [
            133.9663072,
            34.3356443
          ],
          [
            133.9664484,
            34.3357336
          ],
          [
            133.967911,
            34.3315041
          ],
          [
            133.9678028,
            34.3315051
          ],
          [
            133.9676043,
            34.3314962
          ],
          [
            133.9674447,
            34.3314951
          ],
          [
            133.967371,
            34.3314995
          ],
          [
            133.9672369,
            34.3315948
          ],
          [
            133.9671685,
            34.3316202
          ],
          [
            133.9669928,
            34.3316069
          ],
          [
            133.966864,
            34.3315759
          ],
          [
            133.9668493,
            34.3316036
          ],
          [
            133.966856,
            34.3316324
          ],
          [
            133.9669365,
            34.3317177
          ],
          [
            133.9670022,
            34.3318007
          ],
          [
            133.9670719,
            34.3319093
          ],
          [
            133.9671068,
            34.3319846
          ],
          [
            133.9671115,
            34.3320593
          ],
          [
            133.9671214,
            34.3321308
          ],
          [
            133.9671524,
            34.3323534
          ],
          [
            133.9671189,
            34.3325649
          ],
          [
            133.9670786,
            34.3326767
          ],
          [
            133.967029,
            34.332824
          ],
          [
            133.9669552,
            34.3330378
          ],
          [
            133.9668292,
            34.3332659
          ],
          [
            133.9667058,
            34.3334542
          ],
          [
            133.9664859,
            34.333751
          ],
          [
            133.9664054,
            34.3338927
          ],
          [
            133.9663571,
            34.333957
          ],
          [
            133.9663571,
            34.3340433
          ],
          [
            133.966392,
            34.3342427
          ],
          [
            133.9748299,
            34.3286226
          ],
          [
            133.9747541,
            34.3286106
          ],
          [
            133.9746431,
            34.3285387
          ],
          [
            133.9745314,
            34.328447
          ],
          [
            133.9743646,
            34.3283597
          ],
          [
            133.9742186,
            34.3282724
          ],
          [
            133.9739275,
            34.3281658
          ],
          [
            133.973746,
            34.3281265
          ],
          [
            133.9735891,
            34.3281141
          ],
          [
            133.973467,
            34.328118
          ],
          [
            133.9732256,
            34.3281478
          ],
          [
            133.9727171,
            34.3282255
          ],
          [
            133.9723555,
            34.3282819
          ],
          [
            133.9719734,
            34.3283366
          ],
          [
            133.9715237,
            34.3284282
          ],
          [
            133.971285,
            34.328491
          ],
          [
            133.9711186,
            34.3285541
          ],
          [
            133.9710552,
            34.3285779
          ],
          [
            133.9706457,
            34.3288703
          ],
          [
            133.9704618,
            34.3290221
          ],
          [
            133.9703951,
            34.3290943
          ],
          [
            133.9703529,
            34.3291751
          ],
          [
            133.9703138,
            34.3292982
          ],
          [
            133.9702666,
            34.3295294
          ],
          [
            133.9701315,
            34.3300043
          ],
          [
            133.9700855,
            34.3301734
          ],
          [
            133.9700464,
            34.3302971
          ],
          [
            133.9700135,
            34.3303455
          ],
          [
            133.9699193,
            34.3304854
          ],
          [
            133.969842,
            34.330573
          ],
          [
            133.9694785,
            34.3308979
          ],
          [
            133.969363,
            34.3309945
          ],
          [
            133.9691787,
            34.3311182
          ],
          [
            133.9690204,
            34.3311889
          ],
          [
            133.968821,
            34.3312422
          ],
          [
            133.9685941,
            34.331294
          ],
          [
            133.9684406,
            34.3313194
          ],
          [
            133.9683287,
            34.3313163
          ],
          [
            133.9681546,
            34.3312857
          ],
          [
            133.9680364,
            34.3312852
          ],
          [
            133.967958,
            34.3313245
          ],
          [
            133.9679197,
            34.3313804
          ],
          [
            133.9678994,
            34.3314286
          ],
          [
            133.967911,
            34.3315041
          ],
          [
            133.9748299,
            34.3286226
          ],
          [
            133.9748557,
            34.3287197
          ],
          [
            133.9748798,
            34.3287352
          ],
          [
            133.9749281,
            34.3287352
          ],
          [
            133.9749683,
            34.3287541
          ],
          [
            133.9750059,
            34.3287773
          ],
          [
            133.9750247,
            34.3288017
          ],
          [
            133.9750428,
            34.3288083
          ],
          [
            133.9750595,
            34.3287906
          ],
          [
            133.9750528,
            34.328661
          ],
          [
            133.9751065,
            34.3285857
          ],
          [
            133.9751306,
            34.3285813
          ],
          [
            133.9751722,
            34.3286411
          ],
          [
            133.9752339,
            34.3287729
          ],
          [
            133.9752688,
            34.3289002
          ],
          [
            133.9752996,
            34.3289689
          ],
          [
            133.9753693,
            34.329032
          ],
          [
            133.9754793,
            34.3290996
          ],
          [
            133.975604,
            34.3291007
          ],
          [
            133.9757127,
            34.3290741
          ],
          [
            133.9758155,
            34.3290103
          ],
          [
            133.9782292,
            34.3303417
          ],
          [
            133.9777643,
            34.3302933
          ],
          [
            133.977659,
            34.3302773
          ],
          [
            133.9775367,
            34.3302473
          ],
          [
            133.977486,
            34.330206
          ],
          [
            133.9774511,
            34.330139
          ],
          [
            133.9774501,
            34.3300653
          ],
          [
            133.977477,
            34.329908
          ],
          [
            133.977483,
            34.329836
          ],
          [
            133.9774837,
            34.3298053
          ],
          [
            133.977465,
            34.3297546
          ],
          [
            133.9774354,
            34.3297257
          ],
          [
            133.9773682,
            34.3296988
          ],
          [
            133.9772798,
            34.3296973
          ],
          [
            133.9771735,
            34.3297121
          ],
          [
            133.9769829,
            34.329765
          ],
          [
            133.976907,
            34.329791
          ],
          [
            133.976826,
            34.329798
          ],
          [
            133.9767429,
            34.3297896
          ],
          [
            133.976671,
            34.329765
          ],
          [
            133.9765929,
            34.3297185
          ],
          [
            133.9765299,
            34.3296477
          ],
          [
            133.9764494,
            34.3294847
          ],
          [
            133.9763463,
            34.329302
          ],
          [
            133.9762904,
            34.3291881
          ],
          [
            133.9762232,
            34.3290803
          ],
          [
            133.9761773,
            34.3290076
          ],
          [
            133.9761061,
            34.3289669
          ],
          [
            133.976032,
            34.3289645
          ],
          [
            133.9759415,
            34.3289809
          ],
          [
            133.9758155,
            34.3290103
          ],
          [
            133.9782292,
            34.3303417
          ],
          [
            133.9782286,
            34.3303101
          ],
          [
            133.9782044,
            34.3302857
          ],
          [
            133.9779899,
            34.3302381
          ],
          [
            133.9778933,
            34.3301883
          ],
          [
            133.9778839,
            34.3301462
          ],
          [
            133.9779201,
            34.330113
          ],
          [
            133.9781682,
            34.3300166
          ],
          [
            133.9784606,
            34.3299258
          ],
          [
            133.9788079,
            34.3298616
          ],
          [
            133.9790815,
            34.3298294
          ],
          [
            133.9793698,
            34.3298472
          ],
          [
            133.9796206,
            34.3298472
          ],
          [
            133.9798151,
            34.3298383
          ],
          [
            133.9800954,
            34.3298017
          ],
          [
            133.9803448,
            34.3297862
          ],
          [
            133.9806077,
            34.3297907
          ],
          [
            133.9810234,
            34.3297575
          ],
          [
            133.9814123,
            34.3297309
          ],
          [
            133.9817315,
            34.3296888
          ],
          [
            133.9818764,
            34.3296334
          ],
          [
            133.9821768,
            34.3293588
          ],
          [
            133.982508,
            34.3291129
          ],
          [
            133.9826381,
            34.3289656
          ],
          [
            133.9827856,
            34.3288116
          ],
          [
            133.9829466,
            34.3286843
          ],
          [
            133.983074,
            34.3285791
          ],
          [
            133.9832054,
            34.3284816
          ],
          [
            133.98331,
            34.3283487
          ],
          [
            133.983365,
            34.3282269
          ],
          [
            133.9833972,
            34.3280929
          ],
          [
            133.9834334,
            34.3279766
          ],
          [
            133.984043,
            34.3272513
          ],
          [
            133.9872334,
            34.3258501
          ],
          [
            133.9872138,
            34.3258654
          ],
          [
            133.9871533,
            34.3259125
          ],
          [
            133.9869407,
            34.3260537
          ],
          [
            133.9867605,
            34.3261097
          ],
          [
            133.9864925,
            34.3262102
          ],
          [
            133.9860704,
            34.3263285
          ],
          [
            133.9856097,
            34.326401
          ],
          [
            133.985485,
            34.3264341
          ],
          [
            133.9851707,
            34.3266084
          ],
          [
            133.9847147,
            34.3267852
          ],
          [
            133.9845733,
            34.3269718
          ],
          [
            133.9844996,
            34.3270351
          ],
          [
            133.9841601,
            34.327228
          ],
          [
            133.984043,
            34.3272513
          ],
          [
            133.9866187,
            34.324655
          ],
          [
            133.9867603,
            34.3249044
          ],
          [
            133.9869961,
            34.3251461
          ],
          [
            133.9871472,
            34.3254997
          ],
          [
            133.987175,
            34.3256347
          ],
          [
            133.9871832,
            34.3257292
          ],
          [
            133.9872035,
            34.3257982
          ],
          [
            133.9872334,
            34.3258501
          ],
          [
            133.9921015,
            34.323686
          ],
          [
            133.9915012,
            34.3237849
          ],
          [
            133.9912763,
            34.3238215
          ],
          [
            133.9912278,
            34.3238295
          ],
          [
            133.9908216,
            34.3238968
          ],
          [
            133.9899246,
            34.3240454
          ],
          [
            133.9898736,
            34.3240542
          ],
          [
            133.9891836,
            34.3241726
          ],
          [
            133.9877371,
            34.3243579
          ],
          [
            133.9867504,
            34.3246164
          ],
          [
            133.9866187,
            34.324655
          ],
          [
            133.9937236,
            34.3235345
          ],
          [
            133.9935351,
            34.3235268
          ],
          [
            133.9933526,
            34.3235654
          ],
          [
            133.9931588,
            34.3236329
          ],
          [
            133.9930046,
            34.3236695
          ],
          [
            133.9928237,
            34.323685
          ],
          [
            133.9926894,
            34.323685
          ],
          [
            133.9925295,
            34.3236454
          ],
          [
            133.9924291,
            34.3236377
          ],
          [
            133.9923859,
            34.3236396
          ],
          [
            133.9923636,
            34.3236427
          ],
          [
            133.9923429,
            34.3236455
          ],
          [
            133.992294,
            34.323653
          ],
          [
            133.9922623,
            34.3236596
          ],
          [
            133.9921594,
            34.3236811
          ],
          [
            133.9921015,
            34.323686
          ],
          [
            133.9937236,
            34.3235345
          ],
          [
            133.9938106,
            34.3235292
          ],
          [
            133.993833,
            34.3234923
          ],
          [
            133.994085,
            34.3226965
          ],
          [
            133.9941531,
            34.3226613
          ],
          [
            133.9942212,
            34.3226397
          ],
          [
            133.9942771,
            34.3226235
          ],
          [
            133.994303,
            34.3226144
          ],
          [
            133.9938887,
            34.3218503
          ],
          [
            133.994077,
            34.3220934
          ],
          [
            133.9941702,
            34.3222378
          ],
          [
            133.994303,
            34.3226144
          ],
          [
            133.9938887,
            34.3218503
          ],
          [
            133.9944943,
            34.3215325
          ],
          [
            133.9947094,
            34.3214344
          ],
          [
            133.9950931,
            34.3212615
          ],
          [
            133.9951824,
            34.3212207
          ],
          [
            133.9953983,
            34.3211226
          ],
          [
            133.9954905,
            34.3211037
          ],
          [
            133.9956556,
            34.3210806
          ],
          [
            133.9959408,
            34.3210868
          ],
          [
            133.9961794,
            34.3210575
          ],
          [
            133.996858,
            34.3209393
          ],
          [
            133.9966685,
            34.3199603
          ],
          [
            133.9966579,
            34.3199058
          ],
          [
            133.9964704,
            34.3189373
          ],
          [
            133.9963104,
            34.3180482
          ],
          [
            133.9963447,
            34.3180291
          ],
          [
            133.996379,
            34.3180134
          ],
          [
            133.9965645,
            34.3179862
          ],
          [
            133.9970071,
            34.3178996
          ],
          [
            133.9970472,
            34.3178916
          ],
          [
            133.9971401,
            34.3178769
          ],
          [
            133.9974175,
            34.3178245
          ],
          [
            133.9974796,
            34.3178157
          ],
          [
            133.99758,
            34.3177832
          ],
          [
            133.9977411,
            34.3176985
          ],
          [
            133.9978605,
            34.3176345
          ],
          [
            133.9979345,
            34.3176199
          ],
          [
            133.9986501,
            34.3175546
          ],
          [
            133.9987065,
            34.3175481
          ],
          [
            133.9997113,
            34.3174328
          ],
          [
            133.9998389,
            34.3174259
          ],
          [
            133.9999381,
            34.3174215
          ],
          [
            134.000003,
            34.3174112
          ],
          [
            134.0000936,
            34.3173941
          ],
          [
            134.0000862,
            34.3173641
          ],
          [
            134.0000259,
            34.3170807
          ],
          [
            133.999992,
            34.3168852
          ],
          [
            134.0002508,
            34.3168331
          ],
          [
            134.0005271,
            34.3167578
          ],
          [
            134.000739,
            34.3166825
          ],
          [
            134.0008369,
            34.3166005
          ],
          [
            134.0008503,
            34.3165684
          ],
          [
            134.0009744,
            34.3165554
          ],
          [
            134.0008918,
            34.3162287
          ],
          [
            134.0012165,
            34.3161866
          ],
          [
            134.0015026,
            34.3161428
          ],
          [
            134.0022642,
            34.3159989
          ],
          [
            134.0024981,
            34.3159837
          ],
          [
            134.0027042,
            34.31596
          ],
          [
            134.0033677,
            34.3158572
          ],
          [
            134.0034509,
            34.3158409
          ],
          [
            134.0038158,
            34.3157805
          ],
          [
            134.0039897,
            34.3157367
          ],
          [
            134.0042048,
            34.3156817
          ],
          [
            134.0041817,
            34.3153183
          ],
          [
            134.0041661,
            34.3151353
          ],
          [
            134.0041552,
            34.3150232
          ],
          [
            134.004163,
            34.3148763
          ],
          [
            134.0041287,
            34.3147101
          ],
          [
            134.0041381,
            34.3146753
          ],
          [
            134.0042114,
            34.3146108
          ],
          [
            134.0042931,
            34.3145457
          ],
          [
            134.0045687,
            34.3143647
          ],
          [
            134.0047387,
            34.3142127
          ],
          [
            134.0049306,
            34.3140361
          ],
          [
            134.0050819,
            34.3140052
          ],
          [
            134.0051599,
            34.3139614
          ],
          [
            134.0052052,
            34.3138931
          ],
          [
            134.0053096,
            34.3136362
          ],
          [
            134.0053456,
            34.3135477
          ],
          [
            134.0054439,
            34.3133789
          ],
          [
            134.0054905,
            34.3133125
          ],
          [
            134.005471,
            34.3130324
          ],
          [
            134.0054449,
            34.3126566
          ],
          [
            134.0056179,
            34.3121598
          ],
          [
            134.005574,
            34.3122632
          ],
          [
            134.005563,
            34.3123811
          ],
          [
            134.005541,
            34.3125286
          ],
          [
            134.0055079,
            34.3125856
          ],
          [
            134.0054449,
            34.3126566
          ],
          [
            134.006342,
            34.3099921
          ],
          [
            134.0063355,
            34.310089
          ],
          [
            134.0062666,
            34.3103767
          ],
          [
            134.0061893,
            34.310675
          ],
          [
            134.0061387,
            34.3108146
          ],
          [
            134.0060618,
            34.310942
          ],
          [
            134.0058497,
            34.3112567
          ],
          [
            134.0058383,
            34.3112996
          ],
          [
            134.0058356,
            34.3113535
          ],
          [
            134.0058422,
            34.3114478
          ],
          [
            134.005827,
            34.3115417
          ],
          [
            134.005791,
            34.311696
          ],
          [
            134.0057496,
            34.3118324
          ],
          [
            134.0057078,
            34.311958
          ],
          [
            134.0056602,
            34.312075
          ],
          [
            134.0056179,
            34.3121598
          ],
          [
            134.006342,
            34.3099921
          ],
          [
            134.0067523,
            34.3099576
          ],
          [
            134.00708,
            34.3101261
          ],
          [
            134.0069247,
            34.3101424
          ],
          [
            134.0068834,
            34.3101054
          ],
          [
            134.0067949,
            34.3100097
          ],
          [
            134.0067523,
            34.3099576
          ],
          [
            134.0077289,
            34.310076
          ],
          [
            134.00708,
            34.3101261
          ],
          [
            134.0084481,
            34.3097529
          ],
          [
            134.0083966,
            34.3097868
          ],
          [
            134.0083622,
            34.3098187
          ],
          [
            134.0083418,
            34.3098614
          ],
          [
            134.0083128,
            34.309937
          ],
          [
            134.0082578,
            34.3099872
          ],
          [
            134.008057,
            34.3100412
          ],
          [
            134.0077289,
            34.310076
          ],
          [
            134.0084481,
            34.3097529
          ],
          [
            134.0084663,
            34.3098058
          ],
          [
            134.0084623,
            34.3098732
          ],
          [
            134.008459,
            34.3099134
          ],
          [
            134.0088111,
            34.3098726
          ],
          [
            134.0088739,
            34.3098646
          ],
          [
            134.0089527,
            34.309866
          ],
          [
            134.0090026,
            34.3098726
          ],
          [
            134.0091056,
            34.3098965
          ],
          [
            134.0092424,
            34.3099364
          ],
          [
            134.0093438,
            34.3099444
          ],
          [
            134.0094146,
            34.3099404
          ],
          [
            134.0095015,
            34.3099298
          ],
          [
            134.0103964,
            34.309787
          ],
          [
            134.0104271,
            34.3097821
          ],
          [
            134.0104604,
            34.3097768
          ],
          [
            134.0107005,
            34.3097379
          ],
          [
            134.0110063,
            34.3096884
          ],
          [
            134.011468,
            34.3096137
          ],
          [
            134.01146,
            34.3095799
          ],
          [
            134.0114314,
            34.3094168
          ],
          [
            134.0113864,
            34.3091751
          ],
          [
            134.0113334,
            34.3089428
          ],
          [
            134.0112257,
            34.308539
          ],
          [
            134.0112016,
            34.3084381
          ],
          [
            134.0111839,
            34.3083425
          ],
          [
            134.0111549,
            34.3081526
          ],
          [
            134.0111396,
            34.30801
          ],
          [
            134.0111324,
            34.3079428
          ],
          [
            134.0111067,
            34.3077941
          ],
          [
            134.0110488,
            34.3076029
          ],
          [
            134.0109747,
            34.3073709
          ],
          [
            134.0109513,
            34.3072983
          ],
          [
            134.0108874,
            34.3070997
          ],
          [
            134.0108598,
            34.3070137
          ],
          [
            134.0108391,
            34.3069141
          ],
          [
            134.0108,
            34.3066949
          ],
          [
            134.0107987,
            34.3065152
          ],
          [
            134.0107755,
            34.3063495
          ],
          [
            134.0107546,
            34.3062446
          ],
          [
            134.0107111,
            34.3060937
          ],
          [
            134.0106835,
            34.3059524
          ],
          [
            134.0107664,
            34.3059408
          ],
          [
            134.010973,
            34.3058876
          ],
          [
            134.0111285,
            34.3058289
          ],
          [
            134.0112103,
            34.3057657
          ],
          [
            134.0116355,
            34.3054013
          ],
          [
            134.0117125,
            34.3053232
          ],
          [
            134.011749,
            34.3053167
          ],
          [
            134.0118185,
            34.3052334
          ],
          [
            134.0118064,
            34.3051747
          ],
          [
            134.0117602,
            34.3051083
          ],
          [
            134.0116965,
            34.3050002
          ],
          [
            134.0116469,
            34.3048701
          ],
          [
            134.0116187,
            34.3046141
          ],
          [
            134.0116194,
            34.3045566
          ],
          [
            134.0116482,
            34.3044979
          ],
          [
            134.0116972,
            34.3044148
          ],
          [
            134.01173,
            34.3043699
          ],
          [
            134.0118936,
            34.3040813
          ],
          [
            134.0119694,
            34.3039264
          ],
          [
            134.0119957,
            34.3038681
          ],
          [
            134.0120627,
            34.3037068
          ],
          [
            134.0120735,
            34.3036609
          ],
          [
            134.0120762,
            34.3036332
          ],
          [
            134.0120574,
            34.3035174
          ],
          [
            134.0120614,
            34.3034549
          ],
          [
            134.0120903,
            34.3034022
          ],
          [
            134.0122977,
            34.3032942
          ],
          [
            134.0122559,
            34.3033491
          ],
          [
            134.0121204,
            34.3033812
          ],
          [
            134.0120903,
            34.3034022
          ],
          [
            134.0149719,
            34.302849
          ],
          [
            134.0146708,
            34.3029388
          ],
          [
            134.0143546,
            34.3029886
          ],
          [
            134.0140562,
            34.3030356
          ],
          [
            134.0137376,
            34.3030549
          ],
          [
            134.0136462,
            34.3030604
          ],
          [
            134.0135045,
            34.3030725
          ],
          [
            134.0131588,
            34.3031398
          ],
          [
            134.0131303,
            34.3031453
          ],
          [
            134.0128001,
            34.3032097
          ],
          [
            134.0127787,
            34.3032139
          ],
          [
            134.012347,
            34.303286
          ],
          [
            134.0122977,
            34.3032942
          ],
          [
            134.0149719,
            34.302849
          ],
          [
            134.0148492,
            34.302616
          ],
          [
            134.0144839,
            34.3019225
          ],
          [
            134.0143541,
            34.3016779
          ],
          [
            134.0141743,
            34.301339
          ],
          [
            134.0140548,
            34.3011155
          ],
          [
            134.0140204,
            34.3010524
          ],
          [
            134.0170593,
            34.3005366
          ],
          [
            134.0169275,
            34.3005602
          ],
          [
            134.0167919,
            34.3005716
          ],
          [
            134.0166252,
            34.3005733
          ],
          [
            134.0165373,
            34.3005893
          ],
          [
            134.0163924,
            34.3006326
          ],
          [
            134.0162032,
            34.3006618
          ],
          [
            134.0160261,
            34.3007159
          ],
          [
            134.015785,
            34.3007694
          ],
          [
            134.0156479,
            34.3007922
          ],
          [
            134.0154487,
            34.3008118
          ],
          [
            134.015441,
            34.3007827
          ],
          [
            134.0148428,
            34.3008894
          ],
          [
            134.0145763,
            34.3009235
          ],
          [
            134.0142302,
            34.3009984
          ],
          [
            134.0140204,
            34.3010524
          ],
          [
            134.0170593,
            34.3005366
          ],
          [
            134.0172201,
            34.300487
          ],
          [
            134.0173397,
            34.3004659
          ],
          [
            134.0174761,
            34.3004719
          ],
          [
            134.01757,
            34.3004286
          ],
          [
            134.0176759,
            34.3003754
          ],
          [
            134.0177403,
            34.3003555
          ],
          [
            134.0178342,
            34.3003367
          ],
          [
            134.0180286,
            34.3002603
          ],
          [
            134.0181131,
            34.3002082
          ],
          [
            134.0181594,
            34.3001664
          ],
          [
            134.0182781,
            34.3001584
          ],
          [
            134.0184457,
            34.3001462
          ],
          [
            134.018541,
            34.3000962
          ],
          [
            134.0186684,
            34.3000675
          ],
          [
            134.0189282,
            34.3000337
          ],
          [
            134.0187343,
            34.2990745
          ],
          [
            134.0187504,
            34.2991166
          ],
          [
            134.0189878,
            34.2993171
          ],
          [
            134.0189851,
            34.2994057
          ],
          [
            134.0190227,
            34.2994844
          ],
          [
            134.0189529,
            34.2998456
          ],
          [
            134.0189282,
            34.3000337
          ],
          [
            134.0187343,
            34.2990745
          ],
          [
            134.018634,
            34.2989829
          ],
          [
            134.018683,
            34.2989425
          ],
          [
            134.0187567,
            34.2988816
          ],
          [
            134.0188003,
            34.2988455
          ],
          [
            134.0189021,
            34.2989251
          ],
          [
            134.0189564,
            34.2988469
          ],
          [
            134.0190006,
            34.2987018
          ],
          [
            134.0190419,
            34.297798
          ],
          [
            134.0190223,
            34.2978955
          ],
          [
            134.0189901,
            34.2979997
          ],
          [
            134.0189726,
            34.2981414
          ],
          [
            134.0189699,
            34.298301
          ],
          [
            134.0189942,
            34.2985337
          ],
          [
            134.0190006,
            34.2987018
          ],
          [
            134.0190419,
            34.297798
          ],
          [
            134.0190906,
            34.2978001
          ],
          [
            134.0191054,
            34.2975399
          ],
          [
            134.0193242,
            34.2975208
          ],
          [
            134.0201193,
            34.2974512
          ],
          [
            134.0202816,
            34.2974224
          ],
          [
            134.02024,
            34.2971843
          ],
          [
            134.0203138,
            34.2969604
          ],
          [
            134.0203379,
            34.2968674
          ],
          [
            134.020354,
            34.2966358
          ],
          [
            134.0203567,
            34.2964475
          ],
          [
            134.0203647,
            34.2963666
          ],
          [
            134.0204009,
            34.2962591
          ],
          [
            134.0204237,
            34.2962248
          ],
          [
            134.0204626,
            34.2961328
          ],
          [
            134.0205042,
            34.2960375
          ],
          [
            134.0205739,
            34.2959733
          ],
          [
            134.0207832,
            34.2958017
          ],
          [
            134.0208448,
            34.2957461
          ],
          [
            134.020928,
            34.2956176
          ],
          [
            134.0210165,
            34.2954381
          ],
          [
            134.021116,
            34.2952427
          ],
          [
            134.0211884,
            34.2951792
          ],
          [
            134.021818,
            34.2949437
          ],
          [
            134.0219438,
            34.2948883
          ],
          [
            134.0222502,
            34.2946624
          ],
          [
            134.0226665,
            34.2943142
          ],
          [
            134.0228591,
            34.294174
          ],
          [
            134.0227693,
            34.2940266
          ],
          [
            134.0228591,
            34.294174
          ],
          [
            134.0227693,
            34.2940266
          ],
          [
            134.0227975,
            34.2939435
          ],
          [
            134.0228324,
            34.2937374
          ],
          [
            134.0228726,
            34.2935147
          ],
          [
            134.0229075,
            34.2933319
          ],
          [
            134.0229303,
            34.2932632
          ],
          [
            134.0229678,
            34.2931978
          ],
          [
            134.0230992,
            34.2930571
          ],
          [
            134.0236008,
            34.2926372
          ],
          [
            134.0236236,
            34.2926073
          ],
          [
            134.0236263,
            34.2925696
          ],
          [
            134.0236022,
            34.2923802
          ],
          [
            134.0236048,
            34.2920389
          ],
          [
            134.0236209,
            34.2918406
          ],
          [
            134.0236478,
            34.2915259
          ],
          [
            134.023628,
            34.2914448
          ],
          [
            134.0235753,
            34.291229
          ],
          [
            134.0238154,
            34.2912212
          ],
          [
            134.0237319,
            34.2910611
          ],
          [
            134.0236985,
            34.2909722
          ],
          [
            134.0236669,
            34.2908001
          ],
          [
            134.0236232,
            34.2906795
          ],
          [
            134.023635,
            34.2906785
          ],
          [
            134.0236788,
            34.2906688
          ],
          [
            134.0239455,
            34.2906074
          ],
          [
            134.0239562,
            34.2905908
          ],
          [
            134.0239262,
            34.2904305
          ],
          [
            134.0241359,
            34.2903902
          ],
          [
            134.0241989,
            34.2901365
          ],
          [
            134.0241815,
            34.2898694
          ],
          [
            134.0241802,
            34.2897221
          ],
          [
            134.0242057,
            34.2895968
          ],
          [
            134.0242338,
            34.2895182
          ],
          [
            134.0243059,
            34.2894314
          ],
          [
            134.0243426,
            34.2888744
          ],
          [
            134.0243491,
            34.2887628
          ],
          [
            134.0243383,
            34.2886036
          ],
          [
            134.0243426,
            34.2884785
          ],
          [
            134.0243513,
            34.2883676
          ],
          [
            134.0243633,
            34.2882959
          ],
          [
            134.0243859,
            34.2881602
          ],
          [
            134.0244877,
            34.2877119
          ],
          [
            134.024626,
            34.287004
          ],
          [
            134.0269531,
            34.2867779
          ],
          [
            134.0265355,
            34.2868039
          ],
          [
            134.0261722,
            34.2868207
          ],
          [
            134.0261338,
            34.2868264
          ],
          [
            134.0256262,
            34.2869018
          ],
          [
            134.0254972,
            34.286912
          ],
          [
            134.0253748,
            34.2869066
          ],
          [
            134.025199,
            34.286878
          ],
          [
            134.025114,
            34.2868641
          ],
          [
            134.0250293,
            34.2868638
          ],
          [
            134.0248325,
            34.2869704
          ],
          [
            134.0247386,
            34.2869943
          ],
          [
            134.024626,
            34.287004
          ],
          [
            134.0269531,
            34.2867779
          ],
          [
            134.0269395,
            34.286655
          ],
          [
            134.0268994,
            34.2866187
          ],
          [
            134.0269331,
            34.2864403
          ],
          [
            134.0269354,
            34.2864263
          ],
          [
            134.0268449,
            34.286428
          ],
          [
            134.0267559,
            34.2864288
          ],
          [
            134.0266954,
            34.2864296
          ],
          [
            134.0265988,
            34.2864308
          ],
          [
            134.0265734,
            34.2864311
          ],
          [
            134.0264104,
            34.2864331
          ],
          [
            134.0263789,
            34.2864334
          ],
          [
            134.0267559,
            34.2864288
          ],
          [
            134.0266954,
            34.2864296
          ],
          [
            134.0265988,
            34.2864308
          ],
          [
            134.0265734,
            34.2864311
          ],
          [
            134.0264104,
            34.2864331
          ],
          [
            134.0263789,
            34.2864334
          ],
          [
            134.0268449,
            34.286428
          ],
          [
            134.0267559,
            34.2864288
          ],
          [
            134.0269354,
            34.2864263
          ],
          [
            134.0268449,
            34.286428
          ],
          [
            134.0269531,
            34.2867779
          ],
          [
            134.0269395,
            34.286655
          ],
          [
            134.0268994,
            34.2866187
          ],
          [
            134.0269331,
            34.2864403
          ],
          [
            134.0269354,
            34.2864263
          ],
          [
            134.0271118,
            34.2874473
          ],
          [
            134.0270551,
            34.287227
          ],
          [
            134.0269804,
            34.2869364
          ],
          [
            134.0269531,
            34.2867779
          ],
          [
            134.0271118,
            34.2874473
          ],
          [
            134.0271977,
            34.2880124
          ],
          [
            134.0276164,
            34.2883122
          ],
          [
            134.0279903,
            34.2885786
          ],
          [
            134.0279969,
            34.2886727
          ],
          [
            134.027988,
            34.2887516
          ],
          [
            134.0279393,
            34.2888201
          ],
          [
            134.0279353,
            34.2888833
          ],
          [
            134.0280589,
            34.289623
          ],
          [
            134.0282617,
            34.2896307
          ],
          [
            134.0305168,
            34.2892045
          ],
          [
            134.0303838,
            34.2892296
          ],
          [
            134.0298052,
            34.2893604
          ],
          [
            134.0295663,
            34.2894107
          ],
          [
            134.0291078,
            34.2895071
          ],
          [
            134.0287275,
            34.2895665
          ],
          [
            134.0282617,
            34.2896307
          ],
          [
            134.0305168,
            34.2892045
          ],
          [
            134.0305477,
            34.2893331
          ],
          [
            134.0305585,
            34.2893985
          ],
          [
            134.0305451,
            34.2894595
          ],
          [
            134.0305451,
            34.2895215
          ],
          [
            134.0305611,
            34.2895747
          ],
          [
            134.0305839,
            34.2896035
          ],
          [
            134.030643,
            34.2896301
          ],
          [
            134.0306926,
            34.2896567
          ],
          [
            134.0307395,
            34.2897099
          ],
          [
            134.0307757,
            34.2898052
          ],
          [
            134.0308144,
            34.2898514
          ],
          [
            134.030816,
            34.2898891
          ],
          [
            134.0308503,
            34.2899232
          ],
          [
            134.0309311,
            34.2899672
          ],
          [
            134.0309756,
            34.2900138
          ],
          [
            134.0310193,
            34.2900542
          ],
          [
            134.031074,
            34.2900954
          ],
          [
            134.0311193,
            34.2900981
          ],
          [
            134.0314019,
            34.2900939
          ],
          [
            134.0314666,
            34.2902772
          ],
          [
            134.0315156,
            34.2903211
          ],
          [
            134.0316499,
            34.2903869
          ],
          [
            134.0316742,
            34.290482
          ],
          [
            134.0317555,
            34.2905616
          ],
          [
            134.0318192,
            34.2906131
          ],
          [
            134.031857,
            34.2906175
          ],
          [
            134.0319732,
            34.2905987
          ],
          [
            134.0320432,
            34.2906093
          ],
          [
            134.0320866,
            34.2906343
          ],
          [
            134.032141,
            34.2907038
          ],
          [
            134.0322211,
            34.2909553
          ],
          [
            134.0324068,
            34.2909217
          ],
          [
            134.0325204,
            34.2909461
          ],
          [
            134.0328555,
            34.29091
          ],
          [
            134.0325204,
            34.2909461
          ],
          [
            134.0328555,
            34.29091
          ],
          [
            134.0328967,
            34.2910988
          ],
          [
            134.0329175,
            34.291096
          ],
          [
            134.0329124,
            34.2910769
          ],
          [
            134.0328929,
            34.2909808
          ],
          [
            134.0329124,
            34.2910769
          ],
          [
            134.0330833,
            34.2908534
          ],
          [
            134.032873,
            34.2908825
          ],
          [
            134.0328929,
            34.2909808
          ],
          [
            134.0330614,
            34.2907456
          ],
          [
            134.0330833,
            34.2908534
          ],
          [
            134.0331034,
            34.2908725
          ],
          [
            134.0330697,
            34.2907248
          ],
          [
            134.0330569,
            34.2907265
          ],
          [
            134.0330614,
            34.2907456
          ],
          [
            134.0346858,
            34.2905128
          ],
          [
            134.0346445,
            34.2905174
          ],
          [
            134.0345127,
            34.2905321
          ],
          [
            134.0340051,
            34.2906197
          ],
          [
            134.0338006,
            34.290655
          ],
          [
            134.0336704,
            34.2906775
          ],
          [
            134.0334643,
            34.2907327
          ],
          [
            134.0333917,
            34.290795
          ],
          [
            134.0333162,
            34.2908382
          ],
          [
            134.0332204,
            34.2908598
          ],
          [
            134.0331034,
            34.2908725
          ],
          [
            134.0346858,
            34.2905128
          ],
          [
            134.0348178,
            34.2907835
          ],
          [
            134.0350834,
            34.2915447
          ],
          [
            134.0353743,
            34.2915502
          ],
          [
            134.0355527,
            34.2916389
          ],
          [
            134.035711,
            34.2916954
          ],
          [
            134.0358384,
            34.2917341
          ],
          [
            134.0359175,
            34.2917563
          ],
          [
            134.0359913,
            34.2917785
          ],
          [
            134.0360838,
            34.2917862
          ],
          [
            134.036285,
            34.2917408
          ],
          [
            134.036462,
            34.2925707
          ],
          [
            134.0365059,
            34.2926213
          ],
          [
            134.0365489,
            34.2926802
          ],
          [
            134.0365839,
            34.2927607
          ],
          [
            134.0367383,
            34.2932842
          ],
          [
            134.036749,
            34.2934482
          ],
          [
            134.0366256,
            34.2935236
          ],
          [
            134.0366846,
            34.2940422
          ],
          [
            134.0366709,
            34.2942544
          ],
          [
            134.0366663,
            34.2943269
          ],
          [
            134.036876,
            34.2949288
          ],
          [
            134.036985,
            34.2952853
          ],
          [
            134.0370678,
            34.2955916
          ],
          [
            134.0372284,
            34.2962669
          ],
          [
            134.0372835,
            34.2962586
          ],
          [
            134.0372928,
            34.2963079
          ],
          [
            134.0373113,
            34.2963859
          ],
          [
            134.0373171,
            34.2964418
          ],
          [
            134.0393703,
            34.2961231
          ],
          [
            134.0393659,
            34.2961826
          ],
          [
            134.0393847,
            34.2962683
          ],
          [
            134.0394118,
            34.29634
          ],
          [
            134.0395336,
            34.2967122
          ],
          [
            134.0397868,
            34.2974796
          ],
          [
            134.0398808,
            34.2977418
          ],
          [
            134.0400176,
            34.2981462
          ],
          [
            134.0401329,
            34.298524
          ],
          [
            134.0401812,
            34.2985561
          ],
          [
            134.0401977,
            34.2985871
          ],
          [
            134.0402091,
            34.2986076
          ],
          [
            134.0403036,
            34.2985857
          ],
          [
            134.040427,
            34.2985869
          ],
          [
            134.0406295,
            34.2986301
          ],
          [
            134.0407596,
            34.2986965
          ],
          [
            134.0408628,
            34.2987818
          ],
          [
            134.0409835,
            34.2989281
          ],
          [
            134.0410868,
            34.2989635
          ],
          [
            134.041207,
            34.2989792
          ],
          [
            134.041292,
            34.2990023
          ],
          [
            134.0416695,
            34.2991796
          ],
          [
            134.0417668,
            34.2992627
          ],
          [
            134.0419551,
            34.2995142
          ],
          [
            134.0419726,
            34.2995308
          ],
          [
            134.0420057,
            34.2994992
          ],
          [
            134.0421542,
            34.2995146
          ],
          [
            134.0422237,
            34.299514
          ],
          [
            134.0422934,
            34.2995055
          ],
          [
            134.0426804,
            34.2993892
          ],
          [
            134.0427559,
            34.2993704
          ],
          [
            134.0427579,
            34.2993127
          ],
          [
            134.0427559,
            34.2993704
          ],
          [
            134.0438359,
            34.298915
          ],
          [
            134.0437148,
            34.2989298
          ],
          [
            134.0434295,
            34.2989876
          ],
          [
            134.0433527,
            34.2990168
          ],
          [
            134.0430972,
            34.2991137
          ],
          [
            134.0430063,
            34.2991741
          ],
          [
            134.0428779,
            34.2992751
          ],
          [
            134.0427579,
            34.2993127
          ],
          [
            134.0438749,
            34.2989944
          ],
          [
            134.0438359,
            34.298915
          ],
          [
            134.0438749,
            34.2989944
          ],
          [
            134.0439161,
            34.2991067
          ],
          [
            134.043974,
            34.2992203
          ],
          [
            134.044145,
            34.2993857
          ],
          [
            134.0441778,
            34.2994189
          ],
          [
            134.0442274,
            34.2994699
          ],
          [
            134.0443012,
            34.2997213
          ],
          [
            134.0443071,
            34.299999
          ],
          [
            134.0443119,
            34.300221
          ],
          [
            134.0443288,
            34.3002961
          ],
          [
            134.0443759,
            34.300693
          ],
          [
            134.0443943,
            34.3008501
          ],
          [
            134.0444412,
            34.3011259
          ],
          [
            134.0444884,
            34.3013386
          ],
          [
            134.0444919,
            34.3013608
          ],
          [
            134.0444876,
            34.3014184
          ],
          [
            134.0444774,
            34.3015299
          ],
          [
            134.0444861,
            34.3015935
          ],
          [
            134.0445123,
            34.3017002
          ],
          [
            134.0445693,
            34.3018661
          ],
          [
            134.0445768,
            34.3018879
          ],
          [
            134.0446124,
            34.3020432
          ],
          [
            134.04464,
            34.3021943
          ],
          [
            134.0446369,
            34.3022567
          ],
          [
            134.0446357,
            34.3022807
          ],
          [
            134.0446182,
            34.3024006
          ],
          [
            134.0446284,
            34.3024725
          ],
          [
            134.0446589,
            34.302698
          ],
          [
            134.0446699,
            34.3027659
          ],
          [
            134.0446783,
            34.3028174
          ],
          [
            134.0446848,
            34.3028451
          ],
          [
            134.0446908,
            34.3028947
          ],
          [
            134.0447053,
            34.3030266
          ],
          [
            134.0447184,
            34.3031309
          ],
          [
            134.0447416,
            34.3032352
          ],
          [
            134.0447924,
            34.3033851
          ],
          [
            134.0448621,
            34.3036133
          ],
          [
            134.0448887,
            34.303651
          ],
          [
            134.0449136,
            34.3037167
          ],
          [
            134.0449152,
            34.3039189
          ],
          [
            134.0450356,
            34.3039072
          ],
          [
            134.0452154,
            34.3038879
          ],
          [
            134.0454664,
            34.3038665
          ],
          [
            134.0454771,
            34.3038655
          ],
          [
            134.0458001,
            34.3038312
          ],
          [
            134.0460708,
            34.3038051
          ],
          [
            134.0461284,
            34.3037996
          ],
          [
            134.0463477,
            34.3037652
          ],
          [
            134.0464552,
            34.303744
          ],
          [
            134.0467306,
            34.3037019
          ],
          [
            134.0467701,
            34.303695
          ],
          [
            134.0470117,
            34.3036893
          ],
          [
            134.0472218,
            34.3036711
          ],
          [
            134.0473353,
            34.3036409
          ],
          [
            134.0473322,
            34.3037315
          ],
          [
            134.0473422,
            34.3038702
          ],
          [
            134.0473734,
            34.3040501
          ],
          [
            134.047379,
            34.3040827
          ],
          [
            134.0473849,
            34.3041165
          ],
          [
            134.0474013,
            34.304213
          ],
          [
            134.0474414,
            34.304449
          ],
          [
            134.0474511,
            34.3044898
          ],
          [
            134.0474857,
            34.304633
          ],
          [
            134.0475348,
            34.3048365
          ],
          [
            134.0475404,
            34.3048596
          ],
          [
            134.0475496,
            34.3049056
          ],
          [
            134.0475836,
            34.3050762
          ],
          [
            134.0476286,
            34.3052764
          ],
          [
            134.0476439,
            34.3053661
          ],
          [
            134.0476599,
            34.3054604
          ],
          [
            134.0476611,
            34.3054862
          ],
          [
            134.0476647,
            34.3055635
          ],
          [
            134.0476727,
            34.3057347
          ],
          [
            134.0476995,
            34.3060308
          ],
          [
            134.0477321,
            34.3064565
          ],
          [
            134.0477378,
            34.3065028
          ],
          [
            134.0477499,
            34.3066443
          ],
          [
            134.0478549,
            34.3070903
          ],
          [
            134.0479652,
            34.307491
          ],
          [
            134.0480631,
            34.3078387
          ],
          [
            134.0481014,
            34.3079734
          ],
          [
            134.0481913,
            34.3082685
          ],
          [
            134.0482268,
            34.3084119
          ],
          [
            134.048298,
            34.3087006
          ],
          [
            134.048334,
            34.3088488
          ],
          [
            134.0483834,
            34.3091752
          ],
          [
            134.0484029,
            34.3093531
          ],
          [
            134.04842,
            34.3094121
          ],
          [
            134.0484741,
            34.309616
          ],
          [
            134.0484878,
            34.309667
          ],
          [
            134.0485014,
            34.3097191
          ],
          [
            134.0485115,
            34.3097626
          ],
          [
            134.0486363,
            34.3102974
          ],
          [
            134.0486416,
            34.3103201
          ],
          [
            134.0486402,
            34.3103771
          ],
          [
            134.0488265,
            34.3103505
          ],
          [
            134.0487522,
            34.3103603
          ],
          [
            134.0487225,
            34.3103644
          ],
          [
            134.0486402,
            34.3103771
          ],
          [
            134.0488265,
            34.3103505
          ],
          [
            134.0499262,
            34.3107913
          ],
          [
            134.0505962,
            34.311063
          ],
          [
            134.0506129,
            34.3110718
          ],
          [
            134.0506517,
            34.3110838
          ],
          [
            134.0506916,
            34.3110861
          ],
          [
            134.0507556,
            34.3110765
          ],
          [
            134.0510761,
            34.3110072
          ],
          [
            134.0516869,
            34.3108682
          ],
          [
            134.0522716,
            34.3107502
          ],
          [
            134.0523516,
            34.3110729
          ],
          [
            134.0523746,
            34.3111851
          ],
          [
            134.0523792,
            34.3112116
          ],
          [
            134.052422,
            34.311435
          ],
          [
            134.0524807,
            34.3117399
          ],
          [
            134.0529337,
            34.3116902
          ],
          [
            134.0531119,
            34.3116707
          ],
          [
            134.0534714,
            34.311624
          ],
          [
            134.0535923,
            34.3116243
          ],
          [
            134.0552673,
            34.3113435
          ],
          [
            134.0546927,
            34.3114447
          ],
          [
            134.0537155,
            34.31162
          ],
          [
            134.0535923,
            34.3116243
          ],
          [
            134.0555084,
            34.3122123
          ],
          [
            134.0554035,
            34.3118289
          ],
          [
            134.0552673,
            34.3113435
          ],
          [
            134.0555084,
            34.3122123
          ],
          [
            134.0554841,
            34.3122192
          ],
          [
            134.0555049,
            34.3122952
          ],
          [
            134.0555766,
            34.3122812
          ],
          [
            134.0559792,
            34.3131908
          ],
          [
            134.0559553,
            34.31299
          ],
          [
            134.0558701,
            34.3127517
          ],
          [
            134.0557887,
            34.312502
          ],
          [
            134.0556986,
            34.312358
          ],
          [
            134.0556318,
            34.3123004
          ],
          [
            134.0555766,
            34.3122812
          ],
          [
            134.0561294,
            34.3132054
          ],
          [
            134.0560483,
            34.3132006
          ],
          [
            134.0559792,
            34.3131908
          ],
          [
            134.0563284,
            34.3140816
          ],
          [
            134.0562476,
            34.3136993
          ],
          [
            134.0561294,
            34.3132054
          ],
          [
            134.0565117,
            34.3140504
          ],
          [
            134.0563284,
            34.3140816
          ],
          [
            134.0565117,
            34.3140504
          ],
          [
            134.056521,
            34.3141075
          ],
          [
            134.0565371,
            34.3141643
          ],
          [
            134.0565991,
            34.3145818
          ],
          [
            134.0566615,
            34.3149834
          ],
          [
            134.0567151,
            34.3151975
          ],
          [
            134.0567651,
            34.3153869
          ],
          [
            134.0568235,
            34.3155862
          ],
          [
            134.0568515,
            34.3157954
          ],
          [
            134.0568389,
            34.3161327
          ],
          [
            134.0568465,
            34.316244
          ],
          [
            134.0568606,
            34.3163452
          ],
          [
            134.0568828,
            34.316431
          ],
          [
            134.0569399,
            34.3165393
          ],
          [
            134.0570293,
            34.3166604
          ],
          [
            134.0571085,
            34.3170248
          ],
          [
            134.0571184,
            34.3170851
          ],
          [
            134.057166,
            34.3173548
          ],
          [
            134.0571706,
            34.3173772
          ],
          [
            134.0572513,
            34.3173669
          ],
          [
            134.0571706,
            34.3173772
          ],
          [
            134.0572884,
            34.3175219
          ],
          [
            134.057277,
            34.3174754
          ],
          [
            134.0572605,
            34.3174078
          ],
          [
            134.0572513,
            34.3173669
          ],
          [
            134.0572884,
            34.3175219
          ],
          [
            134.0571731,
            34.3175385
          ],
          [
            134.0571754,
            34.3175587
          ],
          [
            134.0572119,
            34.3177331
          ],
          [
            134.0572882,
            34.3180662
          ],
          [
            134.0573246,
            34.3182492
          ],
          [
            134.0573728,
            34.3184915
          ],
          [
            134.0573821,
            34.318538
          ],
          [
            134.0574363,
            34.3188103
          ],
          [
            134.057499,
            34.3190759
          ],
          [
            134.0580126,
            34.3189899
          ],
          [
            134.058379,
            34.3189095
          ],
          [
            134.0584536,
            34.3188991
          ],
          [
            134.0586378,
            34.3188671
          ],
          [
            134.0587083,
            34.3188554
          ],
          [
            134.0588486,
            34.3188317
          ],
          [
            134.0590753,
            34.3187952
          ],
          [
            134.0596271,
            34.3187175
          ],
          [
            134.0597927,
            34.3187041
          ],
          [
            134.0598456,
            34.3186972
          ],
          [
            134.0601624,
            34.3186643
          ],
          [
            134.0605069,
            34.3186405
          ],
          [
            134.0606951,
            34.3186066
          ],
          [
            134.0610113,
            34.3185495
          ],
          [
            134.0615361,
            34.3184508
          ],
          [
            134.0621193,
            34.3183494
          ],
          [
            134.0622319,
            34.3183252
          ],
          [
            134.0623411,
            34.3183022
          ],
          [
            134.0625284,
            34.318268
          ],
          [
            134.0628592,
            34.3182169
          ],
          [
            134.0633412,
            34.3181441
          ],
          [
            134.0634569,
            34.318122
          ],
          [
            134.0637427,
            34.3180746
          ],
          [
            134.0638913,
            34.3186524
          ],
          [
            134.0639022,
            34.3187121
          ],
          [
            134.0639498,
            34.3189728
          ],
          [
            134.0641295,
            34.3194903
          ],
          [
            134.0641445,
            34.3195382
          ],
          [
            134.0642816,
            34.3200321
          ],
          [
            134.0643644,
            34.3203468
          ],
          [
            134.0643782,
            34.320558
          ],
          [
            134.0643813,
            34.3206776
          ],
          [
            134.0644321,
            34.3209851
          ],
          [
            134.0673615,
            34.3205764
          ],
          [
            134.0672864,
            34.3205831
          ],
          [
            134.0670558,
            34.3205858
          ],
          [
            134.0662572,
            34.3206388
          ],
          [
            134.0659013,
            34.3206983
          ],
          [
            134.0658289,
            34.3207192
          ],
          [
            134.0655821,
            34.3207646
          ],
          [
            134.0653127,
            34.3208148
          ],
          [
            134.0650495,
            34.3208697
          ],
          [
            134.0649806,
            34.3208824
          ],
          [
            134.0644321,
            34.3209851
          ],
          [
            134.0678164,
            34.3220761
          ],
          [
            134.0676411,
            34.3214932
          ],
          [
            134.0675887,
            34.3212842
          ],
          [
            134.0674716,
            34.320932
          ],
          [
            134.0673745,
            34.3206185
          ],
          [
            134.0673615,
            34.3205764
          ],
          [
            134.0678917,
            34.3220691
          ],
          [
            134.0678164,
            34.3220761
          ],
          [
            134.0679178,
            34.3222219
          ],
          [
            134.0679109,
            34.3221818
          ],
          [
            134.0678981,
            34.3221071
          ],
          [
            134.0678917,
            34.3220691
          ],
          [
            134.0678552,
            34.3222297
          ],
          [
            134.0679178,
            34.3222219
          ],
          [
            134.0685316,
            34.3253204
          ],
          [
            134.0685234,
            34.3250911
          ],
          [
            134.0685166,
            34.3248986
          ],
          [
            134.0684459,
            34.3246927
          ],
          [
            134.0684296,
            34.3246433
          ],
          [
            134.0683379,
            34.3243662
          ],
          [
            134.0683179,
            34.3243185
          ],
          [
            134.0682282,
            34.3241046
          ],
          [
            134.0681945,
            34.3239466
          ],
          [
            134.0681302,
            34.3236486
          ],
          [
            134.0680882,
            34.3233666
          ],
          [
            134.0680662,
            34.3232539
          ],
          [
            134.0680226,
            34.3230309
          ],
          [
            134.06802,
            34.3230126
          ],
          [
            134.0679324,
            34.3225941
          ],
          [
            134.0679024,
            34.3224412
          ],
          [
            134.0678552,
            34.3222297
          ],
          [
            134.0685316,
            34.3253204
          ],
          [
            134.0685826,
            34.325311
          ],
          [
            134.0693407,
            34.3251708
          ],
          [
            134.0696734,
            34.3251093
          ],
          [
            134.0698654,
            34.3250745
          ],
          [
            134.0699292,
            34.325063
          ],
          [
            134.0701333,
            34.3250004
          ],
          [
            134.0702554,
            34.3249446
          ],
          [
            134.0707579,
            34.3246682
          ],
          [
            134.0709587,
            34.32454
          ],
          [
            134.0708525,
            34.3249172
          ],
          [
            134.0709356,
            34.3246203
          ],
          [
            134.0709587,
            34.32454
          ],
          [
            134.0725507,
            34.3247495
          ],
          [
            134.0724228,
            34.3247294
          ],
          [
            134.0716489,
            34.3248144
          ],
          [
            134.0708525,
            34.3249172
          ],
          [
            134.0725507,
            34.3247495
          ],
          [
            134.0726611,
            34.3247202
          ],
          [
            134.0729032,
            34.3246767
          ],
          [
            134.0730558,
            34.3246569
          ],
          [
            134.0731656,
            34.3246432
          ],
          [
            134.0732213,
            34.3246351
          ],
          [
            134.0733616,
            34.3246171
          ],
          [
            134.0735975,
            34.3245947
          ],
          [
            134.073795,
            34.3245659
          ],
          [
            134.0739523,
            34.3245372
          ],
          [
            134.0741864,
            34.3244894
          ],
          [
            134.0742251,
            34.3244798
          ],
          [
            134.0746663,
            34.3243517
          ],
          [
            134.0746971,
            34.3243389
          ],
          [
            134.0749481,
            34.3242563
          ],
          [
            134.0756138,
            34.323998
          ],
          [
            134.0760434,
            34.3238599
          ],
          [
            134.0764105,
            34.3237444
          ],
          [
            134.0764566,
            34.3237293
          ],
          [
            134.0765607,
            34.323694
          ],
          [
            134.0767905,
            34.3236191
          ],
          [
            134.0772655,
            34.3234699
          ],
          [
            134.0776489,
            34.323368
          ],
          [
            134.0777614,
            34.3233333
          ],
          [
            134.0778033,
            34.3233643
          ],
          [
            134.0779802,
            34.3234895
          ],
          [
            134.0787166,
            34.323722
          ],
          [
            134.0783514,
            34.3236106
          ],
          [
            134.0779802,
            34.3234895
          ],
          [
            134.0787166,
            34.323722
          ],
          [
            134.0787174,
            34.3237462
          ],
          [
            134.0787228,
            34.3237734
          ],
          [
            134.0787693,
            34.3241121
          ],
          [
            134.0787709,
            34.3241647
          ],
          [
            134.0787892,
            34.3245495
          ],
          [
            134.0787913,
            34.3245872
          ],
          [
            134.0788023,
            34.3248369
          ],
          [
            134.0788318,
            34.3250114
          ],
          [
            134.0789404,
            34.3251762
          ],
          [
            134.0791667,
            34.3254803
          ],
          [
            134.0792432,
            34.3255744
          ],
          [
            134.0794707,
            34.3258539
          ],
          [
            134.0795645,
            34.3259909
          ],
          [
            134.0797122,
            34.3261898
          ],
          [
            134.0798045,
            34.3263141
          ],
          [
            134.0798552,
            34.326472
          ],
          [
            134.0798864,
            34.32669
          ],
          [
            134.0799023,
            34.3268015
          ],
          [
            134.0799538,
            34.3271301
          ],
          [
            134.0800792,
            34.3278648
          ],
          [
            134.080102,
            34.3279899
          ],
          [
            134.0801989,
            34.328613
          ],
          [
            134.0802331,
            34.3288331
          ],
          [
            134.0802362,
            34.3288529
          ],
          [
            134.0803052,
            34.3292696
          ],
          [
            134.08033,
            34.3294809
          ],
          [
            134.0803311,
            34.3294904
          ],
          [
            134.0803397,
            34.329729
          ],
          [
            134.0804353,
            34.329727
          ],
          [
            134.0809882,
            34.3299006
          ],
          [
            134.0810542,
            34.3299214
          ],
          [
            134.0815736,
            34.3301476
          ],
          [
            134.0817509,
            34.3302248
          ],
          [
            134.0819152,
            34.3302999
          ],
          [
            134.081941,
            34.3303117
          ],
          [
            134.0820081,
            34.3303247
          ],
          [
            134.0825864,
            34.3304125
          ],
          [
            134.0830931,
            34.3304963
          ],
          [
            134.0832248,
            34.3305321
          ],
          [
            134.0834881,
            34.3305294
          ],
          [
            134.0835121,
            34.332366
          ],
          [
            134.0835074,
            34.332179
          ],
          [
            134.0835002,
            34.332046
          ],
          [
            134.0834936,
            34.331923
          ],
          [
            134.0834856,
            34.3316927
          ],
          [
            134.0834784,
            34.3314846
          ],
          [
            134.0834753,
            34.3313956
          ],
          [
            134.0834777,
            34.331167
          ],
          [
            134.0834796,
            34.3309727
          ],
          [
            134.0834809,
            34.3308541
          ],
          [
            134.0834874,
            34.3306079
          ],
          [
            134.0834868,
            34.330569
          ],
          [
            134.0834881,
            34.3305294
          ],
          [
            134.0835194,
            34.3325035
          ],
          [
            134.0835121,
            34.332366
          ],
          [
            134.0835737,
            34.3337665
          ],
          [
            134.0835713,
            34.33372
          ],
          [
            134.0835533,
            34.3333669
          ],
          [
            134.08354,
            34.3331078
          ],
          [
            134.0835337,
            34.3329295
          ],
          [
            134.0835251,
            34.332687
          ],
          [
            134.0835194,
            34.3325035
          ],
          [
            134.0849864,
            34.3339649
          ],
          [
            134.0849369,
            34.3339581
          ],
          [
            134.0842035,
            34.3338548
          ],
          [
            134.0836654,
            34.3337791
          ],
          [
            134.0836195,
            34.3337728
          ],
          [
            134.0835737,
            34.3337665
          ],
          [
            134.086339,
            34.334163
          ],
          [
            134.0849864,
            34.3339649
          ],
          [
            134.0909679,
            34.3349093
          ],
          [
            134.0902278,
            34.3347892
          ],
          [
            134.0897149,
            34.3347018
          ],
          [
            134.0892346,
            34.3346199
          ],
          [
            134.0891172,
            34.3345999
          ],
          [
            134.088546,
            34.3345026
          ],
          [
            134.0879189,
            34.3343957
          ],
          [
            134.087836,
            34.3343816
          ],
          [
            134.0878044,
            34.3343762
          ],
          [
            134.0874424,
            34.3343232
          ],
          [
            134.0872119,
            34.3342895
          ],
          [
            134.0866508,
            34.3342074
          ],
          [
            134.0863998,
            34.3341707
          ],
          [
            134.086339,
            34.334163
          ],
          [
            134.0952682,
            34.3356171
          ],
          [
            134.0952165,
            34.3356086
          ],
          [
            134.0951713,
            34.3356017
          ],
          [
            134.0945755,
            34.3355044
          ],
          [
            134.0945062,
            34.3354931
          ],
          [
            134.0941199,
            34.33543
          ],
          [
            134.0939453,
            34.3354015
          ],
          [
            134.093409,
            34.335314
          ],
          [
            134.0932694,
            34.3352912
          ],
          [
            134.0930557,
            34.3352563
          ],
          [
            134.0928475,
            34.3352205
          ],
          [
            134.092647,
            34.3351889
          ],
          [
            134.0924674,
            34.3351589
          ],
          [
            134.0917934,
            34.3350461
          ],
          [
            134.0915927,
            34.3350125
          ],
          [
            134.0912189,
            34.3349499
          ],
          [
            134.0909679,
            34.3349093
          ],
          [
            134.0963431,
            34.3357947
          ],
          [
            134.0952682,
            34.3356171
          ],
          [
            134.0964186,
            34.3358034
          ],
          [
            134.0963431,
            34.3357947
          ],
          [
            134.0964186,
            34.3358034
          ],
          [
            134.0964416,
            34.3358729
          ],
          [
            134.0964736,
            34.3359697
          ],
          [
            134.09658,
            34.3362917
          ],
          [
            134.0966824,
            34.336858
          ],
          [
            134.0967837,
            34.3374657
          ],
          [
            134.0968154,
            34.3376352
          ],
          [
            134.0968473,
            34.3378053
          ],
          [
            134.0969469,
            34.3383204
          ],
          [
            134.0970968,
            34.3388935
          ],
          [
            134.097126,
            34.3391042
          ],
          [
            134.0971344,
            34.3391651
          ],
          [
            134.0971345,
            34.3391655
          ],
          [
            134.0971446,
            34.339237
          ],
          [
            134.0971515,
            34.3393216
          ],
          [
            134.0971567,
            34.3393874
          ],
          [
            134.0971609,
            34.3394299
          ],
          [
            134.0971865,
            34.3396914
          ],
          [
            134.0971946,
            34.3397918
          ],
          [
            134.0971975,
            34.3398193
          ],
          [
            134.0972133,
            34.3399329
          ],
          [
            134.0972315,
            34.3400354
          ],
          [
            134.0972495,
            34.3401136
          ],
          [
            134.097254,
            34.3401288
          ],
          [
            134.0972844,
            34.3402309
          ],
          [
            134.0973342,
            34.3403703
          ],
          [
            134.0974249,
            34.3406405
          ],
          [
            134.0974755,
            34.3408187
          ],
          [
            134.0974945,
            34.3408897
          ],
          [
            134.097558,
            34.340998
          ],
          [
            134.0975852,
            34.341046
          ],
          [
            134.0976041,
            34.3410951
          ],
          [
            134.0976184,
            34.3411403
          ],
          [
            134.097696,
            34.3413609
          ],
          [
            134.0977886,
            34.3416119
          ],
          [
            134.0978337,
            34.3416912
          ],
          [
            134.0979058,
            34.3417634
          ],
          [
            134.0980151,
            34.341832
          ],
          [
            134.0982927,
            34.3419843
          ],
          [
            134.0983867,
            34.3420359
          ],
          [
            134.0987898,
            34.3422493
          ],
          [
            134.099012,
            34.3423676
          ],
          [
            134.0991297,
            34.3424267
          ],
          [
            134.0991433,
            34.3424336
          ],
          [
            134.0991649,
            34.3424433
          ],
          [
            134.0993211,
            34.3424915
          ],
          [
            134.0995188,
            34.3425699
          ],
          [
            134.0996142,
            34.342603
          ],
          [
            134.1002813,
            34.3427795
          ],
          [
            134.1005647,
            34.3428677
          ],
          [
            134.1006463,
            34.3428878
          ],
          [
            134.1007483,
            34.3429023
          ],
          [
            134.1011099,
            34.3473484
          ],
          [
            134.1010774,
            34.3473115
          ],
          [
            134.100942,
            34.3471774
          ],
          [
            134.100854,
            34.3470445
          ],
          [
            134.1007899,
            34.3469058
          ],
          [
            134.1007114,
            34.3467007
          ],
          [
            134.1005858,
            34.3465665
          ],
          [
            134.1005724,
            34.3465491
          ],
          [
            134.1005151,
            34.3464705
          ],
          [
            134.1004987,
            34.3463645
          ],
          [
            134.1005205,
            34.346184
          ],
          [
            134.1005797,
            34.34595
          ],
          [
            134.1006435,
            34.3457057
          ],
          [
            134.1007063,
            34.3455253
          ],
          [
            134.1007664,
            34.3454057
          ],
          [
            134.1008511,
            34.3452523
          ],
          [
            134.1009296,
            34.3451114
          ],
          [
            134.1009889,
            34.3450152
          ],
          [
            134.1010045,
            34.3449158
          ],
          [
            134.1010041,
            34.3447876
          ],
          [
            134.1009815,
            34.3444937
          ],
          [
            134.1009783,
            34.3444418
          ],
          [
            134.100949,
            34.3440967
          ],
          [
            134.1009413,
            34.3440115
          ],
          [
            134.100938,
            34.3439847
          ],
          [
            134.1008858,
            34.3435651
          ],
          [
            134.1008785,
            34.3435062
          ],
          [
            134.1008402,
            34.3432535
          ],
          [
            134.1008127,
            34.3430597
          ],
          [
            134.1007946,
            34.342986
          ],
          [
            134.1007483,
            34.3429023
          ],
          [
            134.1026227,
            34.3499786
          ],
          [
            134.102518,
            34.3499329
          ],
          [
            134.1023988,
            34.3498704
          ],
          [
            134.102264,
            34.3497806
          ],
          [
            134.102193,
            34.3497321
          ],
          [
            134.1021085,
            34.3496535
          ],
          [
            134.1020731,
            34.3496026
          ],
          [
            134.1020379,
            34.3494682
          ],
          [
            134.1020203,
            34.3493723
          ],
          [
            134.1019864,
            34.3492374
          ],
          [
            134.1019484,
            34.3490703
          ],
          [
            134.101925,
            34.3490234
          ],
          [
            134.1018106,
            34.348824
          ],
          [
            134.1017569,
            34.3486091
          ],
          [
            134.1017339,
            34.3485173
          ],
          [
            134.1016225,
            34.3483096
          ],
          [
            134.1016082,
            34.3482868
          ],
          [
            134.1015281,
            34.3481593
          ],
          [
            134.1014997,
            34.348114
          ],
          [
            134.1014531,
            34.3480501
          ],
          [
            134.1014259,
            34.3480089
          ],
          [
            134.1013799,
            34.3479356
          ],
          [
            134.1012865,
            34.3478393
          ],
          [
            134.101239,
            34.3477755
          ],
          [
            134.1012174,
            34.3477447
          ],
          [
            134.1012017,
            34.3476986
          ],
          [
            134.1011834,
            34.3475742
          ],
          [
            134.1011563,
            34.3474384
          ],
          [
            134.1011458,
            34.3473956
          ],
          [
            134.1011279,
            34.347372
          ],
          [
            134.1011099,
            34.3473484
          ],
          [
            134.1012534,
            34.356374
          ],
          [
            134.101325,
            34.3563697
          ],
          [
            134.1015168,
            34.3563124
          ],
          [
            134.1018539,
            34.3562705
          ],
          [
            134.1018658,
            34.3562534
          ],
          [
            134.1018514,
            34.3562387
          ],
          [
            134.1015057,
            34.3561967
          ],
          [
            134.1013986,
            34.3561949
          ],
          [
            134.101249,
            34.3562223
          ],
          [
            134.1012222,
            34.3562193
          ],
          [
            134.1012328,
            34.3562013
          ],
          [
            134.101306,
            34.3561366
          ],
          [
            134.1014337,
            34.3560365
          ],
          [
            134.1016949,
            34.3559758
          ],
          [
            134.1018088,
            34.3559673
          ],
          [
            134.1018458,
            34.3559441
          ],
          [
            134.1019308,
            34.3557763
          ],
          [
            134.1021046,
            34.3555842
          ],
          [
            134.1021801,
            34.3554608
          ],
          [
            134.1023082,
            34.3551789
          ],
          [
            134.1024011,
            34.3550997
          ],
          [
            134.1029428,
            34.3547293
          ],
          [
            134.1030597,
            34.3546306
          ],
          [
            134.1032348,
            34.3544339
          ],
          [
            134.1033844,
            34.3543022
          ],
          [
            134.1034862,
            34.3542455
          ],
          [
            134.1036236,
            34.3541894
          ],
          [
            134.1036495,
            34.3541717
          ],
          [
            134.1036356,
            34.3541663
          ],
          [
            134.1033817,
            34.3541882
          ],
          [
            134.1031378,
            34.3542287
          ],
          [
            134.1030952,
            34.3542334
          ],
          [
            134.1030867,
            34.3542195
          ],
          [
            134.1031318,
            34.3541799
          ],
          [
            134.1032526,
            34.3541049
          ],
          [
            134.1034192,
            34.3540226
          ],
          [
            134.1034737,
            34.3539647
          ],
          [
            134.1037324,
            34.3536342
          ],
          [
            134.1037549,
            34.3535843
          ],
          [
            134.1037592,
            34.3534795
          ],
          [
            134.1037294,
            34.3533858
          ],
          [
            134.1037109,
            34.3533008
          ],
          [
            134.1036886,
            34.3532279
          ],
          [
            134.1036464,
            34.353029
          ],
          [
            134.1035813,
            34.3527221
          ],
          [
            134.1035512,
            34.3525657
          ],
          [
            134.1034809,
            34.3521804
          ],
          [
            134.1034673,
            34.3521608
          ],
          [
            134.103445,
            34.3521728
          ],
          [
            134.1032927,
            34.3523813
          ],
          [
            134.1032306,
            34.3524598
          ],
          [
            134.1032122,
            34.3524732
          ],
          [
            134.1032031,
            34.3524553
          ],
          [
            134.1031701,
            34.3521198
          ],
          [
            134.1031267,
            34.3516908
          ],
          [
            134.1031054,
            34.3514778
          ],
          [
            134.1030999,
            34.3512218
          ],
          [
            134.103105,
            34.3511477
          ],
          [
            134.1031588,
            34.3510096
          ],
          [
            134.1032071,
            34.3509493
          ],
          [
            134.103346,
            34.3508631
          ],
          [
            134.1034562,
            34.3507933
          ],
          [
            134.1038086,
            34.3506221
          ],
          [
            134.1038297,
            34.3505985
          ],
          [
            134.1038271,
            34.3505555
          ],
          [
            134.1037477,
            34.3504626
          ],
          [
            134.103684,
            34.3504252
          ],
          [
            134.1036399,
            34.3503875
          ],
          [
            134.1035801,
            34.3502691
          ],
          [
            134.1035115,
            34.3502375
          ],
          [
            134.103378,
            34.3502205
          ],
          [
            134.1033157,
            34.3501952
          ],
          [
            134.103155,
            34.3500842
          ],
          [
            134.103068,
            34.350051
          ],
          [
            134.1029753,
            34.3500376
          ],
          [
            134.1028164,
            34.3500165
          ],
          [
            134.1027107,
            34.3500017
          ],
          [
            134.1026227,
            34.3499786
          ],
          [
            134.1012534,
            34.356374
          ],
          [
            134.1012542,
            34.3564431
          ],
          [
            134.1012623,
            34.3565473
          ],
          [
            134.1012542,
            34.3564431
          ],
          [
            134.1012623,
            34.3565473
          ],
          [
            134.1012632,
            34.3565777
          ],
          [
            134.1012665,
            34.3566215
          ],
          [
            134.1012632,
            34.3565777
          ],
          [
            134.1012615,
            34.3567954
          ],
          [
            134.1012665,
            34.3566215
          ],
          [
            134.1012618,
            34.3568935
          ],
          [
            134.1012615,
            34.3567954
          ],
          [
            134.1012537,
            34.3572138
          ],
          [
            134.1012618,
            34.3568935
          ],
          [
            134.1012537,
            34.3572138
          ],
          [
            134.1012534,
            34.3572276
          ],
          [
            134.1012504,
            34.3574058
          ],
          [
            134.101251,
            34.3573387
          ],
          [
            134.1012535,
            34.3572758
          ],
          [
            134.1012532,
            34.3572379
          ],
          [
            134.1012534,
            34.3572276
          ],
          [
            134.1012504,
            34.3574058
          ],
          [
            134.1012503,
            34.3574183
          ],
          [
            134.1012502,
            34.3574276
          ],
          [
            134.1012503,
            34.3574183
          ],
          [
            134.1012494,
            34.3575171
          ],
          [
            134.1012502,
            34.3574276
          ],
          [
            134.1012494,
            34.3575171
          ],
          [
            134.1012494,
            34.3575238
          ],
          [
            134.1012468,
            34.3578122
          ],
          [
            134.1012494,
            34.3575238
          ],
          [
            134.1017222,
            34.3573663
          ],
          [
            134.1016568,
            34.3573638
          ],
          [
            134.1016407,
            34.3574912
          ],
          [
            134.1016176,
            34.3576738
          ],
          [
            134.1015103,
            34.357676
          ],
          [
            134.1015131,
            34.3578127
          ],
          [
            134.1012468,
            34.3578122
          ],
          [
            134.1017222,
            34.3573663
          ],
          [
            134.1017608,
            34.3573677
          ],
          [
            134.1018492,
            34.3573707
          ],
          [
            134.1017608,
            34.3573677
          ],
          [
            134.1018959,
            34.3573725
          ],
          [
            134.1018492,
            34.3573707
          ],
          [
            134.101943,
            34.3573743
          ],
          [
            134.1018959,
            34.3573725
          ],
          [
            134.1019369,
            34.3574953
          ],
          [
            134.101943,
            34.3573743
          ],
          [
            134.101936,
            34.3575144
          ],
          [
            134.1019369,
            34.3574953
          ],
          [
            134.1045401,
            34.3583757
          ],
          [
            134.1044369,
            34.3583544
          ],
          [
            134.104236,
            34.3583067
          ],
          [
            134.1039974,
            34.3582383
          ],
          [
            134.1039142,
            34.3582113
          ],
          [
            134.1037201,
            34.35814
          ],
          [
            134.1036363,
            34.3581169
          ],
          [
            134.1034834,
            34.358092
          ],
          [
            134.1033838,
            34.3580631
          ],
          [
            134.1032095,
            34.3579867
          ],
          [
            134.1028947,
            34.3578487
          ],
          [
            134.1028619,
            34.3578255
          ],
          [
            134.1028126,
            34.3577829
          ],
          [
            134.1027841,
            34.3577671
          ],
          [
            134.1027432,
            34.3577511
          ],
          [
            134.1025094,
            34.357706
          ],
          [
            134.1023839,
            34.3576565
          ],
          [
            134.1022126,
            34.357589
          ],
          [
            134.1020059,
            34.3575275
          ],
          [
            134.1019655,
            34.3575201
          ],
          [
            134.101936,
            34.3575144
          ],
          [
            134.1045401,
            34.3583757
          ],
          [
            134.1044359,
            34.3576931
          ],
          [
            134.1044008,
            34.3574466
          ],
          [
            134.1045029,
            34.357469
          ],
          [
            134.1045861,
            34.3575465
          ],
          [
            134.1046505,
            34.3576062
          ],
          [
            134.104684,
            34.3575442
          ],
          [
            134.1047055,
            34.3573959
          ],
          [
            134.1047859,
            34.3573516
          ],
          [
            134.1048422,
            34.3574114
          ],
          [
            134.1048771,
            34.357449
          ],
          [
            134.1050568,
            34.3574446
          ],
          [
            134.1051051,
            34.3575775
          ],
          [
            134.1051507,
            34.3576173
          ],
          [
            134.1051882,
            34.3575597
          ],
          [
            134.1052553,
            34.3574402
          ],
          [
            134.1053089,
            34.3574225
          ],
          [
            134.1054592,
            34.3576018
          ],
          [
            134.106001,
            34.3582727
          ],
          [
            134.1061378,
            34.3584465
          ],
          [
            134.106237,
            34.3585008
          ],
          [
            134.1062927,
            34.3584846
          ],
          [
            134.106359,
            34.3584753
          ],
          [
            134.1064019,
            34.3584953
          ],
          [
            134.1064623,
            34.3585418
          ],
          [
            134.1065495,
            34.3585628
          ],
          [
            134.1067439,
            34.3585473
          ],
          [
            134.1069585,
            34.3585584
          ],
          [
            134.1071194,
            34.3586115
          ],
          [
            134.1071999,
            34.3586934
          ],
          [
            134.1072535,
            34.3588219
          ],
          [
            134.107267,
            34.3589104
          ],
          [
            134.1074601,
            34.3588683
          ],
          [
            134.1076854,
            34.3587687
          ],
          [
            134.1079563,
            34.358658
          ],
          [
            134.1082326,
            34.3585517
          ],
          [
            134.1085517,
            34.3584709
          ],
          [
            134.108832,
            34.3584377
          ],
          [
            134.1090744,
            34.3584285
          ],
          [
            134.1133499,
            34.3591523
          ],
          [
            134.1125948,
            34.358774
          ],
          [
            134.1122091,
            34.3586613
          ],
          [
            134.1119449,
            34.3585904
          ],
          [
            134.1114636,
            34.358424
          ],
          [
            134.1112087,
            34.3583678
          ],
          [
            134.1110169,
            34.358322
          ],
          [
            134.110821,
            34.358318
          ],
          [
            134.1106226,
            34.3583678
          ],
          [
            134.1105321,
            34.3583916
          ],
          [
            134.1104026,
            34.3584154
          ],
          [
            134.1101706,
            34.3584348
          ],
          [
            134.1100164,
            34.3584641
          ],
          [
            134.1098951,
            34.3584717
          ],
          [
            134.1097095,
            34.3584604
          ],
          [
            134.1095202,
            34.3584764
          ],
          [
            134.1093442,
            34.3584624
          ],
          [
            134.1090744,
            34.3584285
          ],
          [
            134.1133499,
            34.3591523
          ],
          [
            134.1134407,
            34.35899
          ],
          [
            134.113454,
            34.3589628
          ],
          [
            134.113464,
            34.3589346
          ],
          [
            134.1134706,
            34.3589058
          ],
          [
            134.1135319,
            34.3585605
          ],
          [
            134.1135544,
            34.3584343
          ],
          [
            134.11357,
            34.3584032
          ],
          [
            134.1135997,
            34.3583801
          ],
          [
            134.1136384,
            34.3583692
          ],
          [
            134.1137629,
            34.3583582
          ],
          [
            134.1138276,
            34.3583485
          ],
          [
            134.1138897,
            34.3583307
          ],
          [
            134.1139478,
            34.3583051
          ],
          [
            134.1140004,
            34.3582725
          ],
          [
            134.1140463,
            34.3582336
          ],
          [
            134.1140843,
            34.3581893
          ],
          [
            134.1141136,
            34.3581407
          ],
          [
            134.1141335,
            34.3580889
          ],
          [
            134.1141668,
            34.3579409
          ],
          [
            134.1142426,
            34.3576039
          ],
          [
            134.114276,
            34.3574554
          ],
          [
            134.1143248,
            34.3572382
          ],
          [
            134.114338,
            34.3571862
          ],
          [
            134.1143589,
            34.3571403
          ],
          [
            134.1143881,
            34.3570975
          ],
          [
            134.1144248,
            34.3570588
          ],
          [
            134.1144682,
            34.3570252
          ],
          [
            134.1145643,
            34.3569656
          ],
          [
            134.1149549,
            34.3567232
          ],
          [
            134.1149976,
            34.3566909
          ],
          [
            134.1150342,
            34.3566538
          ],
          [
            134.1150639,
            34.3566128
          ],
          [
            134.1151253,
            34.3565077
          ],
          [
            134.1151616,
            34.3564168
          ],
          [
            134.1151737,
            34.3563912
          ],
          [
            134.115187,
            34.356367
          ],
          [
            134.1153772,
            34.3560673
          ],
          [
            134.1154492,
            34.3559539
          ],
          [
            134.1154832,
            34.3559035
          ],
          [
            134.1155107,
            34.355871
          ],
          [
            134.1155232,
            34.3558563
          ],
          [
            134.1155688,
            34.3558126
          ],
          [
            134.1156196,
            34.355773
          ],
          [
            134.1156749,
            34.3557378
          ],
          [
            134.1159038,
            34.355628
          ],
          [
            134.1159506,
            34.3556033
          ],
          [
            134.1159946,
            34.3555755
          ],
          [
            134.1160356,
            34.3555446
          ],
          [
            134.1165486,
            34.3551229
          ],
          [
            134.1165918,
            34.3551304
          ],
          [
            134.1166867,
            34.3547577
          ],
          [
            134.1167957,
            34.3543296
          ],
          [
            134.1168685,
            34.3540437
          ],
          [
            134.1168899,
            34.353977
          ],
          [
            134.1169167,
            34.3539117
          ],
          [
            134.1169489,
            34.3538481
          ],
          [
            134.1169863,
            34.3537864
          ],
          [
            134.1170286,
            34.353727
          ],
          [
            134.1172478,
            34.3534477
          ],
          [
            134.11729,
            34.3533835
          ],
          [
            134.1173276,
            34.3533174
          ],
          [
            134.1173603,
            34.3532496
          ],
          [
            134.1173879,
            34.3531802
          ],
          [
            134.1174255,
            34.3531013
          ],
          [
            134.1174659,
            34.3530232
          ],
          [
            134.1175092,
            34.3529463
          ],
          [
            134.1175237,
            34.3529227
          ],
          [
            134.1177233,
            34.3525993
          ],
          [
            134.1177757,
            34.3525189
          ],
          [
            134.117831,
            34.3524399
          ],
          [
            134.1178892,
            34.3523623
          ],
          [
            134.1179501,
            34.3522861
          ],
          [
            134.1181944,
            34.3520186
          ],
          [
            134.1182827,
            34.3519219
          ],
          [
            134.1183234,
            34.3518734
          ],
          [
            134.1183608,
            34.3518231
          ],
          [
            134.1183949,
            34.3517713
          ],
          [
            134.1184256,
            34.351718
          ],
          [
            134.1184527,
            34.3516634
          ],
          [
            134.1184715,
            34.3516217
          ],
          [
            134.1185463,
            34.3514553
          ],
          [
            134.1185647,
            34.3514177
          ],
          [
            134.1185837,
            34.3513802
          ],
          [
            134.1186034,
            34.351343
          ],
          [
            134.1187838,
            34.3510262
          ],
          [
            134.1188128,
            34.3509687
          ],
          [
            134.118837,
            34.3509097
          ],
          [
            134.118849,
            34.3508723
          ],
          [
            134.1188564,
            34.3508495
          ],
          [
            134.1188707,
            34.3507883
          ],
          [
            134.11888,
            34.3507265
          ],
          [
            134.1188842,
            34.3506643
          ],
          [
            134.1188848,
            34.3505203
          ],
          [
            134.1188855,
            34.3503338
          ],
          [
            134.1188849,
            34.3502937
          ],
          [
            134.1188847,
            34.3502737
          ],
          [
            134.1188843,
            34.3502661
          ],
          [
            134.1188813,
            34.3502137
          ],
          [
            134.1188753,
            34.3501538
          ],
          [
            134.1188457,
            34.3498997
          ],
          [
            134.1188375,
            34.34983
          ],
          [
            134.1196045,
            34.34983
          ],
          [
            134.1196425,
            34.3498253
          ],
          [
            134.1197057,
            34.3498175
          ],
          [
            134.120225,
            34.3497908
          ],
          [
            134.1202558,
            34.3497892
          ],
          [
            134.1214735,
            34.349724
          ],
          [
            134.1219387,
            34.349721
          ],
          [
            134.1220527,
            34.3497338
          ],
          [
            134.1221862,
            34.3497512
          ],
          [
            134.1222996,
            34.3497671
          ],
          [
            134.1225486,
            34.3498243
          ],
          [
            134.122737,
            34.3499046
          ],
          [
            134.1229426,
            34.3500135
          ],
          [
            134.1232096,
            34.3501016
          ],
          [
            134.1235749,
            34.3502072
          ],
          [
            134.1237035,
            34.3502632
          ],
          [
            134.1243123,
            34.3505769
          ],
          [
            134.1243702,
            34.3506404
          ],
          [
            134.1244617,
            34.3509579
          ],
          [
            134.1245104,
            34.351081
          ],
          [
            134.1246018,
            34.3511748
          ],
          [
            134.1246858,
            34.3512115
          ],
          [
            134.1248318,
            34.3512338
          ],
          [
            134.1249628,
            34.3512416
          ],
          [
            134.1252701,
            34.3512598
          ],
          [
            134.1253616,
            34.3512798
          ],
          [
            134.1255486,
            34.3513757
          ],
          [
            134.1260689,
            34.3507343
          ],
          [
            134.1256299,
            34.3512976
          ],
          [
            134.1255486,
            34.3513757
          ],
          [
            134.1260689,
            34.3507343
          ],
          [
            134.1264605,
            34.3509478
          ],
          [
            134.126795,
            34.3510947
          ],
          [
            134.127118,
            34.3512356
          ],
          [
            134.1272454,
            34.3513453
          ],
          [
            134.1273057,
            34.3513441
          ],
          [
            134.1274949,
            34.3517338
          ],
          [
            134.1275833,
            34.3518258
          ],
          [
            134.1277657,
            34.3519454
          ],
          [
            134.1279133,
            34.3520361
          ],
          [
            134.1281198,
            34.3520804
          ],
          [
            134.1282365,
            34.3520726
          ],
          [
            134.1282982,
            34.3521037
          ],
          [
            134.1284524,
            34.3522631
          ],
          [
            134.1286669,
            34.3524092
          ],
          [
            134.1285624,
            34.3526373
          ],
          [
            134.1286052,
            34.3527613
          ],
          [
            134.1287823,
            34.3527979
          ],
          [
            134.1290465,
            34.3529352
          ],
          [
            134.129206,
            34.3529961
          ],
          [
            134.1293134,
            34.3530271
          ],
          [
            134.1294139,
            34.3530215
          ],
          [
            134.1295382,
            34.3530005
          ],
          [
            134.129996,
            34.3531477
          ],
          [
            134.1299236,
            34.3533005
          ],
          [
            134.1303165,
            34.353419
          ],
          [
            134.1303869,
            34.3533221
          ],
          [
            134.1303165,
            34.353419
          ],
          [
            134.1303869,
            34.3533221
          ],
          [
            134.130637,
            34.3532352
          ],
          [
            134.1308463,
            34.3531289
          ],
          [
            134.1309606,
            34.3530445
          ],
          [
            134.1332416,
            34.355133
          ],
          [
            134.1326056,
            34.3545799
          ],
          [
            134.1324938,
            34.3545222
          ],
          [
            134.1321774,
            34.3544329
          ],
          [
            134.1320852,
            34.3543937
          ],
          [
            134.132031,
            34.3543416
          ],
          [
            134.1319318,
            34.3541725
          ],
          [
            134.1318185,
            34.3540377
          ],
          [
            134.1317459,
            34.3539807
          ],
          [
            134.1316478,
            34.3539598
          ],
          [
            134.1315134,
            34.3539028
          ],
          [
            134.1313733,
            34.3538216
          ],
          [
            134.1312093,
            34.3537085
          ],
          [
            134.1311289,
            34.3535934
          ],
          [
            134.1310838,
            34.3534565
          ],
          [
            134.131063,
            34.353351
          ],
          [
            134.1310433,
            34.3531984
          ],
          [
            134.1310191,
            34.3531343
          ],
          [
            134.1309606,
            34.3530445
          ],
          [
            134.1355629,
            34.356395
          ],
          [
            134.1354722,
            34.3563353
          ],
          [
            134.1353062,
            34.3562156
          ],
          [
            134.1352169,
            34.3561237
          ],
          [
            134.1351207,
            34.3560983
          ],
          [
            134.1350083,
            34.356098
          ],
          [
            134.1348572,
            34.3561152
          ],
          [
            134.1346804,
            34.3560784
          ],
          [
            134.1343438,
            34.3558947
          ],
          [
            134.1341783,
            34.3557944
          ],
          [
            134.1339613,
            34.3556229
          ],
          [
            134.133749,
            34.3555014
          ],
          [
            134.1335799,
            34.3553711
          ],
          [
            134.1334615,
            34.3552743
          ],
          [
            134.1332416,
            34.355133
          ],
          [
            134.138546,
            34.3589256
          ],
          [
            134.1390175,
            34.3591115
          ],
          [
            134.1391387,
            34.3591252
          ],
          [
            134.1392027,
            34.3591439
          ],
          [
            134.1392835,
            34.3592231
          ],
          [
            134.1393881,
            34.3592533
          ],
          [
            134.1396118,
            34.3592796
          ],
          [
            134.1397071,
            34.3592628
          ],
          [
            134.1398314,
            34.359214
          ],
          [
            134.1399175,
            34.3591765
          ],
          [
            134.1399632,
            34.3591463
          ],
          [
            134.1399586,
            34.3591083
          ],
          [
            134.1399001,
            34.3590824
          ],
          [
            134.1396645,
            34.3590083
          ],
          [
            134.1395178,
            34.3589528
          ],
          [
            134.1392435,
            34.3587861
          ],
          [
            134.1390975,
            34.3586567
          ],
          [
            134.1388582,
            34.3584553
          ],
          [
            134.138613,
            34.3582915
          ],
          [
            134.1384768,
            34.3582057
          ],
          [
            134.138249,
            34.3581004
          ],
          [
            134.1380456,
            34.3579671
          ],
          [
            134.1379261,
            34.357905
          ],
          [
            134.1377478,
            34.3578821
          ],
          [
            134.1376301,
            34.357819
          ],
          [
            134.1374959,
            34.3577752
          ],
          [
            134.13745,
            34.3576655
          ],
          [
            134.1373589,
            34.3575139
          ],
          [
            134.1371957,
            34.3573477
          ],
          [
            134.1370348,
            34.3572076
          ],
          [
            134.1369384,
            34.3571581
          ],
          [
            134.1368554,
            34.3571465
          ],
          [
            134.1366636,
            34.357133
          ],
          [
            134.1365388,
            34.3571091
          ],
          [
            134.1364329,
            34.3570718
          ],
          [
            134.1363748,
            34.3570328
          ],
          [
            134.13629,
            34.3569491
          ],
          [
            134.1360756,
            34.3567324
          ],
          [
            134.1355629,
            34.356395
          ],
          [
            134.1383956,
            34.3589788
          ],
          [
            134.1384645,
            34.3589259
          ],
          [
            134.1384941,
            34.3589181
          ],
          [
            134.1385193,
            34.3589188
          ],
          [
            134.138546,
            34.3589256
          ],
          [
            134.1383785,
            34.3590222
          ],
          [
            134.1383956,
            34.3589788
          ],
          [
            134.1384063,
            34.3590757
          ],
          [
            134.1383811,
            34.3590601
          ],
          [
            134.1383715,
            34.3590524
          ],
          [
            134.1383727,
            34.3590434
          ],
          [
            134.1383785,
            34.3590222
          ],
          [
            134.1384559,
            34.3591063
          ],
          [
            134.1384063,
            34.3590757
          ],
          [
            134.1385233,
            34.3591479
          ],
          [
            134.1384559,
            34.3591063
          ],
          [
            134.1385943,
            34.3591918
          ],
          [
            134.1385233,
            34.3591479
          ],
          [
            134.1396871,
            34.3598145
          ],
          [
            134.1394312,
            34.3596699
          ],
          [
            134.1393024,
            34.3595969
          ],
          [
            134.1385943,
            34.3591918
          ],
          [
            134.1397582,
            34.3598591
          ],
          [
            134.1396871,
            34.3598145
          ],
          [
            134.1397582,
            34.3598591
          ],
          [
            134.1396871,
            34.3598145
          ],
          [
            134.1399609,
            34.3596359
          ],
          [
            134.1399237,
            34.3596616
          ],
          [
            134.1398335,
            34.359713
          ],
          [
            134.1396871,
            34.3598145
          ],
          [
            134.1400154,
            34.3596188
          ],
          [
            134.1399609,
            34.3596359
          ],
          [
            134.1404877,
            34.3595919
          ],
          [
            134.1402976,
            34.3596089
          ],
          [
            134.1401714,
            34.3596163
          ],
          [
            134.1400154,
            34.3596188
          ],
          [
            134.1406191,
            34.3585279
          ],
          [
            134.1405636,
            34.35862
          ],
          [
            134.1404794,
            34.3587513
          ],
          [
            134.1405058,
            34.3587813
          ],
          [
            134.1406139,
            34.3588451
          ],
          [
            134.1407184,
            34.3589173
          ],
          [
            134.140956,
            34.3590715
          ],
          [
            134.1410528,
            34.3591743
          ],
          [
            134.1410825,
            34.3592242
          ],
          [
            134.1411002,
            34.359301
          ],
          [
            134.1410684,
            34.3593582
          ],
          [
            134.1410116,
            34.3594146
          ],
          [
            134.1409651,
            34.3594452
          ],
          [
            134.1408307,
            34.3595189
          ],
          [
            134.140676,
            34.3595897
          ],
          [
            134.1406315,
            34.3595989
          ],
          [
            134.1404877,
            34.3595919
          ],
          [
            134.1406191,
            34.3585279
          ],
          [
            134.1407449,
            34.3584738
          ],
          [
            134.140815,
            34.3584328
          ],
          [
            134.1408818,
            34.358375
          ],
          [
            134.1409504,
            34.3583125
          ],
          [
            134.1410283,
            34.3582564
          ],
          [
            134.1410561,
            34.3582088
          ],
          [
            134.1410712,
            34.3581382
          ],
          [
            134.1410713,
            34.3580741
          ],
          [
            134.1410545,
            34.3580031
          ],
          [
            134.141019,
            34.3579235
          ],
          [
            134.140977,
            34.3578566
          ],
          [
            134.1409413,
            34.3577997
          ],
          [
            134.1408121,
            34.3576544
          ],
          [
            134.1406935,
            34.3575536
          ],
          [
            134.1405626,
            34.3574747
          ],
          [
            134.1405173,
            34.3574461
          ],
          [
            134.1404403,
            34.3573626
          ],
          [
            134.1404368,
            34.3572737
          ],
          [
            134.1405062,
            34.3571949
          ],
          [
            134.1405945,
            34.3571674
          ],
          [
            134.1406689,
            34.3571635
          ],
          [
            134.140748,
            34.3571591
          ],
          [
            134.1408103,
            34.3571489
          ],
          [
            134.1408936,
            34.3571143
          ],
          [
            134.1408903,
            34.3570409
          ],
          [
            134.1408866,
            34.356915
          ],
          [
            134.1408503,
            34.3566361
          ],
          [
            134.1408539,
            34.3565672
          ],
          [
            134.1408757,
            34.3564892
          ],
          [
            134.1409338,
            34.3564172
          ],
          [
            134.1410174,
            34.3563423
          ],
          [
            134.1410828,
            34.3562613
          ],
          [
            134.1411264,
            34.3561833
          ],
          [
            134.1411373,
            34.3560874
          ],
          [
            134.1411264,
            34.3560034
          ],
          [
            134.1411009,
            34.3559015
          ],
          [
            134.1410573,
            34.3558355
          ],
          [
            134.1409608,
            34.3557559
          ],
          [
            134.1407887,
            34.3556405
          ],
          [
            134.1407382,
            34.3555907
          ],
          [
            134.1407418,
            34.3555337
          ],
          [
            134.1407461,
            34.3554471
          ],
          [
            134.1408077,
            34.3553358
          ],
          [
            134.1409826,
            34.3553266
          ],
          [
            134.1411319,
            34.355323
          ],
          [
            134.1412462,
            34.3552897
          ],
          [
            134.141337,
            34.3552178
          ],
          [
            134.1414569,
            34.3550438
          ],
          [
            134.1420621,
            34.3540651
          ],
          [
            134.1421302,
            34.3539386
          ],
          [
            134.1421473,
            34.3537934
          ],
          [
            134.1421302,
            34.3534513
          ],
          [
            134.1420565,
            34.3531374
          ],
          [
            134.1420224,
            34.3529734
          ],
          [
            134.1420451,
            34.3529031
          ],
          [
            134.1420905,
            34.3528422
          ],
          [
            134.1424935,
            34.3526361
          ],
          [
            134.1426013,
            34.3525658
          ],
          [
            134.1427244,
            34.3524869
          ],
          [
            134.1427456,
            34.3521838
          ],
          [
            134.1427602,
            34.352041
          ],
          [
            134.1428169,
            34.351892
          ],
          [
            134.1428926,
            34.3518218
          ],
          [
            134.1429997,
            34.3517964
          ],
          [
            134.1431701,
            34.3517687
          ],
          [
            134.1433726,
            34.3517569
          ],
          [
            134.1435482,
            34.3516918
          ],
          [
            134.1436591,
            34.3516259
          ],
          [
            134.1437803,
            34.3514917
          ],
          [
            134.143901,
            34.3514587
          ],
          [
            134.1441942,
            34.3515094
          ],
          [
            134.1444406,
            34.3515626
          ],
          [
            134.1445552,
            34.3516206
          ],
          [
            134.1446491,
            34.351703
          ],
          [
            134.1446938,
            34.3518525
          ],
          [
            134.1448131,
            34.3519471
          ],
          [
            134.1449633,
            34.3519477
          ],
          [
            134.1451206,
            34.3519167
          ],
          [
            134.1452008,
            34.3518418
          ],
          [
            134.1452441,
            34.3517364
          ],
          [
            134.1452166,
            34.3515584
          ],
          [
            134.1449964,
            34.3506728
          ],
          [
            134.1449283,
            34.350476
          ],
          [
            134.1448545,
            34.350312
          ],
          [
            134.1448539,
            34.3502346
          ],
          [
            134.1448829,
            34.3501698
          ],
          [
            134.1450399,
            34.3500763
          ],
          [
            134.1451387,
            34.3499611
          ],
          [
            134.1452491,
            34.3497764
          ],
          [
            134.1453025,
            34.3496258
          ],
          [
            134.1452676,
            34.3494891
          ],
          [
            134.145227,
            34.3494531
          ],
          [
            134.1450671,
            34.3493811
          ],
          [
            134.1449824,
            34.3493502
          ],
          [
            134.1448917,
            34.3493038
          ],
          [
            134.1448528,
            34.3491219
          ],
          [
            134.144787,
            34.3488143
          ],
          [
            134.14479,
            34.348764
          ],
          [
            134.144851,
            34.348704
          ],
          [
            134.1448771,
            34.3485384
          ],
          [
            134.1449062,
            34.3483249
          ],
          [
            134.1450071,
            34.3481528
          ],
          [
            134.1450293,
            34.3480338
          ],
          [
            134.1450402,
            34.3479397
          ],
          [
            134.1449847,
            34.3478606
          ],
          [
            134.1448519,
            34.3477867
          ],
          [
            134.1447782,
            34.3477145
          ],
          [
            134.1447849,
            34.3476458
          ],
          [
            134.1448383,
            34.347594
          ],
          [
            134.1449364,
            34.3475561
          ],
          [
            134.1450008,
            34.3474476
          ],
          [
            134.1450626,
            34.3472925
          ],
          [
            134.1454616,
            34.3468806
          ],
          [
            134.1455614,
            34.3465969
          ],
          [
            134.1458385,
            34.3461485
          ],
          [
            134.1458498,
            34.3455058
          ],
          [
            134.1459628,
            34.3449392
          ],
          [
            134.1459844,
            34.3448276
          ],
          [
            134.1459932,
            34.3447821
          ],
          [
            134.1461507,
            34.344224
          ],
          [
            134.1462872,
            34.3439623
          ],
          [
            134.1463561,
            34.3438598
          ],
          [
            134.1464639,
            34.3437343
          ],
          [
            134.146612,
            34.3436581
          ],
          [
            134.1468326,
            34.3436111
          ],
          [
            134.1468708,
            34.3435933
          ],
          [
            134.1469091,
            34.3435754
          ],
          [
            134.1469481,
            34.343515
          ],
          [
            134.1469396,
            34.3434401
          ],
          [
            134.1470784,
            34.3435294
          ],
          [
            134.1471768,
            34.3435647
          ],
          [
            134.1473962,
            34.3435966
          ],
          [
            134.1478482,
            34.3436143
          ],
          [
            134.1482311,
            34.3436176
          ],
          [
            134.1483683,
            34.3435924
          ],
          [
            134.1485014,
            34.3436087
          ],
          [
            134.1486633,
            34.3436368
          ],
          [
            134.1489379,
            34.3436945
          ],
          [
            134.1492894,
            34.3437631
          ],
          [
            134.1496193,
            34.3438274
          ],
          [
            134.1496784,
            34.3437828
          ],
          [
            134.1497702,
            34.3436916
          ],
          [
            134.1499014,
            34.3436466
          ],
          [
            134.1500541,
            34.3436363
          ],
          [
            134.1502729,
            34.3436383
          ],
          [
            134.1504371,
            34.343618
          ],
          [
            134.1505336,
            34.343601
          ],
          [
            134.1506615,
            34.3435729
          ],
          [
            134.150767,
            34.3435401
          ],
          [
            134.1509322,
            34.3434458
          ],
          [
            134.1511042,
            34.343326
          ],
          [
            134.1511864,
            34.3432592
          ],
          [
            134.1512757,
            34.3432128
          ],
          [
            134.1513947,
            34.3432237
          ],
          [
            134.1515066,
            34.3432523
          ],
          [
            134.151671,
            34.3432946
          ],
          [
            134.1517565,
            34.3433103
          ],
          [
            134.1518212,
            34.3433218
          ],
          [
            134.1518433,
            34.3433197
          ],
          [
            134.1519609,
            34.343313
          ],
          [
            134.1524668,
            34.3407326
          ],
          [
            134.1524729,
            34.3408792
          ],
          [
            134.1524273,
            34.3410088
          ],
          [
            134.1524273,
            34.341073
          ],
          [
            134.152438,
            34.3411777
          ],
          [
            134.1524427,
            34.3412823
          ],
          [
            134.1524367,
            34.3413521
          ],
          [
            134.1524032,
            34.3414562
          ],
          [
            134.1522261,
            34.3419091
          ],
          [
            134.1521282,
            34.3421471
          ],
          [
            134.1520813,
            34.3423177
          ],
          [
            134.1520102,
            34.3423941
          ],
          [
            134.1520733,
            34.3427318
          ],
          [
            134.1520746,
            34.3428614
          ],
          [
            134.1520706,
            34.3430031
          ],
          [
            134.1520451,
            34.3430928
          ],
          [
            134.1519609,
            34.343313
          ],
          [
            134.1524668,
            34.3407326
          ],
          [
            134.1526018,
            34.340508
          ],
          [
            134.1526144,
            34.3404823
          ],
          [
            134.1526465,
            34.3404125
          ],
          [
            134.1527543,
            34.3402063
          ],
          [
            134.1531396,
            34.3395308
          ],
          [
            134.1531686,
            34.3394799
          ],
          [
            134.1534017,
            34.339154
          ],
          [
            134.1535512,
            34.339144
          ],
          [
            134.1536598,
            34.3390853
          ],
          [
            134.1537604,
            34.3389923
          ],
          [
            134.1539671,
            34.3387785
          ],
          [
            134.1540496,
            34.3386856
          ],
          [
            134.1541617,
            34.3385301
          ],
          [
            134.1542847,
            34.3384353
          ],
          [
            134.1543934,
            34.3383589
          ],
          [
            134.154494,
            34.3382655
          ],
          [
            134.1547451,
            34.3379501
          ],
          [
            134.1551024,
            34.3374367
          ],
          [
            134.1551565,
            34.3373822
          ],
          [
            134.1552522,
            34.3372383
          ],
          [
            134.1553617,
            34.3371064
          ],
          [
            134.1555026,
            34.3369733
          ],
          [
            134.1555977,
            34.3368506
          ],
          [
            134.1556984,
            34.3367009
          ],
          [
            134.1557573,
            34.336648
          ],
          [
            134.1558985,
            34.3364947
          ],
          [
            134.1554878,
            34.3363752
          ],
          [
            134.1556829,
            34.3363915
          ],
          [
            134.1558247,
            34.3364384
          ],
          [
            134.1558985,
            34.3364947
          ],
          [
            134.1554878,
            34.3363752
          ],
          [
            134.1554528,
            34.336246
          ],
          [
            134.1553798,
            34.336201
          ],
          [
            134.1554208,
            34.3361197
          ],
          [
            134.1554871,
            34.33593
          ],
          [
            134.1555568,
            34.3357212
          ],
          [
            134.155595,
            34.3355772
          ],
          [
            134.1556092,
            34.3355438
          ],
          [
            134.1556326,
            34.3354629
          ],
          [
            134.1556528,
            34.3353643
          ],
          [
            134.1556455,
            34.3352721
          ],
          [
            134.1556983,
            34.3352538
          ],
          [
            134.1557533,
            34.3351895
          ],
          [
            134.1558435,
            34.3349203
          ],
          [
            134.1558426,
            34.3348749
          ],
          [
            134.1558184,
            34.3348419
          ],
          [
            134.1557689,
            34.3348108
          ],
          [
            134.1558943,
            34.3346731
          ],
          [
            134.1559667,
            34.3345841
          ],
          [
            134.1560584,
            34.3344482
          ],
          [
            134.1561377,
            34.3342992
          ],
          [
            134.1561778,
            34.3342206
          ],
          [
            134.1562477,
            34.3341252
          ],
          [
            134.1562791,
            34.3340713
          ],
          [
            134.1563008,
            34.3340373
          ],
          [
            134.1563478,
            34.3339998
          ],
          [
            134.1563889,
            34.3339598
          ],
          [
            134.1564637,
            34.3338637
          ],
          [
            134.1564657,
            34.3338313
          ],
          [
            134.1564334,
            34.3336407
          ],
          [
            134.1564323,
            34.3335981
          ],
          [
            134.1565381,
            34.3333244
          ],
          [
            134.1565705,
            34.3332576
          ],
          [
            134.1566082,
            34.3332228
          ],
          [
            134.1566513,
            34.3331963
          ],
          [
            134.1566864,
            34.333088
          ],
          [
            134.156743,
            34.3329641
          ],
          [
            134.1567249,
            34.3329389
          ],
          [
            134.1567176,
            34.3329035
          ],
          [
            134.1567189,
            34.3328589
          ],
          [
            134.156806,
            34.3326518
          ],
          [
            134.1568392,
            34.3325722
          ],
          [
            134.1569361,
            34.3323733
          ],
          [
            134.156995,
            34.332244
          ],
          [
            134.157016,
            34.3321979
          ],
          [
            134.1570569,
            34.3320908
          ],
          [
            134.15708,
            34.3320602
          ],
          [
            134.1571075,
            34.3320426
          ],
          [
            134.1571212,
            34.3319843
          ],
          [
            134.1625561,
            34.3277341
          ],
          [
            134.1624531,
            34.3278067
          ],
          [
            134.1620879,
            34.3280729
          ],
          [
            134.1615622,
            34.3284333
          ],
          [
            134.1614966,
            34.3284586
          ],
          [
            134.1614426,
            34.3284794
          ],
          [
            134.1612458,
            34.3285417
          ],
          [
            134.1610761,
            34.3286368
          ],
          [
            134.1604511,
            34.3290607
          ],
          [
            134.1603624,
            34.3291382
          ],
          [
            134.1602748,
            34.3292147
          ],
          [
            134.1602518,
            34.3292356
          ],
          [
            134.1597172,
            34.3297208
          ],
          [
            134.159591,
            34.3298194
          ],
          [
            134.1590918,
            34.3302478
          ],
          [
            134.1587187,
            34.3306616
          ],
          [
            134.1586628,
            34.3307982
          ],
          [
            134.1585129,
            34.3310306
          ],
          [
            134.1583929,
            34.3311908
          ],
          [
            134.1583159,
            34.331243
          ],
          [
            134.1582605,
            34.3312777
          ],
          [
            134.1580665,
            34.3314322
          ],
          [
            134.1576939,
            34.3318216
          ],
          [
            134.1575728,
            34.3318989
          ],
          [
            134.157281,
            34.3319795
          ],
          [
            134.1572057,
            34.331979
          ],
          [
            134.1571212,
            34.3319843
          ],
          [
            134.1625561,
            34.3277341
          ],
          [
            134.1625899,
            34.3277472
          ],
          [
            134.1626455,
            34.3277688
          ],
          [
            134.1627171,
            34.3277685
          ],
          [
            134.1627761,
            34.3277465
          ],
          [
            134.1628113,
            34.3277247
          ],
          [
            134.1628395,
            34.3277006
          ],
          [
            134.1629405,
            34.327593
          ],
          [
            134.1630316,
            34.3274963
          ],
          [
            134.1631692,
            34.327358
          ],
          [
            134.1636385,
            34.3268901
          ],
          [
            134.1636752,
            34.3268541
          ],
          [
            134.1638172,
            34.3267058
          ],
          [
            134.1639805,
            34.3265563
          ],
          [
            134.164193,
            34.326405
          ],
          [
            134.164242,
            34.3263701
          ],
          [
            134.1644465,
            34.326226
          ],
          [
            134.1646153,
            34.326107
          ],
          [
            134.1650981,
            34.3257607
          ],
          [
            134.1651584,
            34.3257222
          ],
          [
            134.1652045,
            34.3256917
          ],
          [
            134.1652516,
            34.3256713
          ],
          [
            134.1654231,
            34.3256001
          ],
          [
            134.1655476,
            34.3255488
          ],
          [
            134.1658565,
            34.3254253
          ],
          [
            134.1665047,
            34.3251615
          ],
          [
            134.166662,
            34.3251093
          ],
          [
            134.1668559,
            34.3250445
          ],
          [
            134.1671205,
            34.3249563
          ],
          [
            134.1672128,
            34.3249132
          ],
          [
            134.1672716,
            34.3248858
          ],
          [
            134.1674055,
            34.3247961
          ],
          [
            134.1675516,
            34.3246768
          ],
          [
            134.1676665,
            34.3245593
          ],
          [
            134.167725,
            34.3244965
          ],
          [
            134.1677766,
            34.3244698
          ],
          [
            134.1684823,
            34.3242643
          ],
          [
            134.1685166,
            34.3242542
          ],
          [
            134.1686469,
            34.3242158
          ],
          [
            134.1687222,
            34.3241936
          ],
          [
            134.1688494,
            34.324156
          ],
          [
            134.1688875,
            34.3241448
          ],
          [
            134.1691028,
            34.3240912
          ],
          [
            134.1694161,
            34.3240149
          ],
          [
            134.1696577,
            34.3239601
          ],
          [
            134.1696659,
            34.3238466
          ],
          [
            134.1696883,
            34.3238208
          ],
          [
            134.1697336,
            34.3238067
          ],
          [
            134.1697654,
            34.3237967
          ],
          [
            134.1699709,
            34.3237634
          ],
          [
            134.1702187,
            34.3237233
          ],
          [
            134.1708369,
            34.3236231
          ],
          [
            134.1712312,
            34.3235621
          ],
          [
            134.1714469,
            34.3235287
          ],
          [
            134.1718256,
            34.3234748
          ],
          [
            134.1725206,
            34.3233877
          ],
          [
            134.1729303,
            34.3233458
          ],
          [
            134.1733567,
            34.3233309
          ],
          [
            134.1737037,
            34.32332
          ],
          [
            134.1740053,
            34.3233033
          ],
          [
            134.1741829,
            34.3233101
          ],
          [
            134.1744466,
            34.3233509
          ],
          [
            134.174845,
            34.3234202
          ],
          [
            134.1751115,
            34.3234491
          ],
          [
            134.1755537,
            34.3234765
          ],
          [
            134.1757823,
            34.3234901
          ],
          [
            134.1758083,
            34.3234883
          ],
          [
            134.1764224,
            34.3235398
          ],
          [
            134.1769039,
            34.3235773
          ],
          [
            134.177157,
            34.3235981
          ],
          [
            134.1771905,
            34.3236009
          ],
          [
            134.1782812,
            34.3237062
          ],
          [
            134.1783468,
            34.323738
          ],
          [
            134.178827,
            34.3237925
          ],
          [
            134.1791871,
            34.3238301
          ],
          [
            134.1793735,
            34.323848
          ],
          [
            134.1796775,
            34.323878
          ],
          [
            134.1796692,
            34.3239579
          ],
          [
            134.1796615,
            34.3240238
          ],
          [
            134.1796554,
            34.3240592
          ],
          [
            134.1796477,
            34.324096
          ],
          [
            134.1796443,
            34.3241651
          ],
          [
            134.1796775,
            34.323878
          ],
          [
            134.1796692,
            34.3239579
          ],
          [
            134.1796615,
            34.3240238
          ],
          [
            134.1796554,
            34.3240592
          ],
          [
            134.1796477,
            34.324096
          ],
          [
            134.1796443,
            34.3241651
          ],
          [
            134.178827,
            34.3237925
          ],
          [
            134.1791871,
            34.3238301
          ],
          [
            134.1793735,
            34.323848
          ],
          [
            134.1796775,
            34.323878
          ],
          [
            134.1782812,
            34.3237062
          ],
          [
            134.1783468,
            34.323738
          ],
          [
            134.178827,
            34.3237925
          ],
          [
            134.1784878,
            34.3207226
          ],
          [
            134.1784624,
            34.3208124
          ],
          [
            134.1784561,
            34.3218558
          ],
          [
            134.1784463,
            34.3225744
          ],
          [
            134.1784428,
            34.3225974
          ],
          [
            134.1784405,
            34.3226413
          ],
          [
            134.1783398,
            34.3233142
          ],
          [
            134.1782812,
            34.3237062
          ],
          [
            134.1784878,
            34.3207226
          ],
          [
            134.178493,
            34.3205739
          ],
          [
            134.1784697,
            34.319661
          ],
          [
            134.1784875,
            34.3184579
          ],
          [
            134.1785235,
            34.3180566
          ],
          [
            134.1785413,
            34.3179196
          ],
          [
            134.1785919,
            34.3177294
          ],
          [
            134.1786404,
            34.317569
          ],
          [
            134.1787087,
            34.3173639
          ],
          [
            134.1787668,
            34.3172195
          ],
          [
            134.1789527,
            34.3168822
          ],
          [
            134.179091,
            34.3166316
          ],
          [
            134.1792208,
            34.3163849
          ],
          [
            134.1793527,
            34.3161569
          ],
          [
            134.1794716,
            34.3159607
          ],
          [
            134.1796536,
            34.3156718
          ],
          [
            134.1797686,
            34.3154848
          ],
          [
            134.1798224,
            34.3153802
          ],
          [
            134.1798754,
            34.3152379
          ],
          [
            134.1800041,
            34.3149138
          ],
          [
            134.1801077,
            34.3146122
          ],
          [
            134.1802177,
            34.3142622
          ],
          [
            134.1804744,
            34.3132947
          ],
          [
            134.1805489,
            34.3130005
          ],
          [
            134.1806187,
            34.3126616
          ],
          [
            134.180774,
            34.311998
          ],
          [
            134.1809052,
            34.3111059
          ],
          [
            134.1809854,
            34.3107437
          ],
          [
            134.1810367,
            34.3104332
          ],
          [
            134.1810457,
            34.3103417
          ],
          [
            134.1810692,
            34.310105
          ],
          [
            134.1810965,
            34.3095858
          ],
          [
            134.1811746,
            34.3084265
          ],
          [
            134.1811916,
            34.3079285
          ],
          [
            134.1811519,
            34.3076054
          ],
          [
            134.1810916,
            34.3073821
          ],
          [
            134.1809994,
            34.3071241
          ],
          [
            134.1807734,
            34.306699
          ],
          [
            134.180625,
            34.3063719
          ],
          [
            134.1805655,
            34.3062381
          ],
          [
            134.1804881,
            34.3059912
          ],
          [
            134.180382,
            34.305633
          ],
          [
            134.179668,
            34.303471
          ],
          [
            134.1795499,
            34.3031924
          ],
          [
            134.1794673,
            34.3030287
          ],
          [
            134.1794204,
            34.3029278
          ],
          [
            134.1792764,
            34.3026186
          ],
          [
            134.1791971,
            34.3024116
          ],
          [
            134.1791808,
            34.3022814
          ],
          [
            134.1791701,
            34.3021257
          ],
          [
            134.1791575,
            34.3019523
          ],
          [
            134.1791594,
            34.3012212
          ],
          [
            134.1791641,
            34.3008044
          ],
          [
            134.1791737,
            34.3002135
          ],
          [
            134.1792432,
            34.2990155
          ],
          [
            134.1792661,
            34.2984069
          ],
          [
            134.1792839,
            34.2978173
          ],
          [
            134.179312,
            34.297494
          ],
          [
            134.1793494,
            34.2972202
          ],
          [
            134.1793782,
            34.2969936
          ],
          [
            134.1793889,
            34.2966767
          ],
          [
            134.1793847,
            34.2962493
          ],
          [
            134.1793396,
            34.2959335
          ],
          [
            134.1792146,
            34.2953892
          ],
          [
            134.1790655,
            34.2948829
          ],
          [
            134.1789235,
            34.2942947
          ],
          [
            134.1788614,
            34.2940999
          ],
          [
            134.1785823,
            34.2933171
          ],
          [
            134.1781114,
            34.2920102
          ],
          [
            134.177889,
            34.2914907
          ],
          [
            134.1779586,
            34.291171
          ],
          [
            134.1780985,
            34.2907118
          ],
          [
            134.1783047,
            34.2899804
          ],
          [
            134.1783105,
            34.2899006
          ],
          [
            134.178306,
            34.2898195
          ],
          [
            134.1782646,
            34.2897188
          ],
          [
            134.1781503,
            34.289596
          ],
          [
            134.1779372,
            34.2893726
          ],
          [
            134.1775427,
            34.2889934
          ],
          [
            134.1771059,
            34.2885308
          ],
          [
            134.1770038,
            34.2884057
          ],
          [
            134.1768947,
            34.2882399
          ],
          [
            134.1765295,
            34.2876215
          ],
          [
            134.1764892,
            34.2874892
          ],
          [
            134.1765002,
            34.2873716
          ],
          [
            134.1765241,
            34.2872565
          ],
          [
            134.176603,
            34.2870226
          ],
          [
            134.1766124,
            34.2869586
          ],
          [
            134.176579,
            34.2868186
          ],
          [
            134.1765987,
            34.2866759
          ],
          [
            134.1765168,
            34.2859841
          ],
          [
            134.176505,
            34.2858847
          ],
          [
            134.1764761,
            34.2856256
          ],
          [
            134.1764185,
            34.2853234
          ],
          [
            134.1764094,
            34.2852221
          ],
          [
            134.1764112,
            34.2851119
          ],
          [
            134.1764347,
            34.2848513
          ],
          [
            134.1764527,
            34.2846995
          ],
          [
            134.1764743,
            34.2844493
          ],
          [
            134.1764689,
            34.2842632
          ],
          [
            134.1764671,
            34.2838475
          ],
          [
            134.1764653,
            34.2838209
          ],
          [
            134.1764671,
            34.2836705
          ],
          [
            134.1764869,
            34.2835171
          ],
          [
            134.1765518,
            34.2829453
          ],
          [
            134.1765911,
            34.2826228
          ],
          [
            134.1765934,
            34.2825433
          ],
          [
            134.1765501,
            34.2817156
          ],
          [
            134.1765433,
            34.2813856
          ],
          [
            134.1765116,
            34.2809344
          ],
          [
            134.1764786,
            34.2803006
          ],
          [
            134.1763984,
            34.2794725
          ],
          [
            134.1763762,
            34.2794069
          ],
          [
            134.1764587,
            34.2793185
          ],
          [
            134.1763861,
            34.2792303
          ],
          [
            134.1762028,
            34.2790635
          ],
          [
            134.1759274,
            34.2788132
          ],
          [
            134.1757613,
            34.2786549
          ],
          [
            134.1756036,
            34.2784781
          ],
          [
            134.1754684,
            34.2783222
          ],
          [
            134.1753417,
            34.2782152
          ],
          [
            134.175077,
            34.278036
          ],
          [
            134.1745251,
            34.2776963
          ],
          [
            134.17439,
            34.2776265
          ],
          [
            134.1742259,
            34.2775681
          ],
          [
            134.1739044,
            34.27747
          ],
          [
            134.1733785,
            34.277325
          ],
          [
            134.1731707,
            34.2772751
          ],
          [
            134.172768,
            34.277196
          ],
          [
            134.1726244,
            34.2771774
          ],
          [
            134.172478,
            34.2771681
          ],
          [
            134.172168,
            34.2771617
          ],
          [
            134.1721724,
            34.2771246
          ],
          [
            134.172168,
            34.2771617
          ],
          [
            134.1722136,
            34.2768429
          ],
          [
            134.1721724,
            34.2771246
          ],
          [
            134.1718381,
            34.2740942
          ],
          [
            134.1718649,
            34.2741848
          ],
          [
            134.171942,
            34.2746214
          ],
          [
            134.1719606,
            34.2748156
          ],
          [
            134.1719889,
            34.2752734
          ],
          [
            134.1721372,
            34.2759085
          ],
          [
            134.1721898,
            34.2762052
          ],
          [
            134.1722177,
            34.2765146
          ],
          [
            134.1722239,
            34.2767755
          ],
          [
            134.1722136,
            34.2768429
          ],
          [
            134.1718381,
            34.2740942
          ],
          [
            134.1717427,
            34.274093
          ],
          [
            134.1722767,
            34.2661017
          ],
          [
            134.1722803,
            34.266455
          ],
          [
            134.1722912,
            34.2667864
          ],
          [
            134.1722779,
            34.2671174
          ],
          [
            134.1722751,
            34.2672488
          ],
          [
            134.1722796,
            34.2673869
          ],
          [
            134.1722734,
            34.267525
          ],
          [
            134.1722951,
            34.2677552
          ],
          [
            134.1723167,
            34.2680672
          ],
          [
            134.1721456,
            34.2680889
          ],
          [
            134.1721248,
            34.2685276
          ],
          [
            134.1721015,
            34.2686115
          ],
          [
            134.1720393,
            34.2687585
          ],
          [
            134.1719595,
            34.2688821
          ],
          [
            134.1719337,
            34.2689808
          ],
          [
            134.1719366,
            34.2691531
          ],
          [
            134.1719491,
            34.2693599
          ],
          [
            134.1719466,
            34.2695748
          ],
          [
            134.1719041,
            34.2698273
          ],
          [
            134.1718927,
            34.270034
          ],
          [
            134.1718432,
            34.2700928
          ],
          [
            134.1717148,
            34.2701679
          ],
          [
            134.1716692,
            34.2702296
          ],
          [
            134.1716644,
            34.2704116
          ],
          [
            134.1716916,
            34.2715199
          ],
          [
            134.1716792,
            34.271722
          ],
          [
            134.1716842,
            34.2720864
          ],
          [
            134.171673,
            34.2723613
          ],
          [
            134.1716358,
            34.2726043
          ],
          [
            134.1716266,
            34.2727578
          ],
          [
            134.1716358,
            34.2729265
          ],
          [
            134.1716668,
            34.2736099
          ],
          [
            134.1717427,
            34.274093
          ],
          [
            134.1722054,
            34.2661017
          ],
          [
            134.1722767,
            34.2661017
          ],
          [
            134.171711,
            34.266119
          ],
          [
            134.1722054,
            34.2661017
          ],
          [
            134.171711,
            34.266119
          ],
          [
            134.1717088,
            34.2666335
          ],
          [
            134.171711,
            34.266119
          ],
          [
            134.1717088,
            34.2666335
          ],
          [
            134.171711,
            34.266119
          ],
          [
            134.1722054,
            34.2661017
          ],
          [
            134.1722599,
            34.2651214
          ],
          [
            134.1723207,
            34.2646115
          ],
          [
            134.1723227,
            34.2642798
          ],
          [
            134.1723172,
            34.2640375
          ],
          [
            134.172302,
            34.2634566
          ],
          [
            134.1723086,
            34.2632891
          ],
          [
            134.1723459,
            34.2630997
          ],
          [
            134.1723697,
            34.2626113
          ],
          [
            134.1723737,
            34.2623734
          ],
          [
            134.1723836,
            34.2616213
          ],
          [
            134.172384,
            34.2615899
          ],
          [
            134.1723857,
            34.2615221
          ],
          [
            134.1723877,
            34.2614397
          ],
          [
            134.1723894,
            34.2613698
          ],
          [
            134.1723902,
            34.2613153
          ],
          [
            134.1724037,
            34.2603587
          ],
          [
            134.1723136,
            34.2598975
          ],
          [
            134.1722106,
            34.2594101
          ],
          [
            134.1721265,
            34.2589623
          ],
          [
            134.1720556,
            34.2586395
          ],
          [
            134.1720505,
            34.258581
          ],
          [
            134.1720513,
            34.2585224
          ],
          [
            134.1720648,
            34.2584553
          ],
          [
            134.1721828,
            34.2580074
          ],
          [
            134.1723093,
            34.2574677
          ],
          [
            134.1723179,
            34.2573294
          ],
          [
            134.1723179,
            34.2571875
          ],
          [
            134.172294,
            34.2568688
          ],
          [
            134.1722664,
            34.2565561
          ],
          [
            134.1722707,
            34.2564178
          ],
          [
            134.1723737,
            34.2558821
          ],
          [
            134.172378,
            34.2557757
          ],
          [
            134.1723737,
            34.2556374
          ],
          [
            134.1722407,
            34.2550582
          ],
          [
            134.1721548,
            34.2546477
          ],
          [
            134.1721247,
            34.2543249
          ],
          [
            134.1721126,
            34.2540713
          ],
          [
            134.1721376,
            34.2538424
          ],
          [
            134.1721545,
            34.2537003
          ],
          [
            134.1722406,
            34.2533422
          ],
          [
            134.1722964,
            34.2529282
          ],
          [
            134.1723479,
            34.2524057
          ],
          [
            134.1724037,
            34.2516501
          ],
          [
            134.1724037,
            34.2515508
          ],
          [
            134.1723822,
            34.2514337
          ],
          [
            134.1723689,
            34.2513825
          ],
          [
            134.1723594,
            34.2513435
          ],
          [
            134.1722623,
            34.2510095
          ],
          [
            134.1722339,
            34.2508898
          ],
          [
            134.1723603,
            34.2509114
          ],
          [
            134.1722339,
            34.2508898
          ],
          [
            134.1723603,
            34.2509114
          ],
          [
            134.1724611,
            34.2508492
          ],
          [
            134.1725559,
            34.2507441
          ],
          [
            134.172624,
            34.2506575
          ],
          [
            134.1726585,
            34.2505745
          ],
          [
            134.1727054,
            34.2504667
          ],
          [
            134.1727266,
            34.2503929
          ],
          [
            134.1728102,
            34.2500076
          ],
          [
            134.1728403,
            34.2498131
          ],
          [
            134.1728716,
            34.2496775
          ],
          [
            134.1729106,
            34.2495383
          ],
          [
            134.1729686,
            34.2493595
          ],
          [
            134.1730188,
            34.249224
          ],
          [
            134.1730902,
            34.2490239
          ],
          [
            134.1731482,
            34.2488801
          ],
          [
            134.1732095,
            34.2487492
          ],
          [
            134.1732731,
            34.2486229
          ],
          [
            134.1733322,
            34.2485003
          ],
          [
            134.1733578,
            34.2484164
          ],
          [
            134.1733746,
            34.2483344
          ],
          [
            134.1733946,
            34.2481951
          ],
          [
            134.1734236,
            34.2479794
          ],
          [
            134.1734805,
            34.2476853
          ],
          [
            134.173534,
            34.2473276
          ],
          [
            134.1735787,
            34.2470289
          ],
          [
            134.1736099,
            34.2468759
          ],
          [
            134.1736612,
            34.2467413
          ],
          [
            134.1737179,
            34.2466048
          ],
          [
            134.1739244,
            34.2462047
          ],
          [
            134.1740917,
            34.2458415
          ],
          [
            134.1741697,
            34.2456313
          ],
          [
            134.1742211,
            34.2454248
          ],
          [
            134.1743125,
            34.2450671
          ],
          [
            134.1744419,
            34.2445729
          ],
          [
            134.1745133,
            34.2442964
          ],
          [
            134.1745512,
            34.2441931
          ],
          [
            134.1746315,
            34.2440364
          ],
          [
            134.1747054,
            34.2439384
          ],
          [
            134.1748657,
            34.2436473
          ],
          [
            134.1749616,
            34.2434629
          ],
          [
            134.1750263,
            34.2432822
          ],
          [
            134.1750597,
            34.2431292
          ],
          [
            134.1750865,
            34.2429614
          ],
          [
            134.1751155,
            34.242801
          ],
          [
            134.1751557,
            34.2427014
          ],
          [
            134.175198,
            34.2426221
          ],
          [
            134.175285,
            34.2425133
          ],
          [
            134.1757088,
            34.2420449
          ],
          [
            134.1757735,
            34.241962
          ],
          [
            134.175786,
            34.2419387
          ],
          [
            134.1758181,
            34.241879
          ],
          [
            134.1758382,
            34.2417831
          ],
          [
            134.1758449,
            34.2416946
          ],
          [
            134.175827,
            34.2415028
          ],
          [
            134.1757869,
            34.2412447
          ],
          [
            134.1755817,
            34.2404426
          ],
          [
            134.1755282,
            34.2402121
          ],
          [
            134.1754612,
            34.2399262
          ],
          [
            134.1754255,
            34.2397197
          ],
          [
            134.1753876,
            34.239574
          ],
          [
            134.1752962,
            34.2393896
          ],
          [
            134.1752159,
            34.2392108
          ],
          [
            134.1751623,
            34.2391721
          ],
          [
            134.1751247,
            34.2391506
          ],
          [
            134.1750431,
            34.2388933
          ],
          [
            134.1749147,
            34.2386232
          ],
          [
            134.1747851,
            34.238378
          ],
          [
            134.1744093,
            34.2376993
          ],
          [
            134.1742067,
            34.2364944
          ],
          [
            134.1742605,
            34.236729
          ],
          [
            134.1743307,
            34.2370048
          ],
          [
            134.1744024,
            34.2372758
          ],
          [
            134.1745057,
            34.2376866
          ],
          [
            134.1744093,
            34.2376993
          ],
          [
            134.1717768,
            34.2313492
          ],
          [
            134.171805,
            34.2313891
          ],
          [
            134.171923,
            34.2315564
          ],
          [
            134.1719564,
            34.2316285
          ],
          [
            134.1719743,
            34.2317185
          ],
          [
            134.1720494,
            34.2323671
          ],
          [
            134.1720588,
            34.232481
          ],
          [
            134.1721271,
            34.2326986
          ],
          [
            134.1721953,
            34.2328263
          ],
          [
            134.1723232,
            34.2330204
          ],
          [
            134.1725026,
            34.2332479
          ],
          [
            134.1727823,
            34.2335899
          ],
          [
            134.1731352,
            34.2339315
          ],
          [
            134.1734018,
            34.2341783
          ],
          [
            134.1735133,
            34.2343008
          ],
          [
            134.1736943,
            34.2345417
          ],
          [
            134.1738816,
            34.2348068
          ],
          [
            134.1739231,
            34.2349151
          ],
          [
            134.1739643,
            34.2351062
          ],
          [
            134.1740013,
            34.2353518
          ],
          [
            134.1739969,
            34.2355801
          ],
          [
            134.1740257,
            34.2358798
          ],
          [
            134.1741335,
            34.2361436
          ],
          [
            134.1742067,
            34.2364944
          ],
          [
            134.1718313,
            34.2304548
          ],
          [
            134.1718492,
            34.2305848
          ],
          [
            134.1717469,
            34.231215
          ],
          [
            134.171758,
            34.2313091
          ],
          [
            134.1717768,
            34.2313492
          ],
          [
            134.1718313,
            34.2304548
          ],
          [
            134.1719592,
            34.2301351
          ],
          [
            134.1720397,
            34.2299175
          ],
          [
            134.1720712,
            34.2297784
          ],
          [
            134.1720932,
            34.2296392
          ],
          [
            134.172094,
            34.2294946
          ],
          [
            134.1720688,
            34.2292875
          ],
          [
            134.1720148,
            34.2291247
          ],
          [
            134.1719314,
            34.2289396
          ],
          [
            134.1718034,
            34.2287359
          ],
          [
            134.1714677,
            34.2282327
          ],
          [
            134.1713478,
            34.2280074
          ],
          [
            134.1712671,
            34.2278051
          ],
          [
            134.1712304,
            34.2275841
          ],
          [
            134.171225,
            34.2274241
          ],
          [
            134.1712279,
            34.227222
          ],
          [
            134.1712932,
            34.2266477
          ],
          [
            134.1713082,
            34.2265111
          ],
          [
            134.1713578,
            34.2258594
          ],
          [
            134.1714319,
            34.2247743
          ],
          [
            134.1714543,
            34.2246212
          ],
          [
            134.1714839,
            34.2244739
          ],
          [
            134.1715332,
            34.2243552
          ],
          [
            134.1715648,
            34.2243011
          ],
          [
            134.1841612,
            34.221808
          ],
          [
            134.1841656,
            34.2218539
          ],
          [
            134.1841404,
            34.2219113
          ],
          [
            134.1840725,
            34.2219948
          ],
          [
            134.1839432,
            34.222103
          ],
          [
            134.1838233,
            34.2221643
          ],
          [
            134.1837129,
            34.2222152
          ],
          [
            134.183642,
            34.2222582
          ],
          [
            134.1832603,
            34.2225738
          ],
          [
            134.1831719,
            34.2226782
          ],
          [
            134.1829701,
            34.2229025
          ],
          [
            134.1828644,
            34.2230016
          ],
          [
            134.1827571,
            34.2230668
          ],
          [
            134.1826514,
            34.2231059
          ],
          [
            134.1825458,
            34.2231307
          ],
          [
            134.1822871,
            34.2231685
          ],
          [
            134.1816042,
            34.2232337
          ],
          [
            134.1811846,
            34.2232689
          ],
          [
            134.1809859,
            34.2232937
          ],
          [
            134.1805884,
            34.2233681
          ],
          [
            134.1804891,
            34.2233798
          ],
          [
            134.1804007,
            34.2233824
          ],
          [
            134.1801357,
            34.2233329
          ],
          [
            134.1799875,
            34.2232885
          ],
          [
            134.1798219,
            34.2232155
          ],
          [
            134.1795979,
            34.2230851
          ],
          [
            134.1794717,
            34.2230277
          ],
          [
            134.1794118,
            34.2230081
          ],
          [
            134.1793266,
            34.2229964
          ],
          [
            134.1792556,
            34.222999
          ],
          [
            134.1791705,
            34.2230133
          ],
          [
            134.1790569,
            34.2230499
          ],
          [
            134.178926,
            34.2230994
          ],
          [
            134.1788188,
            34.2231307
          ],
          [
            134.1787367,
            34.2231529
          ],
          [
            134.1786279,
            34.2231555
          ],
          [
            134.1785238,
            34.2231411
          ],
          [
            134.1783803,
            34.223132
          ],
          [
            134.1782651,
            34.2231372
          ],
          [
            134.1781815,
            34.2231581
          ],
          [
            134.1780838,
            34.2232103
          ],
          [
            134.177997,
            34.2232768
          ],
          [
            134.1779528,
            34.2233368
          ],
          [
            134.1779276,
            34.2234202
          ],
          [
            134.1779339,
            34.2235193
          ],
          [
            134.1779875,
            34.2236732
          ],
          [
            134.1779954,
            34.2237554
          ],
          [
            134.1779781,
            34.2238245
          ],
          [
            134.1779387,
            34.2238715
          ],
          [
            134.1778898,
            34.2238871
          ],
          [
            134.1778204,
            34.2238962
          ],
          [
            134.1777557,
            34.2238975
          ],
          [
            134.1776721,
            34.2238767
          ],
          [
            134.1766485,
            34.2235533
          ],
          [
            134.1763614,
            34.2234711
          ],
          [
            134.176169,
            34.2234281
          ],
          [
            134.1760144,
            34.2234137
          ],
          [
            134.1757968,
            34.223402
          ],
          [
            134.1756501,
            34.2234033
          ],
          [
            134.175598,
            34.2234202
          ],
          [
            134.1755649,
            34.2234489
          ],
          [
            134.1755539,
            34.2235141
          ],
          [
            134.1755428,
            34.2236367
          ],
          [
            134.1755176,
            34.2236837
          ],
          [
            134.1754498,
            34.223758
          ],
          [
            134.1753788,
            34.2237906
          ],
          [
            134.1752842,
            34.2238128
          ],
          [
            134.1752384,
            34.2238441
          ],
          [
            134.1752179,
            34.2238871
          ],
          [
            134.1751974,
            34.2239445
          ],
          [
            134.1751769,
            34.2239758
          ],
          [
            134.175128,
            34.2240006
          ],
          [
            134.1750854,
            34.2240019
          ],
          [
            134.1750286,
            34.2239914
          ],
          [
            134.1749608,
            34.2239445
          ],
          [
            134.174904,
            34.2238571
          ],
          [
            134.1748425,
            34.2237463
          ],
          [
            134.1747779,
            34.2236784
          ],
          [
            134.1747179,
            34.2236445
          ],
          [
            134.1746722,
            34.2236341
          ],
          [
            134.1746201,
            34.2236341
          ],
          [
            134.1745381,
            34.2236576
          ],
          [
            134.1744766,
            34.2236837
          ],
          [
            134.1744056,
            34.2236928
          ],
          [
            134.1743142,
            34.2237071
          ],
          [
            134.1742448,
            34.2237371
          ],
          [
            134.1740807,
            34.2238167
          ],
          [
            134.1739703,
            34.2238845
          ],
          [
            134.1739467,
            34.2239197
          ],
          [
            134.1739388,
            34.2239588
          ],
          [
            134.1739498,
            34.2240084
          ],
          [
            134.173953,
            34.2240553
          ],
          [
            134.1739419,
            34.2240906
          ],
          [
            134.1739088,
            34.2241232
          ],
          [
            134.1738347,
            34.2241662
          ],
          [
            134.1736549,
            34.2242588
          ],
          [
            134.1736249,
            34.2242875
          ],
          [
            134.1736186,
            34.2243305
          ],
          [
            134.1736438,
            34.2243775
          ],
          [
            134.1736896,
            34.2244127
          ],
          [
            134.173781,
            34.2244635
          ],
          [
            134.1738331,
            34.2245157
          ],
          [
            134.1738489,
            34.2245757
          ],
          [
            134.1738788,
            34.2246435
          ],
          [
            134.1739293,
            34.2247074
          ],
          [
            134.1740066,
            34.2247752
          ],
          [
            134.1740224,
            34.2248013
          ],
          [
            134.1740192,
            34.2248248
          ],
          [
            134.1739845,
            34.2248496
          ],
          [
            134.1738299,
            34.2249213
          ],
          [
            134.1737274,
            34.2249408
          ],
          [
            134.1735082,
            34.2249565
          ],
          [
            134.1733789,
            34.2249421
          ],
          [
            134.1727779,
            34.2247348
          ],
          [
            134.1726234,
            34.2247113
          ],
          [
            134.1724025,
            34.2246422
          ],
          [
            134.1722732,
            34.2245626
          ],
          [
            134.1716739,
            34.2243501
          ],
          [
            134.1715648,
            34.2243011
          ],
          [
            134.1841612,
            34.221808
          ],
          [
            134.1842003,
            34.2218005
          ],
          [
            134.1843722,
            34.2217561
          ],
          [
            134.1844605,
            34.2217483
          ],
          [
            134.1845552,
            34.2217653
          ],
          [
            134.184664,
            34.22182
          ],
          [
            134.1847508,
            34.2218448
          ],
          [
            134.1849243,
            34.2218344
          ],
          [
            134.1850804,
            34.2218226
          ],
          [
            134.185164,
            34.2218396
          ],
          [
            134.1852034,
            34.2218592
          ],
          [
            134.185237,
            34.2218919
          ],
          [
            134.1853138,
            34.2219547
          ],
          [
            134.1854288,
            34.2220968
          ],
          [
            134.1856323,
            34.2221327
          ],
          [
            134.185778,
            34.222056
          ],
          [
            134.186219,
            34.222056
          ],
          [
            134.186341,
            34.222095
          ],
          [
            134.186748,
            34.222304
          ],
          [
            134.187235,
            34.222456
          ],
          [
            134.187615,
            34.222551
          ],
          [
            134.187743,
            34.22258
          ],
          [
            134.187872,
            34.22258
          ],
          [
            134.187968,
            34.222484
          ],
          [
            134.188539,
            34.220345
          ],
          [
            134.188537,
            34.220348
          ],
          [
            134.188449,
            34.220461
          ],
          [
            134.188334,
            34.220551
          ],
          [
            134.188157,
            34.220618
          ],
          [
            134.187899,
            34.220618
          ],
          [
            134.187574,
            34.220562
          ],
          [
            134.187499,
            34.220534
          ],
          [
            134.187391,
            34.220534
          ],
          [
            134.187316,
            34.220562
          ],
          [
            134.187255,
            34.220607
          ],
          [
            134.187195,
            34.220703
          ],
          [
            134.187114,
            34.221058
          ],
          [
            134.187046,
            34.221599
          ],
          [
            134.187053,
            34.221785
          ],
          [
            134.187086,
            34.221864
          ],
          [
            134.187148,
            34.221926
          ],
          [
            134.187228,
            34.22196
          ],
          [
            134.18737,
            34.221982
          ],
          [
            134.187486,
            34.22201
          ],
          [
            134.187648,
            34.222078
          ],
          [
            134.18773,
            34.222123
          ],
          [
            134.18796,
            34.222236
          ],
          [
            134.187994,
            34.222287
          ],
          [
            134.188004,
            34.222397
          ],
          [
            134.187968,
            34.222484
          ],
          [
            134.19658,
            34.216317
          ],
          [
            134.196465,
            34.216385
          ],
          [
            134.196302,
            34.216537
          ],
          [
            134.196126,
            34.216667
          ],
          [
            134.196024,
            34.21673
          ],
          [
            134.195909,
            34.21678
          ],
          [
            134.195631,
            34.216977
          ],
          [
            134.195312,
            34.217162
          ],
          [
            134.195061,
            34.217247
          ],
          [
            134.194756,
            34.217303
          ],
          [
            134.194648,
            34.217315
          ],
          [
            134.194532,
            34.217343
          ],
          [
            134.194329,
            34.217372
          ],
          [
            134.194153,
            34.217388
          ],
          [
            134.19382,
            34.217399
          ],
          [
            134.193671,
            34.217427
          ],
          [
            134.193522,
            34.21749
          ],
          [
            134.193468,
            34.217535
          ],
          [
            134.193379,
            34.217613
          ],
          [
            134.193162,
            34.217902
          ],
          [
            134.193088,
            34.218031
          ],
          [
            134.193088,
            34.218161
          ],
          [
            134.193177,
            34.218241
          ],
          [
            134.193189,
            34.218336
          ],
          [
            134.193074,
            34.218533
          ],
          [
            134.192911,
            34.218803
          ],
          [
            134.192871,
            34.218928
          ],
          [
            134.192803,
            34.219085
          ],
          [
            134.192735,
            34.219164
          ],
          [
            134.192606,
            34.219232
          ],
          [
            134.192464,
            34.219283
          ],
          [
            134.192362,
            34.219283
          ],
          [
            134.192315,
            34.219266
          ],
          [
            134.192165,
            34.219198
          ],
          [
            134.191989,
            34.219136
          ],
          [
            134.191854,
            34.21913
          ],
          [
            134.191698,
            34.219209
          ],
          [
            134.191603,
            34.219288
          ],
          [
            134.191508,
            34.219412
          ],
          [
            134.191379,
            34.219542
          ],
          [
            134.191264,
            34.219621
          ],
          [
            134.191135,
            34.219677
          ],
          [
            134.190802,
            34.219807
          ],
          [
            134.190389,
            34.219936
          ],
          [
            134.19028,
            34.219942
          ],
          [
            134.190172,
            34.219919
          ],
          [
            134.189947,
            34.219824
          ],
          [
            134.189697,
            34.219756
          ],
          [
            134.189399,
            34.219694
          ],
          [
            134.189229,
            34.219666
          ],
          [
            134.189052,
            34.21966
          ],
          [
            134.18893,
            34.219671
          ],
          [
            134.188809,
            34.219728
          ],
          [
            134.188706,
            34.219807
          ],
          [
            134.188539,
            34.220345
          ],
          [
            134.196682,
            34.214599
          ],
          [
            134.196641,
            34.214616
          ],
          [
            134.19658,
            34.214616
          ],
          [
            134.196485,
            34.214796
          ],
          [
            134.196465,
            34.214886
          ],
          [
            134.196492,
            34.21501
          ],
          [
            134.196594,
            34.215208
          ],
          [
            134.196757,
            34.215416
          ],
          [
            134.196791,
            34.215418
          ],
          [
            134.196821,
            34.215405
          ],
          [
            134.196899,
            34.215337
          ],
          [
            134.196941,
            34.215322
          ],
          [
            134.196987,
            34.215332
          ],
          [
            134.197,
            34.215421
          ],
          [
            134.197,
            34.21546
          ],
          [
            134.196878,
            34.215686
          ],
          [
            134.19679,
            34.215935
          ],
          [
            134.196777,
            34.216058
          ],
          [
            134.196736,
            34.216155
          ],
          [
            134.196634,
            34.216283
          ],
          [
            134.19658,
            34.216317
          ],
          [
            134.195983,
            34.21337
          ],
          [
            134.196051,
            34.213393
          ],
          [
            134.196248,
            34.213466
          ],
          [
            134.196349,
            34.213556
          ],
          [
            134.196342,
            34.213759
          ],
          [
            134.196302,
            34.213911
          ],
          [
            134.196268,
            34.213951
          ],
          [
            134.196092,
            34.214109
          ],
          [
            134.196024,
            34.214199
          ],
          [
            134.196017,
            34.214238
          ],
          [
            134.196031,
            34.214346
          ],
          [
            134.196085,
            34.214396
          ],
          [
            134.196173,
            34.214441
          ],
          [
            134.196282,
            34.214447
          ],
          [
            134.196383,
            34.214413
          ],
          [
            134.196492,
            34.214334
          ],
          [
            134.196668,
            34.214182
          ],
          [
            134.196749,
            34.214176
          ],
          [
            134.196844,
            34.214267
          ],
          [
            134.196858,
            34.214334
          ],
          [
            134.196831,
            34.214413
          ],
          [
            134.196716,
            34.214582
          ],
          [
            134.196682,
            34.214599
          ],
          [
            134.195983,
            34.21337
          ],
          [
            134.196092,
            34.213331
          ],
          [
            134.196207,
            34.213303
          ],
          [
            134.196268,
            34.213229
          ],
          [
            134.196329,
            34.213123
          ],
          [
            134.196485,
            34.212801
          ],
          [
            134.196655,
            34.212508
          ],
          [
            134.197014,
            34.212069
          ],
          [
            134.197123,
            34.211939
          ],
          [
            134.19719,
            34.211793
          ],
          [
            134.197211,
            34.211714
          ],
          [
            134.197258,
            34.211347
          ],
          [
            134.197279,
            34.211257
          ],
          [
            134.19738,
            34.211109
          ],
          [
            134.197563,
            34.210929
          ],
          [
            134.197597,
            34.210868
          ],
          [
            134.197618,
            34.210789
          ],
          [
            134.197624,
            34.210406
          ],
          [
            134.197679,
            34.210119
          ],
          [
            134.197679,
            34.209965
          ],
          [
            134.197496,
            34.209593
          ],
          [
            134.197475,
            34.209469
          ],
          [
            134.197496,
            34.20939
          ],
          [
            134.197651,
            34.209137
          ],
          [
            134.197832,
            34.2089844
          ],
          [
            134.1978391,
            34.2088626
          ],
          [
            134.1975831,
            34.2087909
          ],
          [
            134.197523,
            34.208737
          ],
          [
            134.197475,
            34.208545
          ],
          [
            134.197401,
            34.208417
          ],
          [
            134.197285,
            34.208225
          ],
          [
            134.197272,
            34.207999
          ],
          [
            134.197021,
            34.207368
          ],
          [
            134.197014,
            34.207255
          ],
          [
            134.197075,
            34.207064
          ],
          [
            134.197082,
            34.20694
          ],
          [
            134.197014,
            34.206816
          ],
          [
            134.196946,
            34.206771
          ],
          [
            134.196756,
            34.206709
          ],
          [
            134.196397,
            34.206579
          ],
          [
            134.196207,
            34.206461
          ],
          [
            134.196119,
            34.206371
          ],
          [
            134.196065,
            34.20623
          ],
          [
            134.196038,
            34.206016
          ],
          [
            134.196058,
            34.205942
          ],
          [
            134.196119,
            34.205796
          ],
          [
            134.196167,
            34.205711
          ],
          [
            134.196248,
            34.205621
          ],
          [
            134.196363,
            34.205553
          ],
          [
            134.196553,
            34.205491
          ],
          [
            134.196696,
            34.205463
          ],
          [
            134.196784,
            34.205424
          ],
          [
            134.196818,
            34.205384
          ],
          [
            134.196967,
            34.205074
          ],
          [
            134.196987,
            34.20499
          ],
          [
            134.196994,
            34.20486
          ],
          [
            134.19698,
            34.204787
          ],
          [
            134.196974,
            34.204646
          ],
          [
            134.196992,
            34.204503
          ],
          [
            134.197114,
            34.204322
          ],
          [
            134.197236,
            34.204194
          ],
          [
            134.197224,
            34.204032
          ],
          [
            134.197123,
            34.203834
          ],
          [
            134.197069,
            34.20362
          ],
          [
            134.197048,
            34.203512
          ],
          [
            134.196913,
            34.203169
          ],
          [
            134.196897,
            34.203082
          ],
          [
            134.196877,
            34.202999
          ],
          [
            134.1969415,
            34.202814
          ],
          [
            134.1968716,
            34.2026668
          ],
          [
            134.1968432,
            34.2025912
          ],
          [
            134.1966634,
            34.2024529
          ],
          [
            134.1961145,
            34.202072
          ],
          [
            134.1960293,
            34.2019911
          ],
          [
            134.1960199,
            34.2019285
          ],
          [
            134.1960924,
            34.2018555
          ],
          [
            134.1962344,
            34.2018111
          ],
          [
            134.1963889,
            34.2018242
          ],
          [
            134.1966697,
            34.2020146
          ],
          [
            134.1971649,
            34.2022312
          ],
          [
            134.197881,
            34.2024973
          ],
          [
            134.1982501,
            34.2025651
          ],
          [
            134.19837,
            34.2025521
          ],
          [
            134.1984835,
            34.2025051
          ],
          [
            134.1985498,
            34.2023981
          ],
          [
            134.1985813,
            34.2023616
          ],
          [
            134.198605,
            34.202355
          ],
          [
            134.198608,
            34.202295
          ],
          [
            134.198594,
            34.202036
          ],
          [
            134.198581,
            34.201979
          ],
          [
            134.198513,
            34.201822
          ],
          [
            134.198472,
            34.201686
          ],
          [
            134.198472,
            34.201393
          ],
          [
            134.198486,
            34.20133
          ],
          [
            134.198567,
            34.201308
          ],
          [
            134.198655,
            34.201314
          ],
          [
            134.19894,
            34.201365
          ],
          [
            134.198987,
            34.201308
          ],
          [
            134.199361,
            34.200588
          ],
          [
            134.1993948,
            34.2005442
          ],
          [
            134.1994141,
            34.2004623
          ],
          [
            134.1994961,
            34.2001753
          ],
          [
            134.1994898,
            34.2000761
          ],
          [
            134.1994425,
            34.1999979
          ],
          [
            134.1993794,
            34.1999457
          ],
          [
            134.1992974,
            34.1999379
          ],
          [
            134.2012358,
            34.1977183
          ],
          [
            134.201136,
            34.198074
          ],
          [
            134.200784,
            34.198898
          ],
          [
            134.200777,
            34.198959
          ],
          [
            134.200804,
            34.199072
          ],
          [
            134.200852,
            34.199157
          ],
          [
            134.200852,
            34.199354
          ],
          [
            134.200777,
            34.199585
          ],
          [
            134.200736,
            34.199748
          ],
          [
            134.200689,
            34.199878
          ],
          [
            134.200614,
            34.199991
          ],
          [
            134.200539,
            34.200055
          ],
          [
            134.200424,
            34.20007
          ],
          [
            134.20035,
            34.199979
          ],
          [
            134.200336,
            34.199985
          ],
          [
            134.200025,
            34.199996
          ],
          [
            134.199984,
            34.199968
          ],
          [
            134.199944,
            34.199918
          ],
          [
            134.199781,
            34.199546
          ],
          [
            134.199699,
            34.199399
          ],
          [
            134.199591,
            34.199281
          ],
          [
            134.199506,
            34.199227
          ],
          [
            134.199426,
            34.199268
          ],
          [
            134.199391,
            34.199373
          ],
          [
            134.1992974,
            34.1999379
          ],
          [
            134.2012926,
            34.1975956
          ],
          [
            134.2012594,
            34.1976491
          ],
          [
            134.2012358,
            34.1977183
          ],
          [
            134.2020067,
            34.1973841
          ],
          [
            134.201755,
            34.19743
          ],
          [
            134.201496,
            34.197466
          ],
          [
            134.201312,
            34.197543
          ],
          [
            134.2012926,
            34.1975956
          ],
          [
            134.2067473,
            34.1907153
          ],
          [
            134.206566,
            34.190719
          ],
          [
            134.206494,
            34.190725
          ],
          [
            134.2064641,
            34.1907634
          ],
          [
            134.2064173,
            34.1908235
          ],
          [
            134.206406,
            34.190838
          ],
          [
            134.206236,
            34.191199
          ],
          [
            134.206128,
            34.191334
          ],
          [
            134.20606,
            34.191475
          ],
          [
            134.206033,
            34.191593
          ],
          [
            134.205992,
            34.191689
          ],
          [
            134.205734,
            34.191971
          ],
          [
            134.205667,
            34.192089
          ],
          [
            134.205619,
            34.192292
          ],
          [
            134.205619,
            34.192546
          ],
          [
            134.205701,
            34.192816
          ],
          [
            134.205707,
            34.192912
          ],
          [
            134.205687,
            34.192986
          ],
          [
            134.205585,
            34.193154
          ],
          [
            134.205355,
            34.193464
          ],
          [
            134.205206,
            34.193622
          ],
          [
            134.205023,
            34.193797
          ],
          [
            134.204934,
            34.193842
          ],
          [
            134.204636,
            34.193949
          ],
          [
            134.204528,
            34.194017
          ],
          [
            134.204473,
            34.194124
          ],
          [
            134.204344,
            34.194512
          ],
          [
            134.204249,
            34.194675
          ],
          [
            134.204189,
            34.194833
          ],
          [
            134.204148,
            34.194912
          ],
          [
            134.204005,
            34.19503
          ],
          [
            134.203802,
            34.195155
          ],
          [
            134.203747,
            34.195228
          ],
          [
            134.203707,
            34.195295
          ],
          [
            134.203667,
            34.19542
          ],
          [
            134.203619,
            34.19565
          ],
          [
            134.203449,
            34.195971
          ],
          [
            134.203375,
            34.19609
          ],
          [
            134.20328,
            34.196283
          ],
          [
            134.202975,
            34.19688
          ],
          [
            134.202921,
            34.197043
          ],
          [
            134.202778,
            34.19728
          ],
          [
            134.202704,
            34.197325
          ],
          [
            134.202615,
            34.197336
          ],
          [
            134.202489,
            34.197326
          ],
          [
            134.202309,
            34.197359
          ],
          [
            134.2020067,
            34.1973841
          ],
          [
            134.2067473,
            34.1907153
          ],
          [
            134.2067667,
            34.1908404
          ],
          [
            134.2067936,
            34.1910197
          ],
          [
            134.2068155,
            34.1911156
          ],
          [
            134.2068587,
            34.1913309
          ],
          [
            134.2067473,
            34.1907153
          ],
          [
            134.2067667,
            34.1908404
          ],
          [
            134.2067936,
            34.1910197
          ],
          [
            134.2068155,
            34.1911156
          ],
          [
            134.2068587,
            34.1913309
          ],
          [
            134.2067091,
            34.1903467
          ],
          [
            134.2067373,
            34.1905974
          ],
          [
            134.2067473,
            34.1907153
          ],
          [
            134.2100089,
            34.1907595
          ],
          [
            134.2099718,
            34.19089
          ],
          [
            134.2099343,
            34.190981
          ],
          [
            134.209879,
            34.1910562
          ],
          [
            134.2098102,
            34.1910869
          ],
          [
            134.209688,
            34.191096
          ],
          [
            134.2095478,
            34.1910956
          ],
          [
            134.208778,
            34.1910234
          ],
          [
            134.2085212,
            34.1909927
          ],
          [
            134.2083942,
            34.1909599
          ],
          [
            134.2082724,
            34.1909008
          ],
          [
            134.2081851,
            34.1908088
          ],
          [
            134.2081242,
            34.1907629
          ],
          [
            134.2079945,
            34.1907322
          ],
          [
            134.2077996,
            34.1906042
          ],
          [
            134.2076134,
            34.1905417
          ],
          [
            134.2073911,
            34.1904717
          ],
          [
            134.2073036,
            34.1904334
          ],
          [
            134.2069341,
            34.1903794
          ],
          [
            134.2067091,
            34.1903467
          ],
          [
            134.2102312,
            34.1907506
          ],
          [
            134.2100089,
            34.1907595
          ],
          [
            134.2105787,
            34.1907525
          ],
          [
            134.2102312,
            34.1907506
          ],
          [
            134.2130337,
            34.1904658
          ],
          [
            134.2127475,
            34.1905635
          ],
          [
            134.2125078,
            34.1906288
          ],
          [
            134.2121919,
            34.1907012
          ],
          [
            134.2118873,
            34.1907338
          ],
          [
            134.2117209,
            34.1907502
          ],
          [
            134.2114755,
            34.1907595
          ],
          [
            134.2105787,
            34.1907525
          ],
          [
            134.214223,
            34.188766
          ],
          [
            134.214208,
            34.188781
          ],
          [
            134.213902,
            34.189154
          ],
          [
            134.213809,
            34.189241
          ],
          [
            134.213748,
            34.189274
          ],
          [
            134.213718,
            34.189274
          ],
          [
            134.213636,
            34.189261
          ],
          [
            134.213497,
            34.189224
          ],
          [
            134.213298,
            34.189278
          ],
          [
            134.213078,
            34.189377
          ],
          [
            134.212971,
            34.189431
          ],
          [
            134.212848,
            34.189445
          ],
          [
            134.212678,
            34.189462
          ],
          [
            134.212427,
            34.189473
          ],
          [
            134.21221,
            34.189524
          ],
          [
            134.211966,
            34.189637
          ],
          [
            134.211838,
            34.189767
          ],
          [
            134.211718,
            34.189855
          ],
          [
            134.211554,
            34.189917
          ],
          [
            134.211416,
            34.189951
          ],
          [
            134.21137,
            34.189984
          ],
          [
            134.211406,
            34.190034
          ],
          [
            134.211493,
            34.190079
          ],
          [
            134.211687,
            34.190117
          ],
          [
            134.212712,
            34.190334
          ],
          [
            134.2130337,
            34.1904658
          ],
          [
            134.2219105,
            34.1870314
          ],
          [
            134.2218348,
            34.1870546
          ],
          [
            134.2215063,
            34.1876337
          ],
          [
            134.220849,
            34.187936
          ],
          [
            134.220653,
            34.188032
          ],
          [
            134.220422,
            34.18813
          ],
          [
            134.219622,
            34.188466
          ],
          [
            134.219527,
            34.188466
          ],
          [
            134.219439,
            34.188438
          ],
          [
            134.219352,
            34.18847
          ],
          [
            134.219207,
            34.188551
          ],
          [
            134.219059,
            34.188596
          ],
          [
            134.218876,
            34.188641
          ],
          [
            134.21851,
            34.188674
          ],
          [
            134.218427,
            34.188663
          ],
          [
            134.218366,
            34.18864
          ],
          [
            134.218285,
            34.188601
          ],
          [
            134.218102,
            34.188522
          ],
          [
            134.217803,
            34.188398
          ],
          [
            134.217593,
            34.188404
          ],
          [
            134.217471,
            34.188421
          ],
          [
            134.217317,
            34.188474
          ],
          [
            134.217127,
            34.18859
          ],
          [
            134.21704,
            34.188636
          ],
          [
            134.216984,
            34.188653
          ],
          [
            134.216923,
            34.188657
          ],
          [
            134.216712,
            34.188618
          ],
          [
            134.216598,
            34.188573
          ],
          [
            134.21636,
            34.188449
          ],
          [
            134.216191,
            34.188376
          ],
          [
            134.216035,
            34.188336
          ],
          [
            134.215743,
            34.188336
          ],
          [
            134.215377,
            34.188387
          ],
          [
            134.214956,
            34.188483
          ],
          [
            134.214631,
            34.188533
          ],
          [
            134.214516,
            34.188561
          ],
          [
            134.214346,
            34.188644
          ],
          [
            134.214223,
            34.188766
          ],
          [
            134.2219105,
            34.1870314
          ],
          [
            134.2221262,
            34.1866132
          ],
          [
            134.2222434,
            34.1866061
          ],
          [
            134.2224423,
            34.1865173
          ],
          [
            134.2227611,
            34.1862927
          ],
          [
            134.2231399,
            34.186042
          ],
          [
            134.2233578,
            34.1859715
          ],
          [
            134.2234777,
            34.1859715
          ],
          [
            134.2236608,
            34.1859924
          ],
          [
            134.22387,
            34.1860282
          ],
          [
            134.2239758,
            34.1860464
          ],
          [
            134.2240112,
            34.1860525
          ],
          [
            134.2241438,
            34.1860629
          ],
          [
            134.2242322,
            34.1860551
          ],
          [
            134.2243301,
            34.1860159
          ],
          [
            134.2243932,
            34.1859376
          ],
          [
            134.224409,
            34.1858409
          ],
          [
            134.2242827,
            34.1856607
          ],
          [
            134.2242196,
            34.1855276
          ],
          [
            134.2241786,
            34.1854309
          ],
          [
            134.2241849,
            34.1852978
          ],
          [
            134.2242291,
            34.1851202
          ],
          [
            134.2243206,
            34.185
          ],
          [
            134.22451,
            34.1848773
          ],
          [
            134.2246237,
            34.1848068
          ],
          [
            134.224731,
            34.1847023
          ],
          [
            134.2247657,
            34.1845822
          ],
          [
            134.2247941,
            34.1843472
          ],
          [
            134.2247941,
            34.1840965
          ],
          [
            134.2246937,
            34.1840981
          ],
          [
            134.2248044,
            34.1837487
          ],
          [
            134.2249069,
            34.1834584
          ],
          [
            134.2252483,
            34.182735
          ],
          [
            134.225467,
            34.1824218
          ],
          [
            134.2256291,
            34.1822489
          ],
          [
            134.2258949,
            34.1820322
          ],
          [
            134.2264828,
            34.1814497
          ],
          [
            134.226609,
            34.1813315
          ],
          [
            134.226787,
            34.1811765
          ],
          [
            134.2269273,
            34.1810789
          ],
          [
            134.2270757,
            34.1810184
          ],
          [
            134.2272261,
            34.180978
          ],
          [
            134.2273765,
            34.1809646
          ],
          [
            134.2275249,
            34.1809612
          ],
          [
            134.2276326,
            34.1809847
          ],
          [
            134.2280949,
            34.1810955
          ],
          [
            134.2284262,
            34.1811884
          ],
          [
            134.2286468,
            34.1812295
          ],
          [
            134.2288557,
            34.1812415
          ],
          [
            134.2290578,
            34.1812121
          ],
          [
            134.2292618,
            34.181155
          ],
          [
            134.2294773,
            34.1810789
          ],
          [
            134.2298635,
            34.1808892
          ],
          [
            134.2302099,
            34.1806938
          ],
          [
            134.230418,
            34.1806144
          ],
          [
            134.2306318,
            34.1805726
          ],
          [
            134.2308464,
            34.1805544
          ],
          [
            134.2313121,
            34.1805406
          ],
          [
            134.231521,
            34.1805779
          ],
          [
            134.2316981,
            34.1806692
          ],
          [
            134.2320587,
            34.1808898
          ],
          [
            134.2322528,
            34.1809797
          ],
          [
            134.23247,
            34.1810235
          ],
          [
            134.2328489,
            34.181062
          ],
          [
            134.2329645,
            34.1811082
          ],
          [
            134.233076,
            34.1811779
          ],
          [
            134.2332801,
            34.1813974
          ],
          [
            134.2333766,
            34.1814606
          ],
          [
            134.2334781,
            34.1814968
          ],
          [
            134.2336289,
            34.1814995
          ],
          [
            134.2342375,
            34.181347
          ],
          [
            134.2348655,
            34.1812294
          ],
          [
            134.2359029,
            34.1808744
          ],
          [
            134.2362434,
            34.1807767
          ],
          [
            134.2364499,
            34.180763
          ],
          [
            134.2367228,
            34.1807936
          ],
          [
            134.2369755,
            34.1808052
          ],
          [
            134.2378081,
            34.1807173
          ],
          [
            134.2380434,
            34.1807035
          ],
          [
            134.2382926,
            34.1807272
          ],
          [
            134.2390788,
            34.1808469
          ],
          [
            134.2396433,
            34.1809154
          ],
          [
            134.2399558,
            34.1810068
          ],
          [
            134.2402599,
            34.1811313
          ],
          [
            134.2404104,
            34.1811733
          ],
          [
            134.2405897,
            34.181192
          ],
          [
            134.2408095,
            34.1811899
          ],
          [
            134.2410332,
            34.1811695
          ],
          [
            134.241248,
            34.1811213
          ],
          [
            134.2416136,
            34.1809966
          ],
          [
            134.2417726,
            34.1809598
          ],
          [
            134.241958,
            34.1809486
          ],
          [
            134.2428961,
            34.1810664
          ],
          [
            134.2430117,
            34.1810951
          ],
          [
            134.2431331,
            34.1811409
          ],
          [
            134.2450487,
            34.1807278
          ],
          [
            134.2449916,
            34.1807449
          ],
          [
            134.2449313,
            34.1807502
          ],
          [
            134.2448799,
            34.1807537
          ],
          [
            134.2446265,
            34.1807712
          ],
          [
            134.2445328,
            34.1807804
          ],
          [
            134.2444344,
            34.1808001
          ],
          [
            134.2443423,
            34.1808316
          ],
          [
            134.2442518,
            34.1808907
          ],
          [
            134.2441089,
            34.1810154
          ],
          [
            134.2440311,
            34.1810732
          ],
          [
            134.2439422,
            34.1811087
          ],
          [
            134.2438406,
            34.1811244
          ],
          [
            134.2437279,
            34.1811166
          ],
          [
            134.2435263,
            34.1810798
          ],
          [
            134.2434231,
            34.1810759
          ],
          [
            134.243312,
            34.1810719
          ],
          [
            134.2432215,
            34.1810811
          ],
          [
            134.2431331,
            34.1811409
          ],
          [
            134.2450487,
            34.1807278
          ],
          [
            134.245166,
            34.1807198
          ],
          [
            134.245537,
            34.1809563
          ],
          [
            134.2454074,
            34.1807198
          ],
          [
            134.2453789,
            34.1807005
          ],
          [
            134.245166,
            34.1807198
          ],
          [
            134.2455735,
            34.1809525
          ],
          [
            134.245537,
            34.1809563
          ],
          [
            134.245666,
            34.1809431
          ],
          [
            134.2455735,
            34.1809525
          ],
          [
            134.2458218,
            34.1809273
          ],
          [
            134.245666,
            34.1809431
          ],
          [
            134.2458218,
            34.1809273
          ],
          [
            134.2458741,
            34.1811137
          ],
          [
            134.2458715,
            34.1811536
          ],
          [
            134.2458419,
            34.1812169
          ],
          [
            134.24585,
            34.1812468
          ],
          [
            134.2462094,
            34.1814931
          ],
          [
            134.2462403,
            34.1814843
          ],
          [
            134.2462617,
            34.1814587
          ],
          [
            134.2462859,
            34.1813678
          ],
          [
            134.2463087,
            34.1813156
          ],
          [
            134.2465018,
            34.1811315
          ],
          [
            134.2467593,
            34.1809628
          ],
          [
            134.2469041,
            34.1809218
          ],
          [
            134.2469417,
            34.1808929
          ],
          [
            134.2470691,
            34.180752
          ],
          [
            134.2470865,
            34.1806943
          ],
          [
            134.247116,
            34.1806832
          ],
          [
            134.2471388,
            34.1806555
          ],
          [
            134.24747,
            34.1801518
          ],
          [
            134.2474942,
            34.1800786
          ],
          [
            134.248984,
            34.17932
          ],
          [
            134.2488313,
            34.1795849
          ],
          [
            134.2486998,
            34.1797091
          ],
          [
            134.2485791,
            34.1799576
          ],
          [
            134.2483753,
            34.1800597
          ],
          [
            134.2480963,
            34.1801108
          ],
          [
            134.2476524,
            34.1801052
          ],
          [
            134.2474942,
            34.1800786
          ],
          [
            134.248984,
            34.17932
          ],
          [
            134.249065,
            34.179354
          ],
          [
            134.249288,
            34.179416
          ],
          [
            134.249444,
            34.179455
          ],
          [
            134.249634,
            34.179568
          ],
          [
            134.249804,
            34.179709
          ],
          [
            134.250021,
            34.179974
          ],
          [
            134.250246,
            34.180283
          ],
          [
            134.250258,
            34.1803
          ],
          [
            134.250414,
            34.180469
          ],
          [
            134.250536,
            34.180542
          ],
          [
            134.250706,
            34.180615
          ],
          [
            134.250862,
            34.18066
          ],
          [
            134.251113,
            34.180711
          ],
          [
            134.251465,
            34.180739
          ],
          [
            134.25194,
            34.180756
          ],
          [
            134.252306,
            34.180745
          ],
          [
            134.252462,
            34.180711
          ],
          [
            134.252528,
            34.180685
          ],
          [
            134.252564,
            34.180672
          ],
          [
            134.25272,
            34.180582
          ],
          [
            134.252842,
            34.180537
          ],
          [
            134.2532346,
            34.1804394
          ],
          [
            134.2535437,
            34.18048
          ],
          [
            134.2537762,
            34.1802903
          ],
          [
            134.2539414,
            34.180145
          ],
          [
            134.2540505,
            34.1800279
          ],
          [
            134.2541338,
            34.1798688
          ],
          [
            134.2545063,
            34.1801035
          ],
          [
            134.2541338,
            34.1798688
          ],
          [
            134.2546221,
            34.1801821
          ],
          [
            134.2545063,
            34.1801035
          ],
          [
            134.2642219,
            34.1869662
          ],
          [
            134.2641741,
            34.1868618
          ],
          [
            134.2641201,
            34.1868214
          ],
          [
            134.263938,
            34.1867446
          ],
          [
            134.2637034,
            34.1867642
          ],
          [
            134.263552,
            34.1867695
          ],
          [
            134.2634161,
            34.1866974
          ],
          [
            134.2632906,
            34.186585
          ],
          [
            134.2628479,
            34.1855932
          ],
          [
            134.2627573,
            34.1853885
          ],
          [
            134.2626388,
            34.185201
          ],
          [
            134.2625098,
            34.1850511
          ],
          [
            134.2623077,
            34.1848983
          ],
          [
            134.261879,
            34.1846157
          ],
          [
            134.2616245,
            34.1844687
          ],
          [
            134.2614328,
            34.1843851
          ],
          [
            134.2611436,
            34.1842755
          ],
          [
            134.2610361,
            34.1842382
          ],
          [
            134.2608856,
            34.1841861
          ],
          [
            134.2606905,
            34.1841429
          ],
          [
            134.2603349,
            34.1840996
          ],
          [
            134.2601816,
            34.1840679
          ],
          [
            134.2600666,
            34.1840189
          ],
          [
            134.2599864,
            34.1839584
          ],
          [
            134.2598714,
            34.1838661
          ],
          [
            134.2597145,
            34.1836931
          ],
          [
            134.2592917,
            34.183235
          ],
          [
            134.2590726,
            34.1829896
          ],
          [
            134.2589069,
            34.1828506
          ],
          [
            134.2587107,
            34.1827214
          ],
          [
            134.2583482,
            34.1826061
          ],
          [
            134.2579611,
            34.1824794
          ],
          [
            134.2575172,
            34.1822817
          ],
          [
            134.2573959,
            34.1822231
          ],
          [
            134.2572262,
            34.1821467
          ],
          [
            134.2571144,
            34.1821155
          ],
          [
            134.257024,
            34.1820953
          ],
          [
            134.2569102,
            34.1820853
          ],
          [
            134.2567416,
            34.182071
          ],
          [
            134.2566405,
            34.1820722
          ],
          [
            134.2565572,
            34.1820385
          ],
          [
            134.2564799,
            34.1819906
          ],
          [
            134.2564246,
            34.1819298
          ],
          [
            134.2562336,
            34.1817108
          ],
          [
            134.2558422,
            34.181174
          ],
          [
            134.2556138,
            34.1808662
          ],
          [
            134.2555203,
            34.1807816
          ],
          [
            134.2551105,
            34.180538
          ],
          [
            134.2546221,
            34.1801821
          ],
          [
            134.2642219,
            34.1869662
          ],
          [
            134.264361,
            34.186884
          ],
          [
            134.264458,
            34.186832
          ],
          [
            134.264594,
            34.186805
          ],
          [
            134.264679,
            34.186798
          ],
          [
            134.264769,
            34.186812
          ],
          [
            134.264844,
            34.186827
          ],
          [
            134.265007,
            34.186872
          ],
          [
            134.265265,
            34.186985
          ],
          [
            134.265374,
            34.187002
          ],
          [
            134.265563,
            34.18699
          ],
          [
            134.265618,
            34.186973
          ],
          [
            134.265659,
            34.186965
          ],
          [
            134.265733,
            34.186912
          ],
          [
            134.265733,
            34.186855
          ],
          [
            134.265706,
            34.186765
          ],
          [
            134.265604,
            34.18659
          ],
          [
            134.265448,
            34.186251
          ],
          [
            134.265353,
            34.18602
          ],
          [
            134.265346,
            34.185975
          ],
          [
            134.265333,
            34.185964
          ],
          [
            134.265299,
            34.185874
          ],
          [
            134.265231,
            34.185627
          ],
          [
            134.265238,
            34.185379
          ],
          [
            134.265265,
            34.185271
          ],
          [
            134.26534,
            34.185097
          ],
          [
            134.265468,
            34.18486
          ],
          [
            134.265563,
            34.184714
          ],
          [
            134.265624,
            34.184663
          ],
          [
            134.265706,
            34.184652
          ],
          [
            134.265775,
            34.184685
          ],
          [
            134.265821,
            34.184787
          ],
          [
            134.266052,
            34.185159
          ],
          [
            134.26616,
            34.185288
          ],
          [
            134.266425,
            34.185519
          ],
          [
            134.266879,
            34.185817
          ],
          [
            134.267062,
            34.185913
          ],
          [
            134.267191,
            34.18597
          ],
          [
            134.267333,
            34.186018
          ],
          [
            134.267459,
            34.186058
          ],
          [
            134.267623,
            34.186065
          ],
          [
            134.267734,
            34.186048
          ],
          [
            134.267815,
            34.18602
          ],
          [
            134.267937,
            34.185941
          ],
          [
            134.268039,
            34.185828
          ],
          [
            134.268134,
            34.185621
          ],
          [
            134.268168,
            34.185576
          ],
          [
            134.268208,
            34.185548
          ],
          [
            134.268271,
            34.185548
          ],
          [
            134.268324,
            34.185559
          ],
          [
            134.268405,
            34.185632
          ],
          [
            134.268507,
            34.185761
          ],
          [
            134.2684769,
            34.1858872
          ],
          [
            134.3043726,
            34.2026898
          ],
          [
            134.3043554,
            34.2026319
          ],
          [
            134.304317,
            34.202577
          ],
          [
            134.3042162,
            34.2025101
          ],
          [
            134.304076,
            34.2024301
          ],
          [
            134.3032785,
            34.2021155
          ],
          [
            134.3028882,
            34.2019705
          ],
          [
            134.3026585,
            34.201925
          ],
          [
            134.3024668,
            34.2018875
          ],
          [
            134.3020799,
            34.2018616
          ],
          [
            134.3018359,
            34.2018299
          ],
          [
            134.3016337,
            34.2017578
          ],
          [
            134.3013305,
            34.2016166
          ],
          [
            134.3009959,
            34.2014494
          ],
          [
            134.3007554,
            34.2012707
          ],
          [
            134.3005707,
            34.2011035
          ],
          [
            134.3004138,
            34.2008988
          ],
          [
            134.3003372,
            34.200821
          ],
          [
            134.300257,
            34.2007719
          ],
          [
            134.3001489,
            34.2007431
          ],
          [
            134.2999851,
            34.200697
          ],
          [
            134.2998283,
            34.2006134
          ],
          [
            134.2993926,
            34.2003972
          ],
          [
            134.2991138,
            34.2002588
          ],
          [
            134.2988847,
            34.2001536
          ],
          [
            134.2985317,
            34.200008
          ],
          [
            134.298333,
            34.1998351
          ],
          [
            134.2982111,
            34.1996823
          ],
          [
            134.2981483,
            34.1994545
          ],
          [
            134.2980716,
            34.1993219
          ],
          [
            134.2979566,
            34.19927
          ],
          [
            134.2977614,
            34.1992556
          ],
          [
            134.297514,
            34.1992585
          ],
          [
            134.2973083,
            34.1992037
          ],
          [
            134.2967995,
            34.1990164
          ],
          [
            134.2965729,
            34.1989299
          ],
          [
            134.2963673,
            34.1988866
          ],
          [
            134.2961616,
            34.1988866
          ],
          [
            134.2959595,
            34.1989011
          ],
          [
            134.2958235,
            34.1989385
          ],
          [
            134.2956771,
            34.1989962
          ],
          [
            134.2955517,
            34.1990279
          ],
          [
            134.2953879,
            34.1990337
          ],
          [
            134.2952066,
            34.1989962
          ],
          [
            134.2948023,
            34.1988722
          ],
          [
            134.2944642,
            34.1987511
          ],
          [
            134.294032,
            34.1985494
          ],
          [
            134.2937985,
            34.1983966
          ],
          [
            134.2934918,
            34.1981083
          ],
          [
            134.2933454,
            34.197993
          ],
          [
            134.2931711,
            34.1979353
          ],
          [
            134.2927354,
            34.1978085
          ],
          [
            134.2925403,
            34.1977047
          ],
          [
            134.2919443,
            34.1972809
          ],
          [
            134.2917282,
            34.1971051
          ],
          [
            134.2915504,
            34.1969379
          ],
          [
            134.2914354,
            34.1967764
          ],
          [
            134.2913134,
            34.1965227
          ],
          [
            134.2911322,
            34.1964103
          ],
          [
            134.2909858,
            34.1963699
          ],
          [
            134.2907801,
            34.1963613
          ],
          [
            134.2906442,
            34.1963267
          ],
          [
            134.2905013,
            34.19622
          ],
          [
            134.2902887,
            34.1960327
          ],
          [
            134.290097,
            34.1957703
          ],
          [
            134.2899471,
            34.1955743
          ],
          [
            134.2897938,
            34.1954763
          ],
          [
            134.2896334,
            34.1954215
          ],
          [
            134.2894557,
            34.1954244
          ],
          [
            134.289264,
            34.1954244
          ],
          [
            134.2889607,
            34.1953725
          ],
          [
            134.2885704,
            34.1952629
          ],
          [
            134.2883368,
            34.1951707
          ],
          [
            134.2881939,
            34.195064
          ],
          [
            134.2880266,
            34.1948997
          ],
          [
            134.2877652,
            34.1945739
          ],
          [
            134.2875735,
            34.194375
          ],
          [
            134.2874237,
            34.1942972
          ],
          [
            134.2872564,
            34.1942366
          ],
          [
            134.2870751,
            34.194202
          ],
          [
            134.2868939,
            34.194202
          ],
          [
            134.2865976,
            34.1942366
          ],
          [
            134.2864059,
            34.1942481
          ],
          [
            134.2863444,
            34.1942447
          ],
          [
            134.2861445,
            34.1942337
          ],
          [
            134.2857995,
            34.1941645
          ],
          [
            134.2856635,
            34.1941645
          ],
          [
            134.285545,
            34.1941962
          ],
          [
            134.2853847,
            34.1942654
          ],
          [
            134.2852906,
            34.1943029
          ],
          [
            134.2852174,
            34.1943029
          ],
          [
            134.2851372,
            34.1942741
          ],
          [
            134.2850292,
            34.1941905
          ],
          [
            134.2848096,
            34.1939108
          ],
          [
            134.2847434,
            34.1937782
          ],
          [
            134.284719,
            34.1936802
          ],
          [
            134.2847155,
            34.1935216
          ],
          [
            134.2847155,
            34.1934179
          ],
          [
            134.2847015,
            34.1932651
          ],
          [
            134.2846144,
            34.193069
          ],
          [
            134.2845482,
            34.1928528
          ],
          [
            134.2844715,
            34.1926452
          ],
          [
            134.2843739,
            34.1925184
          ],
          [
            134.2841334,
            34.1924059
          ],
          [
            134.2834224,
            34.1921148
          ],
          [
            134.2831645,
            34.1919562
          ],
          [
            134.2830076,
            34.1918553
          ],
          [
            134.2828368,
            34.1917919
          ],
          [
            134.2826312,
            34.1917746
          ],
          [
            134.2824151,
            34.1917573
          ],
          [
            134.2820979,
            34.1917111
          ],
          [
            134.280911,
            34.1913698
          ],
          [
            134.2805225,
            34.1912643
          ],
          [
            134.2802228,
            34.1911172
          ],
          [
            134.2800276,
            34.1909817
          ],
          [
            134.2798498,
            34.1907857
          ],
          [
            134.2796093,
            34.1904974
          ],
          [
            134.2794386,
            34.1903215
          ],
          [
            134.2792085,
            34.1901687
          ],
          [
            134.2783755,
            34.1897391
          ],
          [
            134.2780653,
            34.1895979
          ],
          [
            134.277891,
            34.189569
          ],
          [
            134.2777481,
            34.1895921
          ],
          [
            134.2775808,
            34.1896757
          ],
          [
            134.2774449,
            34.1898833
          ],
          [
            134.277309,
            34.1900303
          ],
          [
            134.2772253,
            34.1900909
          ],
          [
            134.2771138,
            34.1900909
          ],
          [
            134.2770057,
            34.190088
          ],
          [
            134.276821,
            34.1900217
          ],
          [
            134.2765944,
            34.1899121
          ],
          [
            134.2761936,
            34.1896584
          ],
          [
            134.2757649,
            34.1893441
          ],
          [
            134.2755384,
            34.1892461
          ],
          [
            134.2752282,
            34.1891596
          ],
          [
            134.2749563,
            34.1891308
          ],
          [
            134.2746949,
            34.1891308
          ],
          [
            134.2743951,
            34.1891077
          ],
          [
            134.2741686,
            34.1890731
          ],
          [
            134.2740605,
            34.1890011
          ],
          [
            134.2739839,
            34.1888973
          ],
          [
            134.2739595,
            34.1887935
          ],
          [
            134.2738793,
            34.1887012
          ],
          [
            134.2737155,
            34.1886407
          ],
          [
            134.2733391,
            34.188583
          ],
          [
            134.2730742,
            34.1885167
          ],
          [
            134.2727884,
            34.188387
          ],
          [
            134.2725339,
            34.1882659
          ],
          [
            134.2723143,
            34.1881102
          ],
          [
            134.2721505,
            34.1880121
          ],
          [
            134.2719972,
            34.1879631
          ],
          [
            134.2718717,
            34.187943
          ],
          [
            134.2717636,
            34.1879516
          ],
          [
            134.2716626,
            34.1879516
          ],
          [
            134.2715754,
            34.1879343
          ],
          [
            134.2714778,
            34.1878824
          ],
          [
            134.2712757,
            34.1876719
          ],
          [
            134.270955,
            34.187251
          ],
          [
            134.2708086,
            34.1871097
          ],
          [
            134.2706204,
            34.1870376
          ],
          [
            134.2704636,
            34.1868819
          ],
          [
            134.2703416,
            34.1866974
          ],
          [
            134.2701569,
            34.1865071
          ],
          [
            134.2699164,
            34.1863053
          ],
          [
            134.2696863,
            34.1861669
          ],
          [
            134.2695609,
            34.1860775
          ],
          [
            134.2695086,
            34.185968
          ],
          [
            134.2695086,
            34.185893
          ],
          [
            134.269533,
            34.1858094
          ],
          [
            134.2695155,
            34.1857229
          ],
          [
            134.2694702,
            34.1856768
          ],
          [
            134.2693308,
            34.1856508
          ],
          [
            134.2691182,
            34.1856508
          ],
          [
            134.2688882,
            34.1856883
          ],
          [
            134.2687383,
            34.185746
          ],
          [
            134.2685675,
            34.1858036
          ],
          [
            134.2684769,
            34.1858872
          ],
          [
            134.3115109,
            34.2026414
          ],
          [
            134.3113076,
            34.2025446
          ],
          [
            134.3107103,
            34.2023295
          ],
          [
            134.3105045,
            34.2022598
          ],
          [
            134.310375,
            34.2022285
          ],
          [
            134.3102598,
            34.2022104
          ],
          [
            134.3101852,
            34.2022151
          ],
          [
            134.3101012,
            34.202229
          ],
          [
            134.3099753,
            34.2022637
          ],
          [
            134.3098355,
            34.2023192
          ],
          [
            134.309455,
            34.2024766
          ],
          [
            134.3092871,
            34.202546
          ],
          [
            134.3091948,
            34.2025645
          ],
          [
            134.3090529,
            34.2025865
          ],
          [
            134.3088799,
            34.2025787
          ],
          [
            134.3085903,
            34.2025017
          ],
          [
            134.3083555,
            34.2024071
          ],
          [
            134.3082212,
            34.202384
          ],
          [
            134.3080362,
            34.2023533
          ],
          [
            134.3078174,
            34.2023393
          ],
          [
            134.3075565,
            34.2023741
          ],
          [
            134.3073251,
            34.2024229
          ],
          [
            134.3067991,
            34.2026004
          ],
          [
            134.306678,
            34.2026283
          ],
          [
            134.3064456,
            34.2027256
          ],
          [
            134.3062562,
            34.202757
          ],
          [
            134.306029,
            34.2027918
          ],
          [
            134.3057639,
            34.2027918
          ],
          [
            134.3055703,
            34.2027848
          ],
          [
            134.3047877,
            34.2027082
          ],
          [
            134.3045941,
            34.2026874
          ],
          [
            134.3044448,
            34.2026871
          ],
          [
            134.3043726,
            34.2026898
          ],
          [
            134.311767,
            34.202766
          ],
          [
            134.3115109,
            34.2026414
          ],
          [
            134.3256935,
            34.2053486
          ],
          [
            134.3248138,
            34.2049426
          ],
          [
            134.3240529,
            34.2045566
          ],
          [
            134.323871,
            34.2044988
          ],
          [
            134.3237339,
            34.204478
          ],
          [
            134.3235913,
            34.2044687
          ],
          [
            134.3228051,
            34.204508
          ],
          [
            134.3225282,
            34.2045312
          ],
          [
            134.3223744,
            34.2045423
          ],
          [
            134.3221533,
            34.2046052
          ],
          [
            134.3218885,
            34.2046792
          ],
          [
            134.3217644,
            34.2047186
          ],
          [
            134.3211192,
            34.2048994
          ],
          [
            134.3209224,
            34.2049685
          ],
          [
            134.3203097,
            34.2051397
          ],
          [
            134.3200663,
            34.2051952
          ],
          [
            134.3198341,
            34.2052322
          ],
          [
            134.319504,
            34.2052692
          ],
          [
            134.3190815,
            34.2053198
          ],
          [
            134.3185472,
            34.2053572
          ],
          [
            134.3179718,
            34.205377
          ],
          [
            134.3175121,
            34.2054034
          ],
          [
            134.3172183,
            34.2054219
          ],
          [
            134.3170477,
            34.2054081
          ],
          [
            134.316905,
            34.2053919
          ],
          [
            134.3167623,
            34.2053664
          ],
          [
            134.3165497,
            34.2053225
          ],
          [
            134.3161972,
            34.2052345
          ],
          [
            134.3153188,
            34.2049916
          ],
          [
            134.3151481,
            34.2049361
          ],
          [
            134.3149383,
            34.2048528
          ],
          [
            134.3148124,
            34.2047695
          ],
          [
            134.3146865,
            34.2046862
          ],
          [
            134.314569,
            34.204589
          ],
          [
            134.3144067,
            34.2044479
          ],
          [
            134.3139367,
            34.2039921
          ],
          [
            134.3138164,
            34.2038926
          ],
          [
            134.313671,
            34.2037885
          ],
          [
            134.3135227,
            34.2037005
          ],
          [
            134.3133388,
            34.2036537
          ],
          [
            134.3128904,
            34.20349
          ],
          [
            134.3127478,
            34.2034414
          ],
          [
            134.3126946,
            34.2034067
          ],
          [
            134.3125855,
            34.2033512
          ],
          [
            134.3124419,
            34.2032663
          ],
          [
            134.3123355,
            34.2031597
          ],
          [
            134.3122239,
            34.2030413
          ],
          [
            134.3121274,
            34.2029593
          ],
          [
            134.3120148,
            34.2028815
          ],
          [
            134.3119009,
            34.2028225
          ],
          [
            134.311767,
            34.202766
          ],
          [
            134.3260844,
            34.2055319
          ],
          [
            134.3256935,
            34.2053486
          ],
          [
            134.3280512,
            34.2075344
          ],
          [
            134.3278604,
            34.2073747
          ],
          [
            134.3277233,
            34.2072567
          ],
          [
            134.3275807,
            34.2071503
          ],
          [
            134.327231,
            34.2069235
          ],
          [
            134.3270351,
            34.2067986
          ],
          [
            134.3269008,
            34.2066945
          ],
          [
            134.3267917,
            34.2065742
          ],
          [
            134.3267162,
            34.2064654
          ],
          [
            134.3266323,
            34.2063405
          ],
          [
            134.3263959,
            34.2058144
          ],
          [
            134.3263357,
            34.2057366
          ],
          [
            134.3262434,
            34.2056209
          ],
          [
            134.3260844,
            34.2055319
          ],
          [
            134.3280512,
            34.2075344
          ],
          [
            134.3284633,
            34.207647
          ],
          [
            134.3288118,
            34.2077191
          ],
          [
            134.3291886,
            34.2078096
          ],
          [
            134.3307028,
            34.2084967
          ],
          [
            134.330873,
            34.208627
          ],
          [
            134.330974,
            34.208725
          ],
          [
            134.331083,
            34.208826
          ],
          [
            134.331273,
            34.209035
          ],
          [
            134.331402,
            34.209136
          ],
          [
            134.331497,
            34.209192
          ],
          [
            134.331585,
            34.20922
          ],
          [
            134.331702,
            34.209228
          ],
          [
            134.331843,
            34.209215
          ],
          [
            134.332005,
            34.209153
          ],
          [
            134.332304,
            34.208967
          ],
          [
            134.3324778,
            34.2088674
          ],
          [
            134.3325866,
            34.2088189
          ],
          [
            134.3327594,
            34.2087444
          ],
          [
            134.3328666,
            34.2086982
          ],
          [
            134.3330426,
            34.2086207
          ],
          [
            134.3330638,
            34.2086091
          ],
          [
            134.333163,
            34.2085606
          ],
          [
            134.3332573,
            34.2084991
          ],
          [
            134.3333038,
            34.2084589
          ],
          [
            134.333381,
            34.2083922
          ],
          [
            134.3334751,
            34.2082998
          ],
          [
            134.3335812,
            34.2082069
          ],
          [
            134.3336837,
            34.2081522
          ],
          [
            134.3338466,
            34.2081242
          ],
          [
            134.3343221,
            34.2081425
          ],
          [
            134.3343687,
            34.208151
          ],
          [
            134.334429,
            34.2081618
          ],
          [
            134.3344692,
            34.2081704
          ],
          [
            134.3345188,
            34.2081775
          ],
          [
            134.3345362,
            34.2081999
          ],
          [
            134.334642,
            34.2083359
          ],
          [
            134.3346766,
            34.2083804
          ],
          [
            134.3346906,
            34.2083984
          ],
          [
            134.3348549,
            34.2086555
          ],
          [
            134.3349204,
            34.2087527
          ],
          [
            134.3352071,
            34.2089248
          ],
          [
            134.3353714,
            34.2089974
          ],
          [
            134.3356722,
            34.2091541
          ],
          [
            134.3357668,
            34.209279
          ],
          [
            134.3360861,
            34.2093741
          ],
          [
            134.3363608,
            34.2094217
          ],
          [
            134.3370953,
            34.209522
          ],
          [
            134.3374658,
            34.2095643
          ],
          [
            134.3376948,
            34.2095353
          ],
          [
            134.3379126,
            34.2094749
          ],
          [
            134.3380545,
            34.2094209
          ],
          [
            134.3381895,
            34.209347
          ],
          [
            134.3384656,
            34.2091927
          ],
          [
            134.3390946,
            34.2089304
          ],
          [
            134.3394012,
            34.20883
          ],
          [
            134.3397143,
            34.2087398
          ],
          [
            134.3400144,
            34.2087033
          ],
          [
            134.3401485,
            34.2087033
          ],
          [
            134.3403018,
            34.2087138
          ],
          [
            134.3405126,
            34.2087614
          ],
          [
            134.3407681,
            34.2088459
          ],
          [
            134.3409469,
            34.2088934
          ],
          [
            134.3411832,
            34.2089093
          ],
          [
            134.3423253,
            34.2088992
          ],
          [
            134.3423777,
            34.2088987
          ],
          [
            134.343042,
            34.2088512
          ],
          [
            134.3448073,
            34.2087195
          ],
          [
            134.3455713,
            34.2086663
          ],
          [
            134.3457502,
            34.2086716
          ],
          [
            134.3459163,
            34.2086874
          ],
          [
            134.3460282,
            34.2087344
          ],
          [
            134.3461175,
            34.208776
          ],
          [
            134.346434,
            34.2089582
          ],
          [
            134.3465673,
            34.2090396
          ],
          [
            134.3466833,
            34.2090924
          ],
          [
            134.3467992,
            34.2091266
          ],
          [
            134.3469574,
            34.209147
          ],
          [
            134.347149,
            34.2091523
          ],
          [
            134.3477047,
            34.2091417
          ],
          [
            134.3478516,
            34.2091523
          ],
          [
            134.3480688,
            34.2092104
          ],
          [
            134.3482987,
            34.2092949
          ],
          [
            134.3485478,
            34.2093952
          ],
          [
            134.3488864,
            34.2095432
          ],
          [
            134.3493143,
            34.2097016
          ],
          [
            134.3506301,
            34.2101453
          ],
          [
            134.3510006,
            34.210251
          ],
          [
            134.351205,
            34.2102985
          ],
          [
            134.3514732,
            34.2103196
          ],
          [
            134.3518948,
            34.2103355
          ],
          [
            134.3521503,
            34.2103619
          ],
          [
            134.3523866,
            34.2103989
          ],
          [
            134.3538557,
            34.2107792
          ],
          [
            134.35445,
            34.2109727
          ],
          [
            134.3547288,
            34.2110592
          ],
          [
            134.3551391,
            34.2111923
          ],
          [
            134.355434,
            34.2112943
          ],
          [
            134.3557558,
            34.2114206
          ],
          [
            134.355981,
            34.2115249
          ],
          [
            134.3561311,
            34.211598
          ],
          [
            134.3563162,
            34.2116468
          ],
          [
            134.3565172,
            34.2116845
          ],
          [
            134.3566808,
            34.2116912
          ],
          [
            134.3577479,
            34.2117488
          ],
          [
            134.3579517,
            34.2117754
          ],
          [
            134.3581394,
            34.2118198
          ],
          [
            134.358303,
            34.2118752
          ],
          [
            134.3584156,
            34.2119062
          ],
          [
            134.3584987,
            34.2119528
          ],
          [
            134.3586569,
            34.2120282
          ],
          [
            134.3587963,
            34.2121147
          ],
          [
            134.3589867,
            34.2122189
          ],
          [
            134.3591797,
            34.2123142
          ],
          [
            134.3594237,
            34.2124362
          ],
          [
            134.3598688,
            34.2126269
          ],
          [
            134.3602013,
            34.2127532
          ],
          [
            134.3603863,
            34.2127954
          ],
          [
            134.3605204,
            34.212822
          ],
          [
            134.3606812,
            34.2128286
          ],
          [
            134.3608475,
            34.212822
          ],
          [
            134.3610164,
            34.2127998
          ],
          [
            134.3611773,
            34.2127754
          ],
          [
            134.3613274,
            34.2127688
          ],
          [
            134.3614159,
            34.2127688
          ],
          [
            134.361499,
            34.2127798
          ],
          [
            134.3616036,
            34.212802
          ],
          [
            134.3617323,
            34.2128331
          ],
          [
            134.3619386,
            34.2128935
          ],
          [
            134.3620728,
            34.2129351
          ],
          [
            134.3621774,
            34.2129617
          ],
          [
            134.3623463,
            34.2129949
          ],
          [
            134.3630327,
            34.2131147
          ],
          [
            134.363215,
            34.2131413
          ],
          [
            134.3633303,
            34.2131501
          ],
          [
            134.3634161,
            34.213139
          ],
          [
            134.3634805,
            34.2131302
          ],
          [
            134.3635448,
            34.2131036
          ],
          [
            134.3636092,
            34.2130703
          ],
          [
            134.3637111,
            34.2130149
          ],
          [
            134.3638666,
            34.2129395
          ],
          [
            134.363939,
            34.2129062
          ],
          [
            134.3640229,
            34.2128791
          ],
          [
            134.365861,
            34.212511
          ],
          [
            134.3660391,
            34.2124893
          ],
          [
            134.3662119,
            34.2124807
          ],
          [
            134.3663533,
            34.2124936
          ],
          [
            134.3665209,
            34.2125196
          ],
          [
            134.3668654,
            34.2125852
          ],
          [
            134.3689094,
            34.2129745
          ],
          [
            134.3691508,
            34.2130205
          ],
          [
            134.3695217,
            34.2130927
          ],
          [
            134.3711437,
            34.2134476
          ],
          [
            134.3714601,
            34.2135168
          ],
          [
            134.3717692,
            34.2135739
          ],
          [
            134.3720383,
            34.213619
          ],
          [
            134.3723598,
            34.213654
          ],
          [
            134.3724965,
            34.2136671
          ],
          [
            134.3738436,
            34.2137184
          ],
          [
            134.3740727,
            34.2137473
          ],
          [
            134.3741978,
            34.2137784
          ],
          [
            134.3742822,
            34.2138175
          ],
          [
            134.3743987,
            34.2138934
          ],
          [
            134.3744551,
            34.2139618
          ],
          [
            134.374588,
            34.2141207
          ],
          [
            134.3747069,
            34.2143376
          ],
          [
            134.3747812,
            34.2144657
          ],
          [
            134.375688,
            34.216027
          ],
          [
            134.3758846,
            34.2163217
          ],
          [
            134.3760416,
            34.2164911
          ],
          [
            134.3765304,
            34.2169562
          ],
          [
            134.3766315,
            34.2170624
          ],
          [
            134.3767769,
            34.2172157
          ],
          [
            134.3769188,
            34.217312
          ],
          [
            134.3770388,
            34.2173962
          ],
          [
            134.377177,
            34.2174623
          ],
          [
            134.3772608,
            34.2175076
          ],
          [
            134.3773661,
            34.2175646
          ],
          [
            134.3774681,
            34.2176396
          ],
          [
            134.3775006,
            34.2176788
          ],
          [
            134.3775443,
            34.217745
          ],
          [
            134.3776061,
            34.2179405
          ],
          [
            134.3776534,
            34.2180577
          ],
          [
            134.3777261,
            34.2181299
          ],
          [
            134.377817,
            34.218184
          ],
          [
            134.3779152,
            34.2182382
          ],
          [
            134.3781043,
            34.2183374
          ],
          [
            134.3786826,
            34.2185569
          ],
          [
            134.3788935,
            34.2186441
          ],
          [
            134.3789844,
            34.2186862
          ],
          [
            134.3791335,
            34.2187855
          ],
          [
            134.3792935,
            34.2189148
          ],
          [
            134.3793583,
            34.2189904
          ],
          [
            134.379719,
            34.219411
          ],
          [
            134.3798172,
            34.2194801
          ],
          [
            134.3799481,
            34.2195673
          ],
          [
            134.38005,
            34.2196004
          ],
          [
            134.3801081,
            34.2196064
          ],
          [
            134.3802463,
            34.2196034
          ],
          [
            134.3803954,
            34.2195974
          ],
          [
            134.3809555,
            34.2195463
          ],
          [
            134.3812246,
            34.2195463
          ],
          [
            134.3813701,
            34.2195553
          ],
          [
            134.3815665,
            34.2195914
          ],
          [
            134.3816804,
            34.2196217
          ],
          [
            134.3817701,
            34.2196455
          ],
          [
            134.3821883,
            34.2198109
          ],
          [
            134.3823338,
            34.219859
          ],
          [
            134.3827084,
            34.2200154
          ],
          [
            134.3827567,
            34.2200311
          ],
          [
            134.3829957,
            34.2201086
          ],
          [
            134.3831328,
            34.220164
          ],
          [
            134.3833993,
            34.220268
          ],
          [
            134.3838867,
            34.2205086
          ],
          [
            134.3841321,
            34.2206538
          ],
          [
            134.3843408,
            34.2207863
          ],
          [
            134.3843485,
            34.2207912
          ],
          [
            134.384454,
            34.2208875
          ],
          [
            134.3845995,
            34.2210408
          ],
          [
            134.3846617,
            34.2211239
          ],
          [
            134.3847807,
            34.2210625
          ],
          [
            134.3849218,
            34.2209897
          ],
          [
            134.3849742,
            34.2209627
          ],
          [
            134.3851618,
            34.2208885
          ],
          [
            134.3854088,
            34.2208191
          ],
          [
            134.3855567,
            34.2207913
          ],
          [
            134.3861378,
            34.2207258
          ],
          [
            134.3864965,
            34.2207108
          ],
          [
            134.3867449,
            34.2207297
          ],
          [
            134.3869001,
            34.2207425
          ],
          [
            134.3870447,
            34.2207632
          ],
          [
            134.3874923,
            34.2208139
          ],
          [
            134.387666,
            34.2208365
          ],
          [
            134.3881599,
            34.2208991
          ],
          [
            134.3886552,
            34.2209392
          ],
          [
            134.3890597,
            34.2209523
          ],
          [
            134.389312,
            34.220944
          ],
          [
            134.3893935,
            34.2209357
          ],
          [
            134.3899092,
            34.2208582
          ],
          [
            134.3901437,
            34.2208317
          ],
          [
            134.3904693,
            34.2208317
          ],
          [
            134.3913174,
            34.2208816
          ],
          [
            134.392512,
            34.2209636
          ],
          [
            134.3941358,
            34.221043
          ],
          [
            134.3948371,
            34.2210722
          ],
          [
            134.3951425,
            34.2211062
          ],
          [
            134.395223,
            34.2211146
          ],
          [
            134.3955,
            34.2211434
          ],
          [
            134.3959352,
            34.2211505
          ],
          [
            134.396862,
            34.2212006
          ],
          [
            134.3969021,
            34.2212026
          ],
          [
            134.3969941,
            34.221207
          ],
          [
            134.3992585,
            34.2213053
          ],
          [
            134.3999121,
            34.2213339
          ],
          [
            134.4001908,
            34.2213295
          ],
          [
            134.4005035,
            34.2213033
          ],
          [
            134.4008534,
            34.2212392
          ],
          [
            134.4011893,
            34.2211571
          ],
          [
            134.4022502,
            34.2207232
          ],
          [
            134.402273,
            34.2207138
          ],
          [
            134.4024903,
            34.220622
          ],
          [
            134.4027396,
            34.2205167
          ],
          [
            134.4032194,
            34.220317
          ],
          [
            134.4040676,
            34.220002
          ],
          [
            134.4042729,
            34.2199187
          ],
          [
            134.4043999,
            34.2198544
          ],
          [
            134.4046055,
            34.2197071
          ],
          [
            134.4052511,
            34.2191494
          ],
          [
            134.4052671,
            34.2191365
          ],
          [
            134.4053311,
            34.2190775
          ],
          [
            134.4053391,
            34.219068
          ],
          [
            134.4054643,
            34.2189607
          ],
          [
            134.405551,
            34.2188864
          ],
          [
            134.4056129,
            34.2188326
          ],
          [
            134.4057797,
            34.2186877
          ],
          [
            134.4058704,
            34.2185977
          ],
          [
            134.4060251,
            34.2184408
          ],
          [
            134.4061402,
            34.218287
          ],
          [
            134.4061951,
            34.2181479
          ],
          [
            134.4063203,
            34.2177948
          ],
          [
            134.4064076,
            34.217556
          ],
          [
            134.4064833,
            34.2173888
          ],
          [
            134.4065839,
            34.2172397
          ],
          [
            134.4067061,
            34.2171215
          ],
          [
            134.4068759,
            34.2170033
          ],
          [
            134.4074985,
            34.2167278
          ],
          [
            134.4075735,
            34.2166957
          ],
          [
            134.408244,
            34.2164085
          ],
          [
            134.4083041,
            34.2163793
          ],
          [
            134.408593,
            34.2167428
          ],
          [
            134.4089082,
            34.2170594
          ],
          [
            134.4093069,
            34.2174032
          ],
          [
            134.4096381,
            34.2176714
          ],
          [
            134.4100315,
            34.2179648
          ],
          [
            134.4101843,
            34.2178331
          ],
          [
            134.4103824,
            34.2177208
          ],
          [
            134.4114891,
            34.2170924
          ],
          [
            134.4122456,
            34.216708
          ],
          [
            134.4125268,
            34.2166098
          ],
          [
            134.4127654,
            34.2165725
          ],
          [
            134.4129888,
            34.2165457
          ],
          [
            134.4132728,
            34.2164149
          ],
          [
            134.4134945,
            34.216335
          ],
          [
            134.4136127,
            34.2162677
          ],
          [
            134.4137693,
            34.216155
          ],
          [
            134.413914,
            34.2161232
          ],
          [
            134.4140766,
            34.2161204
          ],
          [
            134.41419,
            34.2160961
          ],
          [
            134.4143546,
            34.2159738
          ],
          [
            134.4144617,
            34.2158468
          ],
          [
            134.4145539,
            34.2157055
          ],
          [
            134.4148168,
            34.2154867
          ],
          [
            134.4148976,
            34.215402
          ],
          [
            134.4149445,
            34.2153621
          ],
          [
            134.4150119,
            34.2150636
          ],
          [
            134.4150507,
            34.2149756
          ],
          [
            134.4140807,
            34.2138056
          ],
          [
            134.4141349,
            34.2138776
          ],
          [
            134.4142095,
            34.2140004
          ],
          [
            134.4143627,
            34.2142126
          ],
          [
            134.4145278,
            34.2143916
          ],
          [
            134.4148171,
            34.2146797
          ],
          [
            134.4150507,
            34.2149756
          ],
          [
            134.4140807,
            34.2138056
          ],
          [
            134.4142029,
            34.2137651
          ],
          [
            134.4148337,
            34.2133944
          ],
          [
            134.4152282,
            34.2132552
          ],
          [
            134.4156658,
            34.2131644
          ],
          [
            134.4158904,
            34.2132043
          ],
          [
            134.4161073,
            34.2132247
          ],
          [
            134.416481,
            34.2132319
          ],
          [
            134.4173168,
            34.2132962
          ],
          [
            134.4174304,
            34.213292
          ],
          [
            134.4176899,
            34.2132639
          ],
          [
            134.417895,
            34.2131899
          ],
          [
            134.4184611,
            34.2129255
          ],
          [
            134.4187256,
            34.2128039
          ],
          [
            134.4187781,
            34.2127822
          ],
          [
            134.4189733,
            34.2126984
          ],
          [
            134.4190684,
            34.2126563
          ],
          [
            134.4192285,
            34.2125736
          ],
          [
            134.4198035,
            34.2122123
          ],
          [
            134.4205197,
            34.2117284
          ],
          [
            134.4206355,
            34.2116631
          ],
          [
            134.4207564,
            34.2116283
          ],
          [
            134.4208932,
            34.2116109
          ],
          [
            134.4211278,
            34.2116096
          ],
          [
            134.4212824,
            34.2116022
          ],
          [
            134.421453,
            34.2115653
          ],
          [
            134.4216739,
            34.2114512
          ],
          [
            134.421861,
            34.2113587
          ],
          [
            134.4222112,
            34.2112345
          ],
          [
            134.422334,
            34.2112245
          ],
          [
            134.4224169,
            34.2112233
          ],
          [
            134.4228341,
            34.2112499
          ],
          [
            134.4229482,
            34.2112328
          ],
          [
            134.4230708,
            34.211176
          ],
          [
            134.4252895,
            34.2102318
          ],
          [
            134.4249693,
            34.2103327
          ],
          [
            134.4242212,
            34.2106765
          ],
          [
            134.4237274,
            34.2108821
          ],
          [
            134.4232192,
            34.2111138
          ],
          [
            134.4230708,
            34.211176
          ],
          [
            134.4252895,
            34.2102318
          ],
          [
            134.4253127,
            34.2102773
          ],
          [
            134.4253528,
            34.2102639
          ],
          [
            134.4254333,
            34.2102378
          ],
          [
            134.4254604,
            34.2102282
          ],
          [
            134.426786,
            34.2097746
          ],
          [
            134.427028,
            34.2096852
          ],
          [
            134.4272254,
            34.2095417
          ],
          [
            134.4274035,
            34.2092569
          ],
          [
            134.4275721,
            34.2088515
          ],
          [
            134.4277847,
            34.2084165
          ],
          [
            134.4282171,
            34.2078272
          ],
          [
            134.4285366,
            34.2074093
          ],
          [
            134.4286457,
            34.2073012
          ],
          [
            134.4288827,
            34.2071043
          ],
          [
            134.4292102,
            34.2067648
          ],
          [
            134.4293378,
            34.206612
          ],
          [
            134.4293401,
            34.2066055
          ],
          [
            134.4293808,
            34.2064935
          ],
          [
            134.4294194,
            34.2062992
          ],
          [
            134.4294096,
            34.2059589
          ],
          [
            134.4304489,
            34.2059077
          ],
          [
            134.430358,
            34.205842
          ],
          [
            134.4301959,
            34.205783
          ],
          [
            134.430103,
            34.2057499
          ],
          [
            134.4300252,
            34.2057543
          ],
          [
            134.4299179,
            34.2057843
          ],
          [
            134.4298576,
            34.2058297
          ],
          [
            134.429812,
            34.2059207
          ],
          [
            134.4297583,
            34.2059517
          ],
          [
            134.4294096,
            34.2059589
          ],
          [
            134.4304489,
            34.2059077
          ],
          [
            134.430504,
            34.2058996
          ],
          [
            134.4306073,
            34.2058719
          ],
          [
            134.4306676,
            34.2058541
          ],
          [
            134.430728,
            34.2058641
          ],
          [
            134.4308044,
            34.2059107
          ],
          [
            134.4308889,
            34.2059318
          ],
          [
            134.430972,
            34.2059207
          ],
          [
            134.4314559,
            34.2057314
          ],
          [
            134.4317062,
            34.2056507
          ],
          [
            134.4317505,
            34.2055826
          ],
          [
            134.431701,
            34.205324
          ],
          [
            134.431735,
            34.205199
          ],
          [
            134.431789,
            34.205064
          ],
          [
            134.431823,
            34.204929
          ],
          [
            134.431823,
            34.20454
          ],
          [
            134.431857,
            34.204359
          ],
          [
            134.431965,
            34.204151
          ],
          [
            134.431993,
            34.204078
          ],
          [
            134.432019,
            34.203926
          ],
          [
            134.432019,
            34.203762
          ],
          [
            134.43204,
            34.203548
          ],
          [
            134.432047,
            34.203255
          ],
          [
            134.43225,
            34.202888
          ],
          [
            134.432399,
            34.202594
          ],
          [
            134.432501,
            34.202391
          ],
          [
            134.432549,
            34.202284
          ],
          [
            134.4325855,
            34.2020421
          ],
          [
            134.4326006,
            34.2018631
          ],
          [
            134.4325936,
            34.2018132
          ],
          [
            134.4325863,
            34.2017612
          ],
          [
            134.4325926,
            34.2016201
          ],
          [
            134.4326106,
            34.2013493
          ],
          [
            134.4325519,
            34.2012434
          ],
          [
            134.4324893,
            34.2012217
          ],
          [
            134.4323799,
            34.201214
          ],
          [
            134.4322714,
            34.2012398
          ],
          [
            134.4321976,
            34.2012544
          ],
          [
            134.4321704,
            34.2012284
          ],
          [
            134.4321704,
            34.2011765
          ],
          [
            134.4322214,
            34.2010889
          ],
          [
            134.4323313,
            34.2009299
          ],
          [
            134.4324844,
            34.2008179
          ],
          [
            134.4325275,
            34.200753
          ],
          [
            134.4325471,
            34.2006816
          ],
          [
            134.4325785,
            34.2006361
          ],
          [
            134.4326178,
            34.2006004
          ],
          [
            134.4327237,
            34.2005501
          ],
          [
            134.4327826,
            34.200516
          ],
          [
            134.4328199,
            34.2004674
          ],
          [
            134.4328473,
            34.2004219
          ],
          [
            134.4328591,
            34.2003538
          ],
          [
            134.4328709,
            34.2002872
          ],
          [
            134.4328964,
            34.2002175
          ],
          [
            134.4329023,
            34.1999432
          ],
          [
            134.4329082,
            34.1999043
          ],
          [
            134.4329278,
            34.1998815
          ],
          [
            134.4329701,
            34.1998775
          ],
          [
            134.4329897,
            34.1998905
          ],
          [
            134.4329976,
            34.1999327
          ],
          [
            134.4329969,
            34.2000225
          ],
          [
            134.4330315,
            34.2001013
          ],
          [
            134.433161,
            34.200284
          ],
          [
            134.433172,
            34.200428
          ],
          [
            134.43317,
            34.200542
          ],
          [
            134.433105,
            34.200727
          ],
          [
            134.433084,
            34.200788
          ],
          [
            134.433102,
            34.20083
          ],
          [
            134.433227,
            34.200887
          ],
          [
            134.433322,
            34.200898
          ],
          [
            134.433464,
            34.200915
          ],
          [
            134.433539,
            34.200932
          ],
          [
            134.433613,
            34.200932
          ],
          [
            134.433715,
            34.200882
          ],
          [
            134.433986,
            34.200701
          ],
          [
            134.434352,
            34.200442
          ],
          [
            134.434461,
            34.200341
          ],
          [
            134.434718,
            34.200008
          ],
          [
            134.434766,
            34.199878
          ],
          [
            134.434779,
            34.199816
          ],
          [
            134.434786,
            34.199647
          ],
          [
            134.434746,
            34.199557
          ],
          [
            134.434725,
            34.199399
          ],
          [
            134.434718,
            34.199247
          ],
          [
            134.434691,
            34.199129
          ],
          [
            134.434705,
            34.19905
          ],
          [
            134.434691,
            34.198999
          ],
          [
            134.434684,
            34.198779
          ],
          [
            134.434705,
            34.198661
          ],
          [
            134.434783,
            34.198486
          ],
          [
            134.434887,
            34.198324
          ],
          [
            134.435004,
            34.198266
          ],
          [
            134.435151,
            34.19826
          ],
          [
            134.435283,
            34.19826
          ],
          [
            134.435392,
            34.198295
          ],
          [
            134.435536,
            34.198341
          ],
          [
            134.43561,
            34.198344
          ],
          [
            134.435761,
            34.198289
          ],
          [
            134.435913,
            34.198195
          ],
          [
            134.436041,
            34.198095
          ],
          [
            134.436196,
            34.198028
          ],
          [
            134.436316,
            34.198018
          ],
          [
            134.436437,
            34.198031
          ],
          [
            134.436596,
            34.19806
          ],
          [
            134.436662,
            34.198056
          ],
          [
            134.436763,
            34.198005
          ],
          [
            134.43686,
            34.197905
          ],
          [
            134.437008,
            34.197814
          ],
          [
            134.43719,
            34.197698
          ],
          [
            134.437375,
            34.197477
          ],
          [
            134.437472,
            34.197322
          ],
          [
            134.437526,
            34.197093
          ],
          [
            134.437554,
            34.197061
          ],
          [
            134.437612,
            34.197067
          ],
          [
            134.437709,
            34.19709
          ],
          [
            134.437813,
            34.197093
          ],
          [
            134.437988,
            34.197051
          ],
          [
            134.438132,
            34.197035
          ],
          [
            134.4384,
            34.197071
          ],
          [
            134.438563,
            34.197094
          ],
          [
            134.438996,
            34.197173
          ],
          [
            134.439073,
            34.197174
          ],
          [
            134.439151,
            34.197175
          ],
          [
            134.439263,
            34.197148
          ],
          [
            134.439363,
            34.197094
          ],
          [
            134.439423,
            34.197038
          ],
          [
            134.439485,
            34.196959
          ],
          [
            134.43954,
            34.19684
          ],
          [
            134.43956,
            34.196732
          ],
          [
            134.439573,
            34.195915
          ],
          [
            134.439613,
            34.195605
          ],
          [
            134.439613,
            34.195442
          ],
          [
            134.439566,
            34.195352
          ],
          [
            134.439274,
            34.19502
          ],
          [
            134.439024,
            34.19472
          ],
          [
            134.438903,
            34.194529
          ],
          [
            134.438746,
            34.194225
          ],
          [
            134.438408,
            34.193486
          ],
          [
            134.438394,
            34.193374
          ],
          [
            134.43853,
            34.192905
          ],
          [
            134.43859,
            34.19277
          ],
          [
            134.438651,
            34.192674
          ],
          [
            134.438916,
            34.192326
          ],
          [
            134.438984,
            34.192117
          ],
          [
            134.439086,
            34.191971
          ],
          [
            134.439296,
            34.191717
          ],
          [
            134.439479,
            34.191548
          ],
          [
            134.439594,
            34.191469
          ],
          [
            134.439763,
            34.191322
          ],
          [
            134.44005,
            34.191371
          ],
          [
            134.440219,
            34.191419
          ],
          [
            134.44036,
            34.191508
          ],
          [
            134.440488,
            34.191604
          ],
          [
            134.44059,
            34.191644
          ],
          [
            134.440835,
            34.191689
          ],
          [
            134.441058,
            34.191745
          ],
          [
            134.441438,
            34.191903
          ],
          [
            134.44154,
            34.191931
          ],
          [
            134.441777,
            34.191971
          ],
          [
            134.442183,
            34.192072
          ],
          [
            134.442442,
            34.192098
          ],
          [
            134.442422,
            34.191934
          ],
          [
            134.442442,
            34.191883
          ],
          [
            134.442498,
            34.191851
          ],
          [
            134.442739,
            34.191779
          ],
          [
            134.442888,
            34.191675
          ],
          [
            134.443075,
            34.191467
          ],
          [
            134.44321,
            34.191339
          ],
          [
            134.443312,
            34.191231
          ],
          [
            134.443368,
            34.191271
          ],
          [
            134.4434643,
            34.1913461
          ],
          [
            134.4435867,
            34.191281
          ],
          [
            134.4438449,
            34.1912544
          ],
          [
            134.4442098,
            34.1908077
          ],
          [
            134.4488911,
            34.190009
          ],
          [
            134.4487226,
            34.190004
          ],
          [
            134.4486079,
            34.1900799
          ],
          [
            134.4485292,
            34.1902084
          ],
          [
            134.4484706,
            34.1903355
          ],
          [
            134.4484392,
            34.1904898
          ],
          [
            134.4482984,
            34.190575
          ],
          [
            134.4480275,
            34.1905413
          ],
          [
            134.4478955,
            34.1904207
          ],
          [
            134.447825,
            34.1903196
          ],
          [
            134.4476961,
            34.1899745
          ],
          [
            134.4475722,
            34.1896115
          ],
          [
            134.4475093,
            34.1895191
          ],
          [
            134.4473826,
            34.1894443
          ],
          [
            134.4472354,
            34.1894143
          ],
          [
            134.4470973,
            34.1894552
          ],
          [
            134.4469328,
            34.1895517
          ],
          [
            134.446677,
            34.1898019
          ],
          [
            134.4465906,
            34.1899104
          ],
          [
            134.4465823,
            34.1900657
          ],
          [
            134.446548,
            34.1902077
          ],
          [
            134.4464877,
            34.1902931
          ],
          [
            134.4458299,
            34.1907407
          ],
          [
            134.4456813,
            34.1908152
          ],
          [
            134.445538,
            34.1908154
          ],
          [
            134.4453261,
            34.1906725
          ],
          [
            134.4452204,
            34.1906535
          ],
          [
            134.4450505,
            34.1907038
          ],
          [
            134.4448485,
            34.1908964
          ],
          [
            134.4447655,
            34.1909378
          ],
          [
            134.4446335,
            34.1909685
          ],
          [
            134.444491,
            34.1909796
          ],
          [
            134.4444141,
            34.1909734
          ],
          [
            134.4443061,
            34.1909376
          ],
          [
            134.4442457,
            34.1908983
          ],
          [
            134.4442098,
            34.1908077
          ],
          [
            134.449861,
            34.1901864
          ],
          [
            134.4496683,
            34.1900891
          ],
          [
            134.4495905,
            34.1900645
          ],
          [
            134.4495234,
            34.190062
          ],
          [
            134.4491975,
            34.1900947
          ],
          [
            134.4491028,
            34.1900833
          ],
          [
            134.4490027,
            34.1900586
          ],
          [
            134.4488911,
            34.190009
          ],
          [
            134.4515422,
            34.1901336
          ],
          [
            134.4514328,
            34.1904804
          ],
          [
            134.4514066,
            34.1905445
          ],
          [
            134.4513618,
            34.1905796
          ],
          [
            134.4512769,
            34.1906014
          ],
          [
            134.4511919,
            34.1906166
          ],
          [
            134.4510702,
            34.1906093
          ],
          [
            134.4508567,
            34.1905698
          ],
          [
            134.4506724,
            34.1905113
          ],
          [
            134.4503932,
            34.1903435
          ],
          [
            134.4499452,
            34.1902305
          ],
          [
            134.449861,
            34.1901864
          ],
          [
            134.4519032,
            34.1899929
          ],
          [
            134.4518386,
            34.1899634
          ],
          [
            134.4517659,
            34.1899383
          ],
          [
            134.4516834,
            34.1899466
          ],
          [
            134.4516277,
            34.1899726
          ],
          [
            134.4515756,
            34.1900331
          ],
          [
            134.4515422,
            34.1901336
          ],
          [
            134.4527712,
            34.1897998
          ],
          [
            134.4527158,
            34.189973
          ],
          [
            134.4526335,
            34.1901128
          ],
          [
            134.4526055,
            34.1901484
          ],
          [
            134.4525669,
            34.1901841
          ],
          [
            134.4525183,
            34.1902026
          ],
          [
            134.4524537,
            34.1902123
          ],
          [
            134.4523673,
            34.1902006
          ],
          [
            134.4521912,
            34.1901445
          ],
          [
            134.4519032,
            34.1899929
          ],
          [
            134.4527631,
            34.1887905
          ],
          [
            134.4527918,
            34.1888869
          ],
          [
            134.4528471,
            34.1891675
          ],
          [
            134.4528455,
            34.1893242
          ],
          [
            134.4528277,
            34.189481
          ],
          [
            134.4527712,
            34.1897998
          ],
          [
            134.4527631,
            34.1887905
          ],
          [
            134.4530358,
            34.189031
          ],
          [
            134.4532943,
            34.1892814
          ],
          [
            134.4534896,
            34.1894536
          ],
          [
            134.4538084,
            34.1897945
          ],
          [
            134.4538954,
            34.1898547
          ],
          [
            134.4543771,
            34.1900156
          ],
          [
            134.454544,
            34.1901035
          ],
          [
            134.4546281,
            34.1901802
          ],
          [
            134.4547283,
            34.1903235
          ],
          [
            134.45532,
            34.19064
          ],
          [
            134.455482,
            34.190697
          ],
          [
            134.455637,
            34.190725
          ],
          [
            134.4558124,
            34.1907263
          ],
          [
            134.4559776,
            34.1907043
          ],
          [
            134.4561314,
            34.1906596
          ],
          [
            134.4562315,
            34.1906037
          ],
          [
            134.4562484,
            34.1905529
          ],
          [
            134.4562463,
            34.190352
          ],
          [
            134.4562627,
            34.1902993
          ],
          [
            134.4563006,
            34.1902199
          ],
          [
            134.4563847,
            34.1900915
          ],
          [
            134.4564939,
            34.1899962
          ],
          [
            134.4565914,
            34.1899453
          ],
          [
            134.4566217,
            34.1899294
          ],
          [
            134.4566888,
            34.1898943
          ],
          [
            134.4567278,
            34.1898537
          ],
          [
            134.456859,
            34.189283
          ],
          [
            134.4568737,
            34.1892219
          ],
          [
            134.4568602,
            34.1890181
          ],
          [
            134.4568749,
            34.1889583
          ],
          [
            134.456954,
            34.188832
          ],
          [
            134.457007,
            34.188741
          ],
          [
            134.457185,
            34.188527
          ],
          [
            134.457246,
            34.188437
          ],
          [
            134.4573245,
            34.1882
          ],
          [
            134.4574244,
            34.1879941
          ],
          [
            134.4574992,
            34.1878141
          ],
          [
            134.4575499,
            34.1876231
          ],
          [
            134.4575487,
            34.1875332
          ],
          [
            134.4575305,
            34.1873898
          ],
          [
            134.457548,
            34.1872843
          ],
          [
            134.4575684,
            34.1872257
          ],
          [
            134.4576157,
            34.1871317
          ],
          [
            134.4576915,
            34.1870501
          ],
          [
            134.4578008,
            34.1869335
          ],
          [
            134.4578375,
            34.1868811
          ],
          [
            134.4578956,
            34.1867557
          ],
          [
            134.457949,
            34.1866955
          ],
          [
            134.4581765,
            34.1864957
          ],
          [
            134.4582117,
            34.1864523
          ],
          [
            134.4582297,
            34.186396
          ],
          [
            134.4582369,
            34.1863176
          ],
          [
            134.4583319,
            34.1859459
          ],
          [
            134.4583852,
            34.1858521
          ],
          [
            134.4584654,
            34.1857804
          ],
          [
            134.458573,
            34.1857085
          ],
          [
            134.4586459,
            34.1856321
          ],
          [
            134.458697,
            34.185568
          ],
          [
            134.4587731,
            34.1854837
          ],
          [
            134.458886,
            34.1854236
          ],
          [
            134.4589802,
            34.1853879
          ],
          [
            134.4591791,
            34.18535
          ],
          [
            134.4595708,
            34.18523
          ],
          [
            134.4598308,
            34.1851649
          ],
          [
            134.4600909,
            34.1851533
          ],
          [
            134.4601825,
            34.1851333
          ],
          [
            134.4603224,
            34.1850224
          ],
          [
            134.4604411,
            34.1849515
          ],
          [
            134.4606061,
            34.1849148
          ],
          [
            134.4607504,
            34.1849015
          ],
          [
            134.461046,
            34.1849503
          ],
          [
            134.4611675,
            34.1849392
          ],
          [
            134.4614999,
            34.1848233
          ],
          [
            134.4617151,
            34.1847177
          ],
          [
            134.461941,
            34.1846475
          ],
          [
            134.4621171,
            34.1846365
          ],
          [
            134.4622569,
            34.1846398
          ],
          [
            134.462386,
            34.184683
          ],
          [
            134.4625839,
            34.1847782
          ],
          [
            134.4627411,
            34.1848654
          ],
          [
            134.4627858,
            34.184895
          ],
          [
            134.462807,
            34.1849412
          ],
          [
            134.4628097,
            34.1849984
          ],
          [
            134.46274,
            34.1852352
          ],
          [
            134.462658,
            34.1854247
          ],
          [
            134.4626677,
            34.1854529
          ],
          [
            134.4626994,
            34.1854758
          ],
          [
            134.4627339,
            34.1854829
          ],
          [
            134.4627726,
            34.1854709
          ],
          [
            134.4628033,
            34.1854434
          ],
          [
            134.4629983,
            34.185185
          ],
          [
            134.463075,
            34.1851459
          ],
          [
            134.4631411,
            34.18514
          ],
          [
            134.4635482,
            34.1852058
          ],
          [
            134.4636344,
            34.1852352
          ],
          [
            134.4636888,
            34.1852838
          ],
          [
            134.4637824,
            34.1854471
          ],
          [
            134.4638339,
            34.1855599
          ],
          [
            134.4638965,
            34.1856212
          ],
          [
            134.4639819,
            34.1856706
          ],
          [
            134.4640923,
            34.1856788
          ],
          [
            134.4642407,
            34.1856542
          ],
          [
            134.4643115,
            34.1856698
          ],
          [
            134.4644841,
            34.1857762
          ],
          [
            134.4645341,
            34.1857953
          ],
          [
            134.4646869,
            34.1858174
          ],
          [
            134.4649096,
            34.1858698
          ],
          [
            134.4651933,
            34.1859688
          ],
          [
            134.4652632,
            34.1859814
          ],
          [
            134.4653357,
            34.1859762
          ],
          [
            134.4655287,
            34.1859252
          ],
          [
            134.4656519,
            34.1858852
          ],
          [
            134.4659231,
            34.1858698
          ],
          [
            134.4662134,
            34.1858593
          ],
          [
            134.4665723,
            34.1859369
          ],
          [
            134.4666354,
            34.1859588
          ],
          [
            134.4666985,
            34.1859895
          ],
          [
            134.4669514,
            34.1862186
          ],
          [
            134.4670043,
            34.1862543
          ],
          [
            134.4670865,
            34.1862832
          ],
          [
            134.4671707,
            34.1862943
          ],
          [
            134.4672471,
            34.1862747
          ],
          [
            134.4673664,
            34.1862107
          ],
          [
            134.4674361,
            34.1861915
          ],
          [
            134.4675049,
            34.1861935
          ],
          [
            134.4675568,
            34.1862223
          ],
          [
            134.4676299,
            34.1862764
          ],
          [
            134.4676622,
            34.1863004
          ],
          [
            134.4676904,
            34.1863213
          ],
          [
            134.4677236,
            34.1863459
          ],
          [
            134.4678029,
            34.1863808
          ],
          [
            134.4679197,
            34.1863778
          ],
          [
            134.4681115,
            34.1863501
          ],
          [
            134.4682042,
            34.1863468
          ],
          [
            134.4683116,
            34.186365
          ],
          [
            134.4685433,
            34.1864122
          ],
          [
            134.4693611,
            34.1865179
          ],
          [
            134.4694788,
            34.1865348
          ],
          [
            134.4695828,
            34.1865718
          ],
          [
            134.4704033,
            34.1870093
          ],
          [
            134.4704885,
            34.1870397
          ],
          [
            134.4705673,
            34.1870497
          ],
          [
            134.4706353,
            34.1870442
          ],
          [
            134.4709199,
            34.1869713
          ],
          [
            134.4710396,
            34.1869528
          ],
          [
            134.4711646,
            34.186944
          ],
          [
            134.4713163,
            34.1869419
          ],
          [
            134.4714378,
            34.1869536
          ],
          [
            134.4715819,
            34.1869838
          ],
          [
            134.4716888,
            34.1870082
          ],
          [
            134.4717557,
            34.1870455
          ],
          [
            134.4718485,
            34.1871571
          ],
          [
            134.4719315,
            34.1872694
          ],
          [
            134.4719702,
            34.1874681
          ],
          [
            134.4720021,
            34.1875412
          ],
          [
            134.4720688,
            34.1876031
          ],
          [
            134.4721677,
            34.1876352
          ],
          [
            134.4723177,
            34.1876406
          ],
          [
            134.4726541,
            34.1875808
          ],
          [
            134.4727857,
            34.1875616
          ],
          [
            134.473275,
            34.187603
          ],
          [
            134.4734492,
            34.1876182
          ],
          [
            134.4736128,
            34.1876556
          ],
          [
            134.4736927,
            34.1876755
          ],
          [
            134.4739908,
            34.1877169
          ],
          [
            134.4743265,
            34.1877939
          ],
          [
            134.4743969,
            34.1877966
          ],
          [
            134.4746441,
            34.187764
          ],
          [
            134.4747545,
            34.1877714
          ],
          [
            134.474838,
            34.1878025
          ],
          [
            134.4748864,
            34.1878363
          ],
          [
            134.474936,
            34.1878916
          ],
          [
            134.475007,
            34.1880002
          ],
          [
            134.4751034,
            34.1881422
          ],
          [
            134.4756974,
            34.1888072
          ],
          [
            134.4757639,
            34.1889016
          ],
          [
            134.4758019,
            34.1889775
          ],
          [
            134.4758205,
            34.1890755
          ],
          [
            134.4758525,
            34.1895018
          ],
          [
            134.4758661,
            34.1895732
          ],
          [
            134.4759002,
            34.1896346
          ],
          [
            134.4759584,
            34.1896916
          ],
          [
            134.4761829,
            34.189872
          ],
          [
            134.4762572,
            34.1899192
          ],
          [
            134.4762988,
            34.1899225
          ],
          [
            134.4763745,
            34.1898121
          ],
          [
            134.4763286,
            34.189856
          ],
          [
            134.4762988,
            34.1899225
          ],
          [
            134.4764721,
            34.1897542
          ],
          [
            134.4763745,
            34.1898121
          ],
          [
            134.4789574,
            34.188189
          ],
          [
            134.4783409,
            34.1885794
          ],
          [
            134.4775582,
            34.1892036
          ],
          [
            134.4772901,
            34.1893645
          ],
          [
            134.4771083,
            34.1894375
          ],
          [
            134.4766646,
            34.1896267
          ],
          [
            134.4764721,
            34.1897542
          ],
          [
            134.4798928,
            34.1854073
          ],
          [
            134.479979,
            34.185679
          ],
          [
            134.4799873,
            34.1857398
          ],
          [
            134.4799711,
            34.1858196
          ],
          [
            134.4799334,
            34.1859017
          ],
          [
            134.4797537,
            34.1861968
          ],
          [
            134.4797291,
            34.1862826
          ],
          [
            134.4797222,
            34.1863721
          ],
          [
            134.4797394,
            34.1865193
          ],
          [
            134.4797142,
            34.1866
          ],
          [
            134.4794177,
            34.1870588
          ],
          [
            134.4794002,
            34.1871005
          ],
          [
            134.4791829,
            34.1878877
          ],
          [
            134.4790654,
            34.1880547
          ],
          [
            134.4789574,
            34.188189
          ],
          [
            134.479691,
            34.1829552
          ],
          [
            134.4794005,
            34.1827599
          ],
          [
            134.4793623,
            34.1827421
          ],
          [
            134.4793127,
            34.1827464
          ],
          [
            134.479281,
            34.1827648
          ],
          [
            134.4792625,
            34.1827939
          ],
          [
            134.4792735,
            34.1828652
          ],
          [
            134.4793174,
            34.18294
          ],
          [
            134.4795116,
            34.1831612
          ],
          [
            134.4796091,
            34.183254
          ],
          [
            134.4797075,
            34.1833293
          ],
          [
            134.4800526,
            34.1835554
          ],
          [
            134.4801146,
            34.183631
          ],
          [
            134.4801294,
            34.1837032
          ],
          [
            134.4800322,
            34.1839581
          ],
          [
            134.480018,
            34.1840607
          ],
          [
            134.480027,
            34.1841607
          ],
          [
            134.4800976,
            34.1843163
          ],
          [
            134.480097,
            34.1843802
          ],
          [
            134.4800752,
            34.1844477
          ],
          [
            134.4799221,
            34.184599
          ],
          [
            134.4799032,
            34.1846438
          ],
          [
            134.4798827,
            34.1847104
          ],
          [
            134.4798992,
            34.1849078
          ],
          [
            134.4799169,
            34.1849655
          ],
          [
            134.479956,
            34.1850543
          ],
          [
            134.4799554,
            34.1851467
          ],
          [
            134.4799402,
            34.1851945
          ],
          [
            134.4799062,
            34.1852579
          ],
          [
            134.4798812,
            34.1853402
          ],
          [
            134.4798928,
            34.1854073
          ],
          [
            134.4812169,
            34.1785228
          ],
          [
            134.4813237,
            34.1787548
          ],
          [
            134.4813376,
            34.1788541
          ],
          [
            134.4812495,
            34.1792242
          ],
          [
            134.481256,
            34.1792654
          ],
          [
            134.4813612,
            34.1794014
          ],
          [
            134.4813993,
            34.1794619
          ],
          [
            134.4814062,
            34.1795251
          ],
          [
            134.4813648,
            34.1797081
          ],
          [
            134.4813333,
            34.1797532
          ],
          [
            134.4811194,
            34.1799071
          ],
          [
            134.4810926,
            34.1799836
          ],
          [
            134.4811128,
            34.1801638
          ],
          [
            134.4810954,
            34.1802353
          ],
          [
            134.4810654,
            34.1803051
          ],
          [
            134.4809603,
            34.1804682
          ],
          [
            134.4808769,
            34.1805156
          ],
          [
            134.4807158,
            34.1805648
          ],
          [
            134.4806674,
            34.1805875
          ],
          [
            134.4806347,
            34.1806337
          ],
          [
            134.4806344,
            34.1806872
          ],
          [
            134.4806884,
            34.1807967
          ],
          [
            134.4808021,
            34.1809717
          ],
          [
            134.4808757,
            34.181089
          ],
          [
            134.4809465,
            34.181311
          ],
          [
            134.4809474,
            34.1814233
          ],
          [
            134.4809187,
            34.1815244
          ],
          [
            134.4808173,
            34.1816883
          ],
          [
            134.4807121,
            34.1819287
          ],
          [
            134.480635,
            34.1822324
          ],
          [
            134.4805827,
            34.1823253
          ],
          [
            134.4804385,
            34.1825427
          ],
          [
            134.4803774,
            34.18276
          ],
          [
            134.4802452,
            34.1830205
          ],
          [
            134.4802028,
            34.1830789
          ],
          [
            134.4801444,
            34.1831085
          ],
          [
            134.4800598,
            34.1831115
          ],
          [
            134.4798465,
            34.1830458
          ],
          [
            134.479691,
            34.1829552
          ],
          [
            134.4825319,
            34.1791988
          ],
          [
            134.4824024,
            34.1791773
          ],
          [
            134.4822921,
            34.1791444
          ],
          [
            134.4822181,
            34.1791035
          ],
          [
            134.4821785,
            34.1790642
          ],
          [
            134.4821227,
            34.1789761
          ],
          [
            134.4820815,
            34.1787248
          ],
          [
            134.4820474,
            34.1786147
          ],
          [
            134.4819781,
            34.1784975
          ],
          [
            134.481941,
            34.1784468
          ],
          [
            134.4818572,
            34.1783978
          ],
          [
            134.481598,
            34.1783059
          ],
          [
            134.4814567,
            34.1782183
          ],
          [
            134.4812534,
            34.178056
          ],
          [
            134.4811679,
            34.1779394
          ],
          [
            134.4811333,
            34.1778916
          ],
          [
            134.4810835,
            34.1778685
          ],
          [
            134.4810432,
            34.1778827
          ],
          [
            134.481007,
            34.1779276
          ],
          [
            134.4809861,
            34.1779871
          ],
          [
            134.4809974,
            34.178122
          ],
          [
            134.4810696,
            34.1782802
          ],
          [
            134.4812169,
            34.1785228
          ],
          [
            134.4825947,
            34.1784093
          ],
          [
            134.4825957,
            34.1784976
          ],
          [
            134.4826215,
            34.178575
          ],
          [
            134.4827813,
            34.1789388
          ],
          [
            134.4827871,
            34.1790483
          ],
          [
            134.4827496,
            34.1791502
          ],
          [
            134.4826908,
            34.1791802
          ],
          [
            134.482618,
            34.1791927
          ],
          [
            134.4825319,
            34.1791988
          ],
          [
            134.4841964,
            34.1769444
          ],
          [
            134.4841906,
            34.1770174
          ],
          [
            134.4841495,
            34.177271
          ],
          [
            134.4840547,
            34.1776622
          ],
          [
            134.4840441,
            34.1779783
          ],
          [
            134.4840823,
            34.1782
          ],
          [
            134.4840688,
            34.178347
          ],
          [
            134.4840383,
            34.1784629
          ],
          [
            134.4839622,
            34.1785676
          ],
          [
            134.4839096,
            34.1785933
          ],
          [
            134.4838435,
            34.1786013
          ],
          [
            134.4837801,
            34.178589
          ],
          [
            134.4837028,
            34.1785652
          ],
          [
            134.4834699,
            34.178417
          ],
          [
            134.483377,
            34.178335
          ],
          [
            134.4833267,
            34.1782593
          ],
          [
            134.48326,
            34.1781382
          ],
          [
            134.4831557,
            34.1778884
          ],
          [
            134.4831161,
            34.1778135
          ],
          [
            134.483055,
            34.1777829
          ],
          [
            134.4829792,
            34.1777752
          ],
          [
            134.4829196,
            34.1777897
          ],
          [
            134.4828329,
            34.1778408
          ],
          [
            134.4827944,
            34.177914
          ],
          [
            134.4825947,
            34.1784093
          ],
          [
            134.4968789,
            34.1732301
          ],
          [
            134.4967929,
            34.1733096
          ],
          [
            134.496656,
            34.1733979
          ],
          [
            134.4957286,
            34.1738579
          ],
          [
            134.495649,
            34.1739186
          ],
          [
            134.4956097,
            34.1739948
          ],
          [
            134.4954132,
            34.1745523
          ],
          [
            134.4953956,
            34.1745735
          ],
          [
            134.49536,
            34.1745911
          ],
          [
            134.4953068,
            34.1745944
          ],
          [
            134.4952658,
            34.174572
          ],
          [
            134.4951228,
            34.1744098
          ],
          [
            134.4950783,
            34.1743695
          ],
          [
            134.495024,
            34.1743421
          ],
          [
            134.4949383,
            34.1743352
          ],
          [
            134.4945997,
            34.1743336
          ],
          [
            134.4945504,
            34.1743366
          ],
          [
            134.4944969,
            34.1743645
          ],
          [
            134.4944554,
            34.1743996
          ],
          [
            134.4944447,
            34.1744257
          ],
          [
            134.4943476,
            34.1750271
          ],
          [
            134.4943187,
            34.1750887
          ],
          [
            134.4942802,
            34.1751318
          ],
          [
            134.4942282,
            34.1751792
          ],
          [
            134.4941673,
            34.175203
          ],
          [
            134.4941193,
            34.1752103
          ],
          [
            134.4940658,
            34.1752021
          ],
          [
            134.4940367,
            34.1751712
          ],
          [
            134.4940245,
            34.1751344
          ],
          [
            134.4939564,
            34.1747924
          ],
          [
            134.4939345,
            34.1747227
          ],
          [
            134.4939142,
            34.1746757
          ],
          [
            134.4938912,
            34.1746453
          ],
          [
            134.4938602,
            34.1746164
          ],
          [
            134.4938104,
            34.1745986
          ],
          [
            134.4937506,
            34.1745986
          ],
          [
            134.4936926,
            34.1746086
          ],
          [
            134.4936341,
            34.1746347
          ],
          [
            134.4935874,
            34.1746677
          ],
          [
            134.4934863,
            34.1747952
          ],
          [
            134.4934384,
            34.1748234
          ],
          [
            134.4933972,
            34.1748316
          ],
          [
            134.4933355,
            34.174827
          ],
          [
            134.4931531,
            34.1747387
          ],
          [
            134.4931101,
            34.1747259
          ],
          [
            134.4930692,
            34.1747283
          ],
          [
            134.4930323,
            34.1747408
          ],
          [
            134.4930001,
            34.1747659
          ],
          [
            134.4929827,
            34.1747934
          ],
          [
            134.4929664,
            34.1748389
          ],
          [
            134.4929273,
            34.1750919
          ],
          [
            134.4929087,
            34.1751525
          ],
          [
            134.4928875,
            34.1752064
          ],
          [
            134.4928589,
            34.1752548
          ],
          [
            134.492825,
            34.1753032
          ],
          [
            134.4926901,
            34.1754387
          ],
          [
            134.4926374,
            34.1754737
          ],
          [
            134.4925793,
            34.175502
          ],
          [
            134.4923053,
            34.1755931
          ],
          [
            134.4921842,
            34.1756243
          ],
          [
            134.49193,
            34.1756508
          ],
          [
            134.4918653,
            34.175648
          ],
          [
            134.4918006,
            34.175634
          ],
          [
            134.49174,
            34.1756129
          ],
          [
            134.4917237,
            34.1755889
          ],
          [
            134.4917304,
            34.1755664
          ],
          [
            134.4921661,
            34.1751521
          ],
          [
            134.4921993,
            34.1750962
          ],
          [
            134.4922083,
            34.1750493
          ],
          [
            134.4921898,
            34.1749404
          ],
          [
            134.4921632,
            34.1748626
          ],
          [
            134.4921176,
            34.174779
          ],
          [
            134.4920747,
            34.1747297
          ],
          [
            134.4920288,
            34.1747017
          ],
          [
            134.49197,
            34.1746845
          ],
          [
            134.4919071,
            34.1746818
          ],
          [
            134.4917048,
            34.1747241
          ],
          [
            134.4916265,
            34.1747297
          ],
          [
            134.4914915,
            34.1747143
          ],
          [
            134.4914302,
            34.1747099
          ],
          [
            134.4913758,
            34.1747191
          ],
          [
            134.4913212,
            34.1747449
          ],
          [
            134.4912759,
            34.1747894
          ],
          [
            134.491017,
            34.175082
          ],
          [
            134.4909757,
            34.1751113
          ],
          [
            134.4909211,
            34.1751184
          ],
          [
            134.4908792,
            34.175106
          ],
          [
            134.4908303,
            34.1750752
          ],
          [
            134.4907225,
            34.1749252
          ],
          [
            134.490692,
            34.1748951
          ],
          [
            134.4906589,
            34.1748806
          ],
          [
            134.4906101,
            34.1748766
          ],
          [
            134.4905509,
            34.1748768
          ],
          [
            134.4904916,
            34.174887
          ],
          [
            134.4902531,
            34.1749578
          ],
          [
            134.4902112,
            34.1749843
          ],
          [
            134.4901786,
            34.1750131
          ],
          [
            134.4901403,
            34.1750551
          ],
          [
            134.4897568,
            34.1757663
          ],
          [
            134.4897068,
            34.1758328
          ],
          [
            134.4896836,
            34.1758549
          ],
          [
            134.4896525,
            34.1758658
          ],
          [
            134.4896088,
            34.1758642
          ],
          [
            134.4895587,
            34.1758545
          ],
          [
            134.4894953,
            34.1758193
          ],
          [
            134.4894389,
            34.1757689
          ],
          [
            134.4894202,
            34.1757341
          ],
          [
            134.4893451,
            34.1754934
          ],
          [
            134.4893129,
            34.1754258
          ],
          [
            134.4892846,
            34.1753858
          ],
          [
            134.4892308,
            34.1753435
          ],
          [
            134.4891777,
            34.1753219
          ],
          [
            134.4891223,
            34.1753123
          ],
          [
            134.4890589,
            34.1753137
          ],
          [
            134.4890108,
            34.1753183
          ],
          [
            134.488685,
            34.1753996
          ],
          [
            134.4886221,
            34.1754261
          ],
          [
            134.4885773,
            34.1754555
          ],
          [
            134.4885338,
            34.175496
          ],
          [
            134.4880816,
            34.1758944
          ],
          [
            134.4880323,
            34.1759269
          ],
          [
            134.4879958,
            34.1759438
          ],
          [
            134.4879581,
            34.1759563
          ],
          [
            134.4879224,
            34.1759598
          ],
          [
            134.4878868,
            34.1759522
          ],
          [
            134.4878585,
            34.1759407
          ],
          [
            134.4878248,
            34.1759181
          ],
          [
            134.4877792,
            34.1758702
          ],
          [
            134.4875583,
            34.1754841
          ],
          [
            134.4875266,
            34.1754448
          ],
          [
            134.4874846,
            34.1754113
          ],
          [
            134.4874354,
            34.1753967
          ],
          [
            134.4873983,
            34.1753944
          ],
          [
            134.4873373,
            34.1754078
          ],
          [
            134.4872777,
            34.1754402
          ],
          [
            134.4869748,
            34.1757584
          ],
          [
            134.4869466,
            34.1758073
          ],
          [
            134.486938,
            34.1758683
          ],
          [
            134.4869884,
            34.1762278
          ],
          [
            134.4869833,
            34.176257
          ],
          [
            134.4869638,
            34.176289
          ],
          [
            134.4867629,
            34.1764239
          ],
          [
            134.4867443,
            34.1764525
          ],
          [
            134.4866948,
            34.176692
          ],
          [
            134.4866931,
            34.1767481
          ],
          [
            134.4867116,
            34.1768931
          ],
          [
            134.4866848,
            34.1769833
          ],
          [
            134.4866527,
            34.1770525
          ],
          [
            134.4866117,
            34.1770945
          ],
          [
            134.4865559,
            34.1771155
          ],
          [
            134.4864981,
            34.1771202
          ],
          [
            134.4864283,
            34.1770983
          ],
          [
            134.4863637,
            34.1770602
          ],
          [
            134.4860531,
            34.1767435
          ],
          [
            134.4860143,
            34.1767241
          ],
          [
            134.4859634,
            34.1767188
          ],
          [
            134.4857854,
            34.176758
          ],
          [
            134.4857469,
            34.1767572
          ],
          [
            134.4857147,
            34.1767462
          ],
          [
            134.4855281,
            34.1766327
          ],
          [
            134.4854621,
            34.1766025
          ],
          [
            134.4851156,
            34.1764931
          ],
          [
            134.4850844,
            34.1764926
          ],
          [
            134.4850572,
            34.1764987
          ],
          [
            134.4848536,
            34.1766152
          ],
          [
            134.4847479,
            34.1766464
          ],
          [
            134.4846651,
            34.176663
          ],
          [
            134.4844816,
            34.176663
          ],
          [
            134.4843942,
            34.176652
          ],
          [
            134.4843295,
            34.1766043
          ],
          [
            134.4842046,
            34.1764313
          ],
          [
            134.484144,
            34.1763959
          ],
          [
            134.4840739,
            34.1763851
          ],
          [
            134.4840093,
            34.1763888
          ],
          [
            134.4839523,
            34.1764062
          ],
          [
            134.4838688,
            34.1764578
          ],
          [
            134.4838247,
            34.1765167
          ],
          [
            134.4838245,
            34.1765577
          ],
          [
            134.4838363,
            34.1766011
          ],
          [
            134.4838703,
            34.1766339
          ],
          [
            134.4839137,
            34.1766611
          ],
          [
            134.4841493,
            34.1767748
          ],
          [
            134.4841914,
            34.1768138
          ],
          [
            134.4842067,
            34.1768507
          ],
          [
            134.4841964,
            34.1769444
          ],
          [
            134.4993144,
            34.1719743
          ],
          [
            134.4990509,
            34.1719332
          ],
          [
            134.4982609,
            34.1716318
          ],
          [
            134.4981593,
            34.1716014
          ],
          [
            134.4980576,
            34.1715844
          ],
          [
            134.49796,
            34.1715905
          ],
          [
            134.4978677,
            34.1716055
          ],
          [
            134.4977946,
            34.171642
          ],
          [
            134.4977376,
            34.1716785
          ],
          [
            134.4976488,
            34.1717741
          ],
          [
            134.497568,
            34.1718875
          ],
          [
            134.4970206,
            34.1730662
          ],
          [
            134.4968789,
            34.1732301
          ],
          [
            134.4993144,
            34.1719743
          ],
          [
            134.4994883,
            34.1719541
          ],
          [
            134.5009085,
            34.1712382
          ],
          [
            134.5008922,
            34.1712764
          ],
          [
            134.5008745,
            34.1713146
          ],
          [
            134.5008449,
            34.17136
          ],
          [
            134.5008049,
            34.1713996
          ],
          [
            134.5007596,
            34.1714371
          ],
          [
            134.5002579,
            34.1717415
          ],
          [
            134.5000111,
            34.1718467
          ],
          [
            134.4998704,
            34.1718848
          ],
          [
            134.4994883,
            34.1719541
          ],
          [
            134.5009085,
            34.1712382
          ],
          [
            134.5009887,
            34.1712355
          ],
          [
            134.5010529,
            34.1712122
          ],
          [
            134.501152,
            34.1711736
          ],
          [
            134.5015745,
            34.1709283
          ],
          [
            134.5014623,
            34.1702738
          ],
          [
            134.5014925,
            34.1704163
          ],
          [
            134.5015229,
            34.1705594
          ],
          [
            134.5015539,
            34.1707054
          ],
          [
            134.5015697,
            34.1708428
          ],
          [
            134.5015745,
            34.1709283
          ],
          [
            134.5014623,
            34.1702738
          ],
          [
            134.5014387,
            34.1701778
          ],
          [
            134.5013958,
            34.1701495
          ],
          [
            134.5013826,
            34.1698732
          ],
          [
            134.5013958,
            34.1701495
          ],
          [
            134.5013826,
            34.1698732
          ],
          [
            134.5016265,
            34.1698381
          ],
          [
            134.5018538,
            34.1698008
          ],
          [
            134.501918,
            34.1697891
          ],
          [
            134.5019786,
            34.1697769
          ],
          [
            134.5020519,
            34.1696188
          ],
          [
            134.5021345,
            34.1695234
          ],
          [
            134.502218,
            34.1694641
          ],
          [
            134.5023391,
            34.1694194
          ],
          [
            134.5023311,
            34.169361
          ],
          [
            134.5022291,
            34.1687761
          ],
          [
            134.5022072,
            34.1686615
          ],
          [
            134.502189,
            34.1685304
          ],
          [
            134.5021851,
            34.1684194
          ],
          [
            134.5021994,
            34.1682582
          ],
          [
            134.5022071,
            34.1681961
          ],
          [
            134.5022249,
            34.1681122
          ],
          [
            134.5022594,
            34.1680181
          ],
          [
            134.5023335,
            34.1677649
          ],
          [
            134.5023589,
            34.1676809
          ],
          [
            134.5023956,
            34.1674571
          ],
          [
            134.5024982,
            34.1671368
          ],
          [
            134.5025808,
            34.16686
          ],
          [
            134.5026018,
            34.1667651
          ],
          [
            134.5026127,
            34.1666914
          ],
          [
            134.5026224,
            34.1666247
          ],
          [
            134.5026617,
            34.1662866
          ],
          [
            134.5026704,
            34.1660157
          ],
          [
            134.5026685,
            34.1652348
          ],
          [
            134.5026719,
            34.164398
          ],
          [
            134.5026773,
            34.1640015
          ],
          [
            134.5026719,
            34.163902
          ],
          [
            134.50263,
            34.1636427
          ],
          [
            134.5025776,
            34.1633906
          ],
          [
            134.50253,
            34.1630941
          ],
          [
            134.50239,
            34.1623011
          ],
          [
            134.5023801,
            34.1622347
          ],
          [
            134.5023621,
            34.162115
          ],
          [
            134.5023561,
            34.1620744
          ],
          [
            134.5023496,
            34.1620312
          ],
          [
            134.5023495,
            34.161768
          ],
          [
            134.5023527,
            34.1616579
          ],
          [
            134.5023713,
            34.1612745
          ],
          [
            134.5023569,
            34.1611546
          ],
          [
            134.5023277,
            34.1610631
          ],
          [
            134.5022634,
            34.1608494
          ],
          [
            134.5022596,
            34.1606514
          ],
          [
            134.5022669,
            34.1605189
          ],
          [
            134.5022659,
            34.160495
          ],
          [
            134.5022802,
            34.1603075
          ],
          [
            134.5022844,
            34.1601477
          ],
          [
            134.5022424,
            34.1599636
          ],
          [
            134.5022004,
            34.1597031
          ],
          [
            134.5021444,
            34.1592163
          ],
          [
            134.5021609,
            34.1591454
          ],
          [
            134.5021809,
            34.1591121
          ],
          [
            134.5023043,
            34.1590668
          ],
          [
            134.5024059,
            34.1590286
          ],
          [
            134.5024491,
            34.1589724
          ],
          [
            134.5024492,
            34.1589562
          ],
          [
            134.5024925,
            34.1589579
          ],
          [
            134.5024902,
            34.15904
          ],
          [
            134.5024919,
            34.1590616
          ],
          [
            134.5024975,
            34.1591347
          ],
          [
            134.5024991,
            34.1591559
          ],
          [
            134.5025007,
            34.1592616
          ],
          [
            134.5024889,
            34.1592777
          ],
          [
            134.5024496,
            34.1592952
          ],
          [
            134.502451,
            34.1593115
          ],
          [
            134.5025133,
            34.1593626
          ],
          [
            134.5025195,
            34.1595888
          ],
          [
            134.5025133,
            34.1593626
          ]
        ]
      },
      "properties": {
        "routeId": "shikoku-88-sanuki",
        "name": "Sanuki (Temples 65-88, and the return to Temple 1)",
        "type": "main",
        "source": "OpenStreetMap (24 relations, fetched 2026-09-09)"
      }
    }
  ]
}
