{
  "type": "FeatureCollection",
  "features": [
    {
      "type": "Feature",
      "id": "wp-osm-sacred_site-node4434097289",
      "geometry": {
        "type": "Point",
        "coordinates": [
          132.7740727,
          32.9613141
        ]
      },
      "properties": {
        "routeId": "shikoku-88-iyo",
        "name": "39 Enko-ji",
        "nameLocalized": {
          "ja": "第39番札所 延光寺"
        },
        "type": "sacred_site",
        "subtype": "church",
        "stageIndex": 0,
        "kmFromStart": 0,
        "icon": "church",
        "source": "osm",
        "osmId": "node/4434097289"
      }
    },
    {
      "type": "Feature",
      "id": "wp-osm-medical-node1423742792",
      "geometry": {
        "type": "Point",
        "coordinates": [
          132.765701,
          32.945806
        ]
      },
      "properties": {
        "routeId": "shikoku-88-iyo",
        "name": "祥星会聖ケ丘病院",
        "type": "medical",
        "subtype": "hospital",
        "stageIndex": 0,
        "kmFromStart": 2.6,
        "icon": "hospital",
        "source": "osm",
        "osmId": "node/1423742792"
      }
    },
    {
      "type": "Feature",
      "id": "wp-osm-food-node8506196245",
      "geometry": {
        "type": "Point",
        "coordinates": [
          132.749043,
          32.9451234
        ]
      },
      "properties": {
        "routeId": "shikoku-88-iyo",
        "name": "レストラン鶴亀",
        "type": "food",
        "subtype": "restaurant",
        "stageIndex": 0,
        "kmFromStart": 4.2,
        "icon": "restaurant",
        "source": "osm",
        "osmId": "node/8506196245"
      }
    },
    {
      "type": "Feature",
      "id": "wp-osm-medical-node1423744715",
      "geometry": {
        "type": "Point",
        "coordinates": [
          132.731093,
          32.935472
        ]
      },
      "properties": {
        "routeId": "shikoku-88-iyo",
        "name": "長生会大井田病院",
        "type": "medical",
        "subtype": "hospital",
        "stageIndex": 0,
        "kmFromStart": 6.1,
        "icon": "hospital",
        "source": "osm",
        "osmId": "node/1423744715"
      }
    },
    {
      "type": "Feature",
      "id": "wp-osm-supply-node10858084270",
      "geometry": {
        "type": "Point",
        "coordinates": [
          132.7323663,
          32.9364455
        ]
      },
      "properties": {
        "routeId": "shikoku-88-iyo",
        "name": "Unnamed",
        "type": "supply",
        "subtype": "toilet",
        "stageIndex": 0,
        "kmFromStart": 6.2,
        "icon": "toilet",
        "source": "osm",
        "osmId": "node/10858084270"
      }
    },
    {
      "type": "Feature",
      "id": "wp-osm-medical-node13909337124",
      "geometry": {
        "type": "Point",
        "coordinates": [
          132.7301943,
          32.9356465
        ]
      },
      "properties": {
        "routeId": "shikoku-88-iyo",
        "name": "吉村調剤薬局",
        "type": "medical",
        "subtype": "pharmacy",
        "stageIndex": 0,
        "kmFromStart": 6.1,
        "icon": "pharmacy",
        "source": "osm",
        "osmId": "node/13909337124"
      }
    },
    {
      "type": "Feature",
      "id": "wp-osm-supply-node13904553857",
      "geometry": {
        "type": "Point",
        "coordinates": [
          132.7306114,
          32.9384599
        ]
      },
      "properties": {
        "routeId": "shikoku-88-iyo",
        "name": "Unnamed",
        "type": "supply",
        "subtype": "vending_machine",
        "stageIndex": 0,
        "kmFromStart": 6.5,
        "icon": "vending_machine",
        "source": "osm",
        "osmId": "node/13904553857"
      }
    },
    {
      "type": "Feature",
      "id": "wp-osm-sacred_site-node13909337222",
      "geometry": {
        "type": "Point",
        "coordinates": [
          132.7294565,
          32.9393252
        ]
      },
      "properties": {
        "routeId": "shikoku-88-iyo",
        "name": "日本キリスト改革派",
        "type": "sacred_site",
        "subtype": "church",
        "stageIndex": 0,
        "kmFromStart": 6.5,
        "icon": "church",
        "source": "osm",
        "osmId": "node/13909337222"
      }
    },
    {
      "type": "Feature",
      "id": "wp-osm-food-node13904553845",
      "geometry": {
        "type": "Point",
        "coordinates": [
          132.7277002,
          32.9386224
        ]
      },
      "properties": {
        "routeId": "shikoku-88-iyo",
        "name": "蔵",
        "type": "food",
        "subtype": "restaurant",
        "stageIndex": 0,
        "kmFromStart": 6.7,
        "icon": "restaurant",
        "source": "osm",
        "osmId": "node/13904553845"
      }
    },
    {
      "type": "Feature",
      "id": "wp-osm-supply-node13909251562",
      "geometry": {
        "type": "Point",
        "coordinates": [
          132.7285154,
          32.9360505
        ]
      },
      "properties": {
        "routeId": "shikoku-88-iyo",
        "name": "Unnamed",
        "type": "supply",
        "subtype": "vending_machine",
        "stageIndex": 0,
        "kmFromStart": 6.7,
        "icon": "vending_machine",
        "source": "osm",
        "osmId": "node/13909251562"
      }
    },
    {
      "type": "Feature",
      "id": "wp-osm-town-node691562989",
      "geometry": {
        "type": "Point",
        "coordinates": [
          132.7262671,
          32.9390595
        ]
      },
      "properties": {
        "routeId": "shikoku-88-iyo",
        "name": "Sukumo",
        "nameLocalized": {
          "ar": "سوكومو، كوتشي",
          "cs": "Sukumo",
          "de": "Sukumo",
          "es": "Sukumo",
          "fr": "Sukumo",
          "id": "Sukumo",
          "ja": "宿毛市",
          "ko": "스쿠모시",
          "pl": "Sukumo",
          "ru": "Сукумо",
          "uk": "Сукумо",
          "zh": "宿毛市"
        },
        "type": "town",
        "subtype": "city",
        "stageIndex": 0,
        "kmFromStart": 6.8,
        "icon": "city",
        "source": "osm",
        "osmId": "node/691562989"
      }
    },
    {
      "type": "Feature",
      "id": "wp-osm-transport-node13912410010",
      "geometry": {
        "type": "Point",
        "coordinates": [
          132.726497,
          32.9383559
        ]
      },
      "properties": {
        "routeId": "shikoku-88-iyo",
        "name": "宿毛市役所前",
        "type": "transport",
        "subtype": "bus_stop",
        "stageIndex": 0,
        "kmFromStart": 6.8,
        "icon": "bus_stop",
        "source": "osm",
        "osmId": "node/13912410010"
      }
    },
    {
      "type": "Feature",
      "id": "wp-osm-food-node13919092138",
      "geometry": {
        "type": "Point",
        "coordinates": [
          132.7252379,
          32.9379186
        ]
      },
      "properties": {
        "routeId": "shikoku-88-iyo",
        "name": "マミむ",
        "type": "food",
        "subtype": "cafe",
        "stageIndex": 0,
        "kmFromStart": 6.9,
        "icon": "cafe",
        "source": "osm",
        "osmId": "node/13919092138"
      }
    },
    {
      "type": "Feature",
      "id": "wp-osm-transport-node13919115514",
      "geometry": {
        "type": "Point",
        "coordinates": [
          132.7239951,
          32.9375523
        ]
      },
      "properties": {
        "routeId": "shikoku-88-iyo",
        "name": "中央1丁目",
        "type": "transport",
        "subtype": "bus_stop",
        "stageIndex": 0,
        "kmFromStart": 7,
        "icon": "bus_stop",
        "source": "osm",
        "osmId": "node/13919115514"
      }
    },
    {
      "type": "Feature",
      "id": "wp-osm-supply-node10858072225",
      "geometry": {
        "type": "Point",
        "coordinates": [
          132.7241683,
          32.9363232
        ]
      },
      "properties": {
        "routeId": "shikoku-88-iyo",
        "name": "Lawson",
        "type": "supply",
        "subtype": "convenience_store",
        "stageIndex": 0,
        "kmFromStart": 7.1,
        "icon": "convenience_store",
        "source": "osm",
        "osmId": "node/10858072225"
      }
    },
    {
      "type": "Feature",
      "id": "wp-osm-supply-node13919115547",
      "geometry": {
        "type": "Point",
        "coordinates": [
          132.7231798,
          32.9372905
        ]
      },
      "properties": {
        "routeId": "shikoku-88-iyo",
        "name": "Unnamed",
        "type": "supply",
        "subtype": "vending_machine",
        "stageIndex": 0,
        "kmFromStart": 7.1,
        "icon": "vending_machine",
        "source": "osm",
        "osmId": "node/13919115547"
      }
    },
    {
      "type": "Feature",
      "id": "wp-osm-food-node13919115647",
      "geometry": {
        "type": "Point",
        "coordinates": [
          132.7216603,
          32.9361188
        ]
      },
      "properties": {
        "routeId": "shikoku-88-iyo",
        "name": "ポケット",
        "type": "food",
        "subtype": "cafe",
        "stageIndex": 0,
        "kmFromStart": 7.3,
        "icon": "cafe",
        "source": "osm",
        "osmId": "node/13919115647"
      }
    },
    {
      "type": "Feature",
      "id": "wp-osm-accommodation-node4343783694",
      "geometry": {
        "type": "Point",
        "coordinates": [
          132.7206004,
          32.933782
        ]
      },
      "properties": {
        "routeId": "shikoku-88-iyo",
        "name": "秋沢ホテル",
        "type": "accommodation",
        "subtype": "hotel",
        "stageIndex": 0,
        "kmFromStart": 7.5,
        "icon": "hotel",
        "source": "osm",
        "osmId": "node/4343783694"
      }
    },
    {
      "type": "Feature",
      "id": "wp-osm-medical-node5350214678",
      "geometry": {
        "type": "Point",
        "coordinates": [
          132.7198689,
          32.9348701
        ]
      },
      "properties": {
        "routeId": "shikoku-88-iyo",
        "name": "木下薬局",
        "type": "medical",
        "subtype": "pharmacy",
        "stageIndex": 0,
        "kmFromStart": 7.6,
        "icon": "pharmacy",
        "source": "osm",
        "osmId": "node/5350214678"
      }
    },
    {
      "type": "Feature",
      "id": "wp-osm-food-node5334189372",
      "geometry": {
        "type": "Point",
        "coordinates": [
          132.7141665,
          32.9333574
        ]
      },
      "properties": {
        "routeId": "shikoku-88-iyo",
        "name": "中華旬菜 水滸",
        "type": "food",
        "subtype": "restaurant",
        "stageIndex": 0,
        "kmFromStart": 7.9,
        "icon": "restaurant",
        "source": "osm",
        "osmId": "node/5334189372"
      }
    },
    {
      "type": "Feature",
      "id": "wp-osm-transport-node13919291932",
      "geometry": {
        "type": "Point",
        "coordinates": [
          132.7168504,
          32.933341
        ]
      },
      "properties": {
        "routeId": "shikoku-88-iyo",
        "name": "松田川橋南詰",
        "type": "transport",
        "subtype": "bus_stop",
        "stageIndex": 0,
        "kmFromStart": 7.8,
        "icon": "bus_stop",
        "source": "osm",
        "osmId": "node/13919291932"
      }
    },
    {
      "type": "Feature",
      "id": "wp-osm-viewpoint-node10858037378",
      "geometry": {
        "type": "Point",
        "coordinates": [
          132.6766667,
          32.9434934
        ]
      },
      "properties": {
        "routeId": "shikoku-88-iyo",
        "name": "茶偓跡",
        "type": "viewpoint",
        "subtype": "viewpoint",
        "stageIndex": 0,
        "kmFromStart": 13.1,
        "icon": "viewpoint",
        "source": "osm",
        "osmId": "node/10858037378"
      }
    },
    {
      "type": "Feature",
      "id": "wp-osm-supply-node10858037379",
      "geometry": {
        "type": "Point",
        "coordinates": [
          132.6589133,
          32.9581395
        ]
      },
      "properties": {
        "routeId": "shikoku-88-iyo",
        "name": "Unnamed",
        "type": "supply",
        "subtype": "toilet",
        "stageIndex": 0,
        "kmFromStart": 16.3,
        "icon": "toilet",
        "source": "osm",
        "osmId": "node/10858037379"
      }
    },
    {
      "type": "Feature",
      "id": "wp-osm-transport-node3152607314",
      "geometry": {
        "type": "Point",
        "coordinates": [
          132.6587546,
          32.9568349
        ]
      },
      "properties": {
        "routeId": "shikoku-88-iyo",
        "name": "本村集会所",
        "type": "transport",
        "subtype": "bus_stop",
        "stageIndex": 0,
        "kmFromStart": 16.4,
        "icon": "bus_stop",
        "source": "osm",
        "osmId": "node/3152607314"
      }
    },
    {
      "type": "Feature",
      "id": "wp-osm-transport-node3152603095",
      "geometry": {
        "type": "Point",
        "coordinates": [
          132.6498446,
          32.9627496
        ]
      },
      "properties": {
        "routeId": "shikoku-88-iyo",
        "name": "一本松病院前",
        "type": "transport",
        "subtype": "bus_stop",
        "stageIndex": 0,
        "kmFromStart": 17.6,
        "icon": "bus_stop",
        "source": "osm",
        "osmId": "node/3152603095"
      }
    },
    {
      "type": "Feature",
      "id": "wp-osm-transport-node3152603097",
      "geometry": {
        "type": "Point",
        "coordinates": [
          132.6490198,
          32.9620673
        ]
      },
      "properties": {
        "routeId": "shikoku-88-iyo",
        "name": "一本松郵便局",
        "type": "transport",
        "subtype": "bus_stop",
        "stageIndex": 0,
        "kmFromStart": 17.6,
        "icon": "bus_stop",
        "source": "osm",
        "osmId": "node/3152603097"
      }
    },
    {
      "type": "Feature",
      "id": "wp-osm-medical-node1423732166",
      "geometry": {
        "type": "Point",
        "coordinates": [
          132.648908,
          32.962883
        ]
      },
      "properties": {
        "routeId": "shikoku-88-iyo",
        "name": "国保一本松病院",
        "type": "medical",
        "subtype": "hospital",
        "stageIndex": 0,
        "kmFromStart": 17.7,
        "icon": "hospital",
        "source": "osm",
        "osmId": "node/1423732166"
      }
    },
    {
      "type": "Feature",
      "id": "wp-osm-transport-node3152603091",
      "geometry": {
        "type": "Point",
        "coordinates": [
          132.6474234,
          32.9609635
        ]
      },
      "properties": {
        "routeId": "shikoku-88-iyo",
        "name": "一本松",
        "type": "transport",
        "subtype": "bus_stop",
        "stageIndex": 0,
        "kmFromStart": 17.6,
        "icon": "bus_stop",
        "source": "osm",
        "osmId": "node/3152603091"
      }
    },
    {
      "type": "Feature",
      "id": "wp-osm-transport-node3152603093",
      "geometry": {
        "type": "Point",
        "coordinates": [
          132.647105,
          32.9632047
        ]
      },
      "properties": {
        "routeId": "shikoku-88-iyo",
        "name": "一本松支所",
        "type": "transport",
        "subtype": "bus_stop",
        "stageIndex": 0,
        "kmFromStart": 17.8,
        "icon": "bus_stop",
        "source": "osm",
        "osmId": "node/3152603093"
      }
    },
    {
      "type": "Feature",
      "id": "wp-osm-supply-node10858078442",
      "geometry": {
        "type": "Point",
        "coordinates": [
          132.6450983,
          32.963263
        ]
      },
      "properties": {
        "routeId": "shikoku-88-iyo",
        "name": "Lawson",
        "type": "supply",
        "subtype": "convenience_store",
        "stageIndex": 0,
        "kmFromStart": 17.9,
        "icon": "convenience_store",
        "source": "osm",
        "osmId": "node/10858078442"
      }
    },
    {
      "type": "Feature",
      "id": "wp-osm-transport-node3152606766",
      "geometry": {
        "type": "Point",
        "coordinates": [
          132.6434651,
          32.9658446
        ]
      },
      "properties": {
        "routeId": "shikoku-88-iyo",
        "name": "広見第一集会所",
        "type": "transport",
        "subtype": "bus_stop",
        "stageIndex": 0,
        "kmFromStart": 18.3,
        "icon": "bus_stop",
        "source": "osm",
        "osmId": "node/3152606766"
      }
    },
    {
      "type": "Feature",
      "id": "wp-osm-transport-node3152606768",
      "geometry": {
        "type": "Point",
        "coordinates": [
          132.6353701,
          32.9721813
        ]
      },
      "properties": {
        "routeId": "shikoku-88-iyo",
        "name": "広見第二集会所",
        "type": "transport",
        "subtype": "bus_stop",
        "stageIndex": 0,
        "kmFromStart": 19.4,
        "icon": "bus_stop",
        "source": "osm",
        "osmId": "node/3152606768"
      }
    },
    {
      "type": "Feature",
      "id": "wp-osm-transport-node3152607334",
      "geometry": {
        "type": "Point",
        "coordinates": [
          132.6326971,
          32.9692997
        ]
      },
      "properties": {
        "routeId": "shikoku-88-iyo",
        "name": "札掛",
        "type": "transport",
        "subtype": "bus_stop",
        "stageIndex": 0,
        "kmFromStart": 19.6,
        "icon": "bus_stop",
        "source": "osm",
        "osmId": "node/3152607334"
      }
    },
    {
      "type": "Feature",
      "id": "wp-osm-transport-node3152603517",
      "geometry": {
        "type": "Point",
        "coordinates": [
          132.6264221,
          32.9704419
        ]
      },
      "properties": {
        "routeId": "shikoku-88-iyo",
        "name": "久保江",
        "type": "transport",
        "subtype": "bus_stop",
        "stageIndex": 0,
        "kmFromStart": 20.1,
        "icon": "bus_stop",
        "source": "osm",
        "osmId": "node/3152603517"
      }
    },
    {
      "type": "Feature",
      "id": "wp-osm-transport-node3152607873",
      "geometry": {
        "type": "Point",
        "coordinates": [
          132.6140426,
          32.9681527
        ]
      },
      "properties": {
        "routeId": "shikoku-88-iyo",
        "name": "満倉小学校",
        "type": "transport",
        "subtype": "bus_stop",
        "stageIndex": 0,
        "kmFromStart": 21.6,
        "icon": "bus_stop",
        "source": "osm",
        "osmId": "node/3152607873"
      }
    },
    {
      "type": "Feature",
      "id": "wp-osm-supply-node11547236369",
      "geometry": {
        "type": "Point",
        "coordinates": [
          132.6147803,
          32.9679111
        ]
      },
      "properties": {
        "routeId": "shikoku-88-iyo",
        "name": "Unnamed",
        "type": "supply",
        "subtype": "toilet",
        "stageIndex": 0,
        "kmFromStart": 21.5,
        "icon": "toilet",
        "source": "osm",
        "osmId": "node/11547236369"
      }
    },
    {
      "type": "Feature",
      "id": "wp-osm-transport-node3152605225",
      "geometry": {
        "type": "Point",
        "coordinates": [
          132.6106302,
          32.9701338
        ]
      },
      "properties": {
        "routeId": "shikoku-88-iyo",
        "name": "太場",
        "type": "transport",
        "subtype": "bus_stop",
        "stageIndex": 0,
        "kmFromStart": 21.9,
        "icon": "bus_stop",
        "source": "osm",
        "osmId": "node/3152605225"
      }
    },
    {
      "type": "Feature",
      "id": "wp-osm-transport-node3152610401",
      "geometry": {
        "type": "Point",
        "coordinates": [
          132.5963196,
          32.9684115
        ]
      },
      "properties": {
        "routeId": "shikoku-88-iyo",
        "name": "豊田",
        "type": "transport",
        "subtype": "bus_stop",
        "stageIndex": 0,
        "kmFromStart": 23.5,
        "icon": "bus_stop",
        "source": "osm",
        "osmId": "node/3152610401"
      }
    },
    {
      "type": "Feature",
      "id": "wp-osm-supply-node10858045964",
      "geometry": {
        "type": "Point",
        "coordinates": [
          132.5915589,
          32.9643691
        ]
      },
      "properties": {
        "routeId": "shikoku-88-iyo",
        "name": "Unnamed",
        "type": "supply",
        "subtype": "toilet",
        "stageIndex": 0,
        "kmFromStart": 24.1,
        "icon": "toilet",
        "source": "osm",
        "osmId": "node/10858045964"
      }
    },
    {
      "type": "Feature",
      "id": "wp-osm-medical-node1423741844",
      "geometry": {
        "type": "Point",
        "coordinates": [
          132.5853,
          32.963797
        ]
      },
      "properties": {
        "routeId": "shikoku-88-iyo",
        "name": "県立南宇和病院",
        "type": "medical",
        "subtype": "hospital",
        "stageIndex": 0,
        "kmFromStart": 24.8,
        "icon": "hospital",
        "source": "osm",
        "osmId": "node/1423741844"
      }
    },
    {
      "type": "Feature",
      "id": "wp-osm-transport-node3152604600",
      "geometry": {
        "type": "Point",
        "coordinates": [
          132.5846443,
          32.9632351
        ]
      },
      "properties": {
        "routeId": "shikoku-88-iyo",
        "name": "南宇和病院",
        "type": "transport",
        "subtype": "bus_stop",
        "stageIndex": 0,
        "kmFromStart": 24.9,
        "icon": "bus_stop",
        "source": "osm",
        "osmId": "node/3152604600"
      }
    },
    {
      "type": "Feature",
      "id": "wp-osm-supply-node13904553775",
      "geometry": {
        "type": "Point",
        "coordinates": [
          132.5794951,
          32.9602082
        ]
      },
      "properties": {
        "routeId": "shikoku-88-iyo",
        "name": "Unnamed",
        "type": "supply",
        "subtype": "vending_machine",
        "stageIndex": 0,
        "kmFromStart": 25.4,
        "icon": "vending_machine",
        "source": "osm",
        "osmId": "node/13904553775"
      }
    },
    {
      "type": "Feature",
      "id": "wp-osm-transport-node3152606831",
      "geometry": {
        "type": "Point",
        "coordinates": [
          132.5830656,
          32.9617687
        ]
      },
      "properties": {
        "routeId": "shikoku-88-iyo",
        "name": "愛南町役場",
        "type": "transport",
        "subtype": "bus_stop",
        "stageIndex": 0,
        "kmFromStart": 25.1,
        "icon": "bus_stop",
        "source": "osm",
        "osmId": "node/3152606831"
      }
    },
    {
      "type": "Feature",
      "id": "wp-osm-transport-node3152603638",
      "geometry": {
        "type": "Point",
        "coordinates": [
          132.5849863,
          32.9615199
        ]
      },
      "properties": {
        "routeId": "shikoku-88-iyo",
        "name": "伊勢町",
        "type": "transport",
        "subtype": "bus_stop",
        "stageIndex": 0,
        "kmFromStart": 24.9,
        "icon": "bus_stop",
        "source": "osm",
        "osmId": "node/3152603638"
      }
    },
    {
      "type": "Feature",
      "id": "wp-osm-transport-node3152604926",
      "geometry": {
        "type": "Point",
        "coordinates": [
          132.5764631,
          32.9608706
        ]
      },
      "properties": {
        "routeId": "shikoku-88-iyo",
        "name": "城辺古町",
        "type": "transport",
        "subtype": "bus_stop",
        "stageIndex": 0,
        "kmFromStart": 25.7,
        "icon": "bus_stop",
        "source": "osm",
        "osmId": "node/3152604926"
      }
    },
    {
      "type": "Feature",
      "id": "wp-osm-medical-node8239106227",
      "geometry": {
        "type": "Point",
        "coordinates": [
          132.5672557,
          32.9592759
        ]
      },
      "properties": {
        "routeId": "shikoku-88-iyo",
        "name": "Drug Seims",
        "nameLocalized": {
          "ja": "ドラッグセイムス"
        },
        "type": "medical",
        "subtype": "pharmacy",
        "stageIndex": 0,
        "kmFromStart": 26.5,
        "icon": "pharmacy",
        "source": "osm",
        "osmId": "node/8239106227"
      }
    },
    {
      "type": "Feature",
      "id": "wp-osm-town-node691563002",
      "geometry": {
        "type": "Point",
        "coordinates": [
          132.5624807,
          32.9603698
        ]
      },
      "properties": {
        "routeId": "shikoku-88-iyo",
        "name": "Ainan",
        "nameLocalized": {
          "fr": "Ainan",
          "id": "Ainan",
          "ja": "愛南町",
          "ko": "아이난초",
          "zh": "爱南町"
        },
        "type": "town",
        "subtype": "town",
        "stageIndex": 0,
        "kmFromStart": 26.8,
        "icon": "town",
        "source": "osm",
        "osmId": "node/691563002"
      }
    },
    {
      "type": "Feature",
      "id": "wp-osm-transport-node3152603074",
      "geometry": {
        "type": "Point",
        "coordinates": [
          132.5753271,
          32.9626008
        ]
      },
      "properties": {
        "routeId": "shikoku-88-iyo",
        "name": "フジ南宇和店",
        "type": "transport",
        "subtype": "bus_stop",
        "stageIndex": 0,
        "kmFromStart": 25.7,
        "icon": "bus_stop",
        "source": "osm",
        "osmId": "node/3152603074"
      }
    },
    {
      "type": "Feature",
      "id": "wp-osm-transport-node3152604601",
      "geometry": {
        "type": "Point",
        "coordinates": [
          132.5712358,
          32.9629124
        ]
      },
      "properties": {
        "routeId": "shikoku-88-iyo",
        "name": "南宇和高校前",
        "type": "transport",
        "subtype": "bus_stop",
        "stageIndex": 0,
        "kmFromStart": 26.1,
        "icon": "bus_stop",
        "source": "osm",
        "osmId": "node/3152604601"
      }
    },
    {
      "type": "Feature",
      "id": "wp-osm-transport-node3152606802",
      "geometry": {
        "type": "Point",
        "coordinates": [
          132.5676083,
          32.9632772
        ]
      },
      "properties": {
        "routeId": "shikoku-88-iyo",
        "name": "御荘",
        "type": "transport",
        "subtype": "bus_stop",
        "stageIndex": 0,
        "kmFromStart": 26.5,
        "icon": "bus_stop",
        "source": "osm",
        "osmId": "node/3152606802"
      }
    },
    {
      "type": "Feature",
      "id": "wp-osm-transport-node3152606803",
      "geometry": {
        "type": "Point",
        "coordinates": [
          132.5638195,
          32.9603794
        ]
      },
      "properties": {
        "routeId": "shikoku-88-iyo",
        "name": "御荘中学校前",
        "type": "transport",
        "subtype": "bus_stop",
        "stageIndex": 0,
        "kmFromStart": 26.8,
        "icon": "bus_stop",
        "source": "osm",
        "osmId": "node/3152606803"
      }
    },
    {
      "type": "Feature",
      "id": "wp-osm-food-node9740741778",
      "geometry": {
        "type": "Point",
        "coordinates": [
          132.5644574,
          32.9589454
        ]
      },
      "properties": {
        "routeId": "shikoku-88-iyo",
        "name": "Ibara-Gee",
        "nameLocalized": {
          "ja": "いばら木"
        },
        "type": "food",
        "subtype": "restaurant",
        "stageIndex": 0,
        "kmFromStart": 26.7,
        "icon": "restaurant",
        "source": "osm",
        "osmId": "node/9740741778"
      }
    },
    {
      "type": "Feature",
      "id": "wp-osm-transport-node3152606538",
      "geometry": {
        "type": "Point",
        "coordinates": [
          132.5631779,
          32.9630897
        ]
      },
      "properties": {
        "routeId": "shikoku-88-iyo",
        "name": "平城札所前",
        "type": "transport",
        "subtype": "bus_stop",
        "stageIndex": 1,
        "kmFromStart": 27.4,
        "icon": "bus_stop",
        "source": "osm",
        "osmId": "node/3152606538"
      }
    },
    {
      "type": "Feature",
      "id": "wp-osm-transport-node3152604038",
      "geometry": {
        "type": "Point",
        "coordinates": [
          132.5594833,
          32.9634807
        ]
      },
      "properties": {
        "routeId": "shikoku-88-iyo",
        "name": "八幡野",
        "type": "transport",
        "subtype": "bus_stop",
        "stageIndex": 1,
        "kmFromStart": 27.7,
        "icon": "bus_stop",
        "source": "osm",
        "osmId": "node/3152604038"
      }
    },
    {
      "type": "Feature",
      "id": "wp-osm-transport-node3152610406",
      "geometry": {
        "type": "Point",
        "coordinates": [
          132.557638,
          32.9639227
        ]
      },
      "properties": {
        "routeId": "shikoku-88-iyo",
        "name": "貝塚",
        "type": "transport",
        "subtype": "bus_stop",
        "stageIndex": 1,
        "kmFromStart": 27.9,
        "icon": "bus_stop",
        "source": "osm",
        "osmId": "node/3152610406"
      }
    },
    {
      "type": "Feature",
      "id": "wp-osm-transport-node3152604587",
      "geometry": {
        "type": "Point",
        "coordinates": [
          132.551239,
          32.9654313
        ]
      },
      "properties": {
        "routeId": "shikoku-88-iyo",
        "name": "南レク御荘公園前",
        "type": "transport",
        "subtype": "bus_stop",
        "stageIndex": 1,
        "kmFromStart": 28.6,
        "icon": "bus_stop",
        "source": "osm",
        "osmId": "node/3152604587"
      }
    },
    {
      "type": "Feature",
      "id": "wp-osm-supply-node12915699187",
      "geometry": {
        "type": "Point",
        "coordinates": [
          132.5526872,
          32.9652894
        ]
      },
      "properties": {
        "routeId": "shikoku-88-iyo",
        "name": "FamilyMart",
        "type": "supply",
        "subtype": "convenience_store",
        "stageIndex": 1,
        "kmFromStart": 28.4,
        "icon": "convenience_store",
        "source": "osm",
        "osmId": "node/12915699187"
      }
    },
    {
      "type": "Feature",
      "id": "wp-osm-transport-node3152610838",
      "geometry": {
        "type": "Point",
        "coordinates": [
          132.5467985,
          32.9664995
        ]
      },
      "properties": {
        "routeId": "shikoku-88-iyo",
        "name": "長崎",
        "type": "transport",
        "subtype": "bus_stop",
        "stageIndex": 1,
        "kmFromStart": 29,
        "icon": "bus_stop",
        "source": "osm",
        "osmId": "node/3152610838"
      }
    },
    {
      "type": "Feature",
      "id": "wp-osm-transport-node3152610848",
      "geometry": {
        "type": "Point",
        "coordinates": [
          132.5447067,
          32.9712128
        ]
      },
      "properties": {
        "routeId": "shikoku-88-iyo",
        "name": "長洲橋",
        "type": "transport",
        "subtype": "bus_stop",
        "stageIndex": 1,
        "kmFromStart": 29.6,
        "icon": "bus_stop",
        "source": "osm",
        "osmId": "node/3152610848"
      }
    },
    {
      "type": "Feature",
      "id": "wp-osm-transport-node3152606540",
      "geometry": {
        "type": "Point",
        "coordinates": [
          132.5377253,
          32.9753175
        ]
      },
      "properties": {
        "routeId": "shikoku-88-iyo",
        "name": "平山",
        "type": "transport",
        "subtype": "bus_stop",
        "stageIndex": 1,
        "kmFromStart": 30.5,
        "icon": "bus_stop",
        "source": "osm",
        "osmId": "node/3152606540"
      }
    },
    {
      "type": "Feature",
      "id": "wp-osm-medical-node1423739964",
      "geometry": {
        "type": "Point",
        "coordinates": [
          132.533973,
          32.974572
        ]
      },
      "properties": {
        "routeId": "shikoku-88-iyo",
        "name": "正光会御荘病院",
        "type": "medical",
        "subtype": "hospital",
        "stageIndex": 1,
        "kmFromStart": 30.8,
        "icon": "hospital",
        "source": "osm",
        "osmId": "node/1423739964"
      }
    },
    {
      "type": "Feature",
      "id": "wp-osm-transport-node3152604040",
      "geometry": {
        "type": "Point",
        "coordinates": [
          132.5261271,
          32.9808534
        ]
      },
      "properties": {
        "routeId": "shikoku-88-iyo",
        "name": "八百坂峠",
        "type": "transport",
        "subtype": "bus_stop",
        "stageIndex": 1,
        "kmFromStart": 31.9,
        "icon": "bus_stop",
        "source": "osm",
        "osmId": "node/3152604040"
      }
    },
    {
      "type": "Feature",
      "id": "wp-osm-transport-node3152604039",
      "geometry": {
        "type": "Point",
        "coordinates": [
          132.5221768,
          32.985379
        ]
      },
      "properties": {
        "routeId": "shikoku-88-iyo",
        "name": "八百坂",
        "type": "transport",
        "subtype": "bus_stop",
        "stageIndex": 1,
        "kmFromStart": 32.5,
        "icon": "bus_stop",
        "source": "osm",
        "osmId": "node/3152604039"
      }
    },
    {
      "type": "Feature",
      "id": "wp-osm-transport-node3152609560",
      "geometry": {
        "type": "Point",
        "coordinates": [
          132.5172092,
          32.9901783
        ]
      },
      "properties": {
        "routeId": "shikoku-88-iyo",
        "name": "菊川小学校前",
        "type": "transport",
        "subtype": "bus_stop",
        "stageIndex": 1,
        "kmFromStart": 33.3,
        "icon": "bus_stop",
        "source": "osm",
        "osmId": "node/3152609560"
      }
    },
    {
      "type": "Feature",
      "id": "wp-osm-transport-node3152609559",
      "geometry": {
        "type": "Point",
        "coordinates": [
          132.5134554,
          32.994304
        ]
      },
      "properties": {
        "routeId": "shikoku-88-iyo",
        "name": "菊川",
        "type": "transport",
        "subtype": "bus_stop",
        "stageIndex": 1,
        "kmFromStart": 33.9,
        "icon": "bus_stop",
        "source": "osm",
        "osmId": "node/3152609559"
      }
    },
    {
      "type": "Feature",
      "id": "wp-osm-transport-node3152605799",
      "geometry": {
        "type": "Point",
        "coordinates": [
          132.5141162,
          33.0017286
        ]
      },
      "properties": {
        "routeId": "shikoku-88-iyo",
        "name": "室手",
        "type": "transport",
        "subtype": "bus_stop",
        "stageIndex": 1,
        "kmFromStart": 34.7,
        "icon": "bus_stop",
        "source": "osm",
        "osmId": "node/3152605799"
      }
    },
    {
      "type": "Feature",
      "id": "wp-osm-transport-node3152604960",
      "geometry": {
        "type": "Point",
        "coordinates": [
          132.5070611,
          33.0054645
        ]
      },
      "properties": {
        "routeId": "shikoku-88-iyo",
        "name": "外室手",
        "type": "transport",
        "subtype": "bus_stop",
        "stageIndex": 1,
        "kmFromStart": 35.6,
        "icon": "bus_stop",
        "source": "osm",
        "osmId": "node/3152604960"
      }
    },
    {
      "type": "Feature",
      "id": "wp-osm-food-node13904553340",
      "geometry": {
        "type": "Point",
        "coordinates": [
          132.5060957,
          33.0057441
        ]
      },
      "properties": {
        "routeId": "shikoku-88-iyo",
        "name": "ビーチ",
        "type": "food",
        "subtype": "restaurant",
        "stageIndex": 1,
        "kmFromStart": 35.7,
        "icon": "restaurant",
        "source": "osm",
        "osmId": "node/13904553340"
      }
    },
    {
      "type": "Feature",
      "id": "wp-osm-supply-node11384939169",
      "geometry": {
        "type": "Point",
        "coordinates": [
          132.4974008,
          33.0165874
        ]
      },
      "properties": {
        "routeId": "shikoku-88-iyo",
        "name": "Lawson",
        "nameLocalized": {
          "ja": "ローソン"
        },
        "type": "supply",
        "subtype": "convenience_store",
        "stageIndex": 1,
        "kmFromStart": 37.4,
        "icon": "convenience_store",
        "source": "osm",
        "osmId": "node/11384939169",
        "hours": "24/7"
      }
    },
    {
      "type": "Feature",
      "id": "wp-osm-transport-node3152607473",
      "geometry": {
        "type": "Point",
        "coordinates": [
          132.4977326,
          33.0181095
        ]
      },
      "properties": {
        "routeId": "shikoku-88-iyo",
        "name": "柏",
        "type": "transport",
        "subtype": "bus_stop",
        "stageIndex": 1,
        "kmFromStart": 37.5,
        "icon": "bus_stop",
        "source": "osm",
        "osmId": "node/3152607473"
      }
    },
    {
      "type": "Feature",
      "id": "wp-osm-transport-node3152605200",
      "geometry": {
        "type": "Point",
        "coordinates": [
          132.5055368,
          33.0851182
        ]
      },
      "properties": {
        "routeId": "shikoku-88-iyo",
        "name": "大門",
        "type": "transport",
        "subtype": "bus_stop",
        "stageIndex": 1,
        "kmFromStart": 47.3,
        "icon": "bus_stop",
        "source": "osm",
        "osmId": "node/3152605200"
      }
    },
    {
      "type": "Feature",
      "id": "wp-osm-transport-node3152608170",
      "geometry": {
        "type": "Point",
        "coordinates": [
          132.5146062,
          33.0874054
        ]
      },
      "properties": {
        "routeId": "shikoku-88-iyo",
        "name": "畑地",
        "type": "transport",
        "subtype": "bus_stop",
        "stageIndex": 1,
        "kmFromStart": 48.1,
        "icon": "bus_stop",
        "source": "osm",
        "osmId": "node/3152608170"
      }
    },
    {
      "type": "Feature",
      "id": "wp-osm-transport-node3152611614",
      "geometry": {
        "type": "Point",
        "coordinates": [
          132.5160152,
          33.0955718
        ]
      },
      "properties": {
        "routeId": "shikoku-88-iyo",
        "name": "鴨田",
        "type": "transport",
        "subtype": "bus_stop",
        "stageIndex": 1,
        "kmFromStart": 49,
        "icon": "bus_stop",
        "source": "osm",
        "osmId": "node/3152611614"
      }
    },
    {
      "type": "Feature",
      "id": "wp-osm-food-node5537455722",
      "geometry": {
        "type": "Point",
        "coordinates": [
          132.5148904,
          33.0969845
        ]
      },
      "properties": {
        "routeId": "shikoku-88-iyo",
        "name": "炭やき村",
        "type": "food",
        "subtype": "restaurant",
        "stageIndex": 1,
        "kmFromStart": 49.1,
        "icon": "restaurant",
        "source": "osm",
        "osmId": "node/5537455722"
      }
    },
    {
      "type": "Feature",
      "id": "wp-osm-transport-node3152606922",
      "geometry": {
        "type": "Point",
        "coordinates": [
          132.5117286,
          33.1054301
        ]
      },
      "properties": {
        "routeId": "shikoku-88-iyo",
        "name": "於泥",
        "type": "transport",
        "subtype": "bus_stop",
        "stageIndex": 1,
        "kmFromStart": 50.2,
        "icon": "bus_stop",
        "source": "osm",
        "osmId": "node/3152606922"
      }
    },
    {
      "type": "Feature",
      "id": "wp-osm-transport-node3152610808",
      "geometry": {
        "type": "Point",
        "coordinates": [
          132.5113416,
          33.099407
        ]
      },
      "properties": {
        "routeId": "shikoku-88-iyo",
        "name": "金剛橋",
        "type": "transport",
        "subtype": "bus_stop",
        "stageIndex": 1,
        "kmFromStart": 49.6,
        "icon": "bus_stop",
        "source": "osm",
        "osmId": "node/3152610808"
      }
    },
    {
      "type": "Feature",
      "id": "wp-osm-transport-node3152609533",
      "geometry": {
        "type": "Point",
        "coordinates": [
          132.5145169,
          33.1101409
        ]
      },
      "properties": {
        "routeId": "shikoku-88-iyo",
        "name": "芳原",
        "type": "transport",
        "subtype": "bus_stop",
        "stageIndex": 1,
        "kmFromStart": 51,
        "icon": "bus_stop",
        "source": "osm",
        "osmId": "node/3152609533"
      }
    },
    {
      "type": "Feature",
      "id": "wp-osm-supply-node11518350315",
      "geometry": {
        "type": "Point",
        "coordinates": [
          132.5131473,
          33.1080842
        ]
      },
      "properties": {
        "routeId": "shikoku-88-iyo",
        "name": "FamilyMart",
        "nameLocalized": {
          "ja": "ファミリーマート"
        },
        "type": "supply",
        "subtype": "convenience_store",
        "stageIndex": 1,
        "kmFromStart": 50.7,
        "icon": "convenience_store",
        "source": "osm",
        "osmId": "node/11518350315"
      }
    },
    {
      "type": "Feature",
      "id": "wp-osm-supply-node13904303312",
      "geometry": {
        "type": "Point",
        "coordinates": [
          132.5122502,
          33.1076987
        ]
      },
      "properties": {
        "routeId": "shikoku-88-iyo",
        "name": "Unnamed",
        "type": "supply",
        "subtype": "vending_machine",
        "stageIndex": 1,
        "kmFromStart": 50.6,
        "icon": "vending_machine",
        "source": "osm",
        "osmId": "node/13904303312"
      }
    },
    {
      "type": "Feature",
      "id": "wp-osm-transport-node3152607796",
      "geometry": {
        "type": "Point",
        "coordinates": [
          132.5182975,
          33.1174391
        ]
      },
      "properties": {
        "routeId": "shikoku-88-iyo",
        "name": "津島大橋",
        "type": "transport",
        "subtype": "bus_stop",
        "stageIndex": 1,
        "kmFromStart": 52,
        "icon": "bus_stop",
        "source": "osm",
        "osmId": "node/3152607796"
      }
    },
    {
      "type": "Feature",
      "id": "wp-osm-transport-node3152607795",
      "geometry": {
        "type": "Point",
        "coordinates": [
          132.5196569,
          33.1171638
        ]
      },
      "properties": {
        "routeId": "shikoku-88-iyo",
        "name": "津島大橋",
        "type": "transport",
        "subtype": "bus_stop",
        "stageIndex": 1,
        "kmFromStart": 51.9,
        "icon": "bus_stop",
        "source": "osm",
        "osmId": "node/3152607795"
      }
    },
    {
      "type": "Feature",
      "id": "wp-osm-transport-node3152607797",
      "geometry": {
        "type": "Point",
        "coordinates": [
          132.5221773,
          33.1263721
        ]
      },
      "properties": {
        "routeId": "shikoku-88-iyo",
        "name": "津島支所前",
        "type": "transport",
        "subtype": "bus_stop",
        "stageIndex": 1,
        "kmFromStart": 53.2,
        "icon": "bus_stop",
        "source": "osm",
        "osmId": "node/3152607797"
      }
    },
    {
      "type": "Feature",
      "id": "wp-osm-medical-node1423741359",
      "geometry": {
        "type": "Point",
        "coordinates": [
          132.520028,
          33.122278
        ]
      },
      "properties": {
        "routeId": "shikoku-88-iyo",
        "name": "宇和島市立津島病院",
        "type": "medical",
        "subtype": "hospital",
        "stageIndex": 1,
        "kmFromStart": 52.5,
        "icon": "hospital",
        "source": "osm",
        "osmId": "node/1423741359"
      }
    },
    {
      "type": "Feature",
      "id": "wp-osm-transport-node3152606342",
      "geometry": {
        "type": "Point",
        "coordinates": [
          132.5209369,
          33.1240799
        ]
      },
      "properties": {
        "routeId": "shikoku-88-iyo",
        "name": "岩松",
        "type": "transport",
        "subtype": "bus_stop",
        "stageIndex": 1,
        "kmFromStart": 52.7,
        "icon": "bus_stop",
        "source": "osm",
        "osmId": "node/3152606342"
      }
    },
    {
      "type": "Feature",
      "id": "wp-osm-medical-node13904227396",
      "geometry": {
        "type": "Point",
        "coordinates": [
          132.5202698,
          33.1228637
        ]
      },
      "properties": {
        "routeId": "shikoku-88-iyo",
        "name": "南楽薬局",
        "type": "medical",
        "subtype": "pharmacy",
        "stageIndex": 1,
        "kmFromStart": 52.6,
        "icon": "pharmacy",
        "source": "osm",
        "osmId": "node/13904227396"
      }
    },
    {
      "type": "Feature",
      "id": "wp-osm-accommodation-node10858084271",
      "geometry": {
        "type": "Point",
        "coordinates": [
          132.5244295,
          33.132053
        ]
      },
      "properties": {
        "routeId": "shikoku-88-iyo",
        "name": "Hotel Ailin",
        "type": "accommodation",
        "subtype": "hotel",
        "stageIndex": 1,
        "kmFromStart": 53.8,
        "icon": "hotel",
        "source": "osm",
        "osmId": "node/10858084271"
      }
    },
    {
      "type": "Feature",
      "id": "wp-osm-medical-node13904227388",
      "geometry": {
        "type": "Point",
        "coordinates": [
          132.5241793,
          33.1341913
        ]
      },
      "properties": {
        "routeId": "shikoku-88-iyo",
        "name": "つしま調剤薬局",
        "type": "medical",
        "subtype": "pharmacy",
        "stageIndex": 2,
        "kmFromStart": 54,
        "icon": "pharmacy",
        "source": "osm",
        "osmId": "node/13904227388"
      }
    },
    {
      "type": "Feature",
      "id": "wp-osm-transport-node3152611580",
      "geometry": {
        "type": "Point",
        "coordinates": [
          132.5247076,
          33.1355308
        ]
      },
      "properties": {
        "routeId": "shikoku-88-iyo",
        "name": "高田",
        "type": "transport",
        "subtype": "bus_stop",
        "stageIndex": 2,
        "kmFromStart": 54.2,
        "icon": "bus_stop",
        "source": "osm",
        "osmId": "node/3152611580"
      }
    },
    {
      "type": "Feature",
      "id": "wp-osm-supply-node13904227386",
      "geometry": {
        "type": "Point",
        "coordinates": [
          132.5243958,
          33.135103
        ]
      },
      "properties": {
        "routeId": "shikoku-88-iyo",
        "name": "Unnamed",
        "type": "supply",
        "subtype": "vending_machine",
        "stageIndex": 2,
        "kmFromStart": 54.1,
        "icon": "vending_machine",
        "source": "osm",
        "osmId": "node/13904227386"
      }
    },
    {
      "type": "Feature",
      "id": "wp-osm-supply-node11386718669",
      "geometry": {
        "type": "Point",
        "coordinates": [
          132.5248502,
          33.1396487
        ]
      },
      "properties": {
        "routeId": "shikoku-88-iyo",
        "name": "FamilyMart Tsushima Takata",
        "type": "supply",
        "subtype": "convenience_store",
        "stageIndex": 2,
        "kmFromStart": 54.7,
        "icon": "convenience_store",
        "source": "osm",
        "osmId": "node/11386718669",
        "hours": "24/7"
      }
    },
    {
      "type": "Feature",
      "id": "wp-osm-transport-node3152607794",
      "geometry": {
        "type": "Point",
        "coordinates": [
          132.5254319,
          33.1401647
        ]
      },
      "properties": {
        "routeId": "shikoku-88-iyo",
        "name": "津島やすらぎの里入口",
        "type": "transport",
        "subtype": "bus_stop",
        "stageIndex": 2,
        "kmFromStart": 54.7,
        "icon": "bus_stop",
        "source": "osm",
        "osmId": "node/3152607794"
      }
    },
    {
      "type": "Feature",
      "id": "wp-osm-transport-node3152603230",
      "geometry": {
        "type": "Point",
        "coordinates": [
          132.5258189,
          33.1419061
        ]
      },
      "properties": {
        "routeId": "shikoku-88-iyo",
        "name": "上谷口",
        "type": "transport",
        "subtype": "bus_stop",
        "stageIndex": 2,
        "kmFromStart": 55,
        "icon": "bus_stop",
        "source": "osm",
        "osmId": "node/3152603230"
      }
    },
    {
      "type": "Feature",
      "id": "wp-osm-transport-node3152607416",
      "geometry": {
        "type": "Point",
        "coordinates": [
          132.5291034,
          33.1461332
        ]
      },
      "properties": {
        "routeId": "shikoku-88-iyo",
        "name": "松尾トンネル口",
        "type": "transport",
        "subtype": "bus_stop",
        "stageIndex": 2,
        "kmFromStart": 55.5,
        "icon": "bus_stop",
        "source": "osm",
        "osmId": "node/3152607416"
      }
    },
    {
      "type": "Feature",
      "id": "wp-osm-water_source-node10858002086",
      "geometry": {
        "type": "Point",
        "coordinates": [
          132.5378295,
          33.1626789
        ]
      },
      "properties": {
        "routeId": "shikoku-88-iyo",
        "name": "Unnamed",
        "type": "water_source",
        "subtype": "fountain",
        "stageIndex": 2,
        "kmFromStart": 58,
        "icon": "fountain",
        "source": "osm",
        "osmId": "node/10858002086"
      }
    },
    {
      "type": "Feature",
      "id": "wp-osm-transport-node3152610788",
      "geometry": {
        "type": "Point",
        "coordinates": [
          132.548165,
          33.1641926
        ]
      },
      "properties": {
        "routeId": "shikoku-88-iyo",
        "name": "野井",
        "type": "transport",
        "subtype": "bus_stop",
        "stageIndex": 2,
        "kmFromStart": 59,
        "icon": "bus_stop",
        "source": "osm",
        "osmId": "node/3152610788"
      }
    },
    {
      "type": "Feature",
      "id": "wp-osm-transport-node3152607486",
      "geometry": {
        "type": "Point",
        "coordinates": [
          132.5474822,
          33.1657204
        ]
      },
      "properties": {
        "routeId": "shikoku-88-iyo",
        "name": "柿の木（旧道）",
        "type": "transport",
        "subtype": "bus_stop",
        "stageIndex": 2,
        "kmFromStart": 59.1,
        "icon": "bus_stop",
        "source": "osm",
        "osmId": "node/3152607486"
      }
    },
    {
      "type": "Feature",
      "id": "wp-osm-transport-node4727131894",
      "geometry": {
        "type": "Point",
        "coordinates": [
          132.5481757,
          33.1653226
        ]
      },
      "properties": {
        "routeId": "shikoku-88-iyo",
        "name": "Unnamed",
        "type": "transport",
        "subtype": "bus_stop",
        "stageIndex": 2,
        "kmFromStart": 59,
        "icon": "bus_stop",
        "source": "osm",
        "osmId": "node/4727131894"
      }
    },
    {
      "type": "Feature",
      "id": "wp-osm-transport-node3152607485",
      "geometry": {
        "type": "Point",
        "coordinates": [
          132.5501247,
          33.1669409
        ]
      },
      "properties": {
        "routeId": "shikoku-88-iyo",
        "name": "柿の木",
        "type": "transport",
        "subtype": "bus_stop",
        "stageIndex": 2,
        "kmFromStart": 59.4,
        "icon": "bus_stop",
        "source": "osm",
        "osmId": "node/3152607485"
      }
    },
    {
      "type": "Feature",
      "id": "wp-osm-transport-node3152609547",
      "geometry": {
        "type": "Point",
        "coordinates": [
          132.5530222,
          33.1715599
        ]
      },
      "properties": {
        "routeId": "shikoku-88-iyo",
        "name": "草木",
        "type": "transport",
        "subtype": "bus_stop",
        "stageIndex": 2,
        "kmFromStart": 59.9,
        "icon": "bus_stop",
        "source": "osm",
        "osmId": "node/3152609547"
      }
    },
    {
      "type": "Feature",
      "id": "wp-osm-transport-node3152607826",
      "geometry": {
        "type": "Point",
        "coordinates": [
          132.5524169,
          33.1751817
        ]
      },
      "properties": {
        "routeId": "shikoku-88-iyo",
        "name": "清水",
        "type": "transport",
        "subtype": "bus_stop",
        "stageIndex": 2,
        "kmFromStart": 60.3,
        "icon": "bus_stop",
        "source": "osm",
        "osmId": "node/3152607826"
      }
    },
    {
      "type": "Feature",
      "id": "wp-osm-transport-node3152607408",
      "geometry": {
        "type": "Point",
        "coordinates": [
          132.5506903,
          33.1790615
        ]
      },
      "properties": {
        "routeId": "shikoku-88-iyo",
        "name": "松ヶ鼻",
        "type": "transport",
        "subtype": "bus_stop",
        "stageIndex": 2,
        "kmFromStart": 60.9,
        "icon": "bus_stop",
        "source": "osm",
        "osmId": "node/3152607408"
      }
    },
    {
      "type": "Feature",
      "id": "wp-osm-transport-node3152608243",
      "geometry": {
        "type": "Point",
        "coordinates": [
          132.5496583,
          33.1809667
        ]
      },
      "properties": {
        "routeId": "shikoku-88-iyo",
        "name": "石丸",
        "type": "transport",
        "subtype": "bus_stop",
        "stageIndex": 2,
        "kmFromStart": 61.1,
        "icon": "bus_stop",
        "source": "osm",
        "osmId": "node/3152608243"
      }
    },
    {
      "type": "Feature",
      "id": "wp-osm-sacred_site-node12287432670",
      "geometry": {
        "type": "Point",
        "coordinates": [
          132.5475965,
          33.1810736
        ]
      },
      "properties": {
        "routeId": "shikoku-88-iyo",
        "name": "宿地神社",
        "type": "sacred_site",
        "subtype": "church",
        "stageIndex": 2,
        "kmFromStart": 61.2,
        "icon": "church",
        "source": "osm",
        "osmId": "node/12287432670"
      }
    },
    {
      "type": "Feature",
      "id": "wp-osm-food-node12284684853",
      "geometry": {
        "type": "Point",
        "coordinates": [
          132.5490697,
          33.1824499
        ]
      },
      "properties": {
        "routeId": "shikoku-88-iyo",
        "name": "Joyfull",
        "nameLocalized": {
          "ja": "ジョイフル"
        },
        "type": "food",
        "subtype": "restaurant",
        "stageIndex": 2,
        "kmFromStart": 61.3,
        "icon": "restaurant",
        "source": "osm",
        "osmId": "node/12284684853"
      }
    },
    {
      "type": "Feature",
      "id": "wp-osm-transport-node3152603177",
      "geometry": {
        "type": "Point",
        "coordinates": [
          132.5483188,
          33.1853823
        ]
      },
      "properties": {
        "routeId": "shikoku-88-iyo",
        "name": "上保田",
        "type": "transport",
        "subtype": "bus_stop",
        "stageIndex": 2,
        "kmFromStart": 61.6,
        "icon": "bus_stop",
        "source": "osm",
        "osmId": "node/3152603177"
      }
    },
    {
      "type": "Feature",
      "id": "wp-osm-transport-node3152603987",
      "geometry": {
        "type": "Point",
        "coordinates": [
          132.5478822,
          33.1896293
        ]
      },
      "properties": {
        "routeId": "shikoku-88-iyo",
        "name": "保田",
        "type": "transport",
        "subtype": "bus_stop",
        "stageIndex": 2,
        "kmFromStart": 62.1,
        "icon": "bus_stop",
        "source": "osm",
        "osmId": "node/3152603987"
      }
    },
    {
      "type": "Feature",
      "id": "wp-osm-food-node12277901694",
      "geometry": {
        "type": "Point",
        "coordinates": [
          132.5480219,
          33.1906443
        ]
      },
      "properties": {
        "routeId": "shikoku-88-iyo",
        "name": "ファミリー",
        "type": "food",
        "subtype": "cafe",
        "stageIndex": 2,
        "kmFromStart": 62.2,
        "icon": "cafe",
        "source": "osm",
        "osmId": "node/12277901694"
      }
    },
    {
      "type": "Feature",
      "id": "wp-osm-supply-node12257728506",
      "geometry": {
        "type": "Point",
        "coordinates": [
          132.5466628,
          33.1950679
        ]
      },
      "properties": {
        "routeId": "shikoku-88-iyo",
        "name": "FamilyMart",
        "nameLocalized": {
          "ja": "ファミリーマート"
        },
        "type": "supply",
        "subtype": "convenience_store",
        "stageIndex": 2,
        "kmFromStart": 62.7,
        "icon": "convenience_store",
        "source": "osm",
        "osmId": "node/12257728506"
      }
    },
    {
      "type": "Feature",
      "id": "wp-osm-transport-node3152604368",
      "geometry": {
        "type": "Point",
        "coordinates": [
          132.5465343,
          33.195647
        ]
      },
      "properties": {
        "routeId": "shikoku-88-iyo",
        "name": "出口",
        "type": "transport",
        "subtype": "bus_stop",
        "stageIndex": 2,
        "kmFromStart": 62.8,
        "icon": "bus_stop",
        "source": "osm",
        "osmId": "node/3152604368"
      }
    },
    {
      "type": "Feature",
      "id": "wp-osm-transport-node3152605840",
      "geometry": {
        "type": "Point",
        "coordinates": [
          132.5454313,
          33.2002268
        ]
      },
      "properties": {
        "routeId": "shikoku-88-iyo",
        "name": "寄松橋",
        "type": "transport",
        "subtype": "bus_stop",
        "stageIndex": 2,
        "kmFromStart": 63.1,
        "icon": "bus_stop",
        "source": "osm",
        "osmId": "node/3152605840"
      }
    },
    {
      "type": "Feature",
      "id": "wp-osm-transport-node3152608178",
      "geometry": {
        "type": "Point",
        "coordinates": [
          132.5507846,
          33.2007179
        ]
      },
      "properties": {
        "routeId": "shikoku-88-iyo",
        "name": "番城小学校前",
        "type": "transport",
        "subtype": "bus_stop",
        "stageIndex": 2,
        "kmFromStart": 63.6,
        "icon": "bus_stop",
        "source": "osm",
        "osmId": "node/3152608178"
      }
    },
    {
      "type": "Feature",
      "id": "wp-osm-food-node12424848496",
      "geometry": {
        "type": "Point",
        "coordinates": [
          132.5510768,
          33.2012739
        ]
      },
      "properties": {
        "routeId": "shikoku-88-iyo",
        "name": "CoCo ICHIBANYA",
        "nameLocalized": {
          "ja": "CoCo壱番屋"
        },
        "type": "food",
        "subtype": "restaurant",
        "stageIndex": 2,
        "kmFromStart": 63.7,
        "icon": "restaurant",
        "source": "osm",
        "osmId": "node/12424848496",
        "hours": "11:00-22:30"
      }
    },
    {
      "type": "Feature",
      "id": "wp-osm-transport-node3152605839",
      "geometry": {
        "type": "Point",
        "coordinates": [
          132.5524119,
          33.2023651
        ]
      },
      "properties": {
        "routeId": "shikoku-88-iyo",
        "name": "寄松",
        "type": "transport",
        "subtype": "bus_stop",
        "stageIndex": 2,
        "kmFromStart": 63.9,
        "icon": "bus_stop",
        "source": "osm",
        "osmId": "node/3152605839"
      }
    },
    {
      "type": "Feature",
      "id": "wp-osm-sacred_site-node12223972610",
      "geometry": {
        "type": "Point",
        "coordinates": [
          132.5552768,
          33.2016184
        ]
      },
      "properties": {
        "routeId": "shikoku-88-iyo",
        "name": "高城神社",
        "type": "sacred_site",
        "subtype": "church",
        "stageIndex": 2,
        "kmFromStart": 64,
        "icon": "church",
        "source": "osm",
        "osmId": "node/12223972610"
      }
    },
    {
      "type": "Feature",
      "id": "wp-osm-food-node12237204998",
      "geometry": {
        "type": "Point",
        "coordinates": [
          132.5534414,
          33.2030785
        ]
      },
      "properties": {
        "routeId": "shikoku-88-iyo",
        "name": "Gusto",
        "nameLocalized": {
          "ja": "ガスト"
        },
        "type": "food",
        "subtype": "restaurant",
        "stageIndex": 2,
        "kmFromStart": 64,
        "icon": "restaurant",
        "source": "osm",
        "osmId": "node/12237204998",
        "hours": "07:00-23:00"
      }
    },
    {
      "type": "Feature",
      "id": "wp-osm-supply-node12231106163",
      "geometry": {
        "type": "Point",
        "coordinates": [
          132.5524659,
          33.205071
        ]
      },
      "properties": {
        "routeId": "shikoku-88-iyo",
        "name": "FamilyMart",
        "nameLocalized": {
          "ja": "ファミリーマート"
        },
        "type": "supply",
        "subtype": "convenience_store",
        "stageIndex": 2,
        "kmFromStart": 64.1,
        "icon": "convenience_store",
        "source": "osm",
        "osmId": "node/12231106163"
      }
    },
    {
      "type": "Feature",
      "id": "wp-osm-transport-node3152606477",
      "geometry": {
        "type": "Point",
        "coordinates": [
          132.5551407,
          33.2049897
        ]
      },
      "properties": {
        "routeId": "shikoku-88-iyo",
        "name": "川内口",
        "type": "transport",
        "subtype": "bus_stop",
        "stageIndex": 2,
        "kmFromStart": 64.3,
        "icon": "bus_stop",
        "source": "osm",
        "osmId": "node/3152606477"
      }
    },
    {
      "type": "Feature",
      "id": "wp-osm-transport-node3152605769",
      "geometry": {
        "type": "Point",
        "coordinates": [
          132.5565993,
          33.2068303
        ]
      },
      "properties": {
        "routeId": "shikoku-88-iyo",
        "name": "宇和島警察署前",
        "type": "transport",
        "subtype": "bus_stop",
        "stageIndex": 2,
        "kmFromStart": 64.5,
        "icon": "bus_stop",
        "source": "osm",
        "osmId": "node/3152605769"
      }
    },
    {
      "type": "Feature",
      "id": "wp-osm-food-node12223988510",
      "geometry": {
        "type": "Point",
        "coordinates": [
          132.5554813,
          33.2060924
        ]
      },
      "properties": {
        "routeId": "shikoku-88-iyo",
        "name": "Trattoria Piccola Isola",
        "type": "food",
        "subtype": "restaurant",
        "stageIndex": 2,
        "kmFromStart": 64.4,
        "icon": "restaurant",
        "source": "osm",
        "osmId": "node/12223988510"
      }
    },
    {
      "type": "Feature",
      "id": "wp-osm-food-node12210482069",
      "geometry": {
        "type": "Point",
        "coordinates": [
          132.5552768,
          33.2086709
        ]
      },
      "properties": {
        "routeId": "shikoku-88-iyo",
        "name": "ごはん茶屋 仁",
        "type": "food",
        "subtype": "restaurant",
        "stageIndex": 2,
        "kmFromStart": 64.6,
        "icon": "restaurant",
        "source": "osm",
        "osmId": "node/12210482069"
      }
    },
    {
      "type": "Feature",
      "id": "wp-osm-supply-node12217485648",
      "geometry": {
        "type": "Point",
        "coordinates": [
          132.5571618,
          33.2083081
        ]
      },
      "properties": {
        "routeId": "shikoku-88-iyo",
        "name": "Lawson",
        "nameLocalized": {
          "ja": "ローソン"
        },
        "type": "supply",
        "subtype": "convenience_store",
        "stageIndex": 2,
        "kmFromStart": 64.7,
        "icon": "convenience_store",
        "source": "osm",
        "osmId": "node/12217485648"
      }
    },
    {
      "type": "Feature",
      "id": "wp-osm-sacred_site-node12187487869",
      "geometry": {
        "type": "Point",
        "coordinates": [
          132.5596445,
          33.2076058
        ]
      },
      "properties": {
        "routeId": "shikoku-88-iyo",
        "name": "金勢神社",
        "type": "sacred_site",
        "subtype": "church",
        "stageIndex": 2,
        "kmFromStart": 64.8,
        "icon": "church",
        "source": "osm",
        "osmId": "node/12187487869"
      }
    },
    {
      "type": "Feature",
      "id": "wp-osm-transport-node3152604004",
      "geometry": {
        "type": "Point",
        "coordinates": [
          132.5586335,
          33.2098518
        ]
      },
      "properties": {
        "routeId": "shikoku-88-iyo",
        "name": "元結掛口",
        "type": "transport",
        "subtype": "bus_stop",
        "stageIndex": 2,
        "kmFromStart": 64.9,
        "icon": "bus_stop",
        "source": "osm",
        "osmId": "node/3152604004"
      }
    },
    {
      "type": "Feature",
      "id": "wp-osm-transport-node3152610835",
      "geometry": {
        "type": "Point",
        "coordinates": [
          132.5588319,
          33.2116677
        ]
      },
      "properties": {
        "routeId": "shikoku-88-iyo",
        "name": "長堀橋",
        "type": "transport",
        "subtype": "bus_stop",
        "stageIndex": 2,
        "kmFromStart": 65.1,
        "icon": "bus_stop",
        "source": "osm",
        "osmId": "node/3152610835"
      }
    },
    {
      "type": "Feature",
      "id": "wp-osm-supply-node5581797021",
      "geometry": {
        "type": "Point",
        "coordinates": [
          132.5590417,
          33.2111969
        ]
      },
      "properties": {
        "routeId": "shikoku-88-iyo",
        "name": "7-Eleven",
        "nameLocalized": {
          "ja": "セブン-イレブン"
        },
        "type": "supply",
        "subtype": "convenience_store",
        "stageIndex": 2,
        "kmFromStart": 65.1,
        "icon": "convenience_store",
        "source": "osm",
        "osmId": "node/5581797021"
      }
    },
    {
      "type": "Feature",
      "id": "wp-osm-food-node13904181632",
      "geometry": {
        "type": "Point",
        "coordinates": [
          132.5588172,
          33.2126173
        ]
      },
      "properties": {
        "routeId": "shikoku-88-iyo",
        "name": "いごっそ",
        "type": "food",
        "subtype": "restaurant",
        "stageIndex": 2,
        "kmFromStart": 65.2,
        "icon": "restaurant",
        "source": "osm",
        "osmId": "node/13904181632"
      }
    },
    {
      "type": "Feature",
      "id": "wp-osm-transport-node3152606952",
      "geometry": {
        "type": "Point",
        "coordinates": [
          132.5592388,
          33.2134637
        ]
      },
      "properties": {
        "routeId": "shikoku-88-iyo",
        "name": "明倫橋",
        "type": "transport",
        "subtype": "bus_stop",
        "stageIndex": 2,
        "kmFromStart": 65.3,
        "icon": "bus_stop",
        "source": "osm",
        "osmId": "node/3152606952"
      }
    },
    {
      "type": "Feature",
      "id": "wp-osm-transport-node3152605224",
      "geometry": {
        "type": "Point",
        "coordinates": [
          132.5620583,
          33.2160722
        ]
      },
      "properties": {
        "routeId": "shikoku-88-iyo",
        "name": "天赦園前",
        "type": "transport",
        "subtype": "bus_stop",
        "stageIndex": 2,
        "kmFromStart": 65.6,
        "icon": "bus_stop",
        "source": "osm",
        "osmId": "node/3152605224"
      }
    },
    {
      "type": "Feature",
      "id": "wp-osm-transport-node3152607513",
      "geometry": {
        "type": "Point",
        "coordinates": [
          132.5634311,
          33.2153912
        ]
      },
      "properties": {
        "routeId": "shikoku-88-iyo",
        "name": "桜町",
        "type": "transport",
        "subtype": "bus_stop",
        "stageIndex": 2,
        "kmFromStart": 65.6,
        "icon": "bus_stop",
        "source": "osm",
        "osmId": "node/3152607513"
      }
    },
    {
      "type": "Feature",
      "id": "wp-osm-transport-node3152608611",
      "geometry": {
        "type": "Point",
        "coordinates": [
          132.5671819,
          33.2144932
        ]
      },
      "properties": {
        "routeId": "shikoku-88-iyo",
        "name": "神田橋",
        "type": "transport",
        "subtype": "bus_stop",
        "stageIndex": 2,
        "kmFromStart": 65.8,
        "icon": "bus_stop",
        "source": "osm",
        "osmId": "node/3152608611"
      }
    },
    {
      "type": "Feature",
      "id": "wp-osm-transport-node3152606521",
      "geometry": {
        "type": "Point",
        "coordinates": [
          132.5654355,
          33.2150191
        ]
      },
      "properties": {
        "routeId": "shikoku-88-iyo",
        "name": "市立病院南口",
        "type": "transport",
        "subtype": "bus_stop",
        "stageIndex": 2,
        "kmFromStart": 65.8,
        "icon": "bus_stop",
        "source": "osm",
        "osmId": "node/3152606521"
      }
    },
    {
      "type": "Feature",
      "id": "wp-osm-transport-node3152603589",
      "geometry": {
        "type": "Point",
        "coordinates": [
          132.5687249,
          33.2155078
        ]
      },
      "properties": {
        "routeId": "shikoku-88-iyo",
        "name": "京町",
        "type": "transport",
        "subtype": "bus_stop",
        "stageIndex": 2,
        "kmFromStart": 65.9,
        "icon": "bus_stop",
        "source": "osm",
        "osmId": "node/3152603589"
      }
    },
    {
      "type": "Feature",
      "id": "wp-osm-medical-node1423744636",
      "geometry": {
        "type": "Point",
        "coordinates": [
          132.5674258,
          33.2162106
        ]
      },
      "properties": {
        "routeId": "shikoku-88-iyo",
        "name": "鎌野病院",
        "type": "medical",
        "subtype": "hospital",
        "stageIndex": 2,
        "kmFromStart": 66,
        "icon": "hospital",
        "source": "osm",
        "osmId": "node/1423744636"
      }
    },
    {
      "type": "Feature",
      "id": "wp-osm-transport-node3152606519",
      "geometry": {
        "type": "Point",
        "coordinates": [
          132.5649942,
          33.2166084
        ]
      },
      "properties": {
        "routeId": "shikoku-88-iyo",
        "name": "市立病院前",
        "type": "transport",
        "subtype": "bus_stop",
        "stageIndex": 2,
        "kmFromStart": 66.1,
        "icon": "bus_stop",
        "source": "osm",
        "osmId": "node/3152606519"
      }
    },
    {
      "type": "Feature",
      "id": "wp-osm-transport-node3152607402",
      "geometry": {
        "type": "Point",
        "coordinates": [
          132.5626002,
          33.2172077
        ]
      },
      "properties": {
        "routeId": "shikoku-88-iyo",
        "name": "東高校前",
        "type": "transport",
        "subtype": "bus_stop",
        "stageIndex": 2,
        "kmFromStart": 66.2,
        "icon": "bus_stop",
        "source": "osm",
        "osmId": "node/3152607402"
      }
    },
    {
      "type": "Feature",
      "id": "wp-osm-medical-node12032835009",
      "geometry": {
        "type": "Point",
        "coordinates": [
          132.5631737,
          33.2173401
        ]
      },
      "properties": {
        "routeId": "shikoku-88-iyo",
        "name": "ダテ薬局",
        "type": "medical",
        "subtype": "pharmacy",
        "stageIndex": 2,
        "kmFromStart": 66.2,
        "icon": "pharmacy",
        "source": "osm",
        "osmId": "node/12032835009"
      }
    },
    {
      "type": "Feature",
      "id": "wp-osm-food-node12032835644",
      "geometry": {
        "type": "Point",
        "coordinates": [
          132.5655641,
          33.2171342
        ]
      },
      "properties": {
        "routeId": "shikoku-88-iyo",
        "name": "みよしの",
        "type": "food",
        "subtype": "restaurant",
        "stageIndex": 2,
        "kmFromStart": 66.1,
        "icon": "restaurant",
        "source": "osm",
        "osmId": "node/12032835644"
      }
    },
    {
      "type": "Feature",
      "id": "wp-osm-food-node12032835645",
      "geometry": {
        "type": "Point",
        "coordinates": [
          132.5649215,
          33.217243
        ]
      },
      "properties": {
        "routeId": "shikoku-88-iyo",
        "name": "にこにこ食堂",
        "type": "food",
        "subtype": "restaurant",
        "stageIndex": 2,
        "kmFromStart": 66.1,
        "icon": "restaurant",
        "source": "osm",
        "osmId": "node/12032835645"
      }
    },
    {
      "type": "Feature",
      "id": "wp-osm-sacred_site-node12386242121",
      "geometry": {
        "type": "Point",
        "coordinates": [
          132.5635135,
          33.2189693
        ]
      },
      "properties": {
        "routeId": "shikoku-88-iyo",
        "name": "南豫護国神社",
        "type": "sacred_site",
        "subtype": "church",
        "stageIndex": 2,
        "kmFromStart": 66.2,
        "icon": "church",
        "source": "osm",
        "osmId": "node/12386242121"
      }
    },
    {
      "type": "Feature",
      "id": "wp-osm-transport-node3152604934",
      "geometry": {
        "type": "Point",
        "coordinates": [
          132.5675491,
          33.2178471
        ]
      },
      "properties": {
        "routeId": "shikoku-88-iyo",
        "name": "堀端町",
        "type": "transport",
        "subtype": "bus_stop",
        "stageIndex": 2,
        "kmFromStart": 66.3,
        "icon": "bus_stop",
        "source": "osm",
        "osmId": "node/3152604934"
      }
    },
    {
      "type": "Feature",
      "id": "wp-osm-transport-node3152607322",
      "geometry": {
        "type": "Point",
        "coordinates": [
          132.5684372,
          33.2188989
        ]
      },
      "properties": {
        "routeId": "shikoku-88-iyo",
        "name": "本町追手",
        "type": "transport",
        "subtype": "bus_stop",
        "stageIndex": 2,
        "kmFromStart": 66.4,
        "icon": "bus_stop",
        "source": "osm",
        "osmId": "node/3152607322"
      }
    },
    {
      "type": "Feature",
      "id": "wp-osm-transport-node3152610441",
      "geometry": {
        "type": "Point",
        "coordinates": [
          132.5688986,
          33.2197126
        ]
      },
      "properties": {
        "routeId": "shikoku-88-iyo",
        "name": "追手通り前",
        "type": "transport",
        "subtype": "bus_stop",
        "stageIndex": 2,
        "kmFromStart": 66.4,
        "icon": "bus_stop",
        "source": "osm",
        "osmId": "node/3152610441"
      }
    },
    {
      "type": "Feature",
      "id": "wp-osm-cultural_site-node9719709612",
      "geometry": {
        "type": "Point",
        "coordinates": [
          132.5655633,
          33.2188684
        ]
      },
      "properties": {
        "routeId": "shikoku-88-iyo",
        "name": "煙硝矢倉跡",
        "type": "cultural_site",
        "subtype": "ruins",
        "stageIndex": 2,
        "kmFromStart": 66.2,
        "icon": "ruins",
        "source": "osm",
        "osmId": "node/9719709612"
      }
    },
    {
      "type": "Feature",
      "id": "wp-osm-accommodation-node11927103603",
      "geometry": {
        "type": "Point",
        "coordinates": [
          132.5670289,
          33.2183868
        ]
      },
      "properties": {
        "routeId": "shikoku-88-iyo",
        "name": "Uwajima Regent Hotel",
        "nameLocalized": {
          "ja": "宇和島リージェントホテル"
        },
        "type": "accommodation",
        "subtype": "hotel",
        "stageIndex": 2,
        "kmFromStart": 66.3,
        "icon": "hotel",
        "source": "osm",
        "osmId": "node/11927103603"
      }
    },
    {
      "type": "Feature",
      "id": "wp-osm-food-node11927834146",
      "geometry": {
        "type": "Point",
        "coordinates": [
          132.5682111,
          33.2184657
        ]
      },
      "properties": {
        "routeId": "shikoku-88-iyo",
        "name": "安藤コーヒー",
        "type": "food",
        "subtype": "cafe",
        "stageIndex": 2,
        "kmFromStart": 66.4,
        "icon": "cafe",
        "source": "osm",
        "osmId": "node/11927834146",
        "hours": "08:30-19:00"
      }
    },
    {
      "type": "Feature",
      "id": "wp-osm-sacred_site-node12014491344",
      "geometry": {
        "type": "Point",
        "coordinates": [
          132.566138,
          33.2183989
        ]
      },
      "properties": {
        "routeId": "shikoku-88-iyo",
        "name": "カトリック宇和島教会",
        "type": "sacred_site",
        "subtype": "church",
        "stageIndex": 2,
        "kmFromStart": 66.3,
        "icon": "church",
        "source": "osm",
        "osmId": "node/12014491344"
      }
    },
    {
      "type": "Feature",
      "id": "wp-osm-supply-node12105598225",
      "geometry": {
        "type": "Point",
        "coordinates": [
          132.5694337,
          33.2175277
        ]
      },
      "properties": {
        "routeId": "shikoku-88-iyo",
        "name": "FamilyMart",
        "nameLocalized": {
          "ja": "ファミリーマート"
        },
        "type": "supply",
        "subtype": "convenience_store",
        "stageIndex": 2,
        "kmFromStart": 66.4,
        "icon": "convenience_store",
        "source": "osm",
        "osmId": "node/12105598225"
      }
    },
    {
      "type": "Feature",
      "id": "wp-osm-food-node13744174061",
      "geometry": {
        "type": "Point",
        "coordinates": [
          132.5680211,
          33.2198221
        ]
      },
      "properties": {
        "routeId": "shikoku-88-iyo",
        "name": "Kogarashi",
        "type": "food",
        "subtype": "restaurant",
        "stageIndex": 2,
        "kmFromStart": 66.4,
        "icon": "restaurant",
        "source": "osm",
        "osmId": "node/13744174061"
      }
    },
    {
      "type": "Feature",
      "id": "wp-osm-transport-node3152607910",
      "geometry": {
        "type": "Point",
        "coordinates": [
          132.567946,
          33.2210174
        ]
      },
      "properties": {
        "routeId": "shikoku-88-iyo",
        "name": "牛鬼すとりーと",
        "type": "transport",
        "subtype": "bus_stop",
        "stageIndex": 2,
        "kmFromStart": 66.6,
        "icon": "bus_stop",
        "source": "osm",
        "osmId": "node/3152607910"
      }
    },
    {
      "type": "Feature",
      "id": "wp-osm-accommodation-node12118001403",
      "geometry": {
        "type": "Point",
        "coordinates": [
          132.5688591,
          33.2209476
        ]
      },
      "properties": {
        "routeId": "shikoku-88-iyo",
        "name": "Uwajima Daiichi Hotel",
        "nameLocalized": {
          "ja": "宇和島第一ホテル"
        },
        "type": "accommodation",
        "subtype": "hotel",
        "stageIndex": 2,
        "kmFromStart": 66.5,
        "icon": "hotel",
        "source": "osm",
        "osmId": "node/12118001403"
      }
    },
    {
      "type": "Feature",
      "id": "wp-osm-food-node13744238521",
      "geometry": {
        "type": "Point",
        "coordinates": [
          132.5673192,
          33.2205493
        ]
      },
      "properties": {
        "routeId": "shikoku-88-iyo",
        "name": "天よし",
        "type": "food",
        "subtype": "restaurant",
        "stageIndex": 2,
        "kmFromStart": 66.5,
        "icon": "restaurant",
        "source": "osm",
        "osmId": "node/13744238521",
        "hours": "Mo-Sa 11:00-15:00,17:00-20:00; Su off"
      }
    },
    {
      "type": "Feature",
      "id": "wp-osm-transport-node3152604590",
      "geometry": {
        "type": "Point",
        "coordinates": [
          132.5661897,
          33.2206751
        ]
      },
      "properties": {
        "routeId": "shikoku-88-iyo",
        "name": "南予文化会館前",
        "type": "transport",
        "subtype": "bus_stop",
        "stageIndex": 2,
        "kmFromStart": 66.6,
        "icon": "bus_stop",
        "source": "osm",
        "osmId": "node/3152604590"
      }
    },
    {
      "type": "Feature",
      "id": "wp-osm-supply-node3698522648",
      "geometry": {
        "type": "Point",
        "coordinates": [
          132.564021,
          33.2207885
        ]
      },
      "properties": {
        "routeId": "shikoku-88-iyo",
        "name": "Unnamed",
        "type": "supply",
        "subtype": "vending_machine",
        "stageIndex": 2,
        "kmFromStart": 66.7,
        "icon": "vending_machine",
        "source": "osm",
        "osmId": "node/3698522648"
      }
    },
    {
      "type": "Feature",
      "id": "wp-osm-transport-node3152602994",
      "geometry": {
        "type": "Point",
        "coordinates": [
          132.5649146,
          33.2225852
        ]
      },
      "properties": {
        "routeId": "shikoku-88-iyo",
        "name": "お茶撰橋",
        "type": "transport",
        "subtype": "bus_stop",
        "stageIndex": 2,
        "kmFromStart": 66.8,
        "icon": "bus_stop",
        "source": "osm",
        "osmId": "node/3152602994"
      }
    },
    {
      "type": "Feature",
      "id": "wp-osm-food-node11934498729",
      "geometry": {
        "type": "Point",
        "coordinates": [
          132.5635636,
          33.2244993
        ]
      },
      "properties": {
        "routeId": "shikoku-88-iyo",
        "name": "お好み焼き すかがわ",
        "type": "food",
        "subtype": "restaurant",
        "stageIndex": 2,
        "kmFromStart": 66.8,
        "icon": "restaurant",
        "source": "osm",
        "osmId": "node/11934498729"
      }
    },
    {
      "type": "Feature",
      "id": "wp-osm-accommodation-node11982490512",
      "geometry": {
        "type": "Point",
        "coordinates": [
          132.5637146,
          33.2233175
        ]
      },
      "properties": {
        "routeId": "shikoku-88-iyo",
        "name": "旅館なか川",
        "type": "accommodation",
        "subtype": "hotel",
        "stageIndex": 2,
        "kmFromStart": 66.8,
        "icon": "hotel",
        "source": "osm",
        "osmId": "node/11982490512"
      }
    },
    {
      "type": "Feature",
      "id": "wp-osm-accommodation-node12014491052",
      "geometry": {
        "type": "Point",
        "coordinates": [
          132.5632359,
          33.2223816
        ]
      },
      "properties": {
        "routeId": "shikoku-88-iyo",
        "name": "民宿みはら",
        "type": "accommodation",
        "subtype": "guesthouse",
        "stageIndex": 2,
        "kmFromStart": 66.8,
        "icon": "guesthouse",
        "source": "osm",
        "osmId": "node/12014491052"
      }
    },
    {
      "type": "Feature",
      "id": "wp-osm-transport-node3152606828",
      "geometry": {
        "type": "Point",
        "coordinates": [
          132.5646764,
          33.2243366
        ]
      },
      "properties": {
        "routeId": "shikoku-88-iyo",
        "name": "恵美須町",
        "type": "transport",
        "subtype": "bus_stop",
        "stageIndex": 2,
        "kmFromStart": 66.9,
        "icon": "bus_stop",
        "source": "osm",
        "osmId": "node/3152606828"
      }
    },
    {
      "type": "Feature",
      "id": "wp-osm-food-node9719690487",
      "geometry": {
        "type": "Point",
        "coordinates": [
          132.5655915,
          33.2225232
        ]
      },
      "properties": {
        "routeId": "shikoku-88-iyo",
        "name": "Kappoh Tanaka - Uwajima Traditional Cooking",
        "nameLocalized": {
          "ja": "割烹田中"
        },
        "type": "food",
        "subtype": "restaurant",
        "stageIndex": 2,
        "kmFromStart": 66.9,
        "icon": "restaurant",
        "source": "osm",
        "osmId": "node/9719690487",
        "hours": "17:00-24:00; Tu off; Mo[-1] off"
      }
    },
    {
      "type": "Feature",
      "id": "wp-osm-supply-node11927129844",
      "geometry": {
        "type": "Point",
        "coordinates": [
          132.5668088,
          33.2227728
        ]
      },
      "properties": {
        "routeId": "shikoku-88-iyo",
        "name": "FamilyMart",
        "nameLocalized": {
          "ja": "ファミリーマート"
        },
        "type": "supply",
        "subtype": "convenience_store",
        "stageIndex": 2,
        "kmFromStart": 67,
        "icon": "convenience_store",
        "source": "osm",
        "osmId": "node/11927129844",
        "hours": "24/7"
      }
    },
    {
      "type": "Feature",
      "id": "wp-osm-food-node11927182414",
      "geometry": {
        "type": "Point",
        "coordinates": [
          132.566782,
          33.2235841
        ]
      },
      "properties": {
        "routeId": "shikoku-88-iyo",
        "name": "ほづみ亭",
        "type": "food",
        "subtype": "restaurant",
        "stageIndex": 2,
        "kmFromStart": 67,
        "icon": "restaurant",
        "source": "osm",
        "osmId": "node/11927182414",
        "hours": "11:00-13:20 \"ランチ\",17:00-21:00 \"ディナー\"; Su off"
      }
    },
    {
      "type": "Feature",
      "id": "wp-osm-accommodation-node12125904000",
      "geometry": {
        "type": "Point",
        "coordinates": [
          132.5667878,
          33.2241636
        ]
      },
      "properties": {
        "routeId": "shikoku-88-iyo",
        "name": "スーパーホテル宇和島駅前天然温泉",
        "type": "accommodation",
        "subtype": "hotel",
        "stageIndex": 2,
        "kmFromStart": 67,
        "icon": "hotel",
        "source": "osm",
        "osmId": "node/12125904000"
      }
    },
    {
      "type": "Feature",
      "id": "wp-osm-sacred_site-node12123579391",
      "geometry": {
        "type": "Point",
        "coordinates": [
          132.5690185,
          33.2220419
        ]
      },
      "properties": {
        "routeId": "shikoku-88-iyo",
        "name": "浄満寺",
        "type": "sacred_site",
        "subtype": "church",
        "stageIndex": 2,
        "kmFromStart": 67.1,
        "icon": "church",
        "source": "osm",
        "osmId": "node/12123579391"
      }
    },
    {
      "type": "Feature",
      "id": "wp-osm-transport-node3152607323",
      "geometry": {
        "type": "Point",
        "coordinates": [
          132.5674694,
          33.2249444
        ]
      },
      "properties": {
        "routeId": "shikoku-88-iyo",
        "name": "本社前",
        "type": "transport",
        "subtype": "bus_stop",
        "stageIndex": 2,
        "kmFromStart": 67.3,
        "icon": "bus_stop",
        "source": "osm",
        "osmId": "node/3152607323"
      }
    },
    {
      "type": "Feature",
      "id": "wp-osm-transport-node3152611619",
      "geometry": {
        "type": "Point",
        "coordinates": [
          132.5659714,
          33.2257382
        ]
      },
      "properties": {
        "routeId": "shikoku-88-iyo",
        "name": "鶴島町",
        "type": "transport",
        "subtype": "bus_stop",
        "stageIndex": 2,
        "kmFromStart": 67.3,
        "icon": "bus_stop",
        "source": "osm",
        "osmId": "node/3152611619"
      }
    },
    {
      "type": "Feature",
      "id": "wp-osm-supply-node12386243620",
      "geometry": {
        "type": "Point",
        "coordinates": [
          132.5664438,
          33.2254337
        ]
      },
      "properties": {
        "routeId": "shikoku-88-iyo",
        "name": "Unnamed",
        "type": "supply",
        "subtype": "toilet",
        "stageIndex": 2,
        "kmFromStart": 67.3,
        "icon": "toilet",
        "source": "osm",
        "osmId": "node/12386243620"
      }
    },
    {
      "type": "Feature",
      "id": "wp-osm-sacred_site-node4104885415",
      "geometry": {
        "type": "Point",
        "coordinates": [
          132.5692336,
          33.2249875
        ]
      },
      "properties": {
        "routeId": "shikoku-88-iyo",
        "name": "Ryukouin Temple",
        "type": "sacred_site",
        "subtype": "church",
        "stageIndex": 2,
        "kmFromStart": 67.4,
        "icon": "church",
        "source": "osm",
        "osmId": "node/4104885415"
      }
    },
    {
      "type": "Feature",
      "id": "wp-osm-sacred_site-node12135216042",
      "geometry": {
        "type": "Point",
        "coordinates": [
          132.5701558,
          33.2240413
        ]
      },
      "properties": {
        "routeId": "shikoku-88-iyo",
        "name": "顕本寺",
        "type": "sacred_site",
        "subtype": "church",
        "stageIndex": 2,
        "kmFromStart": 67.2,
        "icon": "church",
        "source": "osm",
        "osmId": "node/12135216042"
      }
    },
    {
      "type": "Feature",
      "id": "wp-osm-transport-node3152602980",
      "geometry": {
        "type": "Point",
        "coordinates": [
          132.567936,
          33.2256352
        ]
      },
      "properties": {
        "routeId": "shikoku-88-iyo",
        "name": "JR宇和島駅前",
        "type": "transport",
        "subtype": "bus_stop",
        "stageIndex": 2,
        "kmFromStart": 67.4,
        "icon": "bus_stop",
        "source": "osm",
        "osmId": "node/3152602980"
      }
    },
    {
      "type": "Feature",
      "id": "wp-osm-transport-node7832095789",
      "geometry": {
        "type": "Point",
        "coordinates": [
          132.5675039,
          33.2260474
        ]
      },
      "properties": {
        "routeId": "shikoku-88-iyo",
        "name": "Uwajima",
        "nameLocalized": {
          "ja": "宇和島"
        },
        "type": "transport",
        "subtype": "train_station",
        "stageIndex": 2,
        "kmFromStart": 67.4,
        "icon": "train_station",
        "source": "osm",
        "osmId": "node/7832095789"
      }
    },
    {
      "type": "Feature",
      "id": "wp-osm-transport-node3152604828",
      "geometry": {
        "type": "Point",
        "coordinates": [
          132.5660309,
          33.2279509
        ]
      },
      "properties": {
        "routeId": "shikoku-88-iyo",
        "name": "和霊神社前",
        "type": "transport",
        "subtype": "bus_stop",
        "stageIndex": 2,
        "kmFromStart": 67.8,
        "icon": "bus_stop",
        "source": "osm",
        "osmId": "node/3152604828"
      }
    },
    {
      "type": "Feature",
      "id": "wp-osm-accommodation-node5583293623",
      "geometry": {
        "type": "Point",
        "coordinates": [
          132.5657106,
          33.2273641
        ]
      },
      "properties": {
        "routeId": "shikoku-88-iyo",
        "name": "宇和島オリエンタルホテル",
        "type": "accommodation",
        "subtype": "hotel",
        "stageIndex": 2,
        "kmFromStart": 67.8,
        "icon": "hotel",
        "source": "osm",
        "osmId": "node/5583293623",
        "hours": "24/7"
      }
    },
    {
      "type": "Feature",
      "id": "wp-osm-supply-node9582855253",
      "geometry": {
        "type": "Point",
        "coordinates": [
          132.5659339,
          33.2287157
        ]
      },
      "properties": {
        "routeId": "shikoku-88-iyo",
        "name": "Unnamed",
        "type": "supply",
        "subtype": "vending_machine",
        "stageIndex": 2,
        "kmFromStart": 67.8,
        "icon": "vending_machine",
        "source": "osm",
        "osmId": "node/9582855253"
      }
    },
    {
      "type": "Feature",
      "id": "wp-osm-supply-node11932537538",
      "geometry": {
        "type": "Point",
        "coordinates": [
          132.5673493,
          33.2269585
        ]
      },
      "properties": {
        "routeId": "shikoku-88-iyo",
        "name": "Asahi Soft Drinks",
        "nameLocalized": {
          "ja": "アサヒ飲料"
        },
        "type": "supply",
        "subtype": "vending_machine",
        "stageIndex": 2,
        "kmFromStart": 67.8,
        "icon": "vending_machine",
        "source": "osm",
        "osmId": "node/11932537538"
      }
    },
    {
      "type": "Feature",
      "id": "wp-osm-medical-node1423731074",
      "geometry": {
        "type": "Point",
        "coordinates": [
          132.567691,
          33.2292435
        ]
      },
      "properties": {
        "routeId": "shikoku-88-iyo",
        "name": "加藤整形外科病院",
        "type": "medical",
        "subtype": "hospital",
        "stageIndex": 2,
        "kmFromStart": 67.9,
        "icon": "hospital",
        "source": "osm",
        "osmId": "node/1423731074"
      }
    },
    {
      "type": "Feature",
      "id": "wp-osm-supply-node12141399678",
      "geometry": {
        "type": "Point",
        "coordinates": [
          132.5683409,
          33.228829
        ]
      },
      "properties": {
        "routeId": "shikoku-88-iyo",
        "name": "7-Eleven",
        "nameLocalized": {
          "ja": "セブン-イレブン"
        },
        "type": "supply",
        "subtype": "convenience_store",
        "stageIndex": 2,
        "kmFromStart": 67.9,
        "icon": "convenience_store",
        "source": "osm",
        "osmId": "node/12141399678"
      }
    },
    {
      "type": "Feature",
      "id": "wp-osm-sacred_site-node12150955477",
      "geometry": {
        "type": "Point",
        "coordinates": [
          132.5729555,
          33.2289394
        ]
      },
      "properties": {
        "routeId": "shikoku-88-iyo",
        "name": "赤染神社",
        "type": "sacred_site",
        "subtype": "church",
        "stageIndex": 2,
        "kmFromStart": 68.1,
        "icon": "church",
        "source": "osm",
        "osmId": "node/12150955477"
      }
    },
    {
      "type": "Feature",
      "id": "wp-osm-transport-node3152604825",
      "geometry": {
        "type": "Point",
        "coordinates": [
          132.571161,
          33.2312676
        ]
      },
      "properties": {
        "routeId": "shikoku-88-iyo",
        "name": "和霊中町",
        "type": "transport",
        "subtype": "bus_stop",
        "stageIndex": 2,
        "kmFromStart": 68.3,
        "icon": "bus_stop",
        "source": "osm",
        "osmId": "node/3152604825"
      }
    },
    {
      "type": "Feature",
      "id": "wp-osm-transport-node3152604827",
      "geometry": {
        "type": "Point",
        "coordinates": [
          132.5683048,
          33.2314936
        ]
      },
      "properties": {
        "routeId": "shikoku-88-iyo",
        "name": "和霊大橋元",
        "type": "transport",
        "subtype": "bus_stop",
        "stageIndex": 2,
        "kmFromStart": 68.2,
        "icon": "bus_stop",
        "source": "osm",
        "osmId": "node/3152604827"
      }
    },
    {
      "type": "Feature",
      "id": "wp-osm-transport-node3152607770",
      "geometry": {
        "type": "Point",
        "coordinates": [
          132.5716025,
          33.2332869
        ]
      },
      "properties": {
        "routeId": "shikoku-88-iyo",
        "name": "泉町",
        "type": "transport",
        "subtype": "bus_stop",
        "stageIndex": 2,
        "kmFromStart": 68.5,
        "icon": "bus_stop",
        "source": "osm",
        "osmId": "node/3152607770"
      }
    },
    {
      "type": "Feature",
      "id": "wp-osm-food-node12167360457",
      "geometry": {
        "type": "Point",
        "coordinates": [
          132.5741448,
          33.2333411
        ]
      },
      "properties": {
        "routeId": "shikoku-88-iyo",
        "name": "宿と珈琲 Sun&Moon 太陽と月",
        "type": "food",
        "subtype": "cafe",
        "stageIndex": 2,
        "kmFromStart": 68.5,
        "icon": "cafe",
        "source": "osm",
        "osmId": "node/12167360457"
      }
    },
    {
      "type": "Feature",
      "id": "wp-osm-transport-node3152603073",
      "geometry": {
        "type": "Point",
        "coordinates": [
          132.5681742,
          33.2346786
        ]
      },
      "properties": {
        "routeId": "shikoku-88-iyo",
        "name": "フジ北宇和島店前",
        "type": "transport",
        "subtype": "bus_stop",
        "stageIndex": 2,
        "kmFromStart": 68.7,
        "icon": "bus_stop",
        "source": "osm",
        "osmId": "node/3152603073"
      }
    },
    {
      "type": "Feature",
      "id": "wp-osm-food-node12365032865",
      "geometry": {
        "type": "Point",
        "coordinates": [
          132.5691287,
          33.2350397
        ]
      },
      "properties": {
        "routeId": "shikoku-88-iyo",
        "name": "珈琲伝説",
        "type": "food",
        "subtype": "restaurant",
        "stageIndex": 2,
        "kmFromStart": 68.7,
        "icon": "restaurant",
        "source": "osm",
        "osmId": "node/12365032865"
      }
    },
    {
      "type": "Feature",
      "id": "wp-osm-sacred_site-node12174167692",
      "geometry": {
        "type": "Point",
        "coordinates": [
          132.5729089,
          33.237457
        ]
      },
      "properties": {
        "routeId": "shikoku-88-iyo",
        "name": "東禅寺",
        "type": "sacred_site",
        "subtype": "church",
        "stageIndex": 2,
        "kmFromStart": 69,
        "icon": "church",
        "source": "osm",
        "osmId": "node/12174167692"
      }
    },
    {
      "type": "Feature",
      "id": "wp-osm-sacred_site-node12174186318",
      "geometry": {
        "type": "Point",
        "coordinates": [
          132.5722736,
          33.2368172
        ]
      },
      "properties": {
        "routeId": "shikoku-88-iyo",
        "name": "八幡神社",
        "type": "sacred_site",
        "subtype": "church",
        "stageIndex": 2,
        "kmFromStart": 68.9,
        "icon": "church",
        "source": "osm",
        "osmId": "node/12174186318"
      }
    },
    {
      "type": "Feature",
      "id": "wp-osm-supply-node12185334663",
      "geometry": {
        "type": "Point",
        "coordinates": [
          132.5706789,
          33.2373358
        ]
      },
      "properties": {
        "routeId": "shikoku-88-iyo",
        "name": "Lawson",
        "nameLocalized": {
          "ja": "ローソン"
        },
        "type": "supply",
        "subtype": "convenience_store",
        "stageIndex": 2,
        "kmFromStart": 69,
        "icon": "convenience_store",
        "source": "osm",
        "osmId": "node/12185334663"
      }
    },
    {
      "type": "Feature",
      "id": "wp-osm-sacred_site-node12174204538",
      "geometry": {
        "type": "Point",
        "coordinates": [
          132.574098,
          33.2378756
        ]
      },
      "properties": {
        "routeId": "shikoku-88-iyo",
        "name": "石鎚神社",
        "type": "sacred_site",
        "subtype": "church",
        "stageIndex": 2,
        "kmFromStart": 69,
        "icon": "church",
        "source": "osm",
        "osmId": "node/12174204538"
      }
    },
    {
      "type": "Feature",
      "id": "wp-osm-transport-node7832690122",
      "geometry": {
        "type": "Point",
        "coordinates": [
          132.5697879,
          33.2386242
        ]
      },
      "properties": {
        "routeId": "shikoku-88-iyo",
        "name": "Kita-Uwajima",
        "nameLocalized": {
          "ja": "北宇和島",
          "ko": "기타우와지마"
        },
        "type": "transport",
        "subtype": "train_station",
        "stageIndex": 2,
        "kmFromStart": 69.1,
        "icon": "train_station",
        "source": "osm",
        "osmId": "node/7832690122"
      }
    },
    {
      "type": "Feature",
      "id": "wp-osm-supply-node12157067397",
      "geometry": {
        "type": "Point",
        "coordinates": [
          132.5684341,
          33.2400677
        ]
      },
      "properties": {
        "routeId": "shikoku-88-iyo",
        "name": "FamilyMart",
        "nameLocalized": {
          "ja": "ファミリーマート"
        },
        "type": "supply",
        "subtype": "convenience_store",
        "stageIndex": 2,
        "kmFromStart": 69.4,
        "icon": "convenience_store",
        "source": "osm",
        "osmId": "node/12157067397"
      }
    },
    {
      "type": "Feature",
      "id": "wp-osm-sacred_site-node12183340078",
      "geometry": {
        "type": "Point",
        "coordinates": [
          132.5708159,
          33.2400302
        ]
      },
      "properties": {
        "routeId": "shikoku-88-iyo",
        "name": "明海寺",
        "type": "sacred_site",
        "subtype": "church",
        "stageIndex": 2,
        "kmFromStart": 69.3,
        "icon": "church",
        "source": "osm",
        "osmId": "node/12183340078"
      }
    },
    {
      "type": "Feature",
      "id": "wp-osm-transport-node3152608164",
      "geometry": {
        "type": "Point",
        "coordinates": [
          132.5681444,
          33.2435049
        ]
      },
      "properties": {
        "routeId": "shikoku-88-iyo",
        "name": "申生田",
        "type": "transport",
        "subtype": "bus_stop",
        "stageIndex": 2,
        "kmFromStart": 69.7,
        "icon": "bus_stop",
        "source": "osm",
        "osmId": "node/3152608164"
      }
    },
    {
      "type": "Feature",
      "id": "wp-osm-transport-node3152607523",
      "geometry": {
        "type": "Point",
        "coordinates": [
          132.5803891,
          33.2595301
        ]
      },
      "properties": {
        "routeId": "shikoku-88-iyo",
        "name": "梅林口",
        "type": "transport",
        "subtype": "bus_stop",
        "stageIndex": 2,
        "kmFromStart": 71.9,
        "icon": "bus_stop",
        "source": "osm",
        "osmId": "node/3152607523"
      }
    },
    {
      "type": "Feature",
      "id": "wp-osm-transport-node3152611609",
      "geometry": {
        "type": "Point",
        "coordinates": [
          132.5758246,
          33.2536856
        ]
      },
      "properties": {
        "routeId": "shikoku-88-iyo",
        "name": "鳥越",
        "type": "transport",
        "subtype": "bus_stop",
        "stageIndex": 2,
        "kmFromStart": 71,
        "icon": "bus_stop",
        "source": "osm",
        "osmId": "node/3152611609"
      }
    },
    {
      "type": "Feature",
      "id": "wp-osm-transport-node3152607500",
      "geometry": {
        "type": "Point",
        "coordinates": [
          132.5710369,
          33.2436165
        ]
      },
      "properties": {
        "routeId": "shikoku-88-iyo",
        "name": "根無川",
        "type": "transport",
        "subtype": "bus_stop",
        "stageIndex": 2,
        "kmFromStart": 69.7,
        "icon": "bus_stop",
        "source": "osm",
        "osmId": "node/3152607500"
      }
    },
    {
      "type": "Feature",
      "id": "wp-osm-transport-node3152604005",
      "geometry": {
        "type": "Point",
        "coordinates": [
          132.5822546,
          33.2643526
        ]
      },
      "properties": {
        "routeId": "shikoku-88-iyo",
        "name": "光満",
        "type": "transport",
        "subtype": "bus_stop",
        "stageIndex": 2,
        "kmFromStart": 72.5,
        "icon": "bus_stop",
        "source": "osm",
        "osmId": "node/3152604005"
      }
    },
    {
      "type": "Feature",
      "id": "wp-osm-transport-node3152603474",
      "geometry": {
        "type": "Point",
        "coordinates": [
          132.5830881,
          33.2682274
        ]
      },
      "properties": {
        "routeId": "shikoku-88-iyo",
        "name": "中畑",
        "type": "transport",
        "subtype": "bus_stop",
        "stageIndex": 2,
        "kmFromStart": 72.9,
        "icon": "bus_stop",
        "source": "osm",
        "osmId": "node/3152603474"
      }
    },
    {
      "type": "Feature",
      "id": "wp-osm-transport-node3152606897",
      "geometry": {
        "type": "Point",
        "coordinates": [
          132.589683,
          33.2734796
        ]
      },
      "properties": {
        "routeId": "shikoku-88-iyo",
        "name": "新屋敷",
        "type": "transport",
        "subtype": "bus_stop",
        "stageIndex": 2,
        "kmFromStart": 73.9,
        "icon": "bus_stop",
        "source": "osm",
        "osmId": "node/3152606897"
      }
    },
    {
      "type": "Feature",
      "id": "wp-osm-transport-node3152611242",
      "geometry": {
        "type": "Point",
        "coordinates": [
          132.5917606,
          33.2783486
        ]
      },
      "properties": {
        "routeId": "shikoku-88-iyo",
        "name": "Umane",
        "type": "transport",
        "subtype": "bus_stop",
        "stageIndex": 2,
        "kmFromStart": 74.5,
        "icon": "bus_stop",
        "source": "osm",
        "osmId": "node/3152611242"
      }
    },
    {
      "type": "Feature",
      "id": "wp-osm-sacred_site-node6310590236",
      "geometry": {
        "type": "Point",
        "coordinates": [
          132.5953954,
          33.2822881
        ]
      },
      "properties": {
        "routeId": "shikoku-88-iyo",
        "name": "若宮神社",
        "type": "sacred_site",
        "subtype": "church",
        "stageIndex": 2,
        "kmFromStart": 75.1,
        "icon": "church",
        "source": "osm",
        "osmId": "node/6310590236"
      }
    },
    {
      "type": "Feature",
      "id": "wp-osm-transport-node3152604414",
      "geometry": {
        "type": "Point",
        "coordinates": [
          132.5988653,
          33.2822234
        ]
      },
      "properties": {
        "routeId": "shikoku-88-iyo",
        "name": "務田",
        "type": "transport",
        "subtype": "bus_stop",
        "stageIndex": 2,
        "kmFromStart": 75.2,
        "icon": "bus_stop",
        "source": "osm",
        "osmId": "node/3152604414"
      }
    },
    {
      "type": "Feature",
      "id": "wp-osm-sacred_site-node6310587761",
      "geometry": {
        "type": "Point",
        "coordinates": [
          132.5964603,
          33.282093
        ]
      },
      "properties": {
        "routeId": "shikoku-88-iyo",
        "name": "多福院",
        "type": "sacred_site",
        "subtype": "church",
        "stageIndex": 2,
        "kmFromStart": 75.1,
        "icon": "church",
        "source": "osm",
        "osmId": "node/6310587761"
      }
    },
    {
      "type": "Feature",
      "id": "wp-osm-supply-node2626509086",
      "geometry": {
        "type": "Point",
        "coordinates": [
          132.5981412,
          33.2834036
        ]
      },
      "properties": {
        "routeId": "shikoku-88-iyo",
        "name": "Lawson",
        "nameLocalized": {
          "ja": "ローソン",
          "ko": "로손"
        },
        "type": "supply",
        "subtype": "convenience_store",
        "stageIndex": 2,
        "kmFromStart": 75.3,
        "icon": "convenience_store",
        "source": "osm",
        "osmId": "node/2626509086",
        "hours": "24/7"
      }
    },
    {
      "type": "Feature",
      "id": "wp-osm-transport-node3152604415",
      "geometry": {
        "type": "Point",
        "coordinates": [
          132.5964044,
          33.2845404
        ]
      },
      "properties": {
        "routeId": "shikoku-88-iyo",
        "name": "務田公民館前",
        "type": "transport",
        "subtype": "bus_stop",
        "stageIndex": 2,
        "kmFromStart": 75.4,
        "icon": "bus_stop",
        "source": "osm",
        "osmId": "node/3152604415"
      }
    },
    {
      "type": "Feature",
      "id": "wp-osm-transport-node2626509089",
      "geometry": {
        "type": "Point",
        "coordinates": [
          132.5955966,
          33.286039
        ]
      },
      "properties": {
        "routeId": "shikoku-88-iyo",
        "name": "道の駅みま",
        "type": "transport",
        "subtype": "bus_stop",
        "stageIndex": 2,
        "kmFromStart": 75.6,
        "icon": "bus_stop",
        "source": "osm",
        "osmId": "node/2626509089"
      }
    },
    {
      "type": "Feature",
      "id": "wp-osm-supply-node12309531549",
      "geometry": {
        "type": "Point",
        "coordinates": [
          132.5954917,
          33.2868778
        ]
      },
      "properties": {
        "routeId": "shikoku-88-iyo",
        "name": "Unnamed",
        "type": "supply",
        "subtype": "vending_machine",
        "stageIndex": 2,
        "kmFromStart": 75.7,
        "icon": "vending_machine",
        "source": "osm",
        "osmId": "node/12309531549"
      }
    },
    {
      "type": "Feature",
      "id": "wp-osm-transport-node3152607529",
      "geometry": {
        "type": "Point",
        "coordinates": [
          132.5980963,
          33.2888667
        ]
      },
      "properties": {
        "routeId": "shikoku-88-iyo",
        "name": "森ヶ鼻",
        "type": "transport",
        "subtype": "bus_stop",
        "stageIndex": 2,
        "kmFromStart": 75.9,
        "icon": "bus_stop",
        "source": "osm",
        "osmId": "node/3152607529"
      }
    },
    {
      "type": "Feature",
      "id": "wp-osm-supply-node10042783209",
      "geometry": {
        "type": "Point",
        "coordinates": [
          132.5999149,
          33.293275
        ]
      },
      "properties": {
        "routeId": "shikoku-88-iyo",
        "name": "Unnamed",
        "type": "supply",
        "subtype": "vending_machine",
        "stageIndex": 2,
        "kmFromStart": 76.6,
        "icon": "vending_machine",
        "source": "osm",
        "osmId": "node/10042783209"
      }
    },
    {
      "type": "Feature",
      "id": "wp-osm-food-node8374058217",
      "geometry": {
        "type": "Point",
        "coordinates": [
          132.5999364,
          33.2944497
        ]
      },
      "properties": {
        "routeId": "shikoku-88-iyo",
        "name": "お食事処　長命水",
        "type": "food",
        "subtype": "restaurant",
        "stageIndex": 2,
        "kmFromStart": 76.7,
        "icon": "restaurant",
        "source": "osm",
        "osmId": "node/8374058217"
      }
    },
    {
      "type": "Feature",
      "id": "wp-osm-sacred_site-node10031270371",
      "geometry": {
        "type": "Point",
        "coordinates": [
          132.5984627,
          33.2953474
        ]
      },
      "properties": {
        "routeId": "shikoku-88-iyo",
        "name": "稲荷神社",
        "type": "sacred_site",
        "subtype": "church",
        "stageIndex": 2,
        "kmFromStart": 76.9,
        "icon": "church",
        "source": "osm",
        "osmId": "node/10031270371"
      }
    },
    {
      "type": "Feature",
      "id": "wp-osm-transport-node3152608241",
      "geometry": {
        "type": "Point",
        "coordinates": [
          132.594658,
          33.2921487
        ]
      },
      "properties": {
        "routeId": "shikoku-88-iyo",
        "name": "石ヶ鼻",
        "type": "transport",
        "subtype": "bus_stop",
        "stageIndex": 2,
        "kmFromStart": 77.5,
        "icon": "bus_stop",
        "source": "osm",
        "osmId": "node/3152608241"
      }
    },
    {
      "type": "Feature",
      "id": "wp-osm-transport-node3152606846",
      "geometry": {
        "type": "Point",
        "coordinates": [
          132.5928174,
          33.2987448
        ]
      },
      "properties": {
        "routeId": "shikoku-88-iyo",
        "name": "成妙学校前",
        "type": "transport",
        "subtype": "bus_stop",
        "stageIndex": 2,
        "kmFromStart": 78.1,
        "icon": "bus_stop",
        "source": "osm",
        "osmId": "node/3152606846"
      }
    },
    {
      "type": "Feature",
      "id": "wp-osm-transport-node3152605182",
      "geometry": {
        "type": "Point",
        "coordinates": [
          132.5893667,
          33.3051835
        ]
      },
      "properties": {
        "routeId": "shikoku-88-iyo",
        "name": "大藤",
        "type": "transport",
        "subtype": "bus_stop",
        "stageIndex": 2,
        "kmFromStart": 78.8,
        "icon": "bus_stop",
        "source": "osm",
        "osmId": "node/3152605182"
      }
    },
    {
      "type": "Feature",
      "id": "wp-osm-transport-node3152607691",
      "geometry": {
        "type": "Point",
        "coordinates": [
          132.5870522,
          33.3066681
        ]
      },
      "properties": {
        "routeId": "shikoku-88-iyo",
        "name": "正地",
        "type": "transport",
        "subtype": "bus_stop",
        "stageIndex": 2,
        "kmFromStart": 79.2,
        "icon": "bus_stop",
        "source": "osm",
        "osmId": "node/3152607691"
      }
    },
    {
      "type": "Feature",
      "id": "wp-osm-sacred_site-node6278284387",
      "geometry": {
        "type": "Point",
        "coordinates": [
          132.5861072,
          33.307694
        ]
      },
      "properties": {
        "routeId": "shikoku-88-iyo",
        "name": "祇園様",
        "type": "sacred_site",
        "subtype": "wayside_shrine",
        "stageIndex": 2,
        "kmFromStart": 79.3,
        "icon": "wayside_shrine",
        "source": "osm",
        "osmId": "node/6278284387"
      }
    },
    {
      "type": "Feature",
      "id": "wp-osm-transport-node3152603616",
      "geometry": {
        "type": "Point",
        "coordinates": [
          132.5816195,
          33.3099774
        ]
      },
      "properties": {
        "routeId": "shikoku-88-iyo",
        "name": "仏木寺",
        "type": "transport",
        "subtype": "bus_stop",
        "stageIndex": 2,
        "kmFromStart": 79.8,
        "icon": "bus_stop",
        "source": "osm",
        "osmId": "node/3152603616"
      }
    },
    {
      "type": "Feature",
      "id": "wp-osm-sacred_site-node811018827",
      "geometry": {
        "type": "Point",
        "coordinates": [
          132.5814592,
          33.3105599
        ]
      },
      "properties": {
        "routeId": "shikoku-88-iyo",
        "name": "42 Butsumoku-ji",
        "nameLocalized": {
          "ja": "第42番札所 佛木寺 仏木寺"
        },
        "type": "sacred_site",
        "subtype": "church",
        "stageIndex": 2,
        "kmFromStart": 79.9,
        "icon": "church",
        "source": "osm",
        "osmId": "node/811018827"
      }
    },
    {
      "type": "Feature",
      "id": "wp-osm-sacred_site-node7677154317",
      "geometry": {
        "type": "Point",
        "coordinates": [
          132.581839,
          33.3114001
        ]
      },
      "properties": {
        "routeId": "shikoku-88-iyo",
        "name": "仏木寺三十三観音霊場33番",
        "type": "sacred_site",
        "subtype": "wayside_shrine",
        "stageIndex": 2,
        "kmFromStart": 79.9,
        "icon": "wayside_shrine",
        "source": "osm",
        "osmId": "node/7677154317"
      }
    },
    {
      "type": "Feature",
      "id": "wp-osm-sacred_site-node7677154339",
      "geometry": {
        "type": "Point",
        "coordinates": [
          132.5820241,
          33.3108846
        ]
      },
      "properties": {
        "routeId": "shikoku-88-iyo",
        "name": "仏木寺三十三観音霊場11番",
        "type": "sacred_site",
        "subtype": "wayside_shrine",
        "stageIndex": 2,
        "kmFromStart": 79.9,
        "icon": "wayside_shrine",
        "source": "osm",
        "osmId": "node/7677154339"
      }
    },
    {
      "type": "Feature",
      "id": "wp-osm-sacred_site-node4727755217",
      "geometry": {
        "type": "Point",
        "coordinates": [
          132.5781389,
          33.3105182
        ]
      },
      "properties": {
        "routeId": "shikoku-88-iyo",
        "name": "熊野神社",
        "type": "sacred_site",
        "subtype": "church",
        "stageIndex": 3,
        "kmFromStart": 80.3,
        "icon": "church",
        "source": "osm",
        "osmId": "node/4727755217"
      }
    },
    {
      "type": "Feature",
      "id": "wp-osm-sacred_site-node11387066869",
      "geometry": {
        "type": "Point",
        "coordinates": [
          132.557575,
          33.3380082
        ]
      },
      "properties": {
        "routeId": "shikoku-88-iyo",
        "name": "Long tooth Jizo Bodhisattva Hall",
        "type": "sacred_site",
        "subtype": "church",
        "stageIndex": 3,
        "kmFromStart": 84.7,
        "icon": "church",
        "source": "osm",
        "osmId": "node/11387066869"
      }
    },
    {
      "type": "Feature",
      "id": "wp-osm-transport-node3152607700",
      "geometry": {
        "type": "Point",
        "coordinates": [
          132.5581637,
          33.3390607
        ]
      },
      "properties": {
        "routeId": "shikoku-88-iyo",
        "name": "歯長峠口",
        "type": "transport",
        "subtype": "bus_stop",
        "stageIndex": 3,
        "kmFromStart": 84.8,
        "icon": "bus_stop",
        "source": "osm",
        "osmId": "node/3152607700"
      }
    },
    {
      "type": "Feature",
      "id": "wp-osm-transport-node3152603413",
      "geometry": {
        "type": "Point",
        "coordinates": [
          132.5508339,
          33.3425498
        ]
      },
      "properties": {
        "routeId": "shikoku-88-iyo",
        "name": "Nakahitougawa",
        "type": "transport",
        "subtype": "bus_stop",
        "stageIndex": 3,
        "kmFromStart": 85.6,
        "icon": "bus_stop",
        "source": "osm",
        "osmId": "node/3152603413"
      }
    },
    {
      "type": "Feature",
      "id": "wp-osm-transport-node3152603366",
      "geometry": {
        "type": "Point",
        "coordinates": [
          132.5478492,
          33.3431462
        ]
      },
      "properties": {
        "routeId": "shikoku-88-iyo",
        "name": "Hitougawa",
        "type": "transport",
        "subtype": "bus_stop",
        "stageIndex": 3,
        "kmFromStart": 85.9,
        "icon": "bus_stop",
        "source": "osm",
        "osmId": "node/3152603366"
      }
    },
    {
      "type": "Feature",
      "id": "wp-osm-transport-node3152608206",
      "geometry": {
        "type": "Point",
        "coordinates": [
          132.5374884,
          33.3448263
        ]
      },
      "properties": {
        "routeId": "shikoku-88-iyo",
        "name": "Kaida",
        "type": "transport",
        "subtype": "bus_stop",
        "stageIndex": 3,
        "kmFromStart": 86.9,
        "icon": "bus_stop",
        "source": "osm",
        "osmId": "node/3152608206"
      }
    },
    {
      "type": "Feature",
      "id": "wp-osm-accommodation-node10858063047",
      "geometry": {
        "type": "Point",
        "coordinates": [
          132.5369774,
          33.3468538
        ]
      },
      "properties": {
        "routeId": "shikoku-88-iyo",
        "name": "Guest House Umeya",
        "type": "accommodation",
        "subtype": "guesthouse",
        "stageIndex": 3,
        "kmFromStart": 87.1,
        "icon": "guesthouse",
        "source": "osm",
        "osmId": "node/10858063047"
      }
    },
    {
      "type": "Feature",
      "id": "wp-osm-transport-node3152603361",
      "geometry": {
        "type": "Point",
        "coordinates": [
          132.5341351,
          33.3496182
        ]
      },
      "properties": {
        "routeId": "shikoku-88-iyo",
        "name": "Shimouwaguchi",
        "type": "transport",
        "subtype": "bus_stop",
        "stageIndex": 3,
        "kmFromStart": 87.5,
        "icon": "bus_stop",
        "source": "osm",
        "osmId": "node/3152603361"
      }
    },
    {
      "type": "Feature",
      "id": "wp-osm-transport-node3152603362",
      "geometry": {
        "type": "Point",
        "coordinates": [
          132.5314888,
          33.3497606
        ]
      },
      "properties": {
        "routeId": "shikoku-88-iyo",
        "name": "下宇和駅",
        "type": "transport",
        "subtype": "bus_stop",
        "stageIndex": 3,
        "kmFromStart": 87.6,
        "icon": "bus_stop",
        "source": "osm",
        "osmId": "node/3152603362"
      }
    },
    {
      "type": "Feature",
      "id": "wp-osm-sacred_site-node12920656971",
      "geometry": {
        "type": "Point",
        "coordinates": [
          132.5339039,
          33.3510424
        ]
      },
      "properties": {
        "routeId": "shikoku-88-iyo",
        "name": "道中安全見守大師",
        "type": "sacred_site",
        "subtype": "wayside_shrine",
        "stageIndex": 3,
        "kmFromStart": 87.7,
        "icon": "wayside_shrine",
        "source": "osm",
        "osmId": "node/12920656971"
      }
    },
    {
      "type": "Feature",
      "id": "wp-osm-transport-node3152606796",
      "geometry": {
        "type": "Point",
        "coordinates": [
          132.5323774,
          33.3538946
        ]
      },
      "properties": {
        "routeId": "shikoku-88-iyo",
        "name": "御子谷",
        "type": "transport",
        "subtype": "bus_stop",
        "stageIndex": 3,
        "kmFromStart": 88,
        "icon": "bus_stop",
        "source": "osm",
        "osmId": "node/3152606796"
      }
    },
    {
      "type": "Feature",
      "id": "wp-osm-accommodation-node11390794269",
      "geometry": {
        "type": "Point",
        "coordinates": [
          132.5326553,
          33.354648
        ]
      },
      "properties": {
        "routeId": "shikoku-88-iyo",
        "name": "Omeguri-an",
        "nameLocalized": {
          "ja": "おめぐり庵"
        },
        "type": "accommodation",
        "subtype": "guesthouse",
        "stageIndex": 3,
        "kmFromStart": 88,
        "icon": "guesthouse",
        "source": "osm",
        "osmId": "node/11390794269"
      }
    },
    {
      "type": "Feature",
      "id": "wp-osm-transport-node3152608633",
      "geometry": {
        "type": "Point",
        "coordinates": [
          132.5287465,
          33.3549637
        ]
      },
      "properties": {
        "routeId": "shikoku-88-iyo",
        "name": "稲生",
        "type": "transport",
        "subtype": "bus_stop",
        "stageIndex": 3,
        "kmFromStart": 88.4,
        "icon": "bus_stop",
        "source": "osm",
        "osmId": "node/3152608633"
      }
    },
    {
      "type": "Feature",
      "id": "wp-osm-accommodation-node9128596409",
      "geometry": {
        "type": "Point",
        "coordinates": [
          132.5271118,
          33.3550269
        ]
      },
      "properties": {
        "routeId": "shikoku-88-iyo",
        "name": "Unnamed",
        "type": "accommodation",
        "subtype": "hotel",
        "stageIndex": 3,
        "kmFromStart": 88.5,
        "icon": "hotel",
        "source": "osm",
        "osmId": "node/9128596409"
      }
    },
    {
      "type": "Feature",
      "id": "wp-osm-supply-node9128624229",
      "geometry": {
        "type": "Point",
        "coordinates": [
          132.5279499,
          33.3551685
        ]
      },
      "properties": {
        "routeId": "shikoku-88-iyo",
        "name": "Unnamed",
        "type": "supply",
        "subtype": "toilet",
        "stageIndex": 3,
        "kmFromStart": 88.4,
        "icon": "toilet",
        "source": "osm",
        "osmId": "node/9128624229"
      }
    },
    {
      "type": "Feature",
      "id": "wp-osm-transport-node3152604412",
      "geometry": {
        "type": "Point",
        "coordinates": [
          132.5233811,
          33.3579992
        ]
      },
      "properties": {
        "routeId": "shikoku-88-iyo",
        "name": "Dougi",
        "type": "transport",
        "subtype": "bus_stop",
        "stageIndex": 3,
        "kmFromStart": 89,
        "icon": "bus_stop",
        "source": "osm",
        "osmId": "node/3152604412"
      }
    },
    {
      "type": "Feature",
      "id": "wp-osm-food-node9128624253",
      "geometry": {
        "type": "Point",
        "coordinates": [
          132.52753,
          33.3558372
        ]
      },
      "properties": {
        "routeId": "shikoku-88-iyo",
        "name": "ジオ・キッチン",
        "type": "food",
        "subtype": "restaurant",
        "stageIndex": 3,
        "kmFromStart": 88.5,
        "icon": "restaurant",
        "source": "osm",
        "osmId": "node/9128624253"
      }
    },
    {
      "type": "Feature",
      "id": "wp-osm-food-node12920656974",
      "geometry": {
        "type": "Point",
        "coordinates": [
          132.5267708,
          33.3563499
        ]
      },
      "properties": {
        "routeId": "shikoku-88-iyo",
        "name": "大介うどん　宇和店",
        "type": "food",
        "subtype": "restaurant",
        "stageIndex": 3,
        "kmFromStart": 88.6,
        "icon": "restaurant",
        "source": "osm",
        "osmId": "node/12920656974"
      }
    },
    {
      "type": "Feature",
      "id": "wp-osm-supply-node13049233477",
      "geometry": {
        "type": "Point",
        "coordinates": [
          132.5245521,
          33.3577048
        ]
      },
      "properties": {
        "routeId": "shikoku-88-iyo",
        "name": "Lawson",
        "nameLocalized": {
          "ja": "ローソン"
        },
        "type": "supply",
        "subtype": "convenience_store",
        "stageIndex": 3,
        "kmFromStart": 89,
        "icon": "convenience_store",
        "source": "osm",
        "osmId": "node/13049233477"
      }
    },
    {
      "type": "Feature",
      "id": "wp-osm-sacred_site-node6959767946",
      "geometry": {
        "type": "Point",
        "coordinates": [
          132.5225025,
          33.3605103
        ]
      },
      "properties": {
        "routeId": "shikoku-88-iyo",
        "name": "大本神社",
        "type": "sacred_site",
        "subtype": "church",
        "stageIndex": 3,
        "kmFromStart": 89.1,
        "icon": "church",
        "source": "osm",
        "osmId": "node/6959767946"
      }
    },
    {
      "type": "Feature",
      "id": "wp-osm-transport-node3152605777",
      "geometry": {
        "type": "Point",
        "coordinates": [
          132.5215541,
          33.3629057
        ]
      },
      "properties": {
        "routeId": "shikoku-88-iyo",
        "name": "宇和高校前",
        "type": "transport",
        "subtype": "bus_stop",
        "stageIndex": 3,
        "kmFromStart": 89.9,
        "icon": "bus_stop",
        "source": "osm",
        "osmId": "node/3152605777"
      }
    },
    {
      "type": "Feature",
      "id": "wp-osm-sacred_site-node7114441471",
      "geometry": {
        "type": "Point",
        "coordinates": [
          132.5227422,
          33.3664791
        ]
      },
      "properties": {
        "routeId": "shikoku-88-iyo",
        "name": "白王権現",
        "type": "sacred_site",
        "subtype": "wayside_shrine",
        "stageIndex": 3,
        "kmFromStart": 90.2,
        "icon": "wayside_shrine",
        "source": "osm",
        "osmId": "node/7114441471"
      }
    },
    {
      "type": "Feature",
      "id": "wp-osm-sacred_site-node7398047551",
      "geometry": {
        "type": "Point",
        "coordinates": [
          132.518549,
          33.3701842
        ]
      },
      "properties": {
        "routeId": "shikoku-88-iyo",
        "name": "坪ヶ内新四国四十二番",
        "type": "sacred_site",
        "subtype": "wayside_shrine",
        "stageIndex": 3,
        "kmFromStart": 90.8,
        "icon": "wayside_shrine",
        "source": "osm",
        "osmId": "node/7398047551"
      }
    },
    {
      "type": "Feature",
      "id": "wp-osm-sacred_site-node7398047541",
      "geometry": {
        "type": "Point",
        "coordinates": [
          132.5170282,
          33.3673058
        ]
      },
      "properties": {
        "routeId": "shikoku-88-iyo",
        "name": "坪ヶ内新四国五十番",
        "type": "sacred_site",
        "subtype": "wayside_shrine",
        "stageIndex": 3,
        "kmFromStart": 91.4,
        "icon": "wayside_shrine",
        "source": "osm",
        "osmId": "node/7398047541"
      }
    },
    {
      "type": "Feature",
      "id": "wp-osm-sacred_site-node7398047542",
      "geometry": {
        "type": "Point",
        "coordinates": [
          132.5168619,
          33.3678764
        ]
      },
      "properties": {
        "routeId": "shikoku-88-iyo",
        "name": "坪ヶ内新四国四十九番",
        "type": "sacred_site",
        "subtype": "wayside_shrine",
        "stageIndex": 3,
        "kmFromStart": 91.3,
        "icon": "wayside_shrine",
        "source": "osm",
        "osmId": "node/7398047542"
      }
    },
    {
      "type": "Feature",
      "id": "wp-osm-sacred_site-node7398047562",
      "geometry": {
        "type": "Point",
        "coordinates": [
          132.5149494,
          33.3670112
        ]
      },
      "properties": {
        "routeId": "shikoku-88-iyo",
        "name": "坪ヶ内新四国三十二番",
        "type": "sacred_site",
        "subtype": "wayside_shrine",
        "stageIndex": 3,
        "kmFromStart": 91.3,
        "icon": "wayside_shrine",
        "source": "osm",
        "osmId": "node/7398047562"
      }
    },
    {
      "type": "Feature",
      "id": "wp-osm-sacred_site-node7398047561",
      "geometry": {
        "type": "Point",
        "coordinates": [
          132.5153732,
          33.3680461
        ]
      },
      "properties": {
        "routeId": "shikoku-88-iyo",
        "name": "坪ヶ内新四国三十三番",
        "type": "sacred_site",
        "subtype": "wayside_shrine",
        "stageIndex": 3,
        "kmFromStart": 91.2,
        "icon": "wayside_shrine",
        "source": "osm",
        "osmId": "node/7398047561"
      }
    },
    {
      "type": "Feature",
      "id": "wp-osm-sacred_site-node7398047543",
      "geometry": {
        "type": "Point",
        "coordinates": [
          132.5166929,
          33.3684729
        ]
      },
      "properties": {
        "routeId": "shikoku-88-iyo",
        "name": "坪ヶ内新四国四十八番",
        "type": "sacred_site",
        "subtype": "wayside_shrine",
        "stageIndex": 3,
        "kmFromStart": 91.2,
        "icon": "wayside_shrine",
        "source": "osm",
        "osmId": "node/7398047543"
      }
    },
    {
      "type": "Feature",
      "id": "wp-osm-sacred_site-node7398047550",
      "geometry": {
        "type": "Point",
        "coordinates": [
          132.5171006,
          33.3701092
        ]
      },
      "properties": {
        "routeId": "shikoku-88-iyo",
        "name": "坪ヶ内新四国四十一番",
        "type": "sacred_site",
        "subtype": "wayside_shrine",
        "stageIndex": 3,
        "kmFromStart": 91.2,
        "icon": "wayside_shrine",
        "source": "osm",
        "osmId": "node/7398047550"
      }
    },
    {
      "type": "Feature",
      "id": "wp-osm-sacred_site-node7398047552",
      "geometry": {
        "type": "Point",
        "coordinates": [
          132.5161886,
          33.369585
        ]
      },
      "properties": {
        "routeId": "shikoku-88-iyo",
        "name": "坪ヶ内新四国四十番",
        "type": "sacred_site",
        "subtype": "wayside_shrine",
        "stageIndex": 3,
        "kmFromStart": 91.2,
        "icon": "wayside_shrine",
        "source": "osm",
        "osmId": "node/7398047552"
      }
    },
    {
      "type": "Feature",
      "id": "wp-osm-sacred_site-node7398047556",
      "geometry": {
        "type": "Point",
        "coordinates": [
          132.515914,
          33.3690848
        ]
      },
      "properties": {
        "routeId": "shikoku-88-iyo",
        "name": "坪ヶ内新四国番外",
        "type": "sacred_site",
        "subtype": "wayside_shrine",
        "stageIndex": 3,
        "kmFromStart": 91.2,
        "icon": "wayside_shrine",
        "source": "osm",
        "osmId": "node/7398047556"
      }
    },
    {
      "type": "Feature",
      "id": "wp-osm-sacred_site-node7398047545",
      "geometry": {
        "type": "Point",
        "coordinates": [
          132.5174519,
          33.36839
        ]
      },
      "properties": {
        "routeId": "shikoku-88-iyo",
        "name": "坪ヶ内新四国四十六番",
        "type": "sacred_site",
        "subtype": "wayside_shrine",
        "stageIndex": 3,
        "kmFromStart": 91.1,
        "icon": "wayside_shrine",
        "source": "osm",
        "osmId": "node/7398047545"
      }
    },
    {
      "type": "Feature",
      "id": "wp-osm-sacred_site-node7398047502",
      "geometry": {
        "type": "Point",
        "coordinates": [
          132.5158081,
          33.3636454
        ]
      },
      "properties": {
        "routeId": "shikoku-88-iyo",
        "name": "坪ヶ内新四国八十八番",
        "type": "sacred_site",
        "subtype": "wayside_shrine",
        "stageIndex": 3,
        "kmFromStart": 91.9,
        "icon": "wayside_shrine",
        "source": "osm",
        "osmId": "node/7398047502"
      }
    },
    {
      "type": "Feature",
      "id": "wp-osm-sacred_site-node7398047503",
      "geometry": {
        "type": "Point",
        "coordinates": [
          132.5160317,
          33.3631884
        ]
      },
      "properties": {
        "routeId": "shikoku-88-iyo",
        "name": "坪ヶ内新四国八十七番",
        "type": "sacred_site",
        "subtype": "wayside_shrine",
        "stageIndex": 3,
        "kmFromStart": 91.9,
        "icon": "wayside_shrine",
        "source": "osm",
        "osmId": "node/7398047503"
      }
    },
    {
      "type": "Feature",
      "id": "wp-osm-sacred_site-node7398047508",
      "geometry": {
        "type": "Point",
        "coordinates": [
          132.5166392,
          33.3633217
        ]
      },
      "properties": {
        "routeId": "shikoku-88-iyo",
        "name": "坪ヶ内新四国八十二番",
        "type": "sacred_site",
        "subtype": "wayside_shrine",
        "stageIndex": 3,
        "kmFromStart": 91.9,
        "icon": "wayside_shrine",
        "source": "osm",
        "osmId": "node/7398047508"
      }
    },
    {
      "type": "Feature",
      "id": "wp-osm-sacred_site-node7398047510",
      "geometry": {
        "type": "Point",
        "coordinates": [
          132.5171649,
          33.3636443
        ]
      },
      "properties": {
        "routeId": "shikoku-88-iyo",
        "name": "坪ヶ内新四国八十番",
        "type": "sacred_site",
        "subtype": "wayside_shrine",
        "stageIndex": 3,
        "kmFromStart": 91.8,
        "icon": "wayside_shrine",
        "source": "osm",
        "osmId": "node/7398047510"
      }
    },
    {
      "type": "Feature",
      "id": "wp-osm-sacred_site-node7398047539",
      "geometry": {
        "type": "Point",
        "coordinates": [
          132.517582,
          33.3671848
        ]
      },
      "properties": {
        "routeId": "shikoku-88-iyo",
        "name": "坪ヶ内新四国五十二番",
        "type": "sacred_site",
        "subtype": "wayside_shrine",
        "stageIndex": 3,
        "kmFromStart": 91.4,
        "icon": "wayside_shrine",
        "source": "osm",
        "osmId": "node/7398047539"
      }
    },
    {
      "type": "Feature",
      "id": "wp-osm-sacred_site-node7398047547",
      "geometry": {
        "type": "Point",
        "coordinates": [
          132.5180072,
          33.3680517
        ]
      },
      "properties": {
        "routeId": "shikoku-88-iyo",
        "name": "坪ヶ内新四国四十四番",
        "type": "sacred_site",
        "subtype": "wayside_shrine",
        "stageIndex": 3,
        "kmFromStart": 91,
        "icon": "wayside_shrine",
        "source": "osm",
        "osmId": "node/7398047547"
      }
    },
    {
      "type": "Feature",
      "id": "wp-osm-sacred_site-node7398047514",
      "geometry": {
        "type": "Point",
        "coordinates": [
          132.5174949,
          33.364136
        ]
      },
      "properties": {
        "routeId": "shikoku-88-iyo",
        "name": "坪ヶ内新四国七十六番",
        "type": "sacred_site",
        "subtype": "wayside_shrine",
        "stageIndex": 3,
        "kmFromStart": 91.8,
        "icon": "wayside_shrine",
        "source": "osm",
        "osmId": "node/7398047514"
      }
    },
    {
      "type": "Feature",
      "id": "wp-osm-sacred_site-node7398047521",
      "geometry": {
        "type": "Point",
        "coordinates": [
          132.5177054,
          33.3645885
        ]
      },
      "properties": {
        "routeId": "shikoku-88-iyo",
        "name": "坪ヶ内新四国六十九番",
        "type": "sacred_site",
        "subtype": "wayside_shrine",
        "stageIndex": 3,
        "kmFromStart": 91.7,
        "icon": "wayside_shrine",
        "source": "osm",
        "osmId": "node/7398047521"
      }
    },
    {
      "type": "Feature",
      "id": "wp-osm-transport-node3152607701",
      "geometry": {
        "type": "Point",
        "coordinates": [
          132.5193571,
          33.3648721
        ]
      },
      "properties": {
        "routeId": "shikoku-88-iyo",
        "name": "歴史博物館前",
        "type": "transport",
        "subtype": "bus_stop",
        "stageIndex": 3,
        "kmFromStart": 91.6,
        "icon": "bus_stop",
        "source": "osm",
        "osmId": "node/3152607701"
      }
    },
    {
      "type": "Feature",
      "id": "wp-osm-sacred_site-node7398047524",
      "geometry": {
        "type": "Point",
        "coordinates": [
          132.5182003,
          33.3650802
        ]
      },
      "properties": {
        "routeId": "shikoku-88-iyo",
        "name": "坪ヶ内新四国六十六番",
        "type": "sacred_site",
        "subtype": "wayside_shrine",
        "stageIndex": 3,
        "kmFromStart": 91.6,
        "icon": "wayside_shrine",
        "source": "osm",
        "osmId": "node/7398047524"
      }
    },
    {
      "type": "Feature",
      "id": "wp-osm-sacred_site-node7398047528",
      "geometry": {
        "type": "Point",
        "coordinates": [
          132.5183773,
          33.3656179
        ]
      },
      "properties": {
        "routeId": "shikoku-88-iyo",
        "name": "坪ヶ内新四国六十二番",
        "type": "sacred_site",
        "subtype": "wayside_shrine",
        "stageIndex": 3,
        "kmFromStart": 91.6,
        "icon": "wayside_shrine",
        "source": "osm",
        "osmId": "node/7398047528"
      }
    },
    {
      "type": "Feature",
      "id": "wp-osm-sacred_site-node7398047529",
      "geometry": {
        "type": "Point",
        "coordinates": [
          132.5182439,
          33.3663588
        ]
      },
      "properties": {
        "routeId": "shikoku-88-iyo",
        "name": "坪ヶ内新四国六十一番",
        "type": "sacred_site",
        "subtype": "wayside_shrine",
        "stageIndex": 3,
        "kmFromStart": 91.5,
        "icon": "wayside_shrine",
        "source": "osm",
        "osmId": "node/7398047529"
      }
    },
    {
      "type": "Feature",
      "id": "wp-osm-sacred_site-node7398047537",
      "geometry": {
        "type": "Point",
        "coordinates": [
          132.5177309,
          33.366692
        ]
      },
      "properties": {
        "routeId": "shikoku-88-iyo",
        "name": "坪ヶ内新四国五十四番",
        "type": "sacred_site",
        "subtype": "wayside_shrine",
        "stageIndex": 3,
        "kmFromStart": 91.5,
        "icon": "wayside_shrine",
        "source": "osm",
        "osmId": "node/7398047537"
      }
    },
    {
      "type": "Feature",
      "id": "wp-osm-sacred_site-node7398047564",
      "geometry": {
        "type": "Point",
        "coordinates": [
          132.5148415,
          33.3664616
        ]
      },
      "properties": {
        "routeId": "shikoku-88-iyo",
        "name": "坪ヶ内新四国三十番",
        "type": "sacred_site",
        "subtype": "wayside_shrine",
        "stageIndex": 3,
        "kmFromStart": 91.7,
        "icon": "wayside_shrine",
        "source": "osm",
        "osmId": "node/7398047564"
      }
    },
    {
      "type": "Feature",
      "id": "wp-osm-sacred_site-node7398047571",
      "geometry": {
        "type": "Point",
        "coordinates": [
          132.5142782,
          33.3662373
        ]
      },
      "properties": {
        "routeId": "shikoku-88-iyo",
        "name": "坪ヶ内新四国二十三番",
        "type": "sacred_site",
        "subtype": "wayside_shrine",
        "stageIndex": 3,
        "kmFromStart": 91.7,
        "icon": "wayside_shrine",
        "source": "osm",
        "osmId": "node/7398047571"
      }
    },
    {
      "type": "Feature",
      "id": "wp-osm-transport-node3152603245",
      "geometry": {
        "type": "Point",
        "coordinates": [
          132.5148363,
          33.36129
        ]
      },
      "properties": {
        "routeId": "shikoku-88-iyo",
        "name": "下の町",
        "type": "transport",
        "subtype": "bus_stop",
        "stageIndex": 3,
        "kmFromStart": 92.1,
        "icon": "bus_stop",
        "source": "osm",
        "osmId": "node/3152603245"
      }
    },
    {
      "type": "Feature",
      "id": "wp-osm-transport-node3152604625",
      "geometry": {
        "type": "Point",
        "coordinates": [
          132.5159496,
          33.3609603
        ]
      },
      "properties": {
        "routeId": "shikoku-88-iyo",
        "name": "卯之町",
        "type": "transport",
        "subtype": "bus_stop",
        "stageIndex": 3,
        "kmFromStart": 92.1,
        "icon": "bus_stop",
        "source": "osm",
        "osmId": "node/3152604625"
      }
    },
    {
      "type": "Feature",
      "id": "wp-osm-supply-node5108247621",
      "geometry": {
        "type": "Point",
        "coordinates": [
          132.515036,
          33.3600713
        ]
      },
      "properties": {
        "routeId": "shikoku-88-iyo",
        "name": "Shopping center",
        "type": "supply",
        "subtype": "convenience_store",
        "stageIndex": 3,
        "kmFromStart": 92.1,
        "icon": "convenience_store",
        "source": "osm",
        "osmId": "node/5108247621",
        "hours": "Mo-Su 09:00-22:00"
      }
    },
    {
      "type": "Feature",
      "id": "wp-osm-accommodation-node5920323187",
      "geometry": {
        "type": "Point",
        "coordinates": [
          132.5144225,
          33.3631997
        ]
      },
      "properties": {
        "routeId": "shikoku-88-iyo",
        "name": "Matsuya Ryokan",
        "type": "accommodation",
        "subtype": "hotel",
        "stageIndex": 3,
        "kmFromStart": 92,
        "icon": "hotel",
        "source": "osm",
        "osmId": "node/5920323187"
      }
    },
    {
      "type": "Feature",
      "id": "wp-osm-sacred_site-node7398047576",
      "geometry": {
        "type": "Point",
        "coordinates": [
          132.513774,
          33.3657526
        ]
      },
      "properties": {
        "routeId": "shikoku-88-iyo",
        "name": "坪ヶ内新四国十八番",
        "type": "sacred_site",
        "subtype": "wayside_shrine",
        "stageIndex": 3,
        "kmFromStart": 91.7,
        "icon": "wayside_shrine",
        "source": "osm",
        "osmId": "node/7398047576"
      }
    },
    {
      "type": "Feature",
      "id": "wp-osm-sacred_site-node7398047582",
      "geometry": {
        "type": "Point",
        "coordinates": [
          132.5132516,
          33.3653558
        ]
      },
      "properties": {
        "routeId": "shikoku-88-iyo",
        "name": "坪ヶ内新四国十三番",
        "type": "sacred_site",
        "subtype": "wayside_shrine",
        "stageIndex": 3,
        "kmFromStart": 92.4,
        "icon": "wayside_shrine",
        "source": "osm",
        "osmId": "node/7398047582"
      }
    },
    {
      "type": "Feature",
      "id": "wp-osm-sacred_site-node7398047584",
      "geometry": {
        "type": "Point",
        "coordinates": [
          132.5131359,
          33.3648075
        ]
      },
      "properties": {
        "routeId": "shikoku-88-iyo",
        "name": "坪ヶ内新四国十一番",
        "type": "sacred_site",
        "subtype": "wayside_shrine",
        "stageIndex": 3,
        "kmFromStart": 92.4,
        "icon": "wayside_shrine",
        "source": "osm",
        "osmId": "node/7398047584"
      }
    },
    {
      "type": "Feature",
      "id": "wp-osm-sacred_site-node7398048493",
      "geometry": {
        "type": "Point",
        "coordinates": [
          132.513692,
          33.364906
        ]
      },
      "properties": {
        "routeId": "shikoku-88-iyo",
        "name": "坪ヶ内新四国二番",
        "type": "sacred_site",
        "subtype": "wayside_shrine",
        "stageIndex": 3,
        "kmFromStart": 92.4,
        "icon": "wayside_shrine",
        "source": "osm",
        "osmId": "node/7398048493"
      }
    },
    {
      "type": "Feature",
      "id": "wp-osm-sacred_site-node7398048494",
      "geometry": {
        "type": "Point",
        "coordinates": [
          132.5139959,
          33.3643858
        ]
      },
      "properties": {
        "routeId": "shikoku-88-iyo",
        "name": "光教寺",
        "type": "sacred_site",
        "subtype": "church",
        "stageIndex": 3,
        "kmFromStart": 91.9,
        "icon": "church",
        "source": "osm",
        "osmId": "node/7398048494"
      }
    },
    {
      "type": "Feature",
      "id": "wp-osm-transport-node3152610805",
      "geometry": {
        "type": "Point",
        "coordinates": [
          132.5089607,
          33.365188
        ]
      },
      "properties": {
        "routeId": "shikoku-88-iyo",
        "name": "野田口",
        "type": "transport",
        "subtype": "bus_stop",
        "stageIndex": 3,
        "kmFromStart": 92.7,
        "icon": "bus_stop",
        "source": "osm",
        "osmId": "node/3152610805"
      }
    },
    {
      "type": "Feature",
      "id": "wp-osm-town-node691562997",
      "geometry": {
        "type": "Point",
        "coordinates": [
          132.5109394,
          33.3625533
        ]
      },
      "properties": {
        "routeId": "shikoku-88-iyo",
        "name": "Seiyo",
        "nameLocalized": {
          "ar": "سييو، إهيمه",
          "cs": "Seijo",
          "de": "Seiyo",
          "es": "Seiyo",
          "fr": "Seiyo",
          "id": "Seiyo",
          "ja": "西予市",
          "ko": "세이요시",
          "pl": "Seiyo",
          "ru": "Сейё",
          "uk": "Сеййо",
          "zh": "西予市"
        },
        "type": "town",
        "subtype": "city",
        "stageIndex": 3,
        "kmFromStart": 92.3,
        "icon": "city",
        "source": "osm",
        "osmId": "node/691562997"
      }
    },
    {
      "type": "Feature",
      "id": "wp-osm-transport-node3152604627",
      "geometry": {
        "type": "Point",
        "coordinates": [
          132.5101012,
          33.3634122
        ]
      },
      "properties": {
        "routeId": "shikoku-88-iyo",
        "name": "卯之町駅",
        "type": "transport",
        "subtype": "bus_stop",
        "stageIndex": 3,
        "kmFromStart": 92.5,
        "icon": "bus_stop",
        "source": "osm",
        "osmId": "node/3152604627"
      }
    },
    {
      "type": "Feature",
      "id": "wp-osm-transport-node3152610018",
      "geometry": {
        "type": "Point",
        "coordinates": [
          132.5110777,
          33.3632875
        ]
      },
      "properties": {
        "routeId": "shikoku-88-iyo",
        "name": "西予市役所前",
        "type": "transport",
        "subtype": "bus_stop",
        "stageIndex": 3,
        "kmFromStart": 92.4,
        "icon": "bus_stop",
        "source": "osm",
        "osmId": "node/3152610018"
      }
    },
    {
      "type": "Feature",
      "id": "wp-osm-food-node8375454118",
      "geometry": {
        "type": "Point",
        "coordinates": [
          132.5124606,
          33.3633022
        ]
      },
      "properties": {
        "routeId": "shikoku-88-iyo",
        "name": "丸一食堂",
        "type": "food",
        "subtype": "restaurant",
        "stageIndex": 3,
        "kmFromStart": 92.3,
        "icon": "restaurant",
        "source": "osm",
        "osmId": "node/8375454118"
      }
    },
    {
      "type": "Feature",
      "id": "wp-osm-food-node12920656975",
      "geometry": {
        "type": "Point",
        "coordinates": [
          132.512862,
          33.3619232
        ]
      },
      "properties": {
        "routeId": "shikoku-88-iyo",
        "name": "Diya",
        "type": "food",
        "subtype": "restaurant",
        "stageIndex": 3,
        "kmFromStart": 92.2,
        "icon": "restaurant",
        "source": "osm",
        "osmId": "node/12920656975"
      }
    },
    {
      "type": "Feature",
      "id": "wp-osm-food-node13848436677",
      "geometry": {
        "type": "Point",
        "coordinates": [
          132.5133326,
          33.3628203
        ]
      },
      "properties": {
        "routeId": "shikoku-88-iyo",
        "name": "Cafe Sound",
        "type": "food",
        "subtype": "cafe",
        "stageIndex": 3,
        "kmFromStart": 92.2,
        "icon": "cafe",
        "source": "osm",
        "osmId": "node/13848436677"
      }
    },
    {
      "type": "Feature",
      "id": "wp-osm-transport-node3152605774",
      "geometry": {
        "type": "Point",
        "coordinates": [
          132.5080019,
          33.3676403
        ]
      },
      "properties": {
        "routeId": "shikoku-88-iyo",
        "name": "宇和病院前",
        "type": "transport",
        "subtype": "bus_stop",
        "stageIndex": 3,
        "kmFromStart": 92.9,
        "icon": "bus_stop",
        "source": "osm",
        "osmId": "node/3152605774"
      }
    },
    {
      "type": "Feature",
      "id": "wp-osm-transport-node3152605773",
      "geometry": {
        "type": "Point",
        "coordinates": [
          132.5088681,
          33.3687059
        ]
      },
      "properties": {
        "routeId": "shikoku-88-iyo",
        "name": "宇和病院",
        "type": "transport",
        "subtype": "bus_stop",
        "stageIndex": 3,
        "kmFromStart": 93,
        "icon": "bus_stop",
        "source": "osm",
        "osmId": "node/3152605773"
      }
    },
    {
      "type": "Feature",
      "id": "wp-osm-transport-node3152605767",
      "geometry": {
        "type": "Point",
        "coordinates": [
          132.5067761,
          33.3701795
        ]
      },
      "properties": {
        "routeId": "shikoku-88-iyo",
        "name": "宇和中学校前",
        "type": "transport",
        "subtype": "bus_stop",
        "stageIndex": 3,
        "kmFromStart": 93.2,
        "icon": "bus_stop",
        "source": "osm",
        "osmId": "node/3152605767"
      }
    },
    {
      "type": "Feature",
      "id": "wp-osm-sacred_site-node6963024877",
      "geometry": {
        "type": "Point",
        "coordinates": [
          132.5089846,
          33.3700863
        ]
      },
      "properties": {
        "routeId": "shikoku-88-iyo",
        "name": "稲荷神社",
        "type": "sacred_site",
        "subtype": "church",
        "stageIndex": 3,
        "kmFromStart": 93.2,
        "icon": "church",
        "source": "osm",
        "osmId": "node/6963024877"
      }
    },
    {
      "type": "Feature",
      "id": "wp-osm-transport-node3152603376",
      "geometry": {
        "type": "Point",
        "coordinates": [
          132.5057354,
          33.3726804
        ]
      },
      "properties": {
        "routeId": "shikoku-88-iyo",
        "name": "下松葉",
        "type": "transport",
        "subtype": "bus_stop",
        "stageIndex": 3,
        "kmFromStart": 93.6,
        "icon": "bus_stop",
        "source": "osm",
        "osmId": "node/3152603376"
      }
    },
    {
      "type": "Feature",
      "id": "wp-osm-transport-node3152607727",
      "geometry": {
        "type": "Point",
        "coordinates": [
          132.5041397,
          33.3767087
        ]
      },
      "properties": {
        "routeId": "shikoku-88-iyo",
        "name": "永長口",
        "type": "transport",
        "subtype": "bus_stop",
        "stageIndex": 3,
        "kmFromStart": 94.1,
        "icon": "bus_stop",
        "source": "osm",
        "osmId": "node/3152607727"
      }
    },
    {
      "type": "Feature",
      "id": "wp-osm-sacred_site-node6959763515",
      "geometry": {
        "type": "Point",
        "coordinates": [
          132.5045918,
          33.377338
        ]
      },
      "properties": {
        "routeId": "shikoku-88-iyo",
        "name": "春日神社",
        "type": "sacred_site",
        "subtype": "church",
        "stageIndex": 3,
        "kmFromStart": 94.1,
        "icon": "church",
        "source": "osm",
        "osmId": "node/6959763515"
      }
    },
    {
      "type": "Feature",
      "id": "wp-osm-transport-node3152607460",
      "geometry": {
        "type": "Point",
        "coordinates": [
          132.5010176,
          33.3779878
        ]
      },
      "properties": {
        "routeId": "shikoku-88-iyo",
        "name": "松葉団地",
        "type": "transport",
        "subtype": "bus_stop",
        "stageIndex": 3,
        "kmFromStart": 94.2,
        "icon": "bus_stop",
        "source": "osm",
        "osmId": "node/3152607460"
      }
    },
    {
      "type": "Feature",
      "id": "wp-osm-transport-node7832690128",
      "geometry": {
        "type": "Point",
        "coordinates": [
          132.5014264,
          33.3799692
        ]
      },
      "properties": {
        "routeId": "shikoku-88-iyo",
        "name": "Kami-Uwa",
        "nameLocalized": {
          "ja": "上宇和",
          "ko": "가미우와"
        },
        "type": "transport",
        "subtype": "train_station",
        "stageIndex": 3,
        "kmFromStart": 94.4,
        "icon": "train_station",
        "source": "osm",
        "osmId": "node/7832690128"
      }
    },
    {
      "type": "Feature",
      "id": "wp-osm-transport-node3152603186",
      "geometry": {
        "type": "Point",
        "coordinates": [
          132.5028908,
          33.3802024
        ]
      },
      "properties": {
        "routeId": "shikoku-88-iyo",
        "name": "上宇和駅前",
        "type": "transport",
        "subtype": "bus_stop",
        "stageIndex": 3,
        "kmFromStart": 94.4,
        "icon": "bus_stop",
        "source": "osm",
        "osmId": "node/3152603186"
      }
    },
    {
      "type": "Feature",
      "id": "wp-osm-transport-node3152603202",
      "geometry": {
        "type": "Point",
        "coordinates": [
          132.5033071,
          33.3833333
        ]
      },
      "properties": {
        "routeId": "shikoku-88-iyo",
        "name": "上松葉",
        "type": "transport",
        "subtype": "bus_stop",
        "stageIndex": 3,
        "kmFromStart": 94.8,
        "icon": "bus_stop",
        "source": "osm",
        "osmId": "node/3152603202"
      }
    },
    {
      "type": "Feature",
      "id": "wp-osm-sacred_site-node6959763514",
      "geometry": {
        "type": "Point",
        "coordinates": [
          132.5082115,
          33.3820872
        ]
      },
      "properties": {
        "routeId": "shikoku-88-iyo",
        "name": "大恵寺",
        "type": "sacred_site",
        "subtype": "church",
        "stageIndex": 3,
        "kmFromStart": 94.8,
        "icon": "church",
        "source": "osm",
        "osmId": "node/6959763514"
      }
    },
    {
      "type": "Feature",
      "id": "wp-osm-sacred_site-node6959763512",
      "geometry": {
        "type": "Point",
        "coordinates": [
          132.5075191,
          33.3827528
        ]
      },
      "properties": {
        "routeId": "shikoku-88-iyo",
        "name": "出雲大社",
        "type": "sacred_site",
        "subtype": "church",
        "stageIndex": 3,
        "kmFromStart": 94.9,
        "icon": "church",
        "source": "osm",
        "osmId": "node/6959763512"
      }
    },
    {
      "type": "Feature",
      "id": "wp-osm-transport-node3152603259",
      "geometry": {
        "type": "Point",
        "coordinates": [
          132.5048566,
          33.3880489
        ]
      },
      "properties": {
        "routeId": "shikoku-88-iyo",
        "name": "下坂戸共立電気前",
        "type": "transport",
        "subtype": "bus_stop",
        "stageIndex": 3,
        "kmFromStart": 95.4,
        "icon": "bus_stop",
        "source": "osm",
        "osmId": "node/3152603259"
      }
    },
    {
      "type": "Feature",
      "id": "wp-osm-transport-node3152604901",
      "geometry": {
        "type": "Point",
        "coordinates": [
          132.505481,
          33.3921535
        ]
      },
      "properties": {
        "routeId": "shikoku-88-iyo",
        "name": "坂戸",
        "type": "transport",
        "subtype": "bus_stop",
        "stageIndex": 3,
        "kmFromStart": 95.8,
        "icon": "bus_stop",
        "source": "osm",
        "osmId": "node/3152604901"
      }
    },
    {
      "type": "Feature",
      "id": "wp-osm-sacred_site-node6959763511",
      "geometry": {
        "type": "Point",
        "coordinates": [
          132.5081997,
          33.398606
        ]
      },
      "properties": {
        "routeId": "shikoku-88-iyo",
        "name": "宗合神社",
        "type": "sacred_site",
        "subtype": "church",
        "stageIndex": 3,
        "kmFromStart": 96.6,
        "icon": "church",
        "source": "osm",
        "osmId": "node/6959763511"
      }
    },
    {
      "type": "Feature",
      "id": "wp-osm-transport-node3152603251",
      "geometry": {
        "type": "Point",
        "coordinates": [
          132.50858,
          33.39937
        ]
      },
      "properties": {
        "routeId": "shikoku-88-iyo",
        "name": "下加茂",
        "type": "transport",
        "subtype": "bus_stop",
        "stageIndex": 3,
        "kmFromStart": 96.7,
        "icon": "bus_stop",
        "source": "osm",
        "osmId": "node/3152603251"
      }
    },
    {
      "type": "Feature",
      "id": "wp-osm-transport-node3152604407",
      "geometry": {
        "type": "Point",
        "coordinates": [
          132.5088807,
          33.402291
        ]
      },
      "properties": {
        "routeId": "shikoku-88-iyo",
        "name": "加茂",
        "type": "transport",
        "subtype": "bus_stop",
        "stageIndex": 3,
        "kmFromStart": 97,
        "icon": "bus_stop",
        "source": "osm",
        "osmId": "node/3152604407"
      }
    },
    {
      "type": "Feature",
      "id": "wp-osm-supply-node5919579385",
      "geometry": {
        "type": "Point",
        "coordinates": [
          132.5101909,
          33.4065259
        ]
      },
      "properties": {
        "routeId": "shikoku-88-iyo",
        "name": "Family mart",
        "type": "supply",
        "subtype": "convenience_store",
        "stageIndex": 3,
        "kmFromStart": 97.5,
        "icon": "convenience_store",
        "source": "osm",
        "osmId": "node/5919579385"
      }
    },
    {
      "type": "Feature",
      "id": "wp-osm-sacred_site-node12942544327",
      "geometry": {
        "type": "Point",
        "coordinates": [
          132.5128623,
          33.4083887
        ]
      },
      "properties": {
        "routeId": "shikoku-88-iyo",
        "name": "実連寺",
        "type": "sacred_site",
        "subtype": "church",
        "stageIndex": 3,
        "kmFromStart": 97.7,
        "icon": "church",
        "source": "osm",
        "osmId": "node/12942544327"
      }
    },
    {
      "type": "Feature",
      "id": "wp-osm-transport-node3152605140",
      "geometry": {
        "type": "Point",
        "coordinates": [
          132.5104302,
          33.4102572
        ]
      },
      "properties": {
        "routeId": "shikoku-88-iyo",
        "name": "大江",
        "type": "transport",
        "subtype": "bus_stop",
        "stageIndex": 3,
        "kmFromStart": 97.9,
        "icon": "bus_stop",
        "source": "osm",
        "osmId": "node/3152605140"
      }
    },
    {
      "type": "Feature",
      "id": "wp-osm-food-node5920330985",
      "geometry": {
        "type": "Point",
        "coordinates": [
          132.5119674,
          33.4158415
        ]
      },
      "properties": {
        "routeId": "shikoku-88-iyo",
        "name": "My's coffee house",
        "type": "food",
        "subtype": "cafe",
        "stageIndex": 3,
        "kmFromStart": 98.6,
        "icon": "cafe",
        "source": "osm",
        "osmId": "node/5920330985"
      }
    },
    {
      "type": "Feature",
      "id": "wp-osm-transport-node3152607887",
      "geometry": {
        "type": "Point",
        "coordinates": [
          132.5105624,
          33.4191149
        ]
      },
      "properties": {
        "routeId": "shikoku-88-iyo",
        "name": "瀬戸",
        "type": "transport",
        "subtype": "bus_stop",
        "stageIndex": 3,
        "kmFromStart": 98.9,
        "icon": "bus_stop",
        "source": "osm",
        "osmId": "node/3152607887"
      }
    },
    {
      "type": "Feature",
      "id": "wp-osm-transport-node3152607368",
      "geometry": {
        "type": "Point",
        "coordinates": [
          132.5114168,
          33.4257361
        ]
      },
      "properties": {
        "routeId": "shikoku-88-iyo",
        "name": "東多田",
        "type": "transport",
        "subtype": "bus_stop",
        "stageIndex": 3,
        "kmFromStart": 99.7,
        "icon": "bus_stop",
        "source": "osm",
        "osmId": "node/3152607368"
      }
    },
    {
      "type": "Feature",
      "id": "wp-osm-sacred_site-node6618391510",
      "geometry": {
        "type": "Point",
        "coordinates": [
          132.5133615,
          33.4250763
        ]
      },
      "properties": {
        "routeId": "shikoku-88-iyo",
        "name": "八坂神社",
        "type": "sacred_site",
        "subtype": "church",
        "stageIndex": 3,
        "kmFromStart": 99.7,
        "icon": "church",
        "source": "osm",
        "osmId": "node/6618391510"
      }
    },
    {
      "type": "Feature",
      "id": "wp-osm-transport-node3152609531",
      "geometry": {
        "type": "Point",
        "coordinates": [
          132.5142788,
          33.4295807
        ]
      },
      "properties": {
        "routeId": "shikoku-88-iyo",
        "name": "芝",
        "type": "transport",
        "subtype": "bus_stop",
        "stageIndex": 3,
        "kmFromStart": 100.2,
        "icon": "bus_stop",
        "source": "osm",
        "osmId": "node/3152609531"
      }
    },
    {
      "type": "Feature",
      "id": "wp-osm-transport-node3152603990",
      "geometry": {
        "type": "Point",
        "coordinates": [
          132.5155603,
          33.4337528
        ]
      },
      "properties": {
        "routeId": "shikoku-88-iyo",
        "name": "信里",
        "type": "transport",
        "subtype": "bus_stop",
        "stageIndex": 3,
        "kmFromStart": 100.7,
        "icon": "bus_stop",
        "source": "osm",
        "osmId": "node/3152603990"
      }
    },
    {
      "type": "Feature",
      "id": "wp-osm-sacred_site-node6961669269",
      "geometry": {
        "type": "Point",
        "coordinates": [
          132.5134108,
          33.4332349
        ]
      },
      "properties": {
        "routeId": "shikoku-88-iyo",
        "name": "柳天王神社",
        "type": "sacred_site",
        "subtype": "wayside_shrine",
        "stageIndex": 3,
        "kmFromStart": 100.6,
        "icon": "wayside_shrine",
        "source": "osm",
        "osmId": "node/6961669269"
      }
    },
    {
      "type": "Feature",
      "id": "wp-osm-transport-node3152607688",
      "geometry": {
        "type": "Point",
        "coordinates": [
          132.5181519,
          33.4382666
        ]
      },
      "properties": {
        "routeId": "shikoku-88-iyo",
        "name": "正信",
        "type": "transport",
        "subtype": "bus_stop",
        "stageIndex": 3,
        "kmFromStart": 101.3,
        "icon": "bus_stop",
        "source": "osm",
        "osmId": "node/3152607688"
      }
    },
    {
      "type": "Feature",
      "id": "wp-osm-transport-node3152603513",
      "geometry": {
        "type": "Point",
        "coordinates": [
          132.5235247,
          33.4444485
        ]
      },
      "properties": {
        "routeId": "shikoku-88-iyo",
        "name": "久保",
        "type": "transport",
        "subtype": "bus_stop",
        "stageIndex": 3,
        "kmFromStart": 102,
        "icon": "bus_stop",
        "source": "osm",
        "osmId": "node/3152603513"
      }
    },
    {
      "type": "Feature",
      "id": "wp-osm-sacred_site-node5919822186",
      "geometry": {
        "type": "Point",
        "coordinates": [
          132.5294462,
          33.4530244
        ]
      },
      "properties": {
        "routeId": "shikoku-88-iyo",
        "name": "Nittenja",
        "type": "sacred_site",
        "subtype": "church",
        "stageIndex": 3,
        "kmFromStart": 103.7,
        "icon": "church",
        "source": "osm",
        "osmId": "node/5919822186"
      }
    },
    {
      "type": "Feature",
      "id": "wp-osm-transport-node3152611605",
      "geometry": {
        "type": "Point",
        "coordinates": [
          132.5326331,
          33.4532747
        ]
      },
      "properties": {
        "routeId": "shikoku-88-iyo",
        "name": "鳥坂トンネル",
        "type": "transport",
        "subtype": "bus_stop",
        "stageIndex": 3,
        "kmFromStart": 104.3,
        "icon": "bus_stop",
        "source": "osm",
        "osmId": "node/3152611605"
      }
    },
    {
      "type": "Feature",
      "id": "wp-osm-transport-node3152603134",
      "geometry": {
        "type": "Point",
        "coordinates": [
          132.5332169,
          33.4568345
        ]
      },
      "properties": {
        "routeId": "shikoku-88-iyo",
        "name": "三本松",
        "type": "transport",
        "subtype": "bus_stop",
        "stageIndex": 3,
        "kmFromStart": 104.8,
        "icon": "bus_stop",
        "source": "osm",
        "osmId": "node/3152603134"
      }
    },
    {
      "type": "Feature",
      "id": "wp-osm-transport-node3152607335",
      "geometry": {
        "type": "Point",
        "coordinates": [
          132.5453487,
          33.4699203
        ]
      },
      "properties": {
        "routeId": "shikoku-88-iyo",
        "name": "札掛",
        "type": "transport",
        "subtype": "bus_stop",
        "stageIndex": 3,
        "kmFromStart": 107,
        "icon": "bus_stop",
        "source": "osm",
        "osmId": "node/3152607335"
      }
    },
    {
      "type": "Feature",
      "id": "wp-osm-food-node5919824185",
      "geometry": {
        "type": "Point",
        "coordinates": [
          132.5468071,
          33.4720649
        ]
      },
      "properties": {
        "routeId": "shikoku-88-iyo",
        "name": "Sekisho restaurant",
        "type": "food",
        "subtype": "restaurant",
        "stageIndex": 3,
        "kmFromStart": 107.3,
        "icon": "restaurant",
        "source": "osm",
        "osmId": "node/5919824185"
      }
    },
    {
      "type": "Feature",
      "id": "wp-osm-sacred_site-node12006255382",
      "geometry": {
        "type": "Point",
        "coordinates": [
          132.5496244,
          33.4725761
        ]
      },
      "properties": {
        "routeId": "shikoku-88-iyo",
        "name": "高神様",
        "type": "sacred_site",
        "subtype": "church",
        "stageIndex": 3,
        "kmFromStart": 107.3,
        "icon": "church",
        "source": "osm",
        "osmId": "node/12006255382"
      }
    },
    {
      "type": "Feature",
      "id": "wp-osm-supply-node5919830887",
      "geometry": {
        "type": "Point",
        "coordinates": [
          132.545214,
          33.473701
        ]
      },
      "properties": {
        "routeId": "shikoku-88-iyo",
        "name": "Unnamed",
        "type": "supply",
        "subtype": "toilet",
        "stageIndex": 3,
        "kmFromStart": 107.5,
        "icon": "toilet",
        "source": "osm",
        "osmId": "node/5919830887"
      }
    },
    {
      "type": "Feature",
      "id": "wp-osm-transport-node3152603047",
      "geometry": {
        "type": "Point",
        "coordinates": [
          132.5435261,
          33.4780793
        ]
      },
      "properties": {
        "routeId": "shikoku-88-iyo",
        "name": "ゴルフ場前",
        "type": "transport",
        "subtype": "bus_stop",
        "stageIndex": 3,
        "kmFromStart": 108.1,
        "icon": "bus_stop",
        "source": "osm",
        "osmId": "node/3152603047"
      }
    },
    {
      "type": "Feature",
      "id": "wp-osm-sacred_site-node12006255423",
      "geometry": {
        "type": "Point",
        "coordinates": [
          132.5459073,
          33.4817562
        ]
      },
      "properties": {
        "routeId": "shikoku-88-iyo",
        "name": "白尾神社",
        "type": "sacred_site",
        "subtype": "church",
        "stageIndex": 3,
        "kmFromStart": 108.5,
        "icon": "church",
        "source": "osm",
        "osmId": "node/12006255423"
      }
    },
    {
      "type": "Feature",
      "id": "wp-osm-transport-node3152604426",
      "geometry": {
        "type": "Point",
        "coordinates": [
          132.5404789,
          33.4896985
        ]
      },
      "properties": {
        "routeId": "shikoku-88-iyo",
        "name": "北只",
        "type": "transport",
        "subtype": "bus_stop",
        "stageIndex": 3,
        "kmFromStart": 109.5,
        "icon": "bus_stop",
        "source": "osm",
        "osmId": "node/3152604426"
      }
    },
    {
      "type": "Feature",
      "id": "wp-osm-sacred_site-node7321639750",
      "geometry": {
        "type": "Point",
        "coordinates": [
          132.5421758,
          33.4896937
        ]
      },
      "properties": {
        "routeId": "shikoku-88-iyo",
        "name": "栗島神社",
        "type": "sacred_site",
        "subtype": "church",
        "stageIndex": 3,
        "kmFromStart": 109.5,
        "icon": "church",
        "source": "osm",
        "osmId": "node/7321639750"
      }
    },
    {
      "type": "Feature",
      "id": "wp-osm-transport-node3152604589",
      "geometry": {
        "type": "Point",
        "coordinates": [
          132.5434692,
          33.4932298
        ]
      },
      "properties": {
        "routeId": "shikoku-88-iyo",
        "name": "南久米農協前",
        "type": "transport",
        "subtype": "bus_stop",
        "stageIndex": 3,
        "kmFromStart": 109.9,
        "icon": "bus_stop",
        "source": "osm",
        "osmId": "node/3152604589"
      }
    },
    {
      "type": "Feature",
      "id": "wp-osm-transport-node3152607417",
      "geometry": {
        "type": "Point",
        "coordinates": [
          132.5454342,
          33.4963909
        ]
      },
      "properties": {
        "routeId": "shikoku-88-iyo",
        "name": "松尾入口",
        "type": "transport",
        "subtype": "bus_stop",
        "stageIndex": 3,
        "kmFromStart": 110.5,
        "icon": "bus_stop",
        "source": "osm",
        "osmId": "node/3152607417"
      }
    },
    {
      "type": "Feature",
      "id": "wp-osm-transport-node3152609514",
      "geometry": {
        "type": "Point",
        "coordinates": [
          132.5489384,
          33.502666
        ]
      },
      "properties": {
        "routeId": "shikoku-88-iyo",
        "name": "臥龍の湯",
        "type": "transport",
        "subtype": "bus_stop",
        "stageIndex": 3,
        "kmFromStart": 111.5,
        "icon": "bus_stop",
        "source": "osm",
        "osmId": "node/3152609514"
      }
    },
    {
      "type": "Feature",
      "id": "wp-osm-supply-node5919905086",
      "geometry": {
        "type": "Point",
        "coordinates": [
          132.5499835,
          33.5026734
        ]
      },
      "properties": {
        "routeId": "shikoku-88-iyo",
        "name": "Unnamed",
        "type": "supply",
        "subtype": "toilet",
        "stageIndex": 3,
        "kmFromStart": 111.4,
        "icon": "toilet",
        "source": "osm",
        "osmId": "node/5919905086",
        "hours": "24/7"
      }
    },
    {
      "type": "Feature",
      "id": "wp-osm-sacred_site-node5542324704",
      "geometry": {
        "type": "Point",
        "coordinates": [
          132.5492821,
          33.5059269
        ]
      },
      "properties": {
        "routeId": "shikoku-88-iyo",
        "name": "大洲神社",
        "type": "sacred_site",
        "subtype": "church",
        "stageIndex": 3,
        "kmFromStart": 111.9,
        "icon": "church",
        "source": "osm",
        "osmId": "node/5542324704"
      }
    },
    {
      "type": "Feature",
      "id": "wp-osm-supply-node5703491180",
      "geometry": {
        "type": "Point",
        "coordinates": [
          132.552467,
          33.5035476
        ]
      },
      "properties": {
        "routeId": "shikoku-88-iyo",
        "name": "Unnamed",
        "type": "supply",
        "subtype": "toilet",
        "stageIndex": 3,
        "kmFromStart": 111.4,
        "icon": "toilet",
        "source": "osm",
        "osmId": "node/5703491180"
      }
    },
    {
      "type": "Feature",
      "id": "wp-osm-food-node5920290190",
      "geometry": {
        "type": "Point",
        "coordinates": [
          132.5493937,
          33.5031987
        ]
      },
      "properties": {
        "routeId": "shikoku-88-iyo",
        "name": "Garyu",
        "type": "food",
        "subtype": "restaurant",
        "stageIndex": 3,
        "kmFromStart": 111.5,
        "icon": "restaurant",
        "source": "osm",
        "osmId": "node/5920290190"
      }
    },
    {
      "type": "Feature",
      "id": "wp-osm-sacred_site-node4947996623",
      "geometry": {
        "type": "Point",
        "coordinates": [
          132.5463076,
          33.5052292
        ]
      },
      "properties": {
        "routeId": "shikoku-88-iyo",
        "name": "法華寺",
        "nameLocalized": {
          "ja": "法華寺"
        },
        "type": "sacred_site",
        "subtype": "church",
        "stageIndex": 3,
        "kmFromStart": 111.9,
        "icon": "church",
        "source": "osm",
        "osmId": "node/4947996623"
      }
    },
    {
      "type": "Feature",
      "id": "wp-osm-supply-node5540122117",
      "geometry": {
        "type": "Point",
        "coordinates": [
          132.5501093,
          33.5065562
        ]
      },
      "properties": {
        "routeId": "shikoku-88-iyo",
        "name": "Unnamed",
        "type": "supply",
        "subtype": "toilet",
        "stageIndex": 3,
        "kmFromStart": 112,
        "icon": "toilet",
        "source": "osm",
        "osmId": "node/5540122117"
      }
    },
    {
      "type": "Feature",
      "id": "wp-osm-town-node691563007",
      "geometry": {
        "type": "Point",
        "coordinates": [
          132.5446842,
          33.506488
        ]
      },
      "properties": {
        "routeId": "shikoku-88-iyo",
        "name": "Ozu",
        "nameLocalized": {
          "ar": "اوزو، إهيمه",
          "cs": "Ózu",
          "de": "Ōzu",
          "es": "Ōzu",
          "fr": "Ōzu",
          "id": "Ozu",
          "ja": "大洲市",
          "ko": "오즈시",
          "pl": "Ōzu",
          "ru": "Одзу",
          "uk": "Одзу",
          "zh": "大洲市"
        },
        "type": "town",
        "subtype": "city",
        "stageIndex": 3,
        "kmFromStart": 112.4,
        "icon": "city",
        "source": "osm",
        "osmId": "node/691563007"
      }
    },
    {
      "type": "Feature",
      "id": "wp-osm-transport-node3152602988",
      "geometry": {
        "type": "Point",
        "coordinates": [
          132.5468537,
          33.5063822
        ]
      },
      "properties": {
        "routeId": "shikoku-88-iyo",
        "name": "まちの駅あさもや",
        "type": "transport",
        "subtype": "bus_stop",
        "stageIndex": 3,
        "kmFromStart": 112.2,
        "icon": "bus_stop",
        "source": "osm",
        "osmId": "node/3152602988"
      }
    },
    {
      "type": "Feature",
      "id": "wp-osm-transport-node3152605152",
      "geometry": {
        "type": "Point",
        "coordinates": [
          132.5449864,
          33.5071892
        ]
      },
      "properties": {
        "routeId": "shikoku-88-iyo",
        "name": "大洲本町",
        "type": "transport",
        "subtype": "bus_stop",
        "stageIndex": 3,
        "kmFromStart": 112.4,
        "icon": "bus_stop",
        "source": "osm",
        "osmId": "node/3152605152"
      }
    },
    {
      "type": "Feature",
      "id": "wp-osm-transport-node3152606514",
      "geometry": {
        "type": "Point",
        "coordinates": [
          132.5419865,
          33.5079518
        ]
      },
      "properties": {
        "routeId": "shikoku-88-iyo",
        "name": "市民会館",
        "type": "transport",
        "subtype": "bus_stop",
        "stageIndex": 4,
        "kmFromStart": 112.4,
        "icon": "bus_stop",
        "source": "osm",
        "osmId": "node/3152606514"
      }
    },
    {
      "type": "Feature",
      "id": "wp-osm-transport-node3152607516",
      "geometry": {
        "type": "Point",
        "coordinates": [
          132.5427858,
          33.5073518
        ]
      },
      "properties": {
        "routeId": "shikoku-88-iyo",
        "name": "桝形",
        "type": "transport",
        "subtype": "bus_stop",
        "stageIndex": 3,
        "kmFromStart": 112.4,
        "icon": "bus_stop",
        "source": "osm",
        "osmId": "node/3152607516"
      }
    },
    {
      "type": "Feature",
      "id": "wp-osm-transport-node3152607899",
      "geometry": {
        "type": "Point",
        "coordinates": [
          132.5437804,
          33.5066777
        ]
      },
      "properties": {
        "routeId": "shikoku-88-iyo",
        "name": "片原町",
        "type": "transport",
        "subtype": "bus_stop",
        "stageIndex": 3,
        "kmFromStart": 112.4,
        "icon": "bus_stop",
        "source": "osm",
        "osmId": "node/3152607899"
      }
    },
    {
      "type": "Feature",
      "id": "wp-osm-food-node5542324705",
      "geometry": {
        "type": "Point",
        "coordinates": [
          132.5426141,
          33.5078592
        ]
      },
      "properties": {
        "routeId": "shikoku-88-iyo",
        "name": "Unnamed",
        "type": "food",
        "subtype": "cafe",
        "stageIndex": 4,
        "kmFromStart": 112.4,
        "icon": "cafe",
        "source": "osm",
        "osmId": "node/5542324705"
      }
    },
    {
      "type": "Feature",
      "id": "wp-osm-supply-node7022890698",
      "geometry": {
        "type": "Point",
        "coordinates": [
          132.5452494,
          33.5066455
        ]
      },
      "properties": {
        "routeId": "shikoku-88-iyo",
        "name": "FamilyMart",
        "nameLocalized": {
          "ja": "ファミリーマート"
        },
        "type": "supply",
        "subtype": "convenience_store",
        "stageIndex": 3,
        "kmFromStart": 112.3,
        "icon": "convenience_store",
        "source": "osm",
        "osmId": "node/7022890698"
      }
    },
    {
      "type": "Feature",
      "id": "wp-osm-food-node9719625496",
      "geometry": {
        "type": "Point",
        "coordinates": [
          132.5464758,
          33.5079739
        ]
      },
      "properties": {
        "routeId": "shikoku-88-iyo",
        "name": "大洲炉端 油屋",
        "type": "food",
        "subtype": "restaurant",
        "stageIndex": 3,
        "kmFromStart": 112.2,
        "icon": "restaurant",
        "source": "osm",
        "osmId": "node/9719625496"
      }
    },
    {
      "type": "Feature",
      "id": "wp-osm-transport-node3152607702",
      "geometry": {
        "type": "Point",
        "coordinates": [
          132.5447083,
          33.5109383
        ]
      },
      "properties": {
        "routeId": "shikoku-88-iyo",
        "name": "殿町",
        "type": "transport",
        "subtype": "bus_stop",
        "stageIndex": 4,
        "kmFromStart": 112.8,
        "icon": "bus_stop",
        "source": "osm",
        "osmId": "node/3152607702"
      }
    },
    {
      "type": "Feature",
      "id": "wp-osm-transport-node3152607842",
      "geometry": {
        "type": "Point",
        "coordinates": [
          132.5453952,
          33.5106691
        ]
      },
      "properties": {
        "routeId": "shikoku-88-iyo",
        "name": "渡場",
        "type": "transport",
        "subtype": "bus_stop",
        "stageIndex": 4,
        "kmFromStart": 112.7,
        "icon": "bus_stop",
        "source": "osm",
        "osmId": "node/3152607842"
      }
    },
    {
      "type": "Feature",
      "id": "wp-osm-transport-node3152603159",
      "geometry": {
        "type": "Point",
        "coordinates": [
          132.5456415,
          33.5125054
        ]
      },
      "properties": {
        "routeId": "shikoku-88-iyo",
        "name": "三笠通り二丁目",
        "type": "transport",
        "subtype": "bus_stop",
        "stageIndex": 4,
        "kmFromStart": 112.9,
        "icon": "bus_stop",
        "source": "osm",
        "osmId": "node/3152603159"
      }
    },
    {
      "type": "Feature",
      "id": "wp-osm-transport-node3152603158",
      "geometry": {
        "type": "Point",
        "coordinates": [
          132.5464854,
          33.5140125
        ]
      },
      "properties": {
        "routeId": "shikoku-88-iyo",
        "name": "三笠通り三丁目",
        "type": "transport",
        "subtype": "bus_stop",
        "stageIndex": 4,
        "kmFromStart": 113.1,
        "icon": "bus_stop",
        "source": "osm",
        "osmId": "node/3152603158"
      }
    },
    {
      "type": "Feature",
      "id": "wp-osm-transport-node3152606528",
      "geometry": {
        "type": "Point",
        "coordinates": [
          132.5457779,
          33.5142192
        ]
      },
      "properties": {
        "routeId": "shikoku-88-iyo",
        "name": "常盤町3丁目",
        "type": "transport",
        "subtype": "bus_stop",
        "stageIndex": 4,
        "kmFromStart": 113.1,
        "icon": "bus_stop",
        "source": "osm",
        "osmId": "node/3152606528"
      }
    },
    {
      "type": "Feature",
      "id": "wp-osm-transport-node6319005782",
      "geometry": {
        "type": "Point",
        "coordinates": [
          132.5463501,
          33.5135046
        ]
      },
      "properties": {
        "routeId": "shikoku-88-iyo",
        "name": "三笠通り三丁目",
        "type": "transport",
        "subtype": "bus_stop",
        "stageIndex": 4,
        "kmFromStart": 113.1,
        "icon": "bus_stop",
        "source": "osm",
        "osmId": "node/6319005782"
      }
    },
    {
      "type": "Feature",
      "id": "wp-osm-accommodation-node11535058570",
      "geometry": {
        "type": "Point",
        "coordinates": [
          132.5465086,
          33.5148445
        ]
      },
      "properties": {
        "routeId": "shikoku-88-iyo",
        "name": "Tokiwa Inn",
        "type": "accommodation",
        "subtype": "guesthouse",
        "stageIndex": 4,
        "kmFromStart": 113.2,
        "icon": "guesthouse",
        "source": "osm",
        "osmId": "node/11535058570"
      }
    },
    {
      "type": "Feature",
      "id": "wp-osm-transport-node3152603160",
      "geometry": {
        "type": "Point",
        "coordinates": [
          132.5472859,
          33.5155933
        ]
      },
      "properties": {
        "routeId": "shikoku-88-iyo",
        "name": "三笠通り五丁目",
        "type": "transport",
        "subtype": "bus_stop",
        "stageIndex": 4,
        "kmFromStart": 113.3,
        "icon": "bus_stop",
        "source": "osm",
        "osmId": "node/3152603160"
      }
    },
    {
      "type": "Feature",
      "id": "wp-osm-transport-node3152605146",
      "geometry": {
        "type": "Point",
        "coordinates": [
          132.5475164,
          33.517741
        ]
      },
      "properties": {
        "routeId": "shikoku-88-iyo",
        "name": "大洲",
        "type": "transport",
        "subtype": "bus_stop",
        "stageIndex": 4,
        "kmFromStart": 113.5,
        "icon": "bus_stop",
        "source": "osm",
        "osmId": "node/3152605146"
      }
    },
    {
      "type": "Feature",
      "id": "wp-osm-transport-node3152605161",
      "geometry": {
        "type": "Point",
        "coordinates": [
          132.5452718,
          33.5184114
        ]
      },
      "properties": {
        "routeId": "shikoku-88-iyo",
        "name": "大洲駅前",
        "type": "transport",
        "subtype": "bus_stop",
        "stageIndex": 4,
        "kmFromStart": 113.5,
        "icon": "bus_stop",
        "source": "osm",
        "osmId": "node/3152605161"
      }
    },
    {
      "type": "Feature",
      "id": "wp-osm-transport-node3152606907",
      "geometry": {
        "type": "Point",
        "coordinates": [
          132.5465413,
          33.5179829
        ]
      },
      "properties": {
        "routeId": "shikoku-88-iyo",
        "name": "新町",
        "type": "transport",
        "subtype": "bus_stop",
        "stageIndex": 4,
        "kmFromStart": 113.5,
        "icon": "bus_stop",
        "source": "osm",
        "osmId": "node/3152606907"
      }
    },
    {
      "type": "Feature",
      "id": "wp-osm-transport-node3152605158",
      "geometry": {
        "type": "Point",
        "coordinates": [
          132.5505861,
          33.5170377
        ]
      },
      "properties": {
        "routeId": "shikoku-88-iyo",
        "name": "大洲農高",
        "type": "transport",
        "subtype": "bus_stop",
        "stageIndex": 4,
        "kmFromStart": 113.7,
        "icon": "bus_stop",
        "source": "osm",
        "osmId": "node/3152605158"
      }
    },
    {
      "type": "Feature",
      "id": "wp-osm-transport-node3152605159",
      "geometry": {
        "type": "Point",
        "coordinates": [
          132.5493433,
          33.5184815
        ]
      },
      "properties": {
        "routeId": "shikoku-88-iyo",
        "name": "大洲農高口",
        "type": "transport",
        "subtype": "bus_stop",
        "stageIndex": 4,
        "kmFromStart": 113.7,
        "icon": "bus_stop",
        "source": "osm",
        "osmId": "node/3152605159"
      }
    },
    {
      "type": "Feature",
      "id": "wp-osm-transport-node6319005777",
      "geometry": {
        "type": "Point",
        "coordinates": [
          132.5489977,
          33.5181132
        ]
      },
      "properties": {
        "routeId": "shikoku-88-iyo",
        "name": "大洲農高口",
        "type": "transport",
        "subtype": "bus_stop",
        "stageIndex": 4,
        "kmFromStart": 113.6,
        "icon": "bus_stop",
        "source": "osm",
        "osmId": "node/6319005777"
      }
    },
    {
      "type": "Feature",
      "id": "wp-osm-transport-node3152604845",
      "geometry": {
        "type": "Point",
        "coordinates": [
          132.5488368,
          33.5210968
        ]
      },
      "properties": {
        "routeId": "shikoku-88-iyo",
        "name": "喜多小",
        "type": "transport",
        "subtype": "bus_stop",
        "stageIndex": 4,
        "kmFromStart": 113.8,
        "icon": "bus_stop",
        "source": "osm",
        "osmId": "node/3152604845"
      }
    },
    {
      "type": "Feature",
      "id": "wp-osm-transport-node3152605155",
      "geometry": {
        "type": "Point",
        "coordinates": [
          132.5520239,
          33.5201302
        ]
      },
      "properties": {
        "routeId": "shikoku-88-iyo",
        "name": "大洲県地方局前",
        "type": "transport",
        "subtype": "bus_stop",
        "stageIndex": 4,
        "kmFromStart": 114,
        "icon": "bus_stop",
        "source": "osm",
        "osmId": "node/3152605155"
      }
    },
    {
      "type": "Feature",
      "id": "wp-osm-transport-node3152607370",
      "geometry": {
        "type": "Point",
        "coordinates": [
          132.5540646,
          33.5184879
        ]
      },
      "properties": {
        "routeId": "shikoku-88-iyo",
        "name": "東大洲天満",
        "type": "transport",
        "subtype": "bus_stop",
        "stageIndex": 4,
        "kmFromStart": 114,
        "icon": "bus_stop",
        "source": "osm",
        "osmId": "node/3152607370"
      }
    },
    {
      "type": "Feature",
      "id": "wp-osm-transport-node3152609495",
      "geometry": {
        "type": "Point",
        "coordinates": [
          132.5552658,
          33.5208623
        ]
      },
      "properties": {
        "routeId": "shikoku-88-iyo",
        "name": "総合福祉センター",
        "type": "transport",
        "subtype": "bus_stop",
        "stageIndex": 4,
        "kmFromStart": 114.3,
        "icon": "bus_stop",
        "source": "osm",
        "osmId": "node/3152609495"
      }
    },
    {
      "type": "Feature",
      "id": "wp-osm-transport-node3152609537",
      "geometry": {
        "type": "Point",
        "coordinates": [
          132.5545368,
          33.5230022
        ]
      },
      "properties": {
        "routeId": "shikoku-88-iyo",
        "name": "若宮中",
        "type": "transport",
        "subtype": "bus_stop",
        "stageIndex": 4,
        "kmFromStart": 114.4,
        "icon": "bus_stop",
        "source": "osm",
        "osmId": "node/3152609537"
      }
    },
    {
      "type": "Feature",
      "id": "wp-osm-transport-node3152609538",
      "geometry": {
        "type": "Point",
        "coordinates": [
          132.5572752,
          33.5233282
        ]
      },
      "properties": {
        "routeId": "shikoku-88-iyo",
        "name": "若宮口",
        "type": "transport",
        "subtype": "bus_stop",
        "stageIndex": 4,
        "kmFromStart": 114.6,
        "icon": "bus_stop",
        "source": "osm",
        "osmId": "node/3152609538"
      }
    },
    {
      "type": "Feature",
      "id": "wp-osm-transport-node3152603080",
      "geometry": {
        "type": "Point",
        "coordinates": [
          132.5597488,
          33.5237777
        ]
      },
      "properties": {
        "routeId": "shikoku-88-iyo",
        "name": "マルナカ",
        "type": "transport",
        "subtype": "bus_stop",
        "stageIndex": 4,
        "kmFromStart": 114.8,
        "icon": "bus_stop",
        "source": "osm",
        "osmId": "node/3152603080"
      }
    },
    {
      "type": "Feature",
      "id": "wp-osm-transport-node3152604850",
      "geometry": {
        "type": "Point",
        "coordinates": [
          132.5593959,
          33.5247214
        ]
      },
      "properties": {
        "routeId": "shikoku-88-iyo",
        "name": "喜多酪農前",
        "type": "transport",
        "subtype": "bus_stop",
        "stageIndex": 4,
        "kmFromStart": 114.8,
        "icon": "bus_stop",
        "source": "osm",
        "osmId": "node/3152604850"
      }
    },
    {
      "type": "Feature",
      "id": "wp-osm-transport-node3152604859",
      "geometry": {
        "type": "Point",
        "coordinates": [
          132.5656969,
          33.5285317
        ]
      },
      "properties": {
        "routeId": "shikoku-88-iyo",
        "name": "市立図書館前",
        "type": "transport",
        "subtype": "bus_stop",
        "stageIndex": 4,
        "kmFromStart": 115.6,
        "icon": "bus_stop",
        "source": "osm",
        "osmId": "node/3152604859"
      }
    },
    {
      "type": "Feature",
      "id": "wp-osm-transport-node3152611181",
      "geometry": {
        "type": "Point",
        "coordinates": [
          132.566663,
          33.5279025
        ]
      },
      "properties": {
        "routeId": "shikoku-88-iyo",
        "name": "防災センター前",
        "type": "transport",
        "subtype": "bus_stop",
        "stageIndex": 4,
        "kmFromStart": 115.6,
        "icon": "bus_stop",
        "source": "osm",
        "osmId": "node/3152611181"
      }
    },
    {
      "type": "Feature",
      "id": "wp-osm-supply-node5584450555",
      "geometry": {
        "type": "Point",
        "coordinates": [
          132.5663779,
          33.5286504
        ]
      },
      "properties": {
        "routeId": "shikoku-88-iyo",
        "name": "Unnamed",
        "type": "supply",
        "subtype": "toilet",
        "stageIndex": 4,
        "kmFromStart": 115.7,
        "icon": "toilet",
        "source": "osm",
        "osmId": "node/5584450555"
      }
    },
    {
      "type": "Feature",
      "id": "wp-osm-transport-node3152607369",
      "geometry": {
        "type": "Point",
        "coordinates": [
          132.5705924,
          33.530039
        ]
      },
      "properties": {
        "routeId": "shikoku-88-iyo",
        "name": "東大洲",
        "type": "transport",
        "subtype": "bus_stop",
        "stageIndex": 4,
        "kmFromStart": 116.1,
        "icon": "bus_stop",
        "source": "osm",
        "osmId": "node/3152607369"
      }
    },
    {
      "type": "Feature",
      "id": "wp-osm-transport-node3152609512",
      "geometry": {
        "type": "Point",
        "coordinates": [
          132.5691221,
          33.5283107
        ]
      },
      "properties": {
        "routeId": "shikoku-88-iyo",
        "name": "肱南バス車庫",
        "type": "transport",
        "subtype": "bus_stop",
        "stageIndex": 4,
        "kmFromStart": 115.9,
        "icon": "bus_stop",
        "source": "osm",
        "osmId": "node/3152609512"
      }
    },
    {
      "type": "Feature",
      "id": "wp-osm-transport-node3152603028",
      "geometry": {
        "type": "Point",
        "coordinates": [
          132.5730583,
          33.5296127
        ]
      },
      "properties": {
        "routeId": "shikoku-88-iyo",
        "name": "オズメッセ21",
        "type": "transport",
        "subtype": "bus_stop",
        "stageIndex": 4,
        "kmFromStart": 116.2,
        "icon": "bus_stop",
        "source": "osm",
        "osmId": "node/3152603028"
      }
    },
    {
      "type": "Feature",
      "id": "wp-osm-transport-node3152605147",
      "geometry": {
        "type": "Point",
        "coordinates": [
          132.574653,
          33.5307216
        ]
      },
      "properties": {
        "routeId": "shikoku-88-iyo",
        "name": "大洲インター口",
        "type": "transport",
        "subtype": "bus_stop",
        "stageIndex": 4,
        "kmFromStart": 116.5,
        "icon": "bus_stop",
        "source": "osm",
        "osmId": "node/3152605147"
      }
    },
    {
      "type": "Feature",
      "id": "wp-osm-transport-node3152604565",
      "geometry": {
        "type": "Point",
        "coordinates": [
          132.5746028,
          33.5316831
        ]
      },
      "properties": {
        "routeId": "shikoku-88-iyo",
        "name": "十夜ヶ橋",
        "type": "transport",
        "subtype": "bus_stop",
        "stageIndex": 4,
        "kmFromStart": 116.5,
        "icon": "bus_stop",
        "source": "osm",
        "osmId": "node/3152604565"
      }
    },
    {
      "type": "Feature",
      "id": "wp-osm-transport-node6319005764",
      "geometry": {
        "type": "Point",
        "coordinates": [
          132.5751603,
          33.5316788
        ]
      },
      "properties": {
        "routeId": "shikoku-88-iyo",
        "name": "十夜ヶ橋",
        "type": "transport",
        "subtype": "bus_stop",
        "stageIndex": 4,
        "kmFromStart": 116.6,
        "icon": "bus_stop",
        "source": "osm",
        "osmId": "node/6319005764"
      }
    },
    {
      "type": "Feature",
      "id": "wp-osm-transport-node3152603075",
      "geometry": {
        "type": "Point",
        "coordinates": [
          132.5773014,
          33.5316031
        ]
      },
      "properties": {
        "routeId": "shikoku-88-iyo",
        "name": "フレスポ",
        "type": "transport",
        "subtype": "bus_stop",
        "stageIndex": 4,
        "kmFromStart": 116.7,
        "icon": "bus_stop",
        "source": "osm",
        "osmId": "node/3152603075"
      }
    },
    {
      "type": "Feature",
      "id": "wp-osm-transport-node3152605157",
      "geometry": {
        "type": "Point",
        "coordinates": [
          132.5838515,
          33.5312057
        ]
      },
      "properties": {
        "routeId": "shikoku-88-iyo",
        "name": "大洲記念病院",
        "type": "transport",
        "subtype": "bus_stop",
        "stageIndex": 4,
        "kmFromStart": 117.3,
        "icon": "bus_stop",
        "source": "osm",
        "osmId": "node/3152605157"
      }
    },
    {
      "type": "Feature",
      "id": "wp-osm-transport-node3152607407",
      "geometry": {
        "type": "Point",
        "coordinates": [
          132.5813137,
          33.5330125
        ]
      },
      "properties": {
        "routeId": "shikoku-88-iyo",
        "name": "松ヶ花",
        "type": "transport",
        "subtype": "bus_stop",
        "stageIndex": 4,
        "kmFromStart": 117.1,
        "icon": "bus_stop",
        "source": "osm",
        "osmId": "node/3152607407"
      }
    },
    {
      "type": "Feature",
      "id": "wp-osm-transport-node3152606915",
      "geometry": {
        "type": "Point",
        "coordinates": [
          132.5995651,
          33.5353014
        ]
      },
      "properties": {
        "routeId": "shikoku-88-iyo",
        "name": "新谷",
        "type": "transport",
        "subtype": "bus_stop",
        "stageIndex": 4,
        "kmFromStart": 118.9,
        "icon": "bus_stop",
        "source": "osm",
        "osmId": "node/3152606915"
      }
    },
    {
      "type": "Feature",
      "id": "wp-osm-transport-node7832285057",
      "geometry": {
        "type": "Point",
        "coordinates": [
          132.5990215,
          33.5341434
        ]
      },
      "properties": {
        "routeId": "shikoku-88-iyo",
        "name": "Niiya",
        "nameLocalized": {
          "ja": "新谷",
          "ko": "니야"
        },
        "type": "transport",
        "subtype": "train_station",
        "stageIndex": 4,
        "kmFromStart": 118.8,
        "icon": "train_station",
        "source": "osm",
        "osmId": "node/7832285057"
      }
    },
    {
      "type": "Feature",
      "id": "wp-osm-transport-node7832095785",
      "geometry": {
        "type": "Point",
        "coordinates": [
          132.6110999,
          33.533273
        ]
      },
      "properties": {
        "routeId": "shikoku-88-iyo",
        "name": "Kitayama",
        "nameLocalized": {
          "ja": "喜多山",
          "ko": "기타야마"
        },
        "type": "transport",
        "subtype": "train_station",
        "stageIndex": 4,
        "kmFromStart": 120.1,
        "icon": "train_station",
        "source": "osm",
        "osmId": "node/7832095785"
      }
    },
    {
      "type": "Feature",
      "id": "wp-osm-supply-node5921706385",
      "geometry": {
        "type": "Point",
        "coordinates": [
          132.6150423,
          33.5350982
        ]
      },
      "properties": {
        "routeId": "shikoku-88-iyo",
        "name": "Unnamed",
        "type": "supply",
        "subtype": "toilet",
        "stageIndex": 4,
        "kmFromStart": 120.4,
        "icon": "toilet",
        "source": "osm",
        "osmId": "node/5921706385"
      }
    },
    {
      "type": "Feature",
      "id": "wp-osm-transport-node3152603564",
      "geometry": {
        "type": "Point",
        "coordinates": [
          132.6363535,
          33.5371915
        ]
      },
      "properties": {
        "routeId": "shikoku-88-iyo",
        "name": "五十崎駅前",
        "type": "transport",
        "subtype": "bus_stop",
        "stageIndex": 4,
        "kmFromStart": 122.5,
        "icon": "bus_stop",
        "source": "osm",
        "osmId": "node/3152603564"
      }
    },
    {
      "type": "Feature",
      "id": "wp-osm-transport-node7832095786",
      "geometry": {
        "type": "Point",
        "coordinates": [
          132.6360446,
          33.5379403
        ]
      },
      "properties": {
        "routeId": "shikoku-88-iyo",
        "name": "Ikazaki",
        "nameLocalized": {
          "ja": "五十崎",
          "ko": "이카자키"
        },
        "type": "transport",
        "subtype": "train_station",
        "stageIndex": 4,
        "kmFromStart": 122.5,
        "icon": "train_station",
        "source": "osm",
        "osmId": "node/7832095786"
      }
    },
    {
      "type": "Feature",
      "id": "wp-osm-transport-node3152604362",
      "geometry": {
        "type": "Point",
        "coordinates": [
          132.6463184,
          33.5487803
        ]
      },
      "properties": {
        "routeId": "shikoku-88-iyo",
        "name": "内子駅",
        "type": "transport",
        "subtype": "bus_stop",
        "stageIndex": 4,
        "kmFromStart": 124.6,
        "icon": "bus_stop",
        "source": "osm",
        "osmId": "node/3152604362"
      }
    },
    {
      "type": "Feature",
      "id": "wp-osm-town-node691563021",
      "geometry": {
        "type": "Point",
        "coordinates": [
          132.6500056,
          33.5495987
        ]
      },
      "properties": {
        "routeId": "shikoku-88-iyo",
        "name": "Uchiko",
        "nameLocalized": {
          "fr": "Uchiko",
          "id": "Uchiko",
          "ja": "内子町",
          "ko": "우치코초",
          "zh": "内子町"
        },
        "type": "town",
        "subtype": "town",
        "stageIndex": 4,
        "kmFromStart": 124.9,
        "icon": "town",
        "source": "osm",
        "osmId": "node/691563021"
      }
    },
    {
      "type": "Feature",
      "id": "wp-osm-transport-node3152604058",
      "geometry": {
        "type": "Point",
        "coordinates": [
          132.6525532,
          33.549829
        ]
      },
      "properties": {
        "routeId": "shikoku-88-iyo",
        "name": "内子",
        "nameLocalized": {
          "ja": "内子"
        },
        "type": "transport",
        "subtype": "bus_stop",
        "stageIndex": 4,
        "kmFromStart": 125.1,
        "icon": "bus_stop",
        "source": "osm",
        "osmId": "node/3152604058"
      }
    },
    {
      "type": "Feature",
      "id": "wp-osm-supply-node13174806001",
      "geometry": {
        "type": "Point",
        "coordinates": [
          132.65154,
          33.5510526
        ]
      },
      "properties": {
        "routeId": "shikoku-88-iyo",
        "name": "Unnamed",
        "type": "supply",
        "subtype": "toilet",
        "stageIndex": 4,
        "kmFromStart": 125.1,
        "icon": "toilet",
        "source": "osm",
        "osmId": "node/13174806001",
        "hours": "24/7"
      }
    },
    {
      "type": "Feature",
      "id": "wp-osm-food-node11331800842",
      "geometry": {
        "type": "Point",
        "coordinates": [
          132.6531909,
          33.5526491
        ]
      },
      "properties": {
        "routeId": "shikoku-88-iyo",
        "name": "Shimohagatei",
        "type": "food",
        "subtype": "restaurant",
        "stageIndex": 4,
        "kmFromStart": 125.3,
        "icon": "restaurant",
        "source": "osm",
        "osmId": "node/11331800842"
      }
    },
    {
      "type": "Feature",
      "id": "wp-osm-transport-node3152608237",
      "geometry": {
        "type": "Point",
        "coordinates": [
          132.655216,
          33.5514285
        ]
      },
      "properties": {
        "routeId": "shikoku-88-iyo",
        "name": "知清橋",
        "nameLocalized": {
          "ja": "知清橋"
        },
        "type": "transport",
        "subtype": "bus_stop",
        "stageIndex": 4,
        "kmFromStart": 125.4,
        "icon": "bus_stop",
        "source": "osm",
        "osmId": "node/3152608237"
      }
    },
    {
      "type": "Feature",
      "id": "wp-osm-supply-node11331559445",
      "geometry": {
        "type": "Point",
        "coordinates": [
          132.6532183,
          33.554483
        ]
      },
      "properties": {
        "routeId": "shikoku-88-iyo",
        "name": "Unnamed",
        "type": "supply",
        "subtype": "toilet",
        "stageIndex": 4,
        "kmFromStart": 125.5,
        "icon": "toilet",
        "source": "osm",
        "osmId": "node/11331559445"
      }
    },
    {
      "type": "Feature",
      "id": "wp-osm-food-node12767829095",
      "geometry": {
        "type": "Point",
        "coordinates": [
          132.6532622,
          33.5555153
        ]
      },
      "properties": {
        "routeId": "shikoku-88-iyo",
        "name": "Charme",
        "nameLocalized": {
          "ja": "シャルム"
        },
        "type": "food",
        "subtype": "cafe",
        "stageIndex": 4,
        "kmFromStart": 125.6,
        "icon": "cafe",
        "source": "osm",
        "osmId": "node/12767829095",
        "hours": "11:00-17:00"
      }
    },
    {
      "type": "Feature",
      "id": "wp-osm-supply-node697482819",
      "geometry": {
        "type": "Point",
        "coordinates": [
          132.6564651,
          33.5538979
        ]
      },
      "properties": {
        "routeId": "shikoku-88-iyo",
        "name": "sunkus",
        "nameLocalized": {
          "ja": "サンクス",
          "ja_rm": "Sankusu"
        },
        "type": "supply",
        "subtype": "convenience_store",
        "stageIndex": 4,
        "kmFromStart": 125.7,
        "icon": "convenience_store",
        "source": "osm",
        "osmId": "node/697482819"
      }
    },
    {
      "type": "Feature",
      "id": "wp-osm-supply-node5921754987",
      "geometry": {
        "type": "Point",
        "coordinates": [
          132.6555819,
          33.5521654
        ]
      },
      "properties": {
        "routeId": "shikoku-88-iyo",
        "name": "Family mart",
        "type": "supply",
        "subtype": "convenience_store",
        "stageIndex": 4,
        "kmFromStart": 125.5,
        "icon": "convenience_store",
        "source": "osm",
        "osmId": "node/5921754987"
      }
    },
    {
      "type": "Feature",
      "id": "wp-osm-food-node11237555737",
      "geometry": {
        "type": "Point",
        "coordinates": [
          132.6533167,
          33.5562382
        ]
      },
      "properties": {
        "routeId": "shikoku-88-iyo",
        "name": "Naru café",
        "type": "food",
        "subtype": "cafe",
        "stageIndex": 4,
        "kmFromStart": 125.6,
        "icon": "cafe",
        "source": "osm",
        "osmId": "node/11237555737"
      }
    },
    {
      "type": "Feature",
      "id": "wp-osm-transport-node3152604361",
      "geometry": {
        "type": "Point",
        "coordinates": [
          132.657228,
          33.5546453
        ]
      },
      "properties": {
        "routeId": "shikoku-88-iyo",
        "name": "内子橋",
        "type": "transport",
        "subtype": "bus_stop",
        "stageIndex": 4,
        "kmFromStart": 125.8,
        "icon": "bus_stop",
        "source": "osm",
        "osmId": "node/3152604361"
      }
    },
    {
      "type": "Feature",
      "id": "wp-osm-sacred_site-node10939594601",
      "geometry": {
        "type": "Point",
        "coordinates": [
          132.6588724,
          33.5557388
        ]
      },
      "properties": {
        "routeId": "shikoku-88-iyo",
        "name": "毘沙門天王社",
        "type": "sacred_site",
        "subtype": "wayside_shrine",
        "stageIndex": 4,
        "kmFromStart": 126,
        "icon": "wayside_shrine",
        "source": "osm",
        "osmId": "node/10939594601"
      }
    },
    {
      "type": "Feature",
      "id": "wp-osm-sacred_site-node11975289733",
      "geometry": {
        "type": "Point",
        "coordinates": [
          132.6601942,
          33.5540994
        ]
      },
      "properties": {
        "routeId": "shikoku-88-iyo",
        "name": "天神社",
        "type": "sacred_site",
        "subtype": "church",
        "stageIndex": 4,
        "kmFromStart": 126,
        "icon": "church",
        "source": "osm",
        "osmId": "node/11975289733"
      }
    },
    {
      "type": "Feature",
      "id": "wp-osm-transport-node11763779755",
      "geometry": {
        "type": "Point",
        "coordinates": [
          132.6743511,
          33.5660659
        ]
      },
      "properties": {
        "routeId": "shikoku-88-iyo",
        "name": "石浦",
        "type": "transport",
        "subtype": "bus_stop",
        "stageIndex": 4,
        "kmFromStart": 129.2,
        "icon": "bus_stop",
        "source": "osm",
        "osmId": "node/11763779755"
      }
    },
    {
      "type": "Feature",
      "id": "wp-osm-sacred_site-node10939613472",
      "geometry": {
        "type": "Point",
        "coordinates": [
          132.6741858,
          33.5669629
        ]
      },
      "properties": {
        "routeId": "shikoku-88-iyo",
        "name": "海津見神社",
        "type": "sacred_site",
        "subtype": "wayside_shrine",
        "stageIndex": 4,
        "kmFromStart": 129.3,
        "icon": "wayside_shrine",
        "source": "osm",
        "osmId": "node/10939613472"
      }
    },
    {
      "type": "Feature",
      "id": "wp-osm-sacred_site-node10939599770",
      "geometry": {
        "type": "Point",
        "coordinates": [
          132.6786969,
          33.5690609
        ]
      },
      "properties": {
        "routeId": "shikoku-88-iyo",
        "name": "黒岩神社",
        "type": "sacred_site",
        "subtype": "church",
        "stageIndex": 4,
        "kmFromStart": 129.8,
        "icon": "church",
        "source": "osm",
        "osmId": "node/10939599770"
      }
    },
    {
      "type": "Feature",
      "id": "wp-osm-sacred_site-node10939629481",
      "geometry": {
        "type": "Point",
        "coordinates": [
          132.6888178,
          33.563456
        ]
      },
      "properties": {
        "routeId": "shikoku-88-iyo",
        "name": "中屋敷天神社",
        "type": "sacred_site",
        "subtype": "church",
        "stageIndex": 4,
        "kmFromStart": 131,
        "icon": "church",
        "source": "osm",
        "osmId": "node/10939629481"
      }
    },
    {
      "type": "Feature",
      "id": "wp-osm-sacred_site-node10939652341",
      "geometry": {
        "type": "Point",
        "coordinates": [
          132.6943665,
          33.5660493
        ]
      },
      "properties": {
        "routeId": "shikoku-88-iyo",
        "name": "天神社",
        "type": "sacred_site",
        "subtype": "wayside_shrine",
        "stageIndex": 4,
        "kmFromStart": 131.6,
        "icon": "wayside_shrine",
        "source": "osm",
        "osmId": "node/10939652341"
      }
    },
    {
      "type": "Feature",
      "id": "wp-osm-sacred_site-node10939747584",
      "geometry": {
        "type": "Point",
        "coordinates": [
          132.6981073,
          33.5696062
        ]
      },
      "properties": {
        "routeId": "shikoku-88-iyo",
        "name": "宇都宮神社",
        "type": "sacred_site",
        "subtype": "church",
        "stageIndex": 4,
        "kmFromStart": 132.1,
        "icon": "church",
        "source": "osm",
        "osmId": "node/10939747584"
      }
    },
    {
      "type": "Feature",
      "id": "wp-osm-sacred_site-node10939827606",
      "geometry": {
        "type": "Point",
        "coordinates": [
          132.708824,
          33.5709531
        ]
      },
      "properties": {
        "routeId": "shikoku-88-iyo",
        "name": "掛木阿弥陀堂",
        "type": "sacred_site",
        "subtype": "church",
        "stageIndex": 4,
        "kmFromStart": 133.2,
        "icon": "church",
        "source": "osm",
        "osmId": "node/10939827606"
      }
    },
    {
      "type": "Feature",
      "id": "wp-osm-sacred_site-node10940033181",
      "geometry": {
        "type": "Point",
        "coordinates": [
          132.7145921,
          33.575151
        ]
      },
      "properties": {
        "routeId": "shikoku-88-iyo",
        "name": "金刀比羅宮",
        "type": "sacred_site",
        "subtype": "wayside_shrine",
        "stageIndex": 4,
        "kmFromStart": 134.2,
        "icon": "wayside_shrine",
        "source": "osm",
        "osmId": "node/10940033181"
      }
    },
    {
      "type": "Feature",
      "id": "wp-osm-sacred_site-node10940092276",
      "geometry": {
        "type": "Point",
        "coordinates": [
          132.7132829,
          33.5741906
        ]
      },
      "properties": {
        "routeId": "shikoku-88-iyo",
        "name": "星中神社",
        "type": "sacred_site",
        "subtype": "church",
        "stageIndex": 4,
        "kmFromStart": 134,
        "icon": "church",
        "source": "osm",
        "osmId": "node/10940092276"
      }
    },
    {
      "type": "Feature",
      "id": "wp-osm-sacred_site-node10940033184",
      "geometry": {
        "type": "Point",
        "coordinates": [
          132.7152244,
          33.5765228
        ]
      },
      "properties": {
        "routeId": "shikoku-88-iyo",
        "name": "神徳山石鎚神社",
        "type": "sacred_site",
        "subtype": "wayside_shrine",
        "stageIndex": 4,
        "kmFromStart": 134.2,
        "icon": "wayside_shrine",
        "source": "osm",
        "osmId": "node/10940033184"
      }
    },
    {
      "type": "Feature",
      "id": "wp-osm-sacred_site-node10940033178",
      "geometry": {
        "type": "Point",
        "coordinates": [
          132.715414,
          33.5755419
        ]
      },
      "properties": {
        "routeId": "shikoku-88-iyo",
        "name": "炷森三島神社",
        "type": "sacred_site",
        "subtype": "church",
        "stageIndex": 4,
        "kmFromStart": 134.2,
        "icon": "church",
        "source": "osm",
        "osmId": "node/10940033178"
      }
    },
    {
      "type": "Feature",
      "id": "wp-osm-sacred_site-node10940033182",
      "geometry": {
        "type": "Point",
        "coordinates": [
          132.7165736,
          33.5747042
        ]
      },
      "properties": {
        "routeId": "shikoku-88-iyo",
        "name": "豊受大明神",
        "type": "sacred_site",
        "subtype": "wayside_shrine",
        "stageIndex": 4,
        "kmFromStart": 134.4,
        "icon": "wayside_shrine",
        "source": "osm",
        "osmId": "node/10940033182"
      }
    },
    {
      "type": "Feature",
      "id": "wp-osm-transport-node11533563169",
      "geometry": {
        "type": "Point",
        "coordinates": [
          132.7258417,
          33.5757513
        ]
      },
      "properties": {
        "routeId": "shikoku-88-iyo",
        "name": "Bus Stop",
        "type": "transport",
        "subtype": "bus_stop",
        "stageIndex": 4,
        "kmFromStart": 135.4,
        "icon": "bus_stop",
        "source": "osm",
        "osmId": "node/11533563169"
      }
    },
    {
      "type": "Feature",
      "id": "wp-osm-sacred_site-node10942133475",
      "geometry": {
        "type": "Point",
        "coordinates": [
          132.731079,
          33.5779159
        ]
      },
      "properties": {
        "routeId": "shikoku-88-iyo",
        "name": "秋葉神社",
        "type": "sacred_site",
        "subtype": "wayside_shrine",
        "stageIndex": 4,
        "kmFromStart": 136.1,
        "icon": "wayside_shrine",
        "source": "osm",
        "osmId": "node/10942133475"
      }
    },
    {
      "type": "Feature",
      "id": "wp-osm-sacred_site-node11391412969",
      "geometry": {
        "type": "Point",
        "coordinates": [
          132.746983,
          33.5817621
        ]
      },
      "properties": {
        "routeId": "shikoku-88-iyo",
        "name": "Senninjuku Daishido",
        "type": "sacred_site",
        "subtype": "church",
        "stageIndex": 4,
        "kmFromStart": 137.8,
        "icon": "church",
        "source": "osm",
        "osmId": "node/11391412969"
      }
    },
    {
      "type": "Feature",
      "id": "wp-osm-accommodation-node5923663885",
      "geometry": {
        "type": "Point",
        "coordinates": [
          132.7538917,
          33.5852172
        ]
      },
      "properties": {
        "routeId": "shikoku-88-iyo",
        "name": "Rairakuku",
        "type": "accommodation",
        "subtype": "guesthouse",
        "stageIndex": 5,
        "kmFromStart": 138.8,
        "icon": "guesthouse",
        "source": "osm",
        "osmId": "node/5923663885"
      }
    },
    {
      "type": "Feature",
      "id": "wp-osm-transport-node11393125069",
      "geometry": {
        "type": "Point",
        "coordinates": [
          132.7614342,
          33.5802948
        ]
      },
      "properties": {
        "routeId": "shikoku-88-iyo",
        "name": "Umezu",
        "type": "transport",
        "subtype": "bus_stop",
        "stageIndex": 5,
        "kmFromStart": 139.8,
        "icon": "bus_stop",
        "source": "osm",
        "osmId": "node/11393125069"
      }
    },
    {
      "type": "Feature",
      "id": "wp-osm-supply-node10858037380",
      "geometry": {
        "type": "Point",
        "coordinates": [
          132.7678098,
          33.5794851
        ]
      },
      "properties": {
        "routeId": "shikoku-88-iyo",
        "name": "Unnamed",
        "type": "supply",
        "subtype": "toilet",
        "stageIndex": 5,
        "kmFromStart": 140.5,
        "icon": "toilet",
        "source": "osm",
        "osmId": "node/10858037380"
      }
    },
    {
      "type": "Feature",
      "id": "wp-osm-food-node5923150586",
      "geometry": {
        "type": "Point",
        "coordinates": [
          132.7845811,
          33.5956064
        ]
      },
      "properties": {
        "routeId": "shikoku-88-iyo",
        "name": "Namihei",
        "type": "food",
        "subtype": "restaurant",
        "stageIndex": 5,
        "kmFromStart": 143.8,
        "icon": "restaurant",
        "source": "osm",
        "osmId": "node/5923150586",
        "hours": "Sa-Th 11:00-14:00"
      }
    },
    {
      "type": "Feature",
      "id": "wp-osm-supply-node10858059638",
      "geometry": {
        "type": "Point",
        "coordinates": [
          132.786626,
          33.6127407
        ]
      },
      "properties": {
        "routeId": "shikoku-88-iyo",
        "name": "Unnamed",
        "type": "supply",
        "subtype": "toilet",
        "stageIndex": 5,
        "kmFromStart": 145.8,
        "icon": "toilet",
        "source": "osm",
        "osmId": "node/10858059638"
      }
    },
    {
      "type": "Feature",
      "id": "wp-osm-transport-node3152605818",
      "geometry": {
        "type": "Point",
        "coordinates": [
          132.8627312,
          33.6315271
        ]
      },
      "properties": {
        "routeId": "shikoku-88-iyo",
        "name": "宮成",
        "type": "transport",
        "subtype": "bus_stop",
        "stageIndex": 5,
        "kmFromStart": 154.6,
        "icon": "bus_stop",
        "source": "osm",
        "osmId": "node/3152605818"
      }
    },
    {
      "type": "Feature",
      "id": "wp-osm-transport-node3152607539",
      "geometry": {
        "type": "Point",
        "coordinates": [
          132.8620515,
          33.6356674
        ]
      },
      "properties": {
        "routeId": "shikoku-88-iyo",
        "name": "森田",
        "type": "transport",
        "subtype": "bus_stop",
        "stageIndex": 5,
        "kmFromStart": 155.1,
        "icon": "bus_stop",
        "source": "osm",
        "osmId": "node/3152607539"
      }
    },
    {
      "type": "Feature",
      "id": "wp-osm-sacred_site-node4857660589",
      "geometry": {
        "type": "Point",
        "coordinates": [
          132.8620155,
          33.6364124
        ]
      },
      "properties": {
        "routeId": "shikoku-88-iyo",
        "name": "福城寺",
        "type": "sacred_site",
        "subtype": "church",
        "stageIndex": 5,
        "kmFromStart": 155.1,
        "icon": "church",
        "source": "osm",
        "osmId": "node/4857660589"
      }
    },
    {
      "type": "Feature",
      "id": "wp-osm-supply-node10858037381",
      "geometry": {
        "type": "Point",
        "coordinates": [
          132.8839476,
          33.6487023
        ]
      },
      "properties": {
        "routeId": "shikoku-88-iyo",
        "name": "Unnamed",
        "type": "supply",
        "subtype": "toilet",
        "stageIndex": 5,
        "kmFromStart": 157.8,
        "icon": "toilet",
        "source": "osm",
        "osmId": "node/10858037381"
      }
    },
    {
      "type": "Feature",
      "id": "wp-osm-accommodation-node11417170369",
      "geometry": {
        "type": "Point",
        "coordinates": [
          132.8767551,
          33.6413497
        ]
      },
      "properties": {
        "routeId": "shikoku-88-iyo",
        "name": "Yurano no mori",
        "type": "accommodation",
        "subtype": "guesthouse",
        "stageIndex": 5,
        "kmFromStart": 156.7,
        "icon": "guesthouse",
        "source": "osm",
        "osmId": "node/11417170369"
      }
    },
    {
      "type": "Feature",
      "id": "wp-osm-transport-node3152603510",
      "geometry": {
        "type": "Point",
        "coordinates": [
          132.9013555,
          33.6555278
        ]
      },
      "properties": {
        "routeId": "shikoku-88-iyo",
        "name": "久万役場前",
        "type": "transport",
        "subtype": "bus_stop",
        "stageIndex": 5,
        "kmFromStart": 159.8,
        "icon": "bus_stop",
        "source": "osm",
        "osmId": "node/3152603510"
      }
    },
    {
      "type": "Feature",
      "id": "wp-osm-transport-node6376107786",
      "geometry": {
        "type": "Point",
        "coordinates": [
          132.9016288,
          33.6550028
        ]
      },
      "properties": {
        "routeId": "shikoku-88-iyo",
        "name": "久万高原",
        "type": "transport",
        "subtype": "bus_stop",
        "stageIndex": 5,
        "kmFromStart": 159.8,
        "icon": "bus_stop",
        "source": "osm",
        "osmId": "node/6376107786"
      }
    },
    {
      "type": "Feature",
      "id": "wp-osm-accommodation-node12922784442",
      "geometry": {
        "type": "Point",
        "coordinates": [
          132.9001975,
          33.6533342
        ]
      },
      "properties": {
        "routeId": "shikoku-88-iyo",
        "name": "へんろ宿　OHESO",
        "type": "accommodation",
        "subtype": "hotel",
        "stageIndex": 5,
        "kmFromStart": 159.5,
        "icon": "hotel",
        "source": "osm",
        "osmId": "node/12922784442"
      }
    },
    {
      "type": "Feature",
      "id": "wp-osm-transport-node3152607280",
      "geometry": {
        "type": "Point",
        "coordinates": [
          132.9022275,
          33.6554268
        ]
      },
      "properties": {
        "routeId": "shikoku-88-iyo",
        "name": "曙町",
        "type": "transport",
        "subtype": "bus_stop",
        "stageIndex": 5,
        "kmFromStart": 159.9,
        "icon": "bus_stop",
        "source": "osm",
        "osmId": "node/3152607280"
      }
    },
    {
      "type": "Feature",
      "id": "wp-osm-supply-node5923153485",
      "geometry": {
        "type": "Point",
        "coordinates": [
          132.9020647,
          33.6582054
        ]
      },
      "properties": {
        "routeId": "shikoku-88-iyo",
        "name": "Unnamed",
        "type": "supply",
        "subtype": "toilet",
        "stageIndex": 5,
        "kmFromStart": 160.1,
        "icon": "toilet",
        "source": "osm",
        "osmId": "node/5923153485",
        "hours": "24/7"
      }
    },
    {
      "type": "Feature",
      "id": "wp-osm-supply-node13246986325",
      "geometry": {
        "type": "Point",
        "coordinates": [
          132.9031298,
          33.6554867
        ]
      },
      "properties": {
        "routeId": "shikoku-88-iyo",
        "name": "Unnamed",
        "type": "supply",
        "subtype": "toilet",
        "stageIndex": 5,
        "kmFromStart": 159.9,
        "icon": "toilet",
        "source": "osm",
        "osmId": "node/13246986325"
      }
    },
    {
      "type": "Feature",
      "id": "wp-osm-supply-node13176202701",
      "geometry": {
        "type": "Point",
        "coordinates": [
          132.9110642,
          33.6610088
        ]
      },
      "properties": {
        "routeId": "shikoku-88-iyo",
        "name": "Unnamed",
        "type": "supply",
        "subtype": "toilet",
        "stageIndex": 5,
        "kmFromStart": 161,
        "icon": "toilet",
        "source": "osm",
        "osmId": "node/13176202701"
      }
    },
    {
      "type": "Feature",
      "id": "wp-osm-transport-node3152607538",
      "geometry": {
        "type": "Point",
        "coordinates": [
          132.9249342,
          33.666239
        ]
      },
      "properties": {
        "routeId": "shikoku-88-iyo",
        "name": "森林組合前",
        "type": "transport",
        "subtype": "bus_stop",
        "stageIndex": 5,
        "kmFromStart": 163.2,
        "icon": "bus_stop",
        "source": "osm",
        "osmId": "node/3152607538"
      }
    },
    {
      "type": "Feature",
      "id": "wp-osm-supply-node11397216270",
      "geometry": {
        "type": "Point",
        "coordinates": [
          132.9260611,
          33.6708647
        ]
      },
      "properties": {
        "routeId": "shikoku-88-iyo",
        "name": "Unnamed",
        "type": "supply",
        "subtype": "toilet",
        "stageIndex": 5,
        "kmFromStart": 163.6,
        "icon": "toilet",
        "source": "osm",
        "osmId": "node/11397216270"
      }
    },
    {
      "type": "Feature",
      "id": "wp-osm-accommodation-node5923153685",
      "geometry": {
        "type": "Point",
        "coordinates": [
          132.9312822,
          33.6713652
        ]
      },
      "properties": {
        "routeId": "shikoku-88-iyo",
        "name": "Wasaro",
        "type": "accommodation",
        "subtype": "guesthouse",
        "stageIndex": 5,
        "kmFromStart": 164.3,
        "icon": "guesthouse",
        "source": "osm",
        "osmId": "node/5923153685"
      }
    },
    {
      "type": "Feature",
      "id": "wp-osm-accommodation-node5923659291",
      "geometry": {
        "type": "Point",
        "coordinates": [
          132.9378852,
          33.6699367
        ]
      },
      "properties": {
        "routeId": "shikoku-88-iyo",
        "name": "Karibaen",
        "type": "accommodation",
        "subtype": "guesthouse",
        "stageIndex": 5,
        "kmFromStart": 164.9,
        "icon": "guesthouse",
        "source": "osm",
        "osmId": "node/5923659291"
      }
    },
    {
      "type": "Feature",
      "id": "wp-osm-transport-node3152603048",
      "geometry": {
        "type": "Point",
        "coordinates": [
          132.9465021,
          33.6700897
        ]
      },
      "properties": {
        "routeId": "shikoku-88-iyo",
        "name": "ゴルフ場前",
        "type": "transport",
        "subtype": "bus_stop",
        "stageIndex": 6,
        "kmFromStart": 165.9,
        "icon": "bus_stop",
        "source": "osm",
        "osmId": "node/3152603048"
      }
    },
    {
      "type": "Feature",
      "id": "wp-osm-transport-node3152606354",
      "geometry": {
        "type": "Point",
        "coordinates": [
          132.9580785,
          33.6719195
        ]
      },
      "properties": {
        "routeId": "shikoku-88-iyo",
        "name": "嵯峨山",
        "type": "transport",
        "subtype": "bus_stop",
        "stageIndex": 6,
        "kmFromStart": 167.1,
        "icon": "bus_stop",
        "source": "osm",
        "osmId": "node/3152606354"
      }
    },
    {
      "type": "Feature",
      "id": "wp-osm-transport-node3152607846",
      "geometry": {
        "type": "Point",
        "coordinates": [
          132.9620513,
          33.6714923
        ]
      },
      "properties": {
        "routeId": "shikoku-88-iyo",
        "name": "温泉前",
        "type": "transport",
        "subtype": "bus_stop",
        "stageIndex": 6,
        "kmFromStart": 167.5,
        "icon": "bus_stop",
        "source": "osm",
        "osmId": "node/3152607846"
      }
    },
    {
      "type": "Feature",
      "id": "wp-osm-transport-node3152610001",
      "geometry": {
        "type": "Point",
        "coordinates": [
          132.9682382,
          33.6715635
        ]
      },
      "properties": {
        "routeId": "shikoku-88-iyo",
        "name": "西の川",
        "type": "transport",
        "subtype": "bus_stop",
        "stageIndex": 6,
        "kmFromStart": 168.1,
        "icon": "bus_stop",
        "source": "osm",
        "osmId": "node/3152610001"
      }
    },
    {
      "type": "Feature",
      "id": "wp-osm-transport-node3152604646",
      "geometry": {
        "type": "Point",
        "coordinates": [
          132.9723391,
          33.6680606
        ]
      },
      "properties": {
        "routeId": "shikoku-88-iyo",
        "name": "古岩屋",
        "type": "transport",
        "subtype": "bus_stop",
        "stageIndex": 6,
        "kmFromStart": 168.7,
        "icon": "bus_stop",
        "source": "osm",
        "osmId": "node/3152604646"
      }
    },
    {
      "type": "Feature",
      "id": "wp-osm-accommodation-node8374601817",
      "geometry": {
        "type": "Point",
        "coordinates": [
          132.9735094,
          33.6676793
        ]
      },
      "properties": {
        "routeId": "shikoku-88-iyo",
        "name": "国民宿舎古岩屋荘",
        "type": "accommodation",
        "subtype": "hotel",
        "stageIndex": 6,
        "kmFromStart": 168.8,
        "icon": "hotel",
        "source": "osm",
        "osmId": "node/8374601817"
      }
    },
    {
      "type": "Feature",
      "id": "wp-osm-transport-node3152607834",
      "geometry": {
        "type": "Point",
        "coordinates": [
          132.9816008,
          33.6656936
        ]
      },
      "properties": {
        "routeId": "shikoku-88-iyo",
        "name": "清瀬橋",
        "type": "transport",
        "subtype": "bus_stop",
        "stageIndex": 6,
        "kmFromStart": 169.7,
        "icon": "bus_stop",
        "source": "osm",
        "osmId": "node/3152607834"
      }
    },
    {
      "type": "Feature",
      "id": "wp-osm-transport-node3152606338",
      "geometry": {
        "type": "Point",
        "coordinates": [
          132.9862943,
          33.6578348
        ]
      },
      "properties": {
        "routeId": "shikoku-88-iyo",
        "name": "岩屋寺",
        "type": "transport",
        "subtype": "bus_stop",
        "stageIndex": 6,
        "kmFromStart": 170.7,
        "icon": "bus_stop",
        "source": "osm",
        "osmId": "node/3152606338"
      }
    },
    {
      "type": "Feature",
      "id": "wp-osm-sacred_site-node11417102669",
      "geometry": {
        "type": "Point",
        "coordinates": [
          132.9789124,
          33.6584676
        ]
      },
      "properties": {
        "routeId": "shikoku-88-iyo",
        "name": "Iwaya Temple Okunoin Hakusan Gyojo",
        "type": "sacred_site",
        "subtype": "church",
        "stageIndex": 6,
        "kmFromStart": 171.4,
        "icon": "church",
        "source": "osm",
        "osmId": "node/11417102669"
      }
    },
    {
      "type": "Feature",
      "id": "wp-osm-accommodation-node11417119269",
      "geometry": {
        "type": "Point",
        "coordinates": [
          132.9346597,
          33.6707714
        ]
      },
      "properties": {
        "routeId": "shikoku-88-iyo",
        "name": "8 Cho Zaka Japanese Inn",
        "type": "accommodation",
        "subtype": "guesthouse",
        "stageIndex": 5,
        "kmFromStart": 164.6,
        "icon": "guesthouse",
        "source": "osm",
        "osmId": "node/11417119269"
      }
    },
    {
      "type": "Feature",
      "id": "wp-osm-transport-node3152603014",
      "geometry": {
        "type": "Point",
        "coordinates": [
          132.9364492,
          33.6707447
        ]
      },
      "properties": {
        "routeId": "shikoku-88-iyo",
        "name": "ふるさと村",
        "type": "transport",
        "subtype": "bus_stop",
        "stageIndex": 5,
        "kmFromStart": 164.8,
        "icon": "bus_stop",
        "source": "osm",
        "osmId": "node/3152603014"
      }
    },
    {
      "type": "Feature",
      "id": "wp-osm-transport-node3152607388",
      "geometry": {
        "type": "Point",
        "coordinates": [
          132.9400731,
          33.6696839
        ]
      },
      "properties": {
        "routeId": "shikoku-88-iyo",
        "name": "Higashikariba",
        "type": "transport",
        "subtype": "bus_stop",
        "stageIndex": 6,
        "kmFromStart": 165.1,
        "icon": "bus_stop",
        "source": "osm",
        "osmId": "node/3152607388"
      }
    },
    {
      "type": "Feature",
      "id": "wp-osm-transport-node3152608174",
      "geometry": {
        "type": "Point",
        "coordinates": [
          132.9288099,
          33.6722185
        ]
      },
      "properties": {
        "routeId": "shikoku-88-iyo",
        "name": "畑野川",
        "type": "transport",
        "subtype": "bus_stop",
        "stageIndex": 5,
        "kmFromStart": 164,
        "icon": "bus_stop",
        "source": "osm",
        "osmId": "node/3152608174"
      }
    },
    {
      "type": "Feature",
      "id": "wp-osm-transport-node3152603380",
      "geometry": {
        "type": "Point",
        "coordinates": [
          132.9259846,
          33.6700686
        ]
      },
      "properties": {
        "routeId": "shikoku-88-iyo",
        "name": "下河合",
        "type": "transport",
        "subtype": "bus_stop",
        "stageIndex": 5,
        "kmFromStart": 163.6,
        "icon": "bus_stop",
        "source": "osm",
        "osmId": "node/3152603380"
      }
    },
    {
      "type": "Feature",
      "id": "wp-osm-transport-node3152611587",
      "geometry": {
        "type": "Point",
        "coordinates": [
          132.9084051,
          33.6677331
        ]
      },
      "properties": {
        "routeId": "shikoku-88-iyo",
        "name": "高野口",
        "type": "transport",
        "subtype": "bus_stop",
        "stageIndex": 6,
        "kmFromStart": 180.9,
        "icon": "bus_stop",
        "source": "osm",
        "osmId": "node/3152611587"
      }
    },
    {
      "type": "Feature",
      "id": "wp-osm-transport-node3152605100",
      "geometry": {
        "type": "Point",
        "coordinates": [
          132.9069916,
          33.6631534
        ]
      },
      "properties": {
        "routeId": "shikoku-88-iyo",
        "name": "大宝寺口",
        "type": "transport",
        "subtype": "bus_stop",
        "stageIndex": 6,
        "kmFromStart": 181.3,
        "icon": "bus_stop",
        "source": "osm",
        "osmId": "node/3152605100"
      }
    },
    {
      "type": "Feature",
      "id": "wp-osm-transport-node3152607365",
      "geometry": {
        "type": "Point",
        "coordinates": [
          132.9041388,
          33.6615583
        ]
      },
      "properties": {
        "routeId": "shikoku-88-iyo",
        "name": "東国",
        "type": "transport",
        "subtype": "bus_stop",
        "stageIndex": 6,
        "kmFromStart": 181.7,
        "icon": "bus_stop",
        "source": "osm",
        "osmId": "node/3152607365"
      }
    },
    {
      "type": "Feature",
      "id": "wp-osm-town-node691563033",
      "geometry": {
        "type": "Point",
        "coordinates": [
          132.9008253,
          33.6602974
        ]
      },
      "properties": {
        "routeId": "shikoku-88-iyo",
        "name": "Kumakogen",
        "nameLocalized": {
          "id": "Kumakogen",
          "ja": "久万高原町",
          "ko": "구마코겐초",
          "zh": "久萬高原町"
        },
        "type": "town",
        "subtype": "town",
        "stageIndex": 6,
        "kmFromStart": 182,
        "icon": "town",
        "source": "osm",
        "osmId": "node/691563033"
      }
    },
    {
      "type": "Feature",
      "id": "wp-osm-transport-node3152603509",
      "geometry": {
        "type": "Point",
        "coordinates": [
          132.8998857,
          33.6599822
        ]
      },
      "properties": {
        "routeId": "shikoku-88-iyo",
        "name": "久万営業所",
        "type": "transport",
        "subtype": "bus_stop",
        "stageIndex": 6,
        "kmFromStart": 182,
        "icon": "bus_stop",
        "source": "osm",
        "osmId": "node/3152603509"
      }
    },
    {
      "type": "Feature",
      "id": "wp-osm-accommodation-node10858072227",
      "geometry": {
        "type": "Point",
        "coordinates": [
          132.8982921,
          33.6627716
        ]
      },
      "properties": {
        "routeId": "shikoku-88-iyo",
        "name": "Ichiriki",
        "type": "accommodation",
        "subtype": "guesthouse",
        "stageIndex": 7,
        "kmFromStart": 182.4,
        "icon": "guesthouse",
        "source": "osm",
        "osmId": "node/10858072227"
      }
    },
    {
      "type": "Feature",
      "id": "wp-osm-supply-node13176212803",
      "geometry": {
        "type": "Point",
        "coordinates": [
          132.89404,
          33.671584
        ]
      },
      "properties": {
        "routeId": "shikoku-88-iyo",
        "name": "Unnamed",
        "type": "supply",
        "subtype": "toilet",
        "stageIndex": 7,
        "kmFromStart": 183.4,
        "icon": "toilet",
        "source": "osm",
        "osmId": "node/13176212803",
        "hours": "24/7"
      }
    },
    {
      "type": "Feature",
      "id": "wp-osm-supply-node13176255001",
      "geometry": {
        "type": "Point",
        "coordinates": [
          132.8759514,
          33.7041258
        ]
      },
      "properties": {
        "routeId": "shikoku-88-iyo",
        "name": "Unnamed",
        "type": "supply",
        "subtype": "toilet",
        "stageIndex": 7,
        "kmFromStart": 187.8,
        "icon": "toilet",
        "source": "osm",
        "osmId": "node/13176255001"
      }
    },
    {
      "type": "Feature",
      "id": "wp-osm-supply-node13176324801",
      "geometry": {
        "type": "Point",
        "coordinates": [
          132.8474336,
          33.7210601
        ]
      },
      "properties": {
        "routeId": "shikoku-88-iyo",
        "name": "Unnamed",
        "type": "supply",
        "subtype": "toilet",
        "stageIndex": 7,
        "kmFromStart": 191.7,
        "icon": "toilet",
        "source": "osm",
        "osmId": "node/13176324801"
      }
    },
    {
      "type": "Feature",
      "id": "wp-osm-sacred_site-node13049959103",
      "geometry": {
        "type": "Point",
        "coordinates": [
          132.8409045,
          33.7329321
        ]
      },
      "properties": {
        "routeId": "shikoku-88-iyo",
        "name": "Amikakeishidaishi",
        "nameLocalized": {
          "ja": "網掛け石大師"
        },
        "type": "sacred_site",
        "subtype": "wayside_shrine",
        "stageIndex": 7,
        "kmFromStart": 193.6,
        "icon": "wayside_shrine",
        "source": "osm",
        "osmId": "node/13049959103"
      }
    },
    {
      "type": "Feature",
      "id": "wp-osm-transport-node3152605820",
      "geometry": {
        "type": "Point",
        "coordinates": [
          132.8365827,
          33.7426383
        ]
      },
      "properties": {
        "routeId": "shikoku-88-iyo",
        "name": "宮方",
        "type": "transport",
        "subtype": "bus_stop",
        "stageIndex": 7,
        "kmFromStart": 194.6,
        "icon": "bus_stop",
        "source": "osm",
        "osmId": "node/3152605820"
      }
    },
    {
      "type": "Feature",
      "id": "wp-osm-transport-node3152603507",
      "geometry": {
        "type": "Point",
        "coordinates": [
          132.8389354,
          33.7384945
        ]
      },
      "properties": {
        "routeId": "shikoku-88-iyo",
        "name": "丹波",
        "type": "transport",
        "subtype": "bus_stop",
        "stageIndex": 7,
        "kmFromStart": 194.2,
        "icon": "bus_stop",
        "source": "osm",
        "osmId": "node/3152603507"
      }
    },
    {
      "type": "Feature",
      "id": "wp-osm-transport-node3152603415",
      "geometry": {
        "type": "Point",
        "coordinates": [
          132.8316025,
          33.7432946
        ]
      },
      "properties": {
        "routeId": "shikoku-88-iyo",
        "name": "中之坂",
        "type": "transport",
        "subtype": "bus_stop",
        "stageIndex": 7,
        "kmFromStart": 195.3,
        "icon": "bus_stop",
        "source": "osm",
        "osmId": "node/3152603415"
      }
    },
    {
      "type": "Feature",
      "id": "wp-osm-transport-node3152611179",
      "geometry": {
        "type": "Point",
        "coordinates": [
          132.8277615,
          33.7460415
        ]
      },
      "properties": {
        "routeId": "shikoku-88-iyo",
        "name": "関谷",
        "type": "transport",
        "subtype": "bus_stop",
        "stageIndex": 7,
        "kmFromStart": 195.7,
        "icon": "bus_stop",
        "source": "osm",
        "osmId": "node/3152611179"
      }
    },
    {
      "type": "Feature",
      "id": "wp-osm-transport-node3152604902",
      "geometry": {
        "type": "Point",
        "coordinates": [
          132.8252056,
          33.7489249
        ]
      },
      "properties": {
        "routeId": "shikoku-88-iyo",
        "name": "坂本小学校前",
        "type": "transport",
        "subtype": "bus_stop",
        "stageIndex": 7,
        "kmFromStart": 196.1,
        "icon": "bus_stop",
        "source": "osm",
        "osmId": "node/3152604902"
      }
    },
    {
      "type": "Feature",
      "id": "wp-osm-transport-node3152604369",
      "geometry": {
        "type": "Point",
        "coordinates": [
          132.8263234,
          33.74738
        ]
      },
      "properties": {
        "routeId": "shikoku-88-iyo",
        "name": "出口",
        "type": "transport",
        "subtype": "bus_stop",
        "stageIndex": 7,
        "kmFromStart": 195.9,
        "icon": "bus_stop",
        "source": "osm",
        "osmId": "node/3152604369"
      }
    },
    {
      "type": "Feature",
      "id": "wp-osm-transport-node3152604903",
      "geometry": {
        "type": "Point",
        "coordinates": [
          132.8221513,
          33.7514382
        ]
      },
      "properties": {
        "routeId": "shikoku-88-iyo",
        "name": "坂本駐在所前",
        "type": "transport",
        "subtype": "bus_stop",
        "stageIndex": 7,
        "kmFromStart": 196.5,
        "icon": "bus_stop",
        "source": "osm",
        "osmId": "node/3152604903"
      }
    },
    {
      "type": "Feature",
      "id": "wp-osm-transport-node3152607802",
      "geometry": {
        "type": "Point",
        "coordinates": [
          132.8194672,
          33.7543928
        ]
      },
      "properties": {
        "routeId": "shikoku-88-iyo",
        "name": "浄瑠璃寺前",
        "type": "transport",
        "subtype": "bus_stop",
        "stageIndex": 7,
        "kmFromStart": 197,
        "icon": "bus_stop",
        "source": "osm",
        "osmId": "node/3152607802"
      }
    },
    {
      "type": "Feature",
      "id": "wp-osm-transport-node3220441334",
      "geometry": {
        "type": "Point",
        "coordinates": [
          132.8178249,
          33.7572535
        ]
      },
      "properties": {
        "routeId": "shikoku-88-iyo",
        "name": "八坂寺前",
        "type": "transport",
        "subtype": "bus_stop",
        "stageIndex": 7,
        "kmFromStart": 197.5,
        "icon": "bus_stop",
        "source": "osm",
        "osmId": "node/3220441334"
      }
    },
    {
      "type": "Feature",
      "id": "wp-osm-transport-node3152604018",
      "geometry": {
        "type": "Point",
        "coordinates": [
          132.8170523,
          33.7575558
        ]
      },
      "properties": {
        "routeId": "shikoku-88-iyo",
        "name": "八坂寺前",
        "type": "transport",
        "subtype": "bus_stop",
        "stageIndex": 7,
        "kmFromStart": 197.7,
        "icon": "bus_stop",
        "source": "osm",
        "osmId": "node/3152604018"
      }
    },
    {
      "type": "Feature",
      "id": "wp-osm-transport-node3152606900",
      "geometry": {
        "type": "Point",
        "coordinates": [
          132.8147042,
          33.7609642
        ]
      },
      "properties": {
        "routeId": "shikoku-88-iyo",
        "name": "新張",
        "type": "transport",
        "subtype": "bus_stop",
        "stageIndex": 7,
        "kmFromStart": 198.3,
        "icon": "bus_stop",
        "source": "osm",
        "osmId": "node/3152606900"
      }
    },
    {
      "type": "Feature",
      "id": "wp-osm-transport-node3220441335",
      "geometry": {
        "type": "Point",
        "coordinates": [
          132.809861,
          33.7697816
        ]
      },
      "properties": {
        "routeId": "shikoku-88-iyo",
        "name": "横道",
        "type": "transport",
        "subtype": "bus_stop",
        "stageIndex": 7,
        "kmFromStart": 199.4,
        "icon": "bus_stop",
        "source": "osm",
        "osmId": "node/3220441335"
      }
    },
    {
      "type": "Feature",
      "id": "wp-osm-transport-node3152606826",
      "geometry": {
        "type": "Point",
        "coordinates": [
          132.8107172,
          33.7674288
        ]
      },
      "properties": {
        "routeId": "shikoku-88-iyo",
        "name": "恵原",
        "type": "transport",
        "subtype": "bus_stop",
        "stageIndex": 7,
        "kmFromStart": 199.2,
        "icon": "bus_stop",
        "source": "osm",
        "osmId": "node/3152606826"
      }
    },
    {
      "type": "Feature",
      "id": "wp-osm-transport-node3152606827",
      "geometry": {
        "type": "Point",
        "coordinates": [
          132.8107742,
          33.7656204
        ]
      },
      "properties": {
        "routeId": "shikoku-88-iyo",
        "name": "恵原公民館前",
        "type": "transport",
        "subtype": "bus_stop",
        "stageIndex": 7,
        "kmFromStart": 199,
        "icon": "bus_stop",
        "source": "osm",
        "osmId": "node/3152606827"
      }
    },
    {
      "type": "Feature",
      "id": "wp-osm-sacred_site-node6069879618",
      "geometry": {
        "type": "Point",
        "coordinates": [
          132.8108093,
          33.764466
        ]
      },
      "properties": {
        "routeId": "shikoku-88-iyo",
        "name": "Bekkaku9 Monju-in",
        "nameLocalized": {
          "ja": "別格9番 文殊院"
        },
        "type": "sacred_site",
        "subtype": "church",
        "stageIndex": 7,
        "kmFromStart": 198.9,
        "icon": "church",
        "source": "osm",
        "osmId": "node/6069879618"
      }
    },
    {
      "type": "Feature",
      "id": "wp-osm-medical-node1423738628",
      "geometry": {
        "type": "Point",
        "coordinates": [
          132.814293,
          33.767766
        ]
      },
      "properties": {
        "routeId": "shikoku-88-iyo",
        "name": "杏林会東明病院",
        "type": "medical",
        "subtype": "hospital",
        "stageIndex": 7,
        "kmFromStart": 199.2,
        "icon": "hospital",
        "source": "osm",
        "osmId": "node/1423738628"
      }
    },
    {
      "type": "Feature",
      "id": "wp-osm-transport-node3152607681",
      "geometry": {
        "type": "Point",
        "coordinates": [
          132.810626,
          33.7719712
        ]
      },
      "properties": {
        "routeId": "shikoku-88-iyo",
        "name": "横道",
        "type": "transport",
        "subtype": "bus_stop",
        "stageIndex": 7,
        "kmFromStart": 199.7,
        "icon": "bus_stop",
        "source": "osm",
        "osmId": "node/3152607681"
      }
    },
    {
      "type": "Feature",
      "id": "wp-osm-transport-node3152605802",
      "geometry": {
        "type": "Point",
        "coordinates": [
          132.8089943,
          33.7767412
        ]
      },
      "properties": {
        "routeId": "shikoku-88-iyo",
        "name": "宮の北",
        "type": "transport",
        "subtype": "bus_stop",
        "stageIndex": 7,
        "kmFromStart": 200,
        "icon": "bus_stop",
        "source": "osm",
        "osmId": "node/3152605802"
      }
    },
    {
      "type": "Feature",
      "id": "wp-osm-supply-node13176350801",
      "geometry": {
        "type": "Point",
        "coordinates": [
          132.8101379,
          33.7764566
        ]
      },
      "properties": {
        "routeId": "shikoku-88-iyo",
        "name": "Unnamed",
        "type": "supply",
        "subtype": "toilet",
        "stageIndex": 7,
        "kmFromStart": 200,
        "icon": "toilet",
        "source": "osm",
        "osmId": "node/13176350801",
        "hours": "24/7"
      }
    },
    {
      "type": "Feature",
      "id": "wp-osm-transport-node3152605137",
      "geometry": {
        "type": "Point",
        "coordinates": [
          132.8113153,
          33.7815683
        ]
      },
      "properties": {
        "routeId": "shikoku-88-iyo",
        "name": "大橋町",
        "type": "transport",
        "subtype": "bus_stop",
        "stageIndex": 7,
        "kmFromStart": 200.8,
        "icon": "bus_stop",
        "source": "osm",
        "osmId": "node/3152605137"
      }
    },
    {
      "type": "Feature",
      "id": "wp-osm-transport-node3152606272",
      "geometry": {
        "type": "Point",
        "coordinates": [
          132.8150459,
          33.781312
        ]
      },
      "properties": {
        "routeId": "shikoku-88-iyo",
        "name": "小村",
        "type": "transport",
        "subtype": "bus_stop",
        "stageIndex": 7,
        "kmFromStart": 201,
        "icon": "bus_stop",
        "source": "osm",
        "osmId": "node/3152606272"
      }
    },
    {
      "type": "Feature",
      "id": "wp-osm-transport-node3152604620",
      "geometry": {
        "type": "Point",
        "coordinates": [
          132.8140919,
          33.7910658
        ]
      },
      "properties": {
        "routeId": "shikoku-88-iyo",
        "name": "南高井",
        "nameLocalized": {
          "ja": "南高井"
        },
        "type": "transport",
        "subtype": "bus_stop",
        "stageIndex": 7,
        "kmFromStart": 202.1,
        "icon": "bus_stop",
        "source": "osm",
        "osmId": "node/3152604620"
      }
    },
    {
      "type": "Feature",
      "id": "wp-osm-transport-node3152607344",
      "geometry": {
        "type": "Point",
        "coordinates": [
          132.8113363,
          33.7910431
        ]
      },
      "properties": {
        "routeId": "shikoku-88-iyo",
        "name": "杖の淵公園前",
        "nameLocalized": {
          "ja": "杖の淵公園前"
        },
        "type": "transport",
        "subtype": "bus_stop",
        "stageIndex": 7,
        "kmFromStart": 202.1,
        "icon": "bus_stop",
        "source": "osm",
        "osmId": "node/3152607344"
      }
    },
    {
      "type": "Feature",
      "id": "wp-osm-food-node5926081885",
      "geometry": {
        "type": "Point",
        "coordinates": [
          132.8133456,
          33.7910178
        ]
      },
      "properties": {
        "routeId": "shikoku-88-iyo",
        "name": "Hyougetsu",
        "type": "food",
        "subtype": "restaurant",
        "stageIndex": 7,
        "kmFromStart": 202.1,
        "icon": "restaurant",
        "source": "osm",
        "osmId": "node/5926081885",
        "hours": "Tu-Sa 11:00-20:00"
      }
    },
    {
      "type": "Feature",
      "id": "wp-osm-sacred_site-node2387950625",
      "geometry": {
        "type": "Point",
        "coordinates": [
          132.8138601,
          33.7935638
        ]
      },
      "properties": {
        "routeId": "shikoku-88-iyo",
        "name": "Sairinji Temple (Temple 48)",
        "type": "sacred_site",
        "subtype": "church",
        "stageIndex": 7,
        "kmFromStart": 202.4,
        "icon": "church",
        "source": "osm",
        "osmId": "node/2387950625"
      }
    },
    {
      "type": "Feature",
      "id": "wp-osm-supply-node11395289372",
      "geometry": {
        "type": "Point",
        "coordinates": [
          132.8114577,
          33.7918448
        ]
      },
      "properties": {
        "routeId": "shikoku-88-iyo",
        "name": "Unnamed",
        "type": "supply",
        "subtype": "toilet",
        "stageIndex": 7,
        "kmFromStart": 202.5,
        "icon": "toilet",
        "source": "osm",
        "osmId": "node/11395289372"
      }
    },
    {
      "type": "Feature",
      "id": "wp-osm-transport-node3124388426",
      "geometry": {
        "type": "Point",
        "coordinates": [
          132.8121861,
          33.7967421
        ]
      },
      "properties": {
        "routeId": "shikoku-88-iyo",
        "name": "高井局前",
        "nameLocalized": {
          "ja": "高井局前"
        },
        "type": "transport",
        "subtype": "bus_stop",
        "stageIndex": 7,
        "kmFromStart": 202.9,
        "icon": "bus_stop",
        "source": "osm",
        "osmId": "node/3124388426"
      }
    },
    {
      "type": "Feature",
      "id": "wp-osm-sacred_site-node10858083707",
      "geometry": {
        "type": "Point",
        "coordinates": [
          132.8100025,
          33.7968249
        ]
      },
      "properties": {
        "routeId": "shikoku-88-iyo",
        "name": "波賀部神社",
        "type": "sacred_site",
        "subtype": "church",
        "stageIndex": 7,
        "kmFromStart": 203.1,
        "icon": "church",
        "source": "osm",
        "osmId": "node/10858083707"
      }
    },
    {
      "type": "Feature",
      "id": "wp-osm-transport-node3124388423",
      "geometry": {
        "type": "Point",
        "coordinates": [
          132.8095013,
          33.7978817
        ]
      },
      "properties": {
        "routeId": "shikoku-88-iyo",
        "name": "波賀部神社口",
        "nameLocalized": {
          "ja": "波賀部神社口"
        },
        "type": "transport",
        "subtype": "bus_stop",
        "stageIndex": 7,
        "kmFromStart": 203.3,
        "icon": "bus_stop",
        "source": "osm",
        "osmId": "node/3124388423"
      }
    },
    {
      "type": "Feature",
      "id": "wp-osm-medical-node1423738936",
      "geometry": {
        "type": "Point",
        "coordinates": [
          132.807821,
          33.799568
        ]
      },
      "properties": {
        "routeId": "shikoku-88-iyo",
        "name": "松山リハビリテーション病院",
        "type": "medical",
        "subtype": "hospital",
        "stageIndex": 7,
        "kmFromStart": 203.7,
        "icon": "hospital",
        "source": "osm",
        "osmId": "node/1423738936"
      }
    },
    {
      "type": "Feature",
      "id": "wp-osm-transport-node3124388415",
      "geometry": {
        "type": "Point",
        "coordinates": [
          132.8071275,
          33.7987432
        ]
      },
      "properties": {
        "routeId": "shikoku-88-iyo",
        "name": "南土居",
        "nameLocalized": {
          "ja": "南土居"
        },
        "type": "transport",
        "subtype": "bus_stop",
        "stageIndex": 7,
        "kmFromStart": 203.6,
        "icon": "bus_stop",
        "source": "osm",
        "osmId": "node/3124388415"
      }
    },
    {
      "type": "Feature",
      "id": "wp-osm-transport-node3124388418",
      "geometry": {
        "type": "Point",
        "coordinates": [
          132.8071713,
          33.8006978
        ]
      },
      "properties": {
        "routeId": "shikoku-88-iyo",
        "name": "南窪田口",
        "nameLocalized": {
          "ja": "南窪田口"
        },
        "type": "transport",
        "subtype": "bus_stop",
        "stageIndex": 7,
        "kmFromStart": 203.8,
        "icon": "bus_stop",
        "source": "osm",
        "osmId": "node/3124388418"
      }
    },
    {
      "type": "Feature",
      "id": "wp-osm-transport-node3124388407",
      "geometry": {
        "type": "Point",
        "coordinates": [
          132.8089967,
          33.8036743
        ]
      },
      "properties": {
        "routeId": "shikoku-88-iyo",
        "name": "久米公務員宿舎前",
        "nameLocalized": {
          "ja": "久米公務員宿舎前"
        },
        "type": "transport",
        "subtype": "bus_stop",
        "stageIndex": 7,
        "kmFromStart": 204.1,
        "icon": "bus_stop",
        "source": "osm",
        "osmId": "node/3124388407"
      }
    },
    {
      "type": "Feature",
      "id": "wp-osm-transport-node3124388416",
      "geometry": {
        "type": "Point",
        "coordinates": [
          132.8071912,
          33.8034144
        ]
      },
      "properties": {
        "routeId": "shikoku-88-iyo",
        "name": "南来住口",
        "nameLocalized": {
          "ja": "南来住口"
        },
        "type": "transport",
        "subtype": "bus_stop",
        "stageIndex": 7,
        "kmFromStart": 204.1,
        "icon": "bus_stop",
        "source": "osm",
        "osmId": "node/3124388416"
      }
    },
    {
      "type": "Feature",
      "id": "wp-osm-transport-node3124388417",
      "geometry": {
        "type": "Point",
        "coordinates": [
          132.8072614,
          33.8040267
        ]
      },
      "properties": {
        "routeId": "shikoku-88-iyo",
        "name": "南来住口",
        "nameLocalized": {
          "ja": "南来住口"
        },
        "type": "transport",
        "subtype": "bus_stop",
        "stageIndex": 7,
        "kmFromStart": 204.2,
        "icon": "bus_stop",
        "source": "osm",
        "osmId": "node/3124388417"
      }
    },
    {
      "type": "Feature",
      "id": "wp-osm-transport-node3124388419",
      "geometry": {
        "type": "Point",
        "coordinates": [
          132.8071598,
          33.8058485
        ]
      },
      "properties": {
        "routeId": "shikoku-88-iyo",
        "name": "来住団地前",
        "nameLocalized": {
          "ja": "来住団地前"
        },
        "type": "transport",
        "subtype": "bus_stop",
        "stageIndex": 7,
        "kmFromStart": 204.4,
        "icon": "bus_stop",
        "source": "osm",
        "osmId": "node/3124388419"
      }
    },
    {
      "type": "Feature",
      "id": "wp-osm-transport-node3124388413",
      "geometry": {
        "type": "Point",
        "coordinates": [
          132.8065075,
          33.8079183
        ]
      },
      "properties": {
        "routeId": "shikoku-88-iyo",
        "name": "北窪田",
        "type": "transport",
        "subtype": "bus_stop",
        "stageIndex": 7,
        "kmFromStart": 204.6,
        "icon": "bus_stop",
        "source": "osm",
        "osmId": "node/3124388413"
      }
    },
    {
      "type": "Feature",
      "id": "wp-osm-transport-node3152606881",
      "geometry": {
        "type": "Point",
        "coordinates": [
          132.8052779,
          33.8087722
        ]
      },
      "properties": {
        "routeId": "shikoku-88-iyo",
        "name": "新久米",
        "type": "transport",
        "subtype": "bus_stop",
        "stageIndex": 7,
        "kmFromStart": 204.7,
        "icon": "bus_stop",
        "source": "osm",
        "osmId": "node/3152606881"
      }
    },
    {
      "type": "Feature",
      "id": "wp-osm-food-node6360303763",
      "geometry": {
        "type": "Point",
        "coordinates": [
          132.8089556,
          33.8089534
        ]
      },
      "properties": {
        "routeId": "shikoku-88-iyo",
        "name": "Tenkaippin",
        "type": "food",
        "subtype": "restaurant",
        "stageIndex": 7,
        "kmFromStart": 204.7,
        "icon": "restaurant",
        "source": "osm",
        "osmId": "node/6360303763"
      }
    },
    {
      "type": "Feature",
      "id": "wp-osm-medical-node6362728443",
      "geometry": {
        "type": "Point",
        "coordinates": [
          132.8063892,
          33.8093316
        ]
      },
      "properties": {
        "routeId": "shikoku-88-iyo",
        "name": "くすりのレデイ",
        "type": "medical",
        "subtype": "pharmacy",
        "stageIndex": 7,
        "kmFromStart": 204.8,
        "icon": "pharmacy",
        "source": "osm",
        "osmId": "node/6362728443"
      }
    },
    {
      "type": "Feature",
      "id": "wp-osm-food-node6363720469",
      "geometry": {
        "type": "Point",
        "coordinates": [
          132.8064722,
          33.8084191
        ]
      },
      "properties": {
        "routeId": "shikoku-88-iyo",
        "name": "豚太郎",
        "type": "food",
        "subtype": "restaurant",
        "stageIndex": 7,
        "kmFromStart": 204.7,
        "icon": "restaurant",
        "source": "osm",
        "osmId": "node/6363720469"
      }
    },
    {
      "type": "Feature",
      "id": "wp-osm-transport-node3124388408",
      "geometry": {
        "type": "Point",
        "coordinates": [
          132.805982,
          33.8103654
        ]
      },
      "properties": {
        "routeId": "shikoku-88-iyo",
        "name": "久米学校前",
        "type": "transport",
        "subtype": "bus_stop",
        "stageIndex": 7,
        "kmFromStart": 204.9,
        "icon": "bus_stop",
        "source": "osm",
        "osmId": "node/3124388408"
      }
    },
    {
      "type": "Feature",
      "id": "wp-osm-supply-node6363692649",
      "geometry": {
        "type": "Point",
        "coordinates": [
          132.8038121,
          33.8091317
        ]
      },
      "properties": {
        "routeId": "shikoku-88-iyo",
        "name": "Lawson",
        "type": "supply",
        "subtype": "convenience_store",
        "stageIndex": 7,
        "kmFromStart": 204.8,
        "icon": "convenience_store",
        "source": "osm",
        "osmId": "node/6363692649"
      }
    },
    {
      "type": "Feature",
      "id": "wp-osm-transport-node3124388412",
      "geometry": {
        "type": "Point",
        "coordinates": [
          132.8058458,
          33.8149229
        ]
      },
      "properties": {
        "routeId": "shikoku-88-iyo",
        "name": "久米駅東口",
        "type": "transport",
        "subtype": "bus_stop",
        "stageIndex": 7,
        "kmFromStart": 205.5,
        "icon": "bus_stop",
        "source": "osm",
        "osmId": "node/3124388412"
      }
    },
    {
      "type": "Feature",
      "id": "wp-osm-transport-node3124388409",
      "geometry": {
        "type": "Point",
        "coordinates": [
          132.8056323,
          33.8136463
        ]
      },
      "properties": {
        "routeId": "shikoku-88-iyo",
        "name": "久米支所前",
        "type": "transport",
        "subtype": "bus_stop",
        "stageIndex": 7,
        "kmFromStart": 205.3,
        "icon": "bus_stop",
        "source": "osm",
        "osmId": "node/3124388409"
      }
    },
    {
      "type": "Feature",
      "id": "wp-osm-transport-node3152611624",
      "geometry": {
        "type": "Point",
        "coordinates": [
          132.8089872,
          33.8148096
        ]
      },
      "properties": {
        "routeId": "shikoku-88-iyo",
        "name": "鷹の子温泉前",
        "type": "transport",
        "subtype": "bus_stop",
        "stageIndex": 7,
        "kmFromStart": 205.5,
        "icon": "bus_stop",
        "source": "osm",
        "osmId": "node/3152611624"
      }
    },
    {
      "type": "Feature",
      "id": "wp-osm-sacred_site-node2971105388",
      "geometry": {
        "type": "Point",
        "coordinates": [
          132.8107222,
          33.8159549
        ]
      },
      "properties": {
        "routeId": "shikoku-88-iyo",
        "name": "極楽寺",
        "type": "sacred_site",
        "subtype": "church",
        "stageIndex": 7,
        "kmFromStart": 205.6,
        "icon": "church",
        "source": "osm",
        "osmId": "node/2971105388"
      }
    },
    {
      "type": "Feature",
      "id": "wp-osm-sacred_site-node2387958055",
      "geometry": {
        "type": "Point",
        "coordinates": [
          132.8083106,
          33.8166202
        ]
      },
      "properties": {
        "routeId": "shikoku-88-iyo",
        "name": "Jodoji Temple (Temple 49)",
        "nameLocalized": {
          "ja": "第49番札所 浄土寺"
        },
        "type": "sacred_site",
        "subtype": "church",
        "stageIndex": 7,
        "kmFromStart": 205.7,
        "icon": "church",
        "source": "osm",
        "osmId": "node/2387958055"
      }
    },
    {
      "type": "Feature",
      "id": "wp-osm-food-node2387958471",
      "geometry": {
        "type": "Point",
        "coordinates": [
          132.8072673,
          33.8160764
        ]
      },
      "properties": {
        "routeId": "shikoku-88-iyo",
        "name": "noodles shop Ikko Takanoko",
        "nameLocalized": {
          "ja": "ラーメン 一興 鷹子店",
          "ja_rm": "Famirī Mato"
        },
        "type": "food",
        "subtype": "restaurant",
        "stageIndex": 7,
        "kmFromStart": 205.8,
        "icon": "restaurant",
        "source": "osm",
        "osmId": "node/2387958471",
        "hours": "Su-Sa 11:00-00:30"
      }
    },
    {
      "type": "Feature",
      "id": "wp-osm-transport-node3124388411",
      "geometry": {
        "type": "Point",
        "coordinates": [
          132.8044373,
          33.8163776
        ]
      },
      "properties": {
        "routeId": "shikoku-88-iyo",
        "name": "久米駅前",
        "type": "transport",
        "subtype": "bus_stop",
        "stageIndex": 7,
        "kmFromStart": 206,
        "icon": "bus_stop",
        "source": "osm",
        "osmId": "node/3124388411"
      }
    },
    {
      "type": "Feature",
      "id": "wp-osm-transport-node3152603529",
      "geometry": {
        "type": "Point",
        "coordinates": [
          132.8051853,
          33.8165753
        ]
      },
      "properties": {
        "routeId": "shikoku-88-iyo",
        "name": "久米",
        "type": "transport",
        "subtype": "bus_stop",
        "stageIndex": 7,
        "kmFromStart": 206,
        "icon": "bus_stop",
        "source": "osm",
        "osmId": "node/3152603529"
      }
    },
    {
      "type": "Feature",
      "id": "wp-osm-sacred_site-node2971105389",
      "geometry": {
        "type": "Point",
        "coordinates": [
          132.8062713,
          33.8174301
        ]
      },
      "properties": {
        "routeId": "shikoku-88-iyo",
        "name": "Hiohachiman Shrine",
        "nameLocalized": {
          "ja": "日尾八幡社"
        },
        "type": "sacred_site",
        "subtype": "church",
        "stageIndex": 7,
        "kmFromStart": 206,
        "icon": "church",
        "source": "osm",
        "osmId": "node/2971105389"
      }
    },
    {
      "type": "Feature",
      "id": "wp-osm-supply-node13179362601",
      "geometry": {
        "type": "Point",
        "coordinates": [
          132.8057405,
          33.8186669
        ]
      },
      "properties": {
        "routeId": "shikoku-88-iyo",
        "name": "Unnamed",
        "type": "supply",
        "subtype": "toilet",
        "stageIndex": 7,
        "kmFromStart": 206.1,
        "icon": "toilet",
        "source": "osm",
        "osmId": "node/13179362601",
        "hours": "24/7"
      }
    },
    {
      "type": "Feature",
      "id": "wp-osm-transport-node3152606940",
      "geometry": {
        "type": "Point",
        "coordinates": [
          132.8047154,
          33.8181203
        ]
      },
      "properties": {
        "routeId": "shikoku-88-iyo",
        "name": "日尾公園前",
        "type": "transport",
        "subtype": "bus_stop",
        "stageIndex": 7,
        "kmFromStart": 206.2,
        "icon": "bus_stop",
        "source": "osm",
        "osmId": "node/3152606940"
      }
    },
    {
      "type": "Feature",
      "id": "wp-osm-transport-node3152604561",
      "geometry": {
        "type": "Point",
        "coordinates": [
          132.8018605,
          33.822869
        ]
      },
      "properties": {
        "routeId": "shikoku-88-iyo",
        "name": "北野",
        "type": "transport",
        "subtype": "bus_stop",
        "stageIndex": 7,
        "kmFromStart": 206.7,
        "icon": "bus_stop",
        "source": "osm",
        "osmId": "node/3152604561"
      }
    },
    {
      "type": "Feature",
      "id": "wp-osm-sacred_site-node608287974",
      "geometry": {
        "type": "Point",
        "coordinates": [
          132.8042637,
          33.827983
        ]
      },
      "properties": {
        "routeId": "shikoku-88-iyo",
        "name": "Hantaji Temple (Temple 50)",
        "type": "sacred_site",
        "subtype": "church",
        "stageIndex": 7,
        "kmFromStart": 207.4,
        "icon": "church",
        "source": "osm",
        "osmId": "node/608287974"
      }
    },
    {
      "type": "Feature",
      "id": "wp-osm-sacred_site-node11940394336",
      "geometry": {
        "type": "Point",
        "coordinates": [
          132.8017852,
          33.8298092
        ]
      },
      "properties": {
        "routeId": "shikoku-88-iyo",
        "name": "桑原八幡神社",
        "type": "sacred_site",
        "subtype": "church",
        "stageIndex": 7,
        "kmFromStart": 207.8,
        "icon": "church",
        "source": "osm",
        "osmId": "node/11940394336"
      }
    },
    {
      "type": "Feature",
      "id": "wp-osm-transport-node3152608171",
      "geometry": {
        "type": "Point",
        "coordinates": [
          132.7978023,
          33.8289136
        ]
      },
      "properties": {
        "routeId": "shikoku-88-iyo",
        "name": "畑寺",
        "type": "transport",
        "subtype": "bus_stop",
        "stageIndex": 7,
        "kmFromStart": 208.1,
        "icon": "bus_stop",
        "source": "osm",
        "osmId": "node/3152608171"
      }
    },
    {
      "type": "Feature",
      "id": "wp-osm-transport-node3152608172",
      "geometry": {
        "type": "Point",
        "coordinates": [
          132.7968625,
          33.8314054
        ]
      },
      "properties": {
        "routeId": "shikoku-88-iyo",
        "name": "畑寺一丁地",
        "type": "transport",
        "subtype": "bus_stop",
        "stageIndex": 7,
        "kmFromStart": 208.2,
        "icon": "bus_stop",
        "source": "osm",
        "osmId": "node/3152608172"
      }
    },
    {
      "type": "Feature",
      "id": "wp-osm-transport-node3152608239",
      "geometry": {
        "type": "Point",
        "coordinates": [
          132.7961363,
          33.8318397
        ]
      },
      "properties": {
        "routeId": "shikoku-88-iyo",
        "name": "短大前",
        "type": "transport",
        "subtype": "bus_stop",
        "stageIndex": 7,
        "kmFromStart": 208.2,
        "icon": "bus_stop",
        "source": "osm",
        "osmId": "node/3152608239"
      }
    },
    {
      "type": "Feature",
      "id": "wp-osm-transport-node3152607689",
      "geometry": {
        "type": "Point",
        "coordinates": [
          132.7962894,
          33.8398208
        ]
      },
      "properties": {
        "routeId": "shikoku-88-iyo",
        "name": "正円寺",
        "type": "transport",
        "subtype": "bus_stop",
        "stageIndex": 7,
        "kmFromStart": 209.4,
        "icon": "bus_stop",
        "source": "osm",
        "osmId": "node/3152607689"
      }
    },
    {
      "type": "Feature",
      "id": "wp-osm-transport-node3152607394",
      "geometry": {
        "type": "Point",
        "coordinates": [
          132.7978949,
          33.8413799
        ]
      },
      "properties": {
        "routeId": "shikoku-88-iyo",
        "name": "東野",
        "type": "transport",
        "subtype": "bus_stop",
        "stageIndex": 7,
        "kmFromStart": 209.5,
        "icon": "bus_stop",
        "source": "osm",
        "osmId": "node/3152607394"
      }
    },
    {
      "type": "Feature",
      "id": "wp-osm-food-node2602474238",
      "geometry": {
        "type": "Point",
        "coordinates": [
          132.797687,
          33.843193
        ]
      },
      "properties": {
        "routeId": "shikoku-88-iyo",
        "name": "笑福",
        "type": "food",
        "subtype": "restaurant",
        "stageIndex": 7,
        "kmFromStart": 209.7,
        "icon": "restaurant",
        "source": "osm",
        "osmId": "node/2602474238"
      }
    },
    {
      "type": "Feature",
      "id": "wp-osm-transport-node3152607395",
      "geometry": {
        "type": "Point",
        "coordinates": [
          132.7974606,
          33.8443061
        ]
      },
      "properties": {
        "routeId": "shikoku-88-iyo",
        "name": "東野一丁目",
        "type": "transport",
        "subtype": "bus_stop",
        "stageIndex": 7,
        "kmFromStart": 209.8,
        "icon": "bus_stop",
        "source": "osm",
        "osmId": "node/3152607395"
      }
    },
    {
      "type": "Feature",
      "id": "wp-osm-transport-node3152608252",
      "geometry": {
        "type": "Point",
        "coordinates": [
          132.7942069,
          33.8443702
        ]
      },
      "properties": {
        "routeId": "shikoku-88-iyo",
        "name": "石手四丁目",
        "type": "transport",
        "subtype": "bus_stop",
        "stageIndex": 7,
        "kmFromStart": 209.9,
        "icon": "bus_stop",
        "source": "osm",
        "osmId": "node/3152608252"
      }
    },
    {
      "type": "Feature",
      "id": "wp-osm-transport-node3152608251",
      "geometry": {
        "type": "Point",
        "coordinates": [
          132.7967771,
          33.8453883
        ]
      },
      "properties": {
        "routeId": "shikoku-88-iyo",
        "name": "石手",
        "type": "transport",
        "subtype": "bus_stop",
        "stageIndex": 7,
        "kmFromStart": 209.9,
        "icon": "bus_stop",
        "source": "osm",
        "osmId": "node/3152608251"
      }
    },
    {
      "type": "Feature",
      "id": "wp-osm-transport-node3152604052",
      "geometry": {
        "type": "Point",
        "coordinates": [
          132.7980183,
          33.8469461
        ]
      },
      "properties": {
        "routeId": "shikoku-88-iyo",
        "name": "公民館前",
        "type": "transport",
        "subtype": "bus_stop",
        "stageIndex": 7,
        "kmFromStart": 210.1,
        "icon": "bus_stop",
        "source": "osm",
        "osmId": "node/3152604052"
      }
    },
    {
      "type": "Feature",
      "id": "wp-osm-transport-node3152608253",
      "geometry": {
        "type": "Point",
        "coordinates": [
          132.7963926,
          33.8467695
        ]
      },
      "properties": {
        "routeId": "shikoku-88-iyo",
        "name": "石手寺",
        "type": "transport",
        "subtype": "bus_stop",
        "stageIndex": 7,
        "kmFromStart": 210.1,
        "icon": "bus_stop",
        "source": "osm",
        "osmId": "node/3152608253"
      }
    },
    {
      "type": "Feature",
      "id": "wp-osm-accommodation-node9858244046",
      "geometry": {
        "type": "Point",
        "coordinates": [
          132.7959311,
          33.8461287
        ]
      },
      "properties": {
        "routeId": "shikoku-88-iyo",
        "name": "Eco宿みかん",
        "type": "accommodation",
        "subtype": "guesthouse",
        "stageIndex": 7,
        "kmFromStart": 210,
        "icon": "guesthouse",
        "source": "osm",
        "osmId": "node/9858244046"
      }
    },
    {
      "type": "Feature",
      "id": "wp-osm-supply-node11197039227",
      "geometry": {
        "type": "Point",
        "coordinates": [
          132.7971856,
          33.8465225
        ]
      },
      "properties": {
        "routeId": "shikoku-88-iyo",
        "name": "FamilyMart",
        "nameLocalized": {
          "ja": "ファミリーマート"
        },
        "type": "supply",
        "subtype": "convenience_store",
        "stageIndex": 7,
        "kmFromStart": 210,
        "icon": "convenience_store",
        "source": "osm",
        "osmId": "node/11197039227"
      }
    },
    {
      "type": "Feature",
      "id": "wp-osm-supply-node2439785268",
      "geometry": {
        "type": "Point",
        "coordinates": [
          132.7969254,
          33.8473841
        ]
      },
      "properties": {
        "routeId": "shikoku-88-iyo",
        "name": "Unnamed",
        "type": "supply",
        "subtype": "toilet",
        "stageIndex": 7,
        "kmFromStart": 210.1,
        "icon": "toilet",
        "source": "osm",
        "osmId": "node/2439785268"
      }
    },
    {
      "type": "Feature",
      "id": "wp-osm-transport-node3152603225",
      "geometry": {
        "type": "Point",
        "coordinates": [
          132.7993828,
          33.8485138
        ]
      },
      "properties": {
        "routeId": "shikoku-88-iyo",
        "name": "上石手",
        "type": "transport",
        "subtype": "bus_stop",
        "stageIndex": 7,
        "kmFromStart": 210.2,
        "icon": "bus_stop",
        "source": "osm",
        "osmId": "node/3152603225"
      }
    },
    {
      "type": "Feature",
      "id": "wp-osm-sacred_site-node12289035856",
      "geometry": {
        "type": "Point",
        "coordinates": [
          132.7980117,
          33.8481172
        ]
      },
      "properties": {
        "routeId": "shikoku-88-iyo",
        "name": "大山積神社",
        "type": "sacred_site",
        "subtype": "church",
        "stageIndex": 7,
        "kmFromStart": 210.2,
        "icon": "church",
        "source": "osm",
        "osmId": "node/12289035856"
      }
    },
    {
      "type": "Feature",
      "id": "wp-osm-food-node2439785252",
      "geometry": {
        "type": "Point",
        "coordinates": [
          132.7943391,
          33.8467294
        ]
      },
      "properties": {
        "routeId": "shikoku-88-iyo",
        "name": "K's Cafe",
        "type": "food",
        "subtype": "cafe",
        "stageIndex": 8,
        "kmFromStart": 210.3,
        "icon": "cafe",
        "source": "osm",
        "osmId": "node/2439785252"
      }
    },
    {
      "type": "Feature",
      "id": "wp-osm-transport-node3152603394",
      "geometry": {
        "type": "Point",
        "coordinates": [
          132.7931959,
          33.8472251
        ]
      },
      "properties": {
        "routeId": "shikoku-88-iyo",
        "name": "下石手",
        "type": "transport",
        "subtype": "bus_stop",
        "stageIndex": 8,
        "kmFromStart": 210.6,
        "icon": "bus_stop",
        "source": "osm",
        "osmId": "node/3152603394"
      }
    },
    {
      "type": "Feature",
      "id": "wp-osm-medical-node1423731289",
      "geometry": {
        "type": "Point",
        "coordinates": [
          132.791128,
          33.848479
        ]
      },
      "properties": {
        "routeId": "shikoku-88-iyo",
        "name": "千寿会道後温泉病院",
        "nameLocalized": {
          "ja": "道後温泉病院"
        },
        "type": "medical",
        "subtype": "hospital",
        "stageIndex": 8,
        "kmFromStart": 210.9,
        "icon": "hospital",
        "source": "osm",
        "osmId": "node/1423731289"
      }
    },
    {
      "type": "Feature",
      "id": "wp-osm-transport-node3152610454",
      "geometry": {
        "type": "Point",
        "coordinates": [
          132.7903975,
          33.8477692
        ]
      },
      "properties": {
        "routeId": "shikoku-88-iyo",
        "name": "道後姫塚",
        "type": "transport",
        "subtype": "bus_stop",
        "stageIndex": 8,
        "kmFromStart": 211.2,
        "icon": "bus_stop",
        "source": "osm",
        "osmId": "node/3152610454"
      }
    },
    {
      "type": "Feature",
      "id": "wp-osm-accommodation-node3534347860",
      "geometry": {
        "type": "Point",
        "coordinates": [
          132.7907669,
          33.8481071
        ]
      },
      "properties": {
        "routeId": "shikoku-88-iyo",
        "name": "道後プリンスホテル",
        "type": "accommodation",
        "subtype": "hotel",
        "stageIndex": 8,
        "kmFromStart": 211.1,
        "icon": "hotel",
        "source": "osm",
        "osmId": "node/3534347860"
      }
    },
    {
      "type": "Feature",
      "id": "wp-osm-accommodation-node2438070589",
      "geometry": {
        "type": "Point",
        "coordinates": [
          132.7903697,
          33.8496442
        ]
      },
      "properties": {
        "routeId": "shikoku-88-iyo",
        "name": "Matsuyama Youth Hostel",
        "nameLocalized": {
          "ja": "松山ユースホステル"
        },
        "type": "accommodation",
        "subtype": "hostel",
        "stageIndex": 8,
        "kmFromStart": 211.1,
        "icon": "hostel",
        "source": "osm",
        "osmId": "node/2438070589"
      }
    },
    {
      "type": "Feature",
      "id": "wp-osm-supply-node10752132030",
      "geometry": {
        "type": "Point",
        "coordinates": [
          132.7862626,
          33.8486575
        ]
      },
      "properties": {
        "routeId": "shikoku-88-iyo",
        "name": "Unnamed",
        "type": "supply",
        "subtype": "toilet",
        "stageIndex": 8,
        "kmFromStart": 211.3,
        "icon": "toilet",
        "source": "osm",
        "osmId": "node/10752132030"
      }
    },
    {
      "type": "Feature",
      "id": "wp-osm-sacred_site-node11972178335",
      "geometry": {
        "type": "Point",
        "coordinates": [
          132.7888734,
          33.850645
        ]
      },
      "properties": {
        "routeId": "shikoku-88-iyo",
        "name": "常盤新田霊社",
        "type": "sacred_site",
        "subtype": "wayside_shrine",
        "stageIndex": 8,
        "kmFromStart": 211.2,
        "icon": "wayside_shrine",
        "source": "osm",
        "osmId": "node/11972178335"
      }
    },
    {
      "type": "Feature",
      "id": "wp-osm-supply-node12747753234",
      "geometry": {
        "type": "Point",
        "coordinates": [
          132.7868451,
          33.849179
        ]
      },
      "properties": {
        "routeId": "shikoku-88-iyo",
        "name": "Unnamed",
        "type": "supply",
        "subtype": "toilet",
        "stageIndex": 8,
        "kmFromStart": 211.3,
        "icon": "toilet",
        "source": "osm",
        "osmId": "node/12747753234"
      }
    },
    {
      "type": "Feature",
      "id": "wp-osm-supply-node2616104222",
      "geometry": {
        "type": "Point",
        "coordinates": [
          132.7878747,
          33.848773
        ]
      },
      "properties": {
        "routeId": "shikoku-88-iyo",
        "name": "Unnamed",
        "type": "supply",
        "subtype": "toilet",
        "stageIndex": 8,
        "kmFromStart": 211.3,
        "icon": "toilet",
        "source": "osm",
        "osmId": "node/2616104222"
      }
    },
    {
      "type": "Feature",
      "id": "wp-osm-transport-node3152609506",
      "geometry": {
        "type": "Point",
        "coordinates": [
          132.7893727,
          33.848706
        ]
      },
      "properties": {
        "routeId": "shikoku-88-iyo",
        "name": "義安寺前",
        "type": "transport",
        "subtype": "bus_stop",
        "stageIndex": 8,
        "kmFromStart": 211.2,
        "icon": "bus_stop",
        "source": "osm",
        "osmId": "node/3152609506"
      }
    },
    {
      "type": "Feature",
      "id": "wp-osm-accommodation-node5635161092",
      "geometry": {
        "type": "Point",
        "coordinates": [
          132.7878233,
          33.8517819
        ]
      },
      "properties": {
        "routeId": "shikoku-88-iyo",
        "name": "Hotel Eco Dogo",
        "type": "accommodation",
        "subtype": "hotel",
        "stageIndex": 8,
        "kmFromStart": 211.4,
        "icon": "hotel",
        "source": "osm",
        "osmId": "node/5635161092"
      }
    },
    {
      "type": "Feature",
      "id": "wp-osm-accommodation-node5635161096",
      "geometry": {
        "type": "Point",
        "coordinates": [
          132.7868522,
          33.8532026
        ]
      },
      "properties": {
        "routeId": "shikoku-88-iyo",
        "name": "Hotel Lunapark",
        "nameLocalized": {
          "ja": "ホテルルナパーク"
        },
        "type": "accommodation",
        "subtype": "hotel",
        "stageIndex": 8,
        "kmFromStart": 211.5,
        "icon": "hotel",
        "source": "osm",
        "osmId": "node/5635161096"
      }
    },
    {
      "type": "Feature",
      "id": "wp-osm-sacred_site-node6859685939",
      "geometry": {
        "type": "Point",
        "coordinates": [
          132.7899764,
          33.8516618
        ]
      },
      "properties": {
        "routeId": "shikoku-88-iyo",
        "name": "Hogonji Temple",
        "type": "sacred_site",
        "subtype": "church",
        "stageIndex": 8,
        "kmFromStart": 211.1,
        "icon": "church",
        "source": "osm",
        "osmId": "node/6859685939"
      }
    },
    {
      "type": "Feature",
      "id": "wp-osm-accommodation-node5635161095",
      "geometry": {
        "type": "Point",
        "coordinates": [
          132.787241,
          33.8526309
        ]
      },
      "properties": {
        "routeId": "shikoku-88-iyo",
        "name": "Hotel Katsuragi",
        "nameLocalized": {
          "ja": "葛城"
        },
        "type": "accommodation",
        "subtype": "hotel",
        "stageIndex": 8,
        "kmFromStart": 211.5,
        "icon": "hotel",
        "source": "osm",
        "osmId": "node/5635161095"
      }
    },
    {
      "type": "Feature",
      "id": "wp-osm-accommodation-node5634021317",
      "geometry": {
        "type": "Point",
        "coordinates": [
          132.7872515,
          33.851842
        ]
      },
      "properties": {
        "routeId": "shikoku-88-iyo",
        "name": "Chaharu",
        "nameLocalized": {
          "ja": "茶玻瑠"
        },
        "type": "accommodation",
        "subtype": "hotel",
        "stageIndex": 8,
        "kmFromStart": 211.5,
        "icon": "hotel",
        "source": "osm",
        "osmId": "node/5634021317"
      }
    },
    {
      "type": "Feature",
      "id": "wp-osm-accommodation-node5103430714",
      "geometry": {
        "type": "Point",
        "coordinates": [
          132.7877727,
          33.8508065
        ]
      },
      "properties": {
        "routeId": "shikoku-88-iyo",
        "name": "Hotel Villa Dogo",
        "type": "accommodation",
        "subtype": "hotel",
        "stageIndex": 8,
        "kmFromStart": 211.4,
        "icon": "hotel",
        "source": "osm",
        "osmId": "node/5103430714"
      }
    },
    {
      "type": "Feature",
      "id": "wp-osm-transport-node3152605257",
      "geometry": {
        "type": "Point",
        "coordinates": [
          132.7856749,
          33.8498362
        ]
      },
      "properties": {
        "routeId": "shikoku-88-iyo",
        "name": "子規記念館前",
        "type": "transport",
        "subtype": "bus_stop",
        "stageIndex": 8,
        "kmFromStart": 211.3,
        "icon": "bus_stop",
        "source": "osm",
        "osmId": "node/3152605257"
      }
    },
    {
      "type": "Feature",
      "id": "wp-osm-food-node10836417481",
      "geometry": {
        "type": "Point",
        "coordinates": [
          132.785829,
          33.8505098
        ]
      },
      "properties": {
        "routeId": "shikoku-88-iyo",
        "name": "どうごゆけむりかふぇ",
        "type": "food",
        "subtype": "cafe",
        "stageIndex": 8,
        "kmFromStart": 211.6,
        "icon": "cafe",
        "source": "osm",
        "osmId": "node/10836417481"
      }
    },
    {
      "type": "Feature",
      "id": "wp-osm-accommodation-node13866539538",
      "geometry": {
        "type": "Point",
        "coordinates": [
          132.7860032,
          33.851076
        ]
      },
      "properties": {
        "routeId": "shikoku-88-iyo",
        "name": "ホテル道後湯の町",
        "type": "accommodation",
        "subtype": "hotel",
        "stageIndex": 8,
        "kmFromStart": 211.6,
        "icon": "hotel",
        "source": "osm",
        "osmId": "node/13866539538"
      }
    },
    {
      "type": "Feature",
      "id": "wp-osm-transport-node3152607847",
      "geometry": {
        "type": "Point",
        "coordinates": [
          132.7860914,
          33.8518438
        ]
      },
      "properties": {
        "routeId": "shikoku-88-iyo",
        "name": "温泉前",
        "type": "transport",
        "subtype": "bus_stop",
        "stageIndex": 8,
        "kmFromStart": 211.6,
        "icon": "bus_stop",
        "source": "osm",
        "osmId": "node/3152607847"
      }
    },
    {
      "type": "Feature",
      "id": "wp-osm-transport-node3152610460",
      "geometry": {
        "type": "Point",
        "coordinates": [
          132.7850314,
          33.8506981
        ]
      },
      "properties": {
        "routeId": "shikoku-88-iyo",
        "name": "道後温泉駅前",
        "type": "transport",
        "subtype": "bus_stop",
        "stageIndex": 8,
        "kmFromStart": 211.7,
        "icon": "bus_stop",
        "source": "osm",
        "osmId": "node/3152610460"
      }
    },
    {
      "type": "Feature",
      "id": "wp-osm-food-node4764706030",
      "geometry": {
        "type": "Point",
        "coordinates": [
          132.7862855,
          33.8523199
        ]
      },
      "properties": {
        "routeId": "shikoku-88-iyo",
        "name": "すし丸",
        "nameLocalized": {
          "ja": "すし丸道後店"
        },
        "type": "food",
        "subtype": "restaurant",
        "stageIndex": 8,
        "kmFromStart": 211.6,
        "icon": "restaurant",
        "source": "osm",
        "osmId": "node/4764706030"
      }
    },
    {
      "type": "Feature",
      "id": "wp-osm-accommodation-node5635161097",
      "geometry": {
        "type": "Point",
        "coordinates": [
          132.7867517,
          33.8537161
        ]
      },
      "properties": {
        "routeId": "shikoku-88-iyo",
        "name": "ホテル椿舘",
        "type": "accommodation",
        "subtype": "hotel",
        "stageIndex": 8,
        "kmFromStart": 211.6,
        "icon": "hotel",
        "source": "osm",
        "osmId": "node/5635161097"
      }
    },
    {
      "type": "Feature",
      "id": "wp-osm-food-node5644001908",
      "geometry": {
        "type": "Point",
        "coordinates": [
          132.7852744,
          33.8515492
        ]
      },
      "properties": {
        "routeId": "shikoku-88-iyo",
        "name": "巴堂本舗",
        "type": "food",
        "subtype": "cafe",
        "stageIndex": 8,
        "kmFromStart": 211.7,
        "icon": "cafe",
        "source": "osm",
        "osmId": "node/5644001908",
        "hours": "08:00-22:00"
      }
    },
    {
      "type": "Feature",
      "id": "wp-osm-supply-node5644001887",
      "geometry": {
        "type": "Point",
        "coordinates": [
          132.7852882,
          33.8521323
        ]
      },
      "properties": {
        "routeId": "shikoku-88-iyo",
        "name": "Lawson",
        "nameLocalized": {
          "ja": "ローソン",
          "ko": "로손"
        },
        "type": "supply",
        "subtype": "convenience_store",
        "stageIndex": 8,
        "kmFromStart": 211.7,
        "icon": "convenience_store",
        "source": "osm",
        "osmId": "node/5644001887",
        "hours": "24/7"
      }
    },
    {
      "type": "Feature",
      "id": "wp-osm-supply-node2210822417",
      "geometry": {
        "type": "Point",
        "coordinates": [
          132.7837914,
          33.8523573
        ]
      },
      "properties": {
        "routeId": "shikoku-88-iyo",
        "name": "FamilyMart",
        "nameLocalized": {
          "ja": "ファミリーマート"
        },
        "type": "supply",
        "subtype": "convenience_store",
        "stageIndex": 8,
        "kmFromStart": 211.8,
        "icon": "convenience_store",
        "source": "osm",
        "osmId": "node/2210822417",
        "hours": "24/7"
      }
    },
    {
      "type": "Feature",
      "id": "wp-osm-transport-node3152607437",
      "geometry": {
        "type": "Point",
        "coordinates": [
          132.7831003,
          33.8521946
        ]
      },
      "properties": {
        "routeId": "shikoku-88-iyo",
        "name": "松山神社口",
        "type": "transport",
        "subtype": "bus_stop",
        "stageIndex": 8,
        "kmFromStart": 211.9,
        "icon": "bus_stop",
        "source": "osm",
        "osmId": "node/3152607437"
      }
    },
    {
      "type": "Feature",
      "id": "wp-osm-transport-node3152608596",
      "geometry": {
        "type": "Point",
        "coordinates": [
          132.7850226,
          33.8541881
        ]
      },
      "properties": {
        "routeId": "shikoku-88-iyo",
        "name": "祝谷",
        "type": "transport",
        "subtype": "bus_stop",
        "stageIndex": 8,
        "kmFromStart": 211.7,
        "icon": "bus_stop",
        "source": "osm",
        "osmId": "node/3152608596"
      }
    },
    {
      "type": "Feature",
      "id": "wp-osm-accommodation-node3584613211",
      "geometry": {
        "type": "Point",
        "coordinates": [
          132.784526,
          33.853981
        ]
      },
      "properties": {
        "routeId": "shikoku-88-iyo",
        "name": "Dougoya",
        "type": "accommodation",
        "subtype": "hostel",
        "stageIndex": 8,
        "kmFromStart": 211.8,
        "icon": "hostel",
        "source": "osm",
        "osmId": "node/3584613211"
      }
    },
    {
      "type": "Feature",
      "id": "wp-osm-accommodation-node4758834167",
      "geometry": {
        "type": "Point",
        "coordinates": [
          132.7828995,
          33.8534807
        ]
      },
      "properties": {
        "routeId": "shikoku-88-iyo",
        "name": "Sen Guesthouse",
        "type": "accommodation",
        "subtype": "hostel",
        "stageIndex": 8,
        "kmFromStart": 211.9,
        "icon": "hostel",
        "source": "osm",
        "osmId": "node/4758834167"
      }
    },
    {
      "type": "Feature",
      "id": "wp-osm-food-node5603129031",
      "geometry": {
        "type": "Point",
        "coordinates": [
          132.7843171,
          33.8521905
        ]
      },
      "properties": {
        "routeId": "shikoku-88-iyo",
        "name": "いよ狸",
        "type": "food",
        "subtype": "restaurant",
        "stageIndex": 8,
        "kmFromStart": 211.8,
        "icon": "restaurant",
        "source": "osm",
        "osmId": "node/5603129031"
      }
    },
    {
      "type": "Feature",
      "id": "wp-osm-accommodation-node11505741250",
      "geometry": {
        "type": "Point",
        "coordinates": [
          132.7841789,
          33.8509104
        ]
      },
      "properties": {
        "routeId": "shikoku-88-iyo",
        "name": "ふじや",
        "type": "accommodation",
        "subtype": "hotel",
        "stageIndex": 8,
        "kmFromStart": 211.8,
        "icon": "hotel",
        "source": "osm",
        "osmId": "node/11505741250"
      }
    },
    {
      "type": "Feature",
      "id": "wp-osm-medical-node11539652459",
      "geometry": {
        "type": "Point",
        "coordinates": [
          132.7845463,
          33.8500276
        ]
      },
      "properties": {
        "routeId": "shikoku-88-iyo",
        "name": "城西調剤薬局",
        "type": "medical",
        "subtype": "pharmacy",
        "stageIndex": 8,
        "kmFromStart": 211.7,
        "icon": "pharmacy",
        "source": "osm",
        "osmId": "node/11539652459"
      }
    },
    {
      "type": "Feature",
      "id": "wp-osm-transport-node3152610762",
      "geometry": {
        "type": "Point",
        "coordinates": [
          132.7809075,
          33.8522516
        ]
      },
      "properties": {
        "routeId": "shikoku-88-iyo",
        "name": "道後緑台",
        "type": "transport",
        "subtype": "bus_stop",
        "stageIndex": 8,
        "kmFromStart": 212.1,
        "icon": "bus_stop",
        "source": "osm",
        "osmId": "node/3152610762"
      }
    },
    {
      "type": "Feature",
      "id": "wp-osm-medical-node11553185622",
      "geometry": {
        "type": "Point",
        "coordinates": [
          132.7800301,
          33.8525909
        ]
      },
      "properties": {
        "routeId": "shikoku-88-iyo",
        "name": "くすりのレデイ 道後緑台店",
        "type": "medical",
        "subtype": "pharmacy",
        "stageIndex": 8,
        "kmFromStart": 212.2,
        "icon": "pharmacy",
        "source": "osm",
        "osmId": "node/11553185622"
      }
    },
    {
      "type": "Feature",
      "id": "wp-osm-medical-node2322807507",
      "geometry": {
        "type": "Point",
        "coordinates": [
          132.777479,
          33.852096
        ]
      },
      "properties": {
        "routeId": "shikoku-88-iyo",
        "name": "桑折内科皮膚科",
        "type": "medical",
        "subtype": "clinic",
        "stageIndex": 8,
        "kmFromStart": 212.4,
        "icon": "clinic",
        "source": "osm",
        "osmId": "node/2322807507"
      }
    },
    {
      "type": "Feature",
      "id": "wp-osm-supply-node2210831048",
      "geometry": {
        "type": "Point",
        "coordinates": [
          132.776435,
          33.852094
        ]
      },
      "properties": {
        "routeId": "shikoku-88-iyo",
        "name": "FamilyMart",
        "nameLocalized": {
          "ja": "ファミリーマート"
        },
        "type": "supply",
        "subtype": "convenience_store",
        "stageIndex": 8,
        "kmFromStart": 212.5,
        "icon": "convenience_store",
        "source": "osm",
        "osmId": "node/2210831048"
      }
    },
    {
      "type": "Feature",
      "id": "wp-osm-supply-node2649158691",
      "geometry": {
        "type": "Point",
        "coordinates": [
          132.7756734,
          33.8511494
        ]
      },
      "properties": {
        "routeId": "shikoku-88-iyo",
        "name": "7-Eleven",
        "nameLocalized": {
          "ja": "セブン-イレブン",
          "ko": "세븐일레븐"
        },
        "type": "supply",
        "subtype": "convenience_store",
        "stageIndex": 8,
        "kmFromStart": 212.6,
        "icon": "convenience_store",
        "source": "osm",
        "osmId": "node/2649158691",
        "hours": "24/7"
      }
    },
    {
      "type": "Feature",
      "id": "wp-osm-supply-node5025625546",
      "geometry": {
        "type": "Point",
        "coordinates": [
          132.7753244,
          33.8522769
        ]
      },
      "properties": {
        "routeId": "shikoku-88-iyo",
        "name": "Unnamed",
        "type": "supply",
        "subtype": "vending_machine",
        "stageIndex": 8,
        "kmFromStart": 212.6,
        "icon": "vending_machine",
        "source": "osm",
        "osmId": "node/5025625546"
      }
    },
    {
      "type": "Feature",
      "id": "wp-osm-transport-node3152610390",
      "geometry": {
        "type": "Point",
        "coordinates": [
          132.7734604,
          33.8519525
        ]
      },
      "properties": {
        "routeId": "shikoku-88-iyo",
        "name": "護国神社前",
        "type": "transport",
        "subtype": "bus_stop",
        "stageIndex": 8,
        "kmFromStart": 212.9,
        "icon": "bus_stop",
        "source": "osm",
        "osmId": "node/3152610390"
      }
    },
    {
      "type": "Feature",
      "id": "wp-osm-supply-node3538568916",
      "geometry": {
        "type": "Point",
        "coordinates": [
          132.7731724,
          33.8523736
        ]
      },
      "properties": {
        "routeId": "shikoku-88-iyo",
        "name": "Unnamed",
        "type": "supply",
        "subtype": "vending_machine",
        "stageIndex": 8,
        "kmFromStart": 212.9,
        "icon": "vending_machine",
        "source": "osm",
        "osmId": "node/3538568916"
      }
    },
    {
      "type": "Feature",
      "id": "wp-osm-supply-node3538568917",
      "geometry": {
        "type": "Point",
        "coordinates": [
          132.7737089,
          33.8532087
        ]
      },
      "properties": {
        "routeId": "shikoku-88-iyo",
        "name": "Coca-Cola",
        "nameLocalized": {
          "ja": "コカ・コーラ"
        },
        "type": "supply",
        "subtype": "vending_machine",
        "stageIndex": 8,
        "kmFromStart": 212.9,
        "icon": "vending_machine",
        "source": "osm",
        "osmId": "node/3538568917"
      }
    },
    {
      "type": "Feature",
      "id": "wp-osm-supply-node3538582913",
      "geometry": {
        "type": "Point",
        "coordinates": [
          132.7732252,
          33.8509599
        ]
      },
      "properties": {
        "routeId": "shikoku-88-iyo",
        "name": "紙カップ飲料",
        "type": "supply",
        "subtype": "vending_machine",
        "stageIndex": 8,
        "kmFromStart": 213,
        "icon": "vending_machine",
        "source": "osm",
        "osmId": "node/3538582913"
      }
    },
    {
      "type": "Feature",
      "id": "wp-osm-food-node2305044388",
      "geometry": {
        "type": "Point",
        "coordinates": [
          132.770787,
          33.852675
        ]
      },
      "properties": {
        "routeId": "shikoku-88-iyo",
        "name": "ラーメン来来亭 松山大前店",
        "type": "food",
        "subtype": "restaurant",
        "stageIndex": 8,
        "kmFromStart": 213.1,
        "icon": "restaurant",
        "source": "osm",
        "osmId": "node/2305044388",
        "hours": "11:00-24:00"
      }
    },
    {
      "type": "Feature",
      "id": "wp-osm-food-node2312858746",
      "geometry": {
        "type": "Point",
        "coordinates": [
          132.768864,
          33.852493
        ]
      },
      "properties": {
        "routeId": "shikoku-88-iyo",
        "name": "まるしょう",
        "type": "food",
        "subtype": "restaurant",
        "stageIndex": 8,
        "kmFromStart": 213.3,
        "icon": "restaurant",
        "source": "osm",
        "osmId": "node/2312858746"
      }
    },
    {
      "type": "Feature",
      "id": "wp-osm-supply-node3538568914",
      "geometry": {
        "type": "Point",
        "coordinates": [
          132.7713672,
          33.8524816
        ]
      },
      "properties": {
        "routeId": "shikoku-88-iyo",
        "name": "DyDo Drinco",
        "nameLocalized": {
          "ja": "ダイドードリンコ"
        },
        "type": "supply",
        "subtype": "vending_machine",
        "stageIndex": 8,
        "kmFromStart": 213.1,
        "icon": "vending_machine",
        "source": "osm",
        "osmId": "node/3538568914"
      }
    },
    {
      "type": "Feature",
      "id": "wp-osm-supply-node3538661864",
      "geometry": {
        "type": "Point",
        "coordinates": [
          132.7709225,
          33.850887
        ]
      },
      "properties": {
        "routeId": "shikoku-88-iyo",
        "name": "清涼飲料水",
        "type": "supply",
        "subtype": "vending_machine",
        "stageIndex": 8,
        "kmFromStart": 213.1,
        "icon": "vending_machine",
        "source": "osm",
        "osmId": "node/3538661864"
      }
    },
    {
      "type": "Feature",
      "id": "wp-osm-transport-node5025603387",
      "geometry": {
        "type": "Point",
        "coordinates": [
          132.7699653,
          33.8523597
        ]
      },
      "properties": {
        "routeId": "shikoku-88-iyo",
        "name": "松山大学北口",
        "type": "transport",
        "subtype": "bus_stop",
        "stageIndex": 8,
        "kmFromStart": 213.2,
        "icon": "bus_stop",
        "source": "osm",
        "osmId": "node/5025603387"
      }
    },
    {
      "type": "Feature",
      "id": "wp-osm-supply-node3543505964",
      "geometry": {
        "type": "Point",
        "coordinates": [
          132.7676317,
          33.8511235
        ]
      },
      "properties": {
        "routeId": "shikoku-88-iyo",
        "name": "Meiji",
        "nameLocalized": {
          "ja": "明治"
        },
        "type": "supply",
        "subtype": "vending_machine",
        "stageIndex": 8,
        "kmFromStart": 213.4,
        "icon": "vending_machine",
        "source": "osm",
        "osmId": "node/3543505964"
      }
    },
    {
      "type": "Feature",
      "id": "wp-osm-transport-node3152604416",
      "geometry": {
        "type": "Point",
        "coordinates": [
          132.7655363,
          33.8524936
        ]
      },
      "properties": {
        "routeId": "shikoku-88-iyo",
        "name": "勝中北",
        "type": "transport",
        "subtype": "bus_stop",
        "stageIndex": 8,
        "kmFromStart": 213.5,
        "icon": "bus_stop",
        "source": "osm",
        "osmId": "node/3152604416"
      }
    },
    {
      "type": "Feature",
      "id": "wp-osm-food-node4523600462",
      "geometry": {
        "type": "Point",
        "coordinates": [
          132.7661865,
          33.8533704
        ]
      },
      "properties": {
        "routeId": "shikoku-88-iyo",
        "name": "勝山協食",
        "type": "food",
        "subtype": "restaurant",
        "stageIndex": 8,
        "kmFromStart": 213.5,
        "icon": "restaurant",
        "source": "osm",
        "osmId": "node/4523600462"
      }
    },
    {
      "type": "Feature",
      "id": "wp-osm-sacred_site-node4969378921",
      "geometry": {
        "type": "Point",
        "coordinates": [
          132.7660815,
          33.8560156
        ]
      },
      "properties": {
        "routeId": "shikoku-88-iyo",
        "name": "Raikokuji",
        "type": "sacred_site",
        "subtype": "church",
        "stageIndex": 8,
        "kmFromStart": 213.8,
        "icon": "church",
        "source": "osm",
        "osmId": "node/4969378921"
      }
    },
    {
      "type": "Feature",
      "id": "wp-osm-transport-node3152606326",
      "geometry": {
        "type": "Point",
        "coordinates": [
          132.7590148,
          33.8557473
        ]
      },
      "properties": {
        "routeId": "shikoku-88-iyo",
        "name": "山越",
        "type": "transport",
        "subtype": "bus_stop",
        "stageIndex": 8,
        "kmFromStart": 214.4,
        "icon": "bus_stop",
        "source": "osm",
        "osmId": "node/3152606326"
      }
    },
    {
      "type": "Feature",
      "id": "wp-osm-food-node2561253823",
      "geometry": {
        "type": "Point",
        "coordinates": [
          132.755126,
          33.868987
        ]
      },
      "properties": {
        "routeId": "shikoku-88-iyo",
        "name": "そばや玄",
        "type": "food",
        "subtype": "restaurant",
        "stageIndex": 8,
        "kmFromStart": 215.9,
        "icon": "restaurant",
        "source": "osm",
        "osmId": "node/2561253823"
      }
    },
    {
      "type": "Feature",
      "id": "wp-osm-transport-node3152607397",
      "geometry": {
        "type": "Point",
        "coordinates": [
          132.7566083,
          33.8688473
        ]
      },
      "properties": {
        "routeId": "shikoku-88-iyo",
        "name": "東長戸",
        "type": "transport",
        "subtype": "bus_stop",
        "stageIndex": 8,
        "kmFromStart": 215.8,
        "icon": "bus_stop",
        "source": "osm",
        "osmId": "node/3152607397"
      }
    },
    {
      "type": "Feature",
      "id": "wp-osm-transport-node3152605255",
      "geometry": {
        "type": "Point",
        "coordinates": [
          132.7590076,
          33.864839
        ]
      },
      "properties": {
        "routeId": "shikoku-88-iyo",
        "name": "姫原",
        "type": "transport",
        "subtype": "bus_stop",
        "stageIndex": 8,
        "kmFromStart": 215.3,
        "icon": "bus_stop",
        "source": "osm",
        "osmId": "node/3152605255"
      }
    },
    {
      "type": "Feature",
      "id": "wp-osm-supply-node5923441588",
      "geometry": {
        "type": "Point",
        "coordinates": [
          132.7588675,
          33.8630541
        ]
      },
      "properties": {
        "routeId": "shikoku-88-iyo",
        "name": "Lawson",
        "nameLocalized": {
          "ja": "ローソン",
          "zh": "全家便利商店"
        },
        "type": "supply",
        "subtype": "convenience_store",
        "stageIndex": 8,
        "kmFromStart": 215.1,
        "icon": "convenience_store",
        "source": "osm",
        "osmId": "node/5923441588"
      }
    },
    {
      "type": "Feature",
      "id": "wp-osm-transport-node3152604434",
      "geometry": {
        "type": "Point",
        "coordinates": [
          132.7590717,
          33.86103
        ]
      },
      "properties": {
        "routeId": "shikoku-88-iyo",
        "name": "北山越",
        "type": "transport",
        "subtype": "bus_stop",
        "stageIndex": 8,
        "kmFromStart": 214.9,
        "icon": "bus_stop",
        "source": "osm",
        "osmId": "node/3152604434"
      }
    },
    {
      "type": "Feature",
      "id": "wp-osm-medical-node1423732893",
      "geometry": {
        "type": "Point",
        "coordinates": [
          132.759853,
          33.86006
        ]
      },
      "properties": {
        "routeId": "shikoku-88-iyo",
        "name": "増田病院",
        "type": "medical",
        "subtype": "hospital",
        "stageIndex": 8,
        "kmFromStart": 214.8,
        "icon": "hospital",
        "source": "osm",
        "osmId": "node/1423732893"
      }
    },
    {
      "type": "Feature",
      "id": "wp-osm-transport-node3152610765",
      "geometry": {
        "type": "Point",
        "coordinates": [
          132.7591073,
          33.8593071
        ]
      },
      "properties": {
        "routeId": "shikoku-88-iyo",
        "name": "還熊八幡前",
        "type": "transport",
        "subtype": "bus_stop",
        "stageIndex": 8,
        "kmFromStart": 214.7,
        "icon": "bus_stop",
        "source": "osm",
        "osmId": "node/3152610765"
      }
    },
    {
      "type": "Feature",
      "id": "wp-osm-food-node4889073123",
      "geometry": {
        "type": "Point",
        "coordinates": [
          132.751744,
          33.8743404
        ]
      },
      "properties": {
        "routeId": "shikoku-88-iyo",
        "name": "お好み焼き浪漫亭",
        "nameLocalized": {
          "ja": "お好み焼き浪漫亭"
        },
        "type": "food",
        "subtype": "restaurant",
        "stageIndex": 8,
        "kmFromStart": 216.7,
        "icon": "restaurant",
        "source": "osm",
        "osmId": "node/4889073123"
      }
    },
    {
      "type": "Feature",
      "id": "wp-osm-transport-node3152607885",
      "geometry": {
        "type": "Point",
        "coordinates": [
          132.7522084,
          33.8764439
        ]
      },
      "properties": {
        "routeId": "shikoku-88-iyo",
        "name": "潮見保育園前",
        "type": "transport",
        "subtype": "bus_stop",
        "stageIndex": 8,
        "kmFromStart": 216.7,
        "icon": "bus_stop",
        "source": "osm",
        "osmId": "node/3152607885"
      }
    },
    {
      "type": "Feature",
      "id": "wp-osm-transport-node3152611613",
      "geometry": {
        "type": "Point",
        "coordinates": [
          132.75218,
          33.874721
        ]
      },
      "properties": {
        "routeId": "shikoku-88-iyo",
        "name": "鴨川団地前",
        "type": "transport",
        "subtype": "bus_stop",
        "stageIndex": 8,
        "kmFromStart": 216.7,
        "icon": "bus_stop",
        "source": "osm",
        "osmId": "node/3152611613"
      }
    },
    {
      "type": "Feature",
      "id": "wp-osm-transport-node3152605782",
      "geometry": {
        "type": "Point",
        "coordinates": [
          132.7413155,
          33.8793203
        ]
      },
      "properties": {
        "routeId": "shikoku-88-iyo",
        "name": "安城寺",
        "type": "transport",
        "subtype": "bus_stop",
        "stageIndex": 8,
        "kmFromStart": 218.3,
        "icon": "bus_stop",
        "source": "osm",
        "osmId": "node/3152605782"
      }
    },
    {
      "type": "Feature",
      "id": "wp-osm-transport-node3152611572",
      "geometry": {
        "type": "Point",
        "coordinates": [
          132.7411731,
          33.8840904
        ]
      },
      "properties": {
        "routeId": "shikoku-88-iyo",
        "name": "高木",
        "type": "transport",
        "subtype": "bus_stop",
        "stageIndex": 8,
        "kmFromStart": 218.7,
        "icon": "bus_stop",
        "source": "osm",
        "osmId": "node/3152611572"
      }
    },
    {
      "type": "Feature",
      "id": "wp-osm-transport-node3152603087",
      "geometry": {
        "type": "Point",
        "coordinates": [
          132.7225422,
          33.8837691
        ]
      },
      "properties": {
        "routeId": "shikoku-88-iyo",
        "name": "一の門",
        "type": "transport",
        "subtype": "bus_stop",
        "stageIndex": 8,
        "kmFromStart": 220.6,
        "icon": "bus_stop",
        "source": "osm",
        "osmId": "node/3152603087"
      }
    },
    {
      "type": "Feature",
      "id": "wp-osm-supply-node13179542301",
      "geometry": {
        "type": "Point",
        "coordinates": [
          132.7187436,
          33.8846483
        ]
      },
      "properties": {
        "routeId": "shikoku-88-iyo",
        "name": "Unnamed",
        "type": "supply",
        "subtype": "toilet",
        "stageIndex": 8,
        "kmFromStart": 221,
        "icon": "toilet",
        "source": "osm",
        "osmId": "node/13179542301"
      }
    },
    {
      "type": "Feature",
      "id": "wp-osm-transport-node3152605227",
      "geometry": {
        "type": "Point",
        "coordinates": [
          132.7203772,
          33.8839201
        ]
      },
      "properties": {
        "routeId": "shikoku-88-iyo",
        "name": "太山寺",
        "type": "transport",
        "subtype": "bus_stop",
        "stageIndex": 8,
        "kmFromStart": 220.8,
        "icon": "bus_stop",
        "source": "osm",
        "osmId": "node/3152605227"
      }
    },
    {
      "type": "Feature",
      "id": "wp-osm-supply-node13179548001",
      "geometry": {
        "type": "Point",
        "coordinates": [
          132.7224143,
          33.882791
        ]
      },
      "properties": {
        "routeId": "shikoku-88-iyo",
        "name": "Unnamed",
        "type": "supply",
        "subtype": "toilet",
        "stageIndex": 8,
        "kmFromStart": 220.6,
        "icon": "toilet",
        "source": "osm",
        "osmId": "node/13179548001"
      }
    },
    {
      "type": "Feature",
      "id": "wp-osm-transport-node3152607904",
      "geometry": {
        "type": "Point",
        "coordinates": [
          132.727176,
          33.8857991
        ]
      },
      "properties": {
        "routeId": "shikoku-88-iyo",
        "name": "片廻",
        "type": "transport",
        "subtype": "bus_stop",
        "stageIndex": 8,
        "kmFromStart": 222.7,
        "icon": "bus_stop",
        "source": "osm",
        "osmId": "node/3152607904"
      }
    },
    {
      "type": "Feature",
      "id": "wp-osm-transport-node3152606264",
      "geometry": {
        "type": "Point",
        "coordinates": [
          132.7268698,
          33.8884903
        ]
      },
      "properties": {
        "routeId": "shikoku-88-iyo",
        "name": "小山",
        "type": "transport",
        "subtype": "bus_stop",
        "stageIndex": 8,
        "kmFromStart": 222.8,
        "icon": "bus_stop",
        "source": "osm",
        "osmId": "node/3152606264"
      }
    },
    {
      "type": "Feature",
      "id": "wp-osm-transport-node3152604811",
      "geometry": {
        "type": "Point",
        "coordinates": [
          132.7323305,
          33.8886327
        ]
      },
      "properties": {
        "routeId": "shikoku-88-iyo",
        "name": "和気農協前",
        "type": "transport",
        "subtype": "bus_stop",
        "stageIndex": 8,
        "kmFromStart": 223.3,
        "icon": "bus_stop",
        "source": "osm",
        "osmId": "node/3152604811"
      }
    },
    {
      "type": "Feature",
      "id": "wp-osm-food-node5929052187",
      "geometry": {
        "type": "Point",
        "coordinates": [
          132.735537,
          33.889864
        ]
      },
      "properties": {
        "routeId": "shikoku-88-iyo",
        "name": "Hiroshima Okonomiyaki Daichi No Haha",
        "nameLocalized": {
          "ja": "広島お好み焼き 大地の母"
        },
        "type": "food",
        "subtype": "restaurant",
        "stageIndex": 8,
        "kmFromStart": 223.6,
        "icon": "restaurant",
        "source": "osm",
        "osmId": "node/5929052187"
      }
    },
    {
      "type": "Feature",
      "id": "wp-osm-transport-node3152604810",
      "geometry": {
        "type": "Point",
        "coordinates": [
          132.739489,
          33.8911074
        ]
      },
      "properties": {
        "routeId": "shikoku-88-iyo",
        "name": "和気",
        "type": "transport",
        "subtype": "bus_stop",
        "stageIndex": 8,
        "kmFromStart": 224,
        "icon": "bus_stop",
        "source": "osm",
        "osmId": "node/3152604810"
      }
    },
    {
      "type": "Feature",
      "id": "wp-osm-transport-node3152604812",
      "geometry": {
        "type": "Point",
        "coordinates": [
          132.7392437,
          33.8899427
        ]
      },
      "properties": {
        "routeId": "shikoku-88-iyo",
        "name": "和気駅前",
        "type": "transport",
        "subtype": "bus_stop",
        "stageIndex": 8,
        "kmFromStart": 223.9,
        "icon": "bus_stop",
        "source": "osm",
        "osmId": "node/3152604812"
      }
    },
    {
      "type": "Feature",
      "id": "wp-osm-transport-node7733520880",
      "geometry": {
        "type": "Point",
        "coordinates": [
          132.7407149,
          33.8896309
        ]
      },
      "properties": {
        "routeId": "shikoku-88-iyo",
        "name": "Iyo-Wake",
        "nameLocalized": {
          "ja": "伊予和気",
          "ko": "이요와케"
        },
        "type": "transport",
        "subtype": "train_station",
        "stageIndex": 8,
        "kmFromStart": 224.2,
        "icon": "train_station",
        "source": "osm",
        "osmId": "node/7733520880"
      }
    },
    {
      "type": "Feature",
      "id": "wp-osm-water_source-node6856192342",
      "geometry": {
        "type": "Point",
        "coordinates": [
          132.7471544,
          33.8932259
        ]
      },
      "properties": {
        "routeId": "shikoku-88-iyo",
        "name": "Unnamed",
        "type": "water_source",
        "subtype": "fountain",
        "stageIndex": 8,
        "kmFromStart": 224.9,
        "icon": "fountain",
        "source": "osm",
        "osmId": "node/6856192342"
      }
    },
    {
      "type": "Feature",
      "id": "wp-osm-transport-node3152604363",
      "geometry": {
        "type": "Point",
        "coordinates": [
          132.748934,
          33.8951049
        ]
      },
      "properties": {
        "routeId": "shikoku-88-iyo",
        "name": "内宮",
        "type": "transport",
        "subtype": "bus_stop",
        "stageIndex": 8,
        "kmFromStart": 225.1,
        "icon": "bus_stop",
        "source": "osm",
        "osmId": "node/3152604363"
      }
    },
    {
      "type": "Feature",
      "id": "wp-osm-transport-node3909949936",
      "geometry": {
        "type": "Point",
        "coordinates": [
          132.7486814,
          33.8957654
        ]
      },
      "properties": {
        "routeId": "shikoku-88-iyo",
        "name": "内宮",
        "type": "transport",
        "subtype": "bus_stop",
        "stageIndex": 8,
        "kmFromStart": 225.2,
        "icon": "bus_stop",
        "source": "osm",
        "osmId": "node/3909949936"
      }
    },
    {
      "type": "Feature",
      "id": "wp-osm-food-node3960741875",
      "geometry": {
        "type": "Point",
        "coordinates": [
          132.7490258,
          33.8961661
        ]
      },
      "properties": {
        "routeId": "shikoku-88-iyo",
        "name": "Cafemuseum",
        "type": "food",
        "subtype": "cafe",
        "stageIndex": 8,
        "kmFromStart": 225.4,
        "icon": "cafe",
        "source": "osm",
        "osmId": "node/3960741875"
      }
    },
    {
      "type": "Feature",
      "id": "wp-osm-food-node13954951301",
      "geometry": {
        "type": "Point",
        "coordinates": [
          132.748466,
          33.8964251
        ]
      },
      "properties": {
        "routeId": "shikoku-88-iyo",
        "name": "麺鮮醤油房 周月",
        "type": "food",
        "subtype": "restaurant",
        "stageIndex": 8,
        "kmFromStart": 225.4,
        "icon": "restaurant",
        "source": "osm",
        "osmId": "node/13954951301",
        "hours": "Fr-We 10:00-22:00"
      }
    },
    {
      "type": "Feature",
      "id": "wp-osm-transport-node3152609532",
      "geometry": {
        "type": "Point",
        "coordinates": [
          132.7476448,
          33.9010208
        ]
      },
      "properties": {
        "routeId": "shikoku-88-iyo",
        "name": "花見橋",
        "type": "transport",
        "subtype": "bus_stop",
        "stageIndex": 8,
        "kmFromStart": 226,
        "icon": "bus_stop",
        "source": "osm",
        "osmId": "node/3152609532"
      }
    },
    {
      "type": "Feature",
      "id": "wp-osm-transport-node3909957799",
      "geometry": {
        "type": "Point",
        "coordinates": [
          132.7474466,
          33.9016619
        ]
      },
      "properties": {
        "routeId": "shikoku-88-iyo",
        "name": "花見橋",
        "type": "transport",
        "subtype": "bus_stop",
        "stageIndex": 8,
        "kmFromStart": 226,
        "icon": "bus_stop",
        "source": "osm",
        "osmId": "node/3909957799"
      }
    },
    {
      "type": "Feature",
      "id": "wp-osm-transport-node3152604933",
      "geometry": {
        "type": "Point",
        "coordinates": [
          132.7515297,
          33.9060357
        ]
      },
      "properties": {
        "routeId": "shikoku-88-iyo",
        "name": "堀江",
        "type": "transport",
        "subtype": "bus_stop",
        "stageIndex": 8,
        "kmFromStart": 226.7,
        "icon": "bus_stop",
        "source": "osm",
        "osmId": "node/3152604933"
      }
    },
    {
      "type": "Feature",
      "id": "wp-osm-water_source-node5500182421",
      "geometry": {
        "type": "Point",
        "coordinates": [
          132.7497604,
          33.9071622
        ]
      },
      "properties": {
        "routeId": "shikoku-88-iyo",
        "name": "Unnamed",
        "type": "water_source",
        "subtype": "fountain",
        "stageIndex": 8,
        "kmFromStart": 226.7,
        "icon": "fountain",
        "source": "osm",
        "osmId": "node/5500182421"
      }
    },
    {
      "type": "Feature",
      "id": "wp-osm-supply-node5923441587",
      "geometry": {
        "type": "Point",
        "coordinates": [
          132.7629758,
          33.9268566
        ]
      },
      "properties": {
        "routeId": "shikoku-88-iyo",
        "name": "Family-Mart",
        "nameLocalized": {
          "zh": "全家便利商店"
        },
        "type": "supply",
        "subtype": "convenience_store",
        "stageIndex": 8,
        "kmFromStart": 229.4,
        "icon": "convenience_store",
        "source": "osm",
        "osmId": "node/5923441587"
      }
    },
    {
      "type": "Feature",
      "id": "wp-osm-food-node5932952785",
      "geometry": {
        "type": "Point",
        "coordinates": [
          132.7623879,
          33.9312952
        ]
      },
      "properties": {
        "routeId": "shikoku-88-iyo",
        "name": "Okonomiyaki Kaz",
        "type": "food",
        "subtype": "restaurant",
        "stageIndex": 8,
        "kmFromStart": 229.8,
        "icon": "restaurant",
        "source": "osm",
        "osmId": "node/5932952785",
        "hours": "Th-Tu 09:00-14:00, 17:00-21:30"
      }
    },
    {
      "type": "Feature",
      "id": "wp-osm-transport-node7733520879",
      "geometry": {
        "type": "Point",
        "coordinates": [
          132.761095,
          33.9269781
        ]
      },
      "properties": {
        "routeId": "shikoku-88-iyo",
        "name": "Kōyōdai",
        "nameLocalized": {
          "ja": "光洋台",
          "ko": "고요다이"
        },
        "type": "transport",
        "subtype": "train_station",
        "stageIndex": 8,
        "kmFromStart": 229.4,
        "icon": "train_station",
        "source": "osm",
        "osmId": "node/7733520879"
      }
    },
    {
      "type": "Feature",
      "id": "wp-osm-transport-node7826453328",
      "geometry": {
        "type": "Point",
        "coordinates": [
          132.7534287,
          33.9058337
        ]
      },
      "properties": {
        "routeId": "shikoku-88-iyo",
        "name": "Horie",
        "nameLocalized": {
          "ja": "堀江",
          "ko": "호리에"
        },
        "type": "transport",
        "subtype": "train_station",
        "stageIndex": 8,
        "kmFromStart": 226.8,
        "icon": "train_station",
        "source": "osm",
        "osmId": "node/7826453328"
      }
    },
    {
      "type": "Feature",
      "id": "wp-osm-transport-node3152608583",
      "geometry": {
        "type": "Point",
        "coordinates": [
          132.7619026,
          33.9298907
        ]
      },
      "properties": {
        "routeId": "shikoku-88-iyo",
        "name": "磯の川",
        "type": "transport",
        "subtype": "bus_stop",
        "stageIndex": 8,
        "kmFromStart": 229.7,
        "icon": "bus_stop",
        "source": "osm",
        "osmId": "node/3152608583"
      }
    },
    {
      "type": "Feature",
      "id": "wp-osm-transport-node3152606268",
      "geometry": {
        "type": "Point",
        "coordinates": [
          132.7602794,
          33.9274985
        ]
      },
      "properties": {
        "routeId": "shikoku-88-iyo",
        "name": "小川",
        "type": "transport",
        "subtype": "bus_stop",
        "stageIndex": 8,
        "kmFromStart": 229.4,
        "icon": "bus_stop",
        "source": "osm",
        "osmId": "node/3152606268"
      }
    },
    {
      "type": "Feature",
      "id": "wp-osm-transport-node3152609481",
      "geometry": {
        "type": "Point",
        "coordinates": [
          132.7578302,
          33.9240954
        ]
      },
      "properties": {
        "routeId": "shikoku-88-iyo",
        "name": "粟井坂",
        "type": "transport",
        "subtype": "bus_stop",
        "stageIndex": 8,
        "kmFromStart": 228.9,
        "icon": "bus_stop",
        "source": "osm",
        "osmId": "node/3152609481"
      }
    },
    {
      "type": "Feature",
      "id": "wp-osm-supply-node5502341122",
      "geometry": {
        "type": "Point",
        "coordinates": [
          132.758313,
          33.9257523
        ]
      },
      "properties": {
        "routeId": "shikoku-88-iyo",
        "name": "Unnamed",
        "type": "supply",
        "subtype": "toilet",
        "stageIndex": 8,
        "kmFromStart": 229.1,
        "icon": "toilet",
        "source": "osm",
        "osmId": "node/5502341122"
      }
    },
    {
      "type": "Feature",
      "id": "wp-osm-transport-node3152605194",
      "geometry": {
        "type": "Point",
        "coordinates": [
          132.7579868,
          33.917702
        ]
      },
      "properties": {
        "routeId": "shikoku-88-iyo",
        "name": "大谷口",
        "type": "transport",
        "subtype": "bus_stop",
        "stageIndex": 8,
        "kmFromStart": 228.2,
        "icon": "bus_stop",
        "source": "osm",
        "osmId": "node/3152605194"
      }
    },
    {
      "type": "Feature",
      "id": "wp-osm-food-node13168672959",
      "geometry": {
        "type": "Point",
        "coordinates": [
          132.7555205,
          33.9115741
        ]
      },
      "properties": {
        "routeId": "shikoku-88-iyo",
        "name": "Cafe train",
        "type": "food",
        "subtype": "cafe",
        "stageIndex": 8,
        "kmFromStart": 227.5,
        "icon": "cafe",
        "source": "osm",
        "osmId": "node/13168672959"
      }
    },
    {
      "type": "Feature",
      "id": "wp-osm-transport-node3152607382",
      "geometry": {
        "type": "Point",
        "coordinates": [
          132.7548284,
          33.9092368
        ]
      },
      "properties": {
        "routeId": "shikoku-88-iyo",
        "name": "東栄",
        "type": "transport",
        "subtype": "bus_stop",
        "stageIndex": 8,
        "kmFromStart": 227.2,
        "icon": "bus_stop",
        "source": "osm",
        "osmId": "node/3152607382"
      }
    },
    {
      "type": "Feature",
      "id": "wp-osm-food-node5935625910",
      "geometry": {
        "type": "Point",
        "coordinates": [
          132.7540179,
          33.9085372
        ]
      },
      "properties": {
        "routeId": "shikoku-88-iyo",
        "name": "Al Porte",
        "type": "food",
        "subtype": "restaurant",
        "stageIndex": 8,
        "kmFromStart": 227.1,
        "icon": "restaurant",
        "source": "osm",
        "osmId": "node/5935625910"
      }
    },
    {
      "type": "Feature",
      "id": "wp-osm-transport-node3152609482",
      "geometry": {
        "type": "Point",
        "coordinates": [
          132.7653912,
          33.9373805
        ]
      },
      "properties": {
        "routeId": "shikoku-88-iyo",
        "name": "粟井橋",
        "type": "transport",
        "subtype": "bus_stop",
        "stageIndex": 8,
        "kmFromStart": 230.6,
        "icon": "bus_stop",
        "source": "osm",
        "osmId": "node/3152609482"
      }
    },
    {
      "type": "Feature",
      "id": "wp-osm-transport-node3152604821",
      "geometry": {
        "type": "Point",
        "coordinates": [
          132.7632269,
          33.9343333
        ]
      },
      "properties": {
        "routeId": "shikoku-88-iyo",
        "name": "和田",
        "type": "transport",
        "subtype": "bus_stop",
        "stageIndex": 8,
        "kmFromStart": 230.2,
        "icon": "bus_stop",
        "source": "osm",
        "osmId": "node/3152604821"
      }
    },
    {
      "type": "Feature",
      "id": "wp-osm-food-node5932929695",
      "geometry": {
        "type": "Point",
        "coordinates": [
          132.7629556,
          33.9330682
        ]
      },
      "properties": {
        "routeId": "shikoku-88-iyo",
        "name": "Ichiraku",
        "type": "food",
        "subtype": "restaurant",
        "stageIndex": 8,
        "kmFromStart": 230,
        "icon": "restaurant",
        "source": "osm",
        "osmId": "node/5932929695"
      }
    },
    {
      "type": "Feature",
      "id": "wp-osm-transport-node3152603515",
      "geometry": {
        "type": "Point",
        "coordinates": [
          132.7674333,
          33.939909
        ]
      },
      "properties": {
        "routeId": "shikoku-88-iyo",
        "name": "Unnamed",
        "type": "transport",
        "subtype": "bus_stop",
        "stageIndex": 8,
        "kmFromStart": 230.9,
        "icon": "bus_stop",
        "source": "osm",
        "osmId": "node/3152603515"
      }
    },
    {
      "type": "Feature",
      "id": "wp-osm-transport-node3152609483",
      "geometry": {
        "type": "Point",
        "coordinates": [
          132.7687659,
          33.9432471
        ]
      },
      "properties": {
        "routeId": "shikoku-88-iyo",
        "name": "粟井駅前",
        "type": "transport",
        "subtype": "bus_stop",
        "stageIndex": 8,
        "kmFromStart": 231.3,
        "icon": "bus_stop",
        "source": "osm",
        "osmId": "node/3152609483"
      }
    },
    {
      "type": "Feature",
      "id": "wp-osm-transport-node7826453327",
      "geometry": {
        "type": "Point",
        "coordinates": [
          132.7705353,
          33.9427301
        ]
      },
      "properties": {
        "routeId": "shikoku-88-iyo",
        "name": "Awai",
        "nameLocalized": {
          "ja": "粟井",
          "ko": "아와이"
        },
        "type": "transport",
        "subtype": "train_station",
        "stageIndex": 8,
        "kmFromStart": 231.3,
        "icon": "train_station",
        "source": "osm",
        "osmId": "node/7826453327"
      }
    },
    {
      "type": "Feature",
      "id": "wp-osm-medical-node1423731189",
      "geometry": {
        "type": "Point",
        "coordinates": [
          132.76924,
          33.94655
        ]
      },
      "properties": {
        "routeId": "shikoku-88-iyo",
        "name": "北条病院",
        "type": "medical",
        "subtype": "hospital",
        "stageIndex": 8,
        "kmFromStart": 231.7,
        "icon": "hospital",
        "source": "osm",
        "osmId": "node/1423731189"
      }
    },
    {
      "type": "Feature",
      "id": "wp-osm-transport-node3152603493",
      "geometry": {
        "type": "Point",
        "coordinates": [
          132.7686805,
          33.945981
        ]
      },
      "properties": {
        "routeId": "shikoku-88-iyo",
        "name": "中須賀",
        "type": "transport",
        "subtype": "bus_stop",
        "stageIndex": 8,
        "kmFromStart": 231.6,
        "icon": "bus_stop",
        "source": "osm",
        "osmId": "node/3152603493"
      }
    },
    {
      "type": "Feature",
      "id": "wp-osm-supply-node1850961994",
      "geometry": {
        "type": "Point",
        "coordinates": [
          132.7692418,
          33.9472371
        ]
      },
      "properties": {
        "routeId": "shikoku-88-iyo",
        "name": "Lawson",
        "nameLocalized": {
          "ja": "ローソン"
        },
        "type": "supply",
        "subtype": "convenience_store",
        "stageIndex": 8,
        "kmFromStart": 231.8,
        "icon": "convenience_store",
        "source": "osm",
        "osmId": "node/1850961994"
      }
    },
    {
      "type": "Feature",
      "id": "wp-osm-transport-node3152607404",
      "geometry": {
        "type": "Point",
        "coordinates": [
          132.7705173,
          33.9501388
        ]
      },
      "properties": {
        "routeId": "shikoku-88-iyo",
        "name": "松の木",
        "type": "transport",
        "subtype": "bus_stop",
        "stageIndex": 8,
        "kmFromStart": 232.1,
        "icon": "bus_stop",
        "source": "osm",
        "osmId": "node/3152607404"
      }
    },
    {
      "type": "Feature",
      "id": "wp-osm-supply-node5960662696",
      "geometry": {
        "type": "Point",
        "coordinates": [
          132.7711799,
          33.9505648
        ]
      },
      "properties": {
        "routeId": "shikoku-88-iyo",
        "name": "セブンイレブン(Seven-Eleven)北条片山店",
        "type": "supply",
        "subtype": "convenience_store",
        "stageIndex": 8,
        "kmFromStart": 232.2,
        "icon": "convenience_store",
        "source": "osm",
        "osmId": "node/5960662696"
      }
    },
    {
      "type": "Feature",
      "id": "wp-osm-transport-node3152607481",
      "geometry": {
        "type": "Point",
        "coordinates": [
          132.7716422,
          33.9533569
        ]
      },
      "properties": {
        "routeId": "shikoku-88-iyo",
        "name": "柳原",
        "type": "transport",
        "subtype": "bus_stop",
        "stageIndex": 8,
        "kmFromStart": 232.5,
        "icon": "bus_stop",
        "source": "osm",
        "osmId": "node/3152607481"
      }
    },
    {
      "type": "Feature",
      "id": "wp-osm-transport-node7826453326",
      "geometry": {
        "type": "Point",
        "coordinates": [
          132.7735252,
          33.953534
        ]
      },
      "properties": {
        "routeId": "shikoku-88-iyo",
        "name": "Yanagihara",
        "nameLocalized": {
          "ja": "柳原",
          "ko": "야나기하라"
        },
        "type": "transport",
        "subtype": "train_station",
        "stageIndex": 8,
        "kmFromStart": 232.6,
        "icon": "train_station",
        "source": "osm",
        "osmId": "node/7826453326"
      }
    },
    {
      "type": "Feature",
      "id": "wp-osm-transport-node3152607765",
      "geometry": {
        "type": "Point",
        "coordinates": [
          132.7723115,
          33.9565749
        ]
      },
      "properties": {
        "routeId": "shikoku-88-iyo",
        "name": "河野橋",
        "type": "transport",
        "subtype": "bus_stop",
        "stageIndex": 8,
        "kmFromStart": 232.9,
        "icon": "bus_stop",
        "source": "osm",
        "osmId": "node/3152607765"
      }
    },
    {
      "type": "Feature",
      "id": "wp-osm-medical-node1423740346",
      "geometry": {
        "type": "Point",
        "coordinates": [
          132.770629,
          33.958438
        ]
      },
      "properties": {
        "routeId": "shikoku-88-iyo",
        "name": "清和会和ホスピタル",
        "type": "medical",
        "subtype": "hospital",
        "stageIndex": 8,
        "kmFromStart": 233.1,
        "icon": "hospital",
        "source": "osm",
        "osmId": "node/1423740346"
      }
    },
    {
      "type": "Feature",
      "id": "wp-osm-transport-node3152609999",
      "geometry": {
        "type": "Point",
        "coordinates": [
          132.7723827,
          33.9594797
        ]
      },
      "properties": {
        "routeId": "shikoku-88-iyo",
        "name": "西の下",
        "type": "transport",
        "subtype": "bus_stop",
        "stageIndex": 8,
        "kmFromStart": 233.2,
        "icon": "bus_stop",
        "source": "osm",
        "osmId": "node/3152609999"
      }
    },
    {
      "type": "Feature",
      "id": "wp-osm-transport-node3152606919",
      "geometry": {
        "type": "Point",
        "coordinates": [
          132.7725108,
          33.9656453
        ]
      },
      "properties": {
        "routeId": "shikoku-88-iyo",
        "name": "新開",
        "type": "transport",
        "subtype": "bus_stop",
        "stageIndex": 8,
        "kmFromStart": 233.9,
        "icon": "bus_stop",
        "source": "osm",
        "osmId": "node/3152606919"
      }
    },
    {
      "type": "Feature",
      "id": "wp-osm-transport-node3152604450",
      "geometry": {
        "type": "Point",
        "coordinates": [
          132.7727386,
          33.9700025
        ]
      },
      "properties": {
        "routeId": "shikoku-88-iyo",
        "name": "北条高校前",
        "type": "transport",
        "subtype": "bus_stop",
        "stageIndex": 9,
        "kmFromStart": 234.4,
        "icon": "bus_stop",
        "source": "osm",
        "osmId": "node/3152604450"
      }
    },
    {
      "type": "Feature",
      "id": "wp-osm-accommodation-node11535058569",
      "geometry": {
        "type": "Point",
        "coordinates": [
          132.7722368,
          33.9689834
        ]
      },
      "properties": {
        "routeId": "shikoku-88-iyo",
        "name": "Hōjō Suigun Youth Hostel",
        "type": "accommodation",
        "subtype": "guesthouse",
        "stageIndex": 9,
        "kmFromStart": 234.3,
        "icon": "guesthouse",
        "source": "osm",
        "osmId": "node/11535058569"
      }
    },
    {
      "type": "Feature",
      "id": "wp-osm-transport-node3152604448",
      "geometry": {
        "type": "Point",
        "coordinates": [
          132.7746886,
          33.972854
        ]
      },
      "properties": {
        "routeId": "shikoku-88-iyo",
        "name": "北条駅前",
        "type": "transport",
        "subtype": "bus_stop",
        "stageIndex": 9,
        "kmFromStart": 234.7,
        "icon": "bus_stop",
        "source": "osm",
        "osmId": "node/3152604448"
      }
    },
    {
      "type": "Feature",
      "id": "wp-osm-transport-node3152604449",
      "geometry": {
        "type": "Point",
        "coordinates": [
          132.7735609,
          33.9733469
        ]
      },
      "properties": {
        "routeId": "shikoku-88-iyo",
        "name": "北条駅口",
        "type": "transport",
        "subtype": "bus_stop",
        "stageIndex": 9,
        "kmFromStart": 234.8,
        "icon": "bus_stop",
        "source": "osm",
        "osmId": "node/3152604449"
      }
    },
    {
      "type": "Feature",
      "id": "wp-osm-transport-node3152604451",
      "geometry": {
        "type": "Point",
        "coordinates": [
          132.7728953,
          33.9723662
        ]
      },
      "properties": {
        "routeId": "shikoku-88-iyo",
        "name": "北条鹿島前",
        "type": "transport",
        "subtype": "bus_stop",
        "stageIndex": 9,
        "kmFromStart": 234.6,
        "icon": "bus_stop",
        "source": "osm",
        "osmId": "node/3152604451"
      }
    },
    {
      "type": "Feature",
      "id": "wp-osm-transport-node3152610430",
      "geometry": {
        "type": "Point",
        "coordinates": [
          132.7743904,
          33.9753422
        ]
      },
      "properties": {
        "routeId": "shikoku-88-iyo",
        "name": "辻町",
        "type": "transport",
        "subtype": "bus_stop",
        "stageIndex": 9,
        "kmFromStart": 235.1,
        "icon": "bus_stop",
        "source": "osm",
        "osmId": "node/3152610430"
      }
    },
    {
      "type": "Feature",
      "id": "wp-osm-transport-node3152604442",
      "geometry": {
        "type": "Point",
        "coordinates": [
          132.7756007,
          33.9782897
        ]
      },
      "properties": {
        "routeId": "shikoku-88-iyo",
        "name": "北本町",
        "type": "transport",
        "subtype": "bus_stop",
        "stageIndex": 9,
        "kmFromStart": 235.7,
        "icon": "bus_stop",
        "source": "osm",
        "osmId": "node/3152604442"
      }
    },
    {
      "type": "Feature",
      "id": "wp-osm-transport-node3152604447",
      "geometry": {
        "type": "Point",
        "coordinates": [
          132.7745185,
          33.9764528
        ]
      },
      "properties": {
        "routeId": "shikoku-88-iyo",
        "name": "北条本町",
        "type": "transport",
        "subtype": "bus_stop",
        "stageIndex": 9,
        "kmFromStart": 235.2,
        "icon": "bus_stop",
        "source": "osm",
        "osmId": "node/3152604447"
      }
    },
    {
      "type": "Feature",
      "id": "wp-osm-sacred_site-node11399531370",
      "geometry": {
        "type": "Point",
        "coordinates": [
          132.775715,
          33.9797197
        ]
      },
      "properties": {
        "routeId": "shikoku-88-iyo",
        "name": "Yogoin",
        "type": "sacred_site",
        "subtype": "church",
        "stageIndex": 9,
        "kmFromStart": 235.7,
        "icon": "church",
        "source": "osm",
        "osmId": "node/11399531370"
      }
    },
    {
      "type": "Feature",
      "id": "wp-osm-transport-node3152604444",
      "geometry": {
        "type": "Point",
        "coordinates": [
          132.7766446,
          33.9799621
        ]
      },
      "properties": {
        "routeId": "shikoku-88-iyo",
        "name": "北条",
        "type": "transport",
        "subtype": "bus_stop",
        "stageIndex": 9,
        "kmFromStart": 235.8,
        "icon": "bus_stop",
        "source": "osm",
        "osmId": "node/3152604444"
      }
    },
    {
      "type": "Feature",
      "id": "wp-osm-supply-node5923441685",
      "geometry": {
        "type": "Point",
        "coordinates": [
          132.7824924,
          33.9808488
        ]
      },
      "properties": {
        "routeId": "shikoku-88-iyo",
        "name": "Family-Mart",
        "nameLocalized": {
          "zh": "全家便利商店"
        },
        "type": "supply",
        "subtype": "convenience_store",
        "stageIndex": 9,
        "kmFromStart": 236.5,
        "icon": "convenience_store",
        "source": "osm",
        "osmId": "node/5923441685"
      }
    },
    {
      "type": "Feature",
      "id": "wp-osm-transport-node3152608184",
      "geometry": {
        "type": "Point",
        "coordinates": [
          132.7809333,
          33.9844268
        ]
      },
      "properties": {
        "routeId": "shikoku-88-iyo",
        "name": "白橋",
        "type": "transport",
        "subtype": "bus_stop",
        "stageIndex": 9,
        "kmFromStart": 236.8,
        "icon": "bus_stop",
        "source": "osm",
        "osmId": "node/3152608184"
      }
    },
    {
      "type": "Feature",
      "id": "wp-osm-supply-node13179654501",
      "geometry": {
        "type": "Point",
        "coordinates": [
          132.7850146,
          33.9893863
        ]
      },
      "properties": {
        "routeId": "shikoku-88-iyo",
        "name": "Unnamed",
        "type": "supply",
        "subtype": "toilet",
        "stageIndex": 9,
        "kmFromStart": 237.4,
        "icon": "toilet",
        "source": "osm",
        "osmId": "node/13179654501"
      }
    },
    {
      "type": "Feature",
      "id": "wp-osm-supply-node11399783769",
      "geometry": {
        "type": "Point",
        "coordinates": [
          132.7913946,
          33.9972019
        ]
      },
      "properties": {
        "routeId": "shikoku-88-iyo",
        "name": "Unnamed",
        "type": "supply",
        "subtype": "toilet",
        "stageIndex": 9,
        "kmFromStart": 238.6,
        "icon": "toilet",
        "source": "osm",
        "osmId": "node/11399783769"
      }
    },
    {
      "type": "Feature",
      "id": "wp-osm-transport-node8583968615",
      "geometry": {
        "type": "Point",
        "coordinates": [
          132.8027642,
          34.0099253
        ]
      },
      "properties": {
        "routeId": "shikoku-88-iyo",
        "name": "Asanami",
        "nameLocalized": {
          "ko": "아사나미"
        },
        "type": "transport",
        "subtype": "train_station",
        "stageIndex": 9,
        "kmFromStart": 240.5,
        "icon": "train_station",
        "source": "osm",
        "osmId": "node/8583968615"
      }
    },
    {
      "type": "Feature",
      "id": "wp-osm-sacred_site-node11397677970",
      "geometry": {
        "type": "Point",
        "coordinates": [
          132.8002408,
          34.0084429
        ]
      },
      "properties": {
        "routeId": "shikoku-88-iyo",
        "name": "Asanami Daishidō",
        "type": "sacred_site",
        "subtype": "church",
        "stageIndex": 9,
        "kmFromStart": 240.2,
        "icon": "church",
        "source": "osm",
        "osmId": "node/11397677970"
      }
    },
    {
      "type": "Feature",
      "id": "wp-osm-sacred_site-node11399586869",
      "geometry": {
        "type": "Point",
        "coordinates": [
          132.8143161,
          34.0211185
        ]
      },
      "properties": {
        "routeId": "shikoku-88-iyo",
        "name": "Mihosha",
        "nameLocalized": {
          "ja": "三穂社"
        },
        "type": "sacred_site",
        "subtype": "church",
        "stageIndex": 9,
        "kmFromStart": 242.2,
        "icon": "church",
        "source": "osm",
        "osmId": "node/11399586869"
      }
    },
    {
      "type": "Feature",
      "id": "wp-osm-transport-node3152609961",
      "geometry": {
        "type": "Point",
        "coordinates": [
          132.8382951,
          34.0338822
        ]
      },
      "properties": {
        "routeId": "shikoku-88-iyo",
        "name": "菊間",
        "type": "transport",
        "subtype": "bus_stop",
        "stageIndex": 9,
        "kmFromStart": 245.1,
        "icon": "bus_stop",
        "source": "osm",
        "osmId": "node/3152609961"
      }
    },
    {
      "type": "Feature",
      "id": "wp-osm-transport-node7832077479",
      "geometry": {
        "type": "Point",
        "coordinates": [
          132.8408433,
          34.0333295
        ]
      },
      "properties": {
        "routeId": "shikoku-88-iyo",
        "name": "Kikuma",
        "nameLocalized": {
          "ja": "菊間",
          "ko": "기쿠마"
        },
        "type": "transport",
        "subtype": "train_station",
        "stageIndex": 9,
        "kmFromStart": 245.3,
        "icon": "train_station",
        "source": "osm",
        "osmId": "node/7832077479"
      }
    },
    {
      "type": "Feature",
      "id": "wp-osm-transport-node3152609962",
      "geometry": {
        "type": "Point",
        "coordinates": [
          132.8423055,
          34.0373158
        ]
      },
      "properties": {
        "routeId": "shikoku-88-iyo",
        "name": "菊間橋",
        "type": "transport",
        "subtype": "bus_stop",
        "stageIndex": 9,
        "kmFromStart": 245.8,
        "icon": "bus_stop",
        "source": "osm",
        "osmId": "node/3152609962"
      }
    },
    {
      "type": "Feature",
      "id": "wp-osm-transport-node3152602973",
      "geometry": {
        "type": "Point",
        "coordinates": [
          132.8445003,
          34.0382326
        ]
      },
      "properties": {
        "routeId": "shikoku-88-iyo",
        "name": "JA菊間",
        "type": "transport",
        "subtype": "bus_stop",
        "stageIndex": 9,
        "kmFromStart": 246,
        "icon": "bus_stop",
        "source": "osm",
        "osmId": "node/3152602973"
      }
    },
    {
      "type": "Feature",
      "id": "wp-osm-supply-node5923424988",
      "geometry": {
        "type": "Point",
        "coordinates": [
          132.8470259,
          34.039279
        ]
      },
      "properties": {
        "routeId": "shikoku-88-iyo",
        "name": "7-Eleven",
        "type": "supply",
        "subtype": "convenience_store",
        "stageIndex": 9,
        "kmFromStart": 246.3,
        "icon": "convenience_store",
        "source": "osm",
        "osmId": "node/5923424988",
        "hours": "24/7"
      }
    },
    {
      "type": "Feature",
      "id": "wp-osm-transport-node3152604024",
      "geometry": {
        "type": "Point",
        "coordinates": [
          132.8491436,
          34.0425558
        ]
      },
      "properties": {
        "routeId": "shikoku-88-iyo",
        "name": "八幡前",
        "type": "transport",
        "subtype": "bus_stop",
        "stageIndex": 9,
        "kmFromStart": 246.7,
        "icon": "bus_stop",
        "source": "osm",
        "osmId": "node/3152604024"
      }
    },
    {
      "type": "Feature",
      "id": "wp-osm-transport-node3152609971",
      "geometry": {
        "type": "Point",
        "coordinates": [
          132.8549217,
          34.0443406
        ]
      },
      "properties": {
        "routeId": "shikoku-88-iyo",
        "name": "葉山",
        "type": "transport",
        "subtype": "bus_stop",
        "stageIndex": 9,
        "kmFromStart": 247.3,
        "icon": "bus_stop",
        "source": "osm",
        "osmId": "node/3152609971"
      }
    },
    {
      "type": "Feature",
      "id": "wp-osm-transport-node3152605229",
      "geometry": {
        "type": "Point",
        "coordinates": [
          132.8583655,
          34.0474906
        ]
      },
      "properties": {
        "routeId": "shikoku-88-iyo",
        "name": "太陽石油",
        "type": "transport",
        "subtype": "bus_stop",
        "stageIndex": 9,
        "kmFromStart": 247.8,
        "icon": "bus_stop",
        "source": "osm",
        "osmId": "node/3152605229"
      }
    },
    {
      "type": "Feature",
      "id": "wp-osm-transport-node3152605230",
      "geometry": {
        "type": "Point",
        "coordinates": [
          132.8613174,
          34.0487083
        ]
      },
      "properties": {
        "routeId": "shikoku-88-iyo",
        "name": "太陽石油前",
        "type": "transport",
        "subtype": "bus_stop",
        "stageIndex": 9,
        "kmFromStart": 248.1,
        "icon": "bus_stop",
        "source": "osm",
        "osmId": "node/3152605230"
      }
    },
    {
      "type": "Feature",
      "id": "wp-osm-sacred_site-node11399683969",
      "geometry": {
        "type": "Point",
        "coordinates": [
          132.8630684,
          34.0498449
        ]
      },
      "properties": {
        "routeId": "shikoku-88-iyo",
        "name": "Aokijizodo",
        "type": "sacred_site",
        "subtype": "church",
        "stageIndex": 9,
        "kmFromStart": 248.3,
        "icon": "church",
        "source": "osm",
        "osmId": "node/11399683969"
      }
    },
    {
      "type": "Feature",
      "id": "wp-osm-transport-node3152607772",
      "geometry": {
        "type": "Point",
        "coordinates": [
          132.8670544,
          34.0524329
        ]
      },
      "properties": {
        "routeId": "shikoku-88-iyo",
        "name": "泊山団地入口",
        "type": "transport",
        "subtype": "bus_stop",
        "stageIndex": 9,
        "kmFromStart": 248.8,
        "icon": "bus_stop",
        "source": "osm",
        "osmId": "node/3152607772"
      }
    },
    {
      "type": "Feature",
      "id": "wp-osm-transport-node3152608632",
      "geometry": {
        "type": "Point",
        "coordinates": [
          132.8712593,
          34.0539857
        ]
      },
      "properties": {
        "routeId": "shikoku-88-iyo",
        "name": "種",
        "type": "transport",
        "subtype": "bus_stop",
        "stageIndex": 9,
        "kmFromStart": 249.2,
        "icon": "bus_stop",
        "source": "osm",
        "osmId": "node/3152608632"
      }
    },
    {
      "type": "Feature",
      "id": "wp-osm-transport-node7832077480",
      "geometry": {
        "type": "Point",
        "coordinates": [
          132.8741686,
          34.0538303
        ]
      },
      "properties": {
        "routeId": "shikoku-88-iyo",
        "name": "Iyo-Kameoka",
        "nameLocalized": {
          "ja": "伊予亀岡",
          "ko": "이요카메오카"
        },
        "type": "transport",
        "subtype": "train_station",
        "stageIndex": 9,
        "kmFromStart": 249.4,
        "icon": "train_station",
        "source": "osm",
        "osmId": "node/7832077480"
      }
    },
    {
      "type": "Feature",
      "id": "wp-osm-transport-node3152603551",
      "geometry": {
        "type": "Point",
        "coordinates": [
          132.8748097,
          34.0561685
        ]
      },
      "properties": {
        "routeId": "shikoku-88-iyo",
        "name": "亀岡",
        "type": "transport",
        "subtype": "bus_stop",
        "stageIndex": 9,
        "kmFromStart": 249.6,
        "icon": "bus_stop",
        "source": "osm",
        "osmId": "node/3152603551"
      }
    },
    {
      "type": "Feature",
      "id": "wp-osm-transport-node3152603972",
      "geometry": {
        "type": "Point",
        "coordinates": [
          132.8784785,
          34.0578893
        ]
      },
      "properties": {
        "routeId": "shikoku-88-iyo",
        "name": "佐方",
        "type": "transport",
        "subtype": "bus_stop",
        "stageIndex": 9,
        "kmFromStart": 250,
        "icon": "bus_stop",
        "source": "osm",
        "osmId": "node/3152603972"
      }
    },
    {
      "type": "Feature",
      "id": "wp-osm-transport-node3152611259",
      "geometry": {
        "type": "Point",
        "coordinates": [
          132.8841148,
          34.0584311
        ]
      },
      "properties": {
        "routeId": "shikoku-88-iyo",
        "name": "高城",
        "type": "transport",
        "subtype": "bus_stop",
        "stageIndex": 9,
        "kmFromStart": 250.5,
        "icon": "bus_stop",
        "source": "osm",
        "osmId": "node/3152611259"
      }
    },
    {
      "type": "Feature",
      "id": "wp-osm-transport-node3152610017",
      "geometry": {
        "type": "Point",
        "coordinates": [
          132.8897457,
          34.0578105
        ]
      },
      "properties": {
        "routeId": "shikoku-88-iyo",
        "name": "西之谷",
        "type": "transport",
        "subtype": "bus_stop",
        "stageIndex": 9,
        "kmFromStart": 251.1,
        "icon": "bus_stop",
        "source": "osm",
        "osmId": "node/3152610017"
      }
    },
    {
      "type": "Feature",
      "id": "wp-osm-transport-node3152604394",
      "geometry": {
        "type": "Point",
        "coordinates": [
          132.8989885,
          34.0635952
        ]
      },
      "properties": {
        "routeId": "shikoku-88-iyo",
        "name": "別府",
        "type": "transport",
        "subtype": "bus_stop",
        "stageIndex": 9,
        "kmFromStart": 252.2,
        "icon": "bus_stop",
        "source": "osm",
        "osmId": "node/3152604394"
      }
    },
    {
      "type": "Feature",
      "id": "wp-osm-food-node4623088791",
      "geometry": {
        "type": "Point",
        "coordinates": [
          132.9035931,
          34.0640798
        ]
      },
      "properties": {
        "routeId": "shikoku-88-iyo",
        "name": "だいあん",
        "nameLocalized": {
          "ja": "だいあん"
        },
        "type": "food",
        "subtype": "restaurant",
        "stageIndex": 9,
        "kmFromStart": 252.6,
        "icon": "restaurant",
        "source": "osm",
        "osmId": "node/4623088791"
      }
    },
    {
      "type": "Feature",
      "id": "wp-osm-supply-node5923424987",
      "geometry": {
        "type": "Point",
        "coordinates": [
          132.9111429,
          34.0621336
        ]
      },
      "properties": {
        "routeId": "shikoku-88-iyo",
        "name": "Unnamed",
        "type": "supply",
        "subtype": "toilet",
        "stageIndex": 9,
        "kmFromStart": 253.3,
        "icon": "toilet",
        "source": "osm",
        "osmId": "node/5923424987"
      }
    },
    {
      "type": "Feature",
      "id": "wp-osm-transport-node3152606290",
      "geometry": {
        "type": "Point",
        "coordinates": [
          132.9130888,
          34.0622319
        ]
      },
      "properties": {
        "routeId": "shikoku-88-iyo",
        "name": "小西保育園前",
        "type": "transport",
        "subtype": "bus_stop",
        "stageIndex": 9,
        "kmFromStart": 253.5,
        "icon": "bus_stop",
        "source": "osm",
        "osmId": "node/3152606290"
      }
    },
    {
      "type": "Feature",
      "id": "wp-osm-transport-node3152607268",
      "geometry": {
        "type": "Point",
        "coordinates": [
          132.9089798,
          34.0626236
        ]
      },
      "properties": {
        "routeId": "shikoku-88-iyo",
        "name": "星の浦海浜公園",
        "type": "transport",
        "subtype": "bus_stop",
        "stageIndex": 9,
        "kmFromStart": 253.1,
        "icon": "bus_stop",
        "source": "osm",
        "osmId": "node/3152607268"
      }
    },
    {
      "type": "Feature",
      "id": "wp-osm-supply-node6011254755",
      "geometry": {
        "type": "Point",
        "coordinates": [
          132.9098901,
          34.0629531
        ]
      },
      "properties": {
        "routeId": "shikoku-88-iyo",
        "name": "Unnamed",
        "type": "supply",
        "subtype": "toilet",
        "stageIndex": 9,
        "kmFromStart": 253.2,
        "icon": "toilet",
        "source": "osm",
        "osmId": "node/6011254755"
      }
    },
    {
      "type": "Feature",
      "id": "wp-osm-supply-node1850964635",
      "geometry": {
        "type": "Point",
        "coordinates": [
          132.9196608,
          34.06034
        ]
      },
      "properties": {
        "routeId": "shikoku-88-iyo",
        "name": "Lawson",
        "nameLocalized": {
          "ja": "ローソン",
          "ja_rm": "Rōson",
          "ko": "로손"
        },
        "type": "supply",
        "subtype": "convenience_store",
        "stageIndex": 9,
        "kmFromStart": 254.1,
        "icon": "convenience_store",
        "source": "osm",
        "osmId": "node/1850964635"
      }
    },
    {
      "type": "Feature",
      "id": "wp-osm-transport-node3152606289",
      "geometry": {
        "type": "Point",
        "coordinates": [
          132.9187723,
          34.0602828
        ]
      },
      "properties": {
        "routeId": "shikoku-88-iyo",
        "name": "小西",
        "type": "transport",
        "subtype": "bus_stop",
        "stageIndex": 9,
        "kmFromStart": 254,
        "icon": "bus_stop",
        "source": "osm",
        "osmId": "node/3152606289"
      }
    },
    {
      "type": "Feature",
      "id": "wp-osm-food-node10556632892",
      "geometry": {
        "type": "Point",
        "coordinates": [
          132.9161355,
          34.0607689
        ]
      },
      "properties": {
        "routeId": "shikoku-88-iyo",
        "name": "CAFE＆BAR ウープス",
        "type": "food",
        "subtype": "restaurant",
        "stageIndex": 9,
        "kmFromStart": 253.8,
        "icon": "restaurant",
        "source": "osm",
        "osmId": "node/10556632892"
      }
    },
    {
      "type": "Feature",
      "id": "wp-osm-transport-node3152606316",
      "geometry": {
        "type": "Point",
        "coordinates": [
          132.9225467,
          34.0612594
        ]
      },
      "properties": {
        "routeId": "shikoku-88-iyo",
        "name": "山之内橋",
        "type": "transport",
        "subtype": "bus_stop",
        "stageIndex": 9,
        "kmFromStart": 254.4,
        "icon": "bus_stop",
        "source": "osm",
        "osmId": "node/3152606316"
      }
    },
    {
      "type": "Feature",
      "id": "wp-osm-food-node5935625911",
      "geometry": {
        "type": "Point",
        "coordinates": [
          132.9272067,
          34.0625284
        ]
      },
      "properties": {
        "routeId": "shikoku-88-iyo",
        "name": "Joyfull",
        "type": "food",
        "subtype": "restaurant",
        "stageIndex": 9,
        "kmFromStart": 254.8,
        "icon": "restaurant",
        "source": "osm",
        "osmId": "node/5935625911"
      }
    },
    {
      "type": "Feature",
      "id": "wp-osm-accommodation-node11530061391",
      "geometry": {
        "type": "Point",
        "coordinates": [
          132.9238361,
          34.0602967
        ]
      },
      "properties": {
        "routeId": "shikoku-88-iyo",
        "name": "ビジネスホテルつよし",
        "type": "accommodation",
        "subtype": "hotel",
        "stageIndex": 9,
        "kmFromStart": 254.5,
        "icon": "hotel",
        "source": "osm",
        "osmId": "node/11530061391"
      }
    },
    {
      "type": "Feature",
      "id": "wp-osm-transport-node3152605188",
      "geometry": {
        "type": "Point",
        "coordinates": [
          132.9257409,
          34.0620638
        ]
      },
      "properties": {
        "routeId": "shikoku-88-iyo",
        "name": "大西支所前",
        "type": "transport",
        "subtype": "bus_stop",
        "stageIndex": 9,
        "kmFromStart": 254.7,
        "icon": "bus_stop",
        "source": "osm",
        "osmId": "node/3152605188"
      }
    },
    {
      "type": "Feature",
      "id": "wp-osm-food-node8357738025",
      "geometry": {
        "type": "Point",
        "coordinates": [
          132.9257617,
          34.0625285
        ]
      },
      "properties": {
        "routeId": "shikoku-88-iyo",
        "name": "くれもと大西店",
        "type": "food",
        "subtype": "restaurant",
        "stageIndex": 9,
        "kmFromStart": 254.7,
        "icon": "restaurant",
        "source": "osm",
        "osmId": "node/8357738025"
      }
    },
    {
      "type": "Feature",
      "id": "wp-osm-transport-node3152605187",
      "geometry": {
        "type": "Point",
        "coordinates": [
          132.9322114,
          34.0647998
        ]
      },
      "properties": {
        "routeId": "shikoku-88-iyo",
        "name": "大西",
        "type": "transport",
        "subtype": "bus_stop",
        "stageIndex": 9,
        "kmFromStart": 255.3,
        "icon": "bus_stop",
        "source": "osm",
        "osmId": "node/3152605187"
      }
    },
    {
      "type": "Feature",
      "id": "wp-osm-food-node8566838018",
      "geometry": {
        "type": "Point",
        "coordinates": [
          132.926644,
          34.0643091
        ]
      },
      "properties": {
        "routeId": "shikoku-88-iyo",
        "name": "Unnamed",
        "type": "food",
        "subtype": "cafe",
        "stageIndex": 9,
        "kmFromStart": 254.8,
        "icon": "cafe",
        "source": "osm",
        "osmId": "node/8566838018"
      }
    },
    {
      "type": "Feature",
      "id": "wp-osm-transport-node3152605812",
      "geometry": {
        "type": "Point",
        "coordinates": [
          132.9279353,
          34.0628751
        ]
      },
      "properties": {
        "routeId": "shikoku-88-iyo",
        "name": "宮前",
        "type": "transport",
        "subtype": "bus_stop",
        "stageIndex": 9,
        "kmFromStart": 254.9,
        "icon": "bus_stop",
        "source": "osm",
        "osmId": "node/3152605812"
      }
    },
    {
      "type": "Feature",
      "id": "wp-osm-sacred_site-node6403206271",
      "geometry": {
        "type": "Point",
        "coordinates": [
          132.9289266,
          34.0621955
        ]
      },
      "properties": {
        "routeId": "shikoku-88-iyo",
        "name": "大井八幡大神社",
        "type": "sacred_site",
        "subtype": "church",
        "stageIndex": 9,
        "kmFromStart": 254.9,
        "icon": "church",
        "source": "osm",
        "osmId": "node/6403206271"
      }
    },
    {
      "type": "Feature",
      "id": "wp-osm-transport-node7832077481",
      "geometry": {
        "type": "Point",
        "coordinates": [
          132.9291502,
          34.0661031
        ]
      },
      "properties": {
        "routeId": "shikoku-88-iyo",
        "name": "Ōnishi",
        "nameLocalized": {
          "ja": "大西",
          "ko": "오니시"
        },
        "type": "transport",
        "subtype": "train_station",
        "stageIndex": 9,
        "kmFromStart": 255.3,
        "icon": "train_station",
        "source": "osm",
        "osmId": "node/7832077481"
      }
    },
    {
      "type": "Feature",
      "id": "wp-osm-accommodation-node11518883453",
      "geometry": {
        "type": "Point",
        "coordinates": [
          132.9298475,
          34.0660773
        ]
      },
      "properties": {
        "routeId": "shikoku-88-iyo",
        "name": "ホテルニュースガノヤ",
        "type": "accommodation",
        "subtype": "hotel",
        "stageIndex": 9,
        "kmFromStart": 255.4,
        "icon": "hotel",
        "source": "osm",
        "osmId": "node/11518883453"
      }
    },
    {
      "type": "Feature",
      "id": "wp-osm-supply-node1850994664",
      "geometry": {
        "type": "Point",
        "coordinates": [
          132.935339,
          34.0666597
        ]
      },
      "properties": {
        "routeId": "shikoku-88-iyo",
        "name": "FamilyMart",
        "nameLocalized": {
          "ja": "ファミリーマート",
          "ja_rm": "Sankusu"
        },
        "type": "supply",
        "subtype": "convenience_store",
        "stageIndex": 9,
        "kmFromStart": 255.9,
        "icon": "convenience_store",
        "source": "osm",
        "osmId": "node/1850994664"
      }
    },
    {
      "type": "Feature",
      "id": "wp-osm-transport-node3152609488",
      "geometry": {
        "type": "Point",
        "coordinates": [
          132.9381222,
          34.067277
        ]
      },
      "properties": {
        "routeId": "shikoku-88-iyo",
        "name": "紺原",
        "type": "transport",
        "subtype": "bus_stop",
        "stageIndex": 9,
        "kmFromStart": 256.1,
        "icon": "bus_stop",
        "source": "osm",
        "osmId": "node/3152609488"
      }
    },
    {
      "type": "Feature",
      "id": "wp-osm-transport-node3152604779",
      "geometry": {
        "type": "Point",
        "coordinates": [
          132.9419689,
          34.0679397
        ]
      },
      "properties": {
        "routeId": "shikoku-88-iyo",
        "name": "吉田橋",
        "type": "transport",
        "subtype": "bus_stop",
        "stageIndex": 9,
        "kmFromStart": 256.5,
        "icon": "bus_stop",
        "source": "osm",
        "osmId": "node/3152604779"
      }
    },
    {
      "type": "Feature",
      "id": "wp-osm-transport-node3152605766",
      "geometry": {
        "type": "Point",
        "coordinates": [
          132.9480482,
          34.0679783
        ]
      },
      "properties": {
        "routeId": "shikoku-88-iyo",
        "name": "宅間",
        "type": "transport",
        "subtype": "bus_stop",
        "stageIndex": 9,
        "kmFromStart": 257.1,
        "icon": "bus_stop",
        "source": "osm",
        "osmId": "node/3152605766"
      }
    },
    {
      "type": "Feature",
      "id": "wp-osm-food-node11527404085",
      "geometry": {
        "type": "Point",
        "coordinates": [
          132.9509081,
          34.0670015
        ]
      },
      "properties": {
        "routeId": "shikoku-88-iyo",
        "name": "ラーメンショップ KANTOチェーン野間店",
        "type": "food",
        "subtype": "restaurant",
        "stageIndex": 9,
        "kmFromStart": 257.4,
        "icon": "restaurant",
        "source": "osm",
        "osmId": "node/11527404085"
      }
    },
    {
      "type": "Feature",
      "id": "wp-osm-transport-node3152610807",
      "geometry": {
        "type": "Point",
        "coordinates": [
          132.9529624,
          34.0662985
        ]
      },
      "properties": {
        "routeId": "shikoku-88-iyo",
        "name": "野間",
        "type": "transport",
        "subtype": "bus_stop",
        "stageIndex": 9,
        "kmFromStart": 257.6,
        "icon": "bus_stop",
        "source": "osm",
        "osmId": "node/3152610807"
      }
    },
    {
      "type": "Feature",
      "id": "wp-osm-transport-node3152606776",
      "geometry": {
        "type": "Point",
        "coordinates": [
          132.958632,
          34.0646046
        ]
      },
      "properties": {
        "routeId": "shikoku-88-iyo",
        "name": "延喜",
        "type": "transport",
        "subtype": "bus_stop",
        "stageIndex": 9,
        "kmFromStart": 258.1,
        "icon": "bus_stop",
        "source": "osm",
        "osmId": "node/3152606776"
      }
    },
    {
      "type": "Feature",
      "id": "wp-osm-transport-node3152611182",
      "geometry": {
        "type": "Point",
        "coordinates": [
          132.9661676,
          34.0625771
        ]
      },
      "properties": {
        "routeId": "shikoku-88-iyo",
        "name": "阿方",
        "type": "transport",
        "subtype": "bus_stop",
        "stageIndex": 9,
        "kmFromStart": 258.7,
        "icon": "bus_stop",
        "source": "osm",
        "osmId": "node/3152611182"
      }
    },
    {
      "type": "Feature",
      "id": "wp-osm-transport-node3152607504",
      "geometry": {
        "type": "Point",
        "coordinates": [
          132.962658,
          34.0636751
        ]
      },
      "properties": {
        "routeId": "shikoku-88-iyo",
        "name": "桜ケ丘団地前",
        "type": "transport",
        "subtype": "bus_stop",
        "stageIndex": 9,
        "kmFromStart": 258.5,
        "icon": "bus_stop",
        "source": "osm",
        "osmId": "node/3152607504"
      }
    },
    {
      "type": "Feature",
      "id": "wp-osm-supply-node9459765179",
      "geometry": {
        "type": "Point",
        "coordinates": [
          132.9779644,
          34.0647544
        ]
      },
      "properties": {
        "routeId": "shikoku-88-iyo",
        "name": "Unnamed",
        "type": "supply",
        "subtype": "toilet",
        "stageIndex": 9,
        "kmFromStart": 260.5,
        "icon": "toilet",
        "source": "osm",
        "osmId": "node/9459765179"
      }
    },
    {
      "type": "Feature",
      "id": "wp-osm-transport-node3152609546",
      "geometry": {
        "type": "Point",
        "coordinates": [
          132.9861561,
          34.0632999
        ]
      },
      "properties": {
        "routeId": "shikoku-88-iyo",
        "name": "茶堂",
        "type": "transport",
        "subtype": "bus_stop",
        "stageIndex": 9,
        "kmFromStart": 261.3,
        "icon": "bus_stop",
        "source": "osm",
        "osmId": "node/3152609546"
      }
    },
    {
      "type": "Feature",
      "id": "wp-osm-food-node8292616460",
      "geometry": {
        "type": "Point",
        "coordinates": [
          132.9868023,
          34.0623539
        ]
      },
      "properties": {
        "routeId": "shikoku-88-iyo",
        "name": "福寿園",
        "type": "food",
        "subtype": "restaurant",
        "stageIndex": 9,
        "kmFromStart": 261.3,
        "icon": "restaurant",
        "source": "osm",
        "osmId": "node/8292616460"
      }
    },
    {
      "type": "Feature",
      "id": "wp-osm-medical-node1423740411",
      "geometry": {
        "type": "Point",
        "coordinates": [
          132.988554,
          34.063735
        ]
      },
      "properties": {
        "routeId": "shikoku-88-iyo",
        "name": "済生会今治第二病院",
        "type": "medical",
        "subtype": "hospital",
        "stageIndex": 9,
        "kmFromStart": 261.6,
        "icon": "hospital",
        "source": "osm",
        "osmId": "node/1423740411"
      }
    },
    {
      "type": "Feature",
      "id": "wp-osm-medical-node1423744823",
      "geometry": {
        "type": "Point",
        "coordinates": [
          132.990387,
          34.064985
        ]
      },
      "properties": {
        "routeId": "shikoku-88-iyo",
        "name": "順天会放射線第一病院",
        "type": "medical",
        "subtype": "hospital",
        "stageIndex": 9,
        "kmFromStart": 261.8,
        "icon": "hospital",
        "source": "osm",
        "osmId": "node/1423744823"
      }
    },
    {
      "type": "Feature",
      "id": "wp-osm-transport-node3152604563",
      "geometry": {
        "type": "Point",
        "coordinates": [
          132.9900713,
          34.0655312
        ]
      },
      "properties": {
        "routeId": "shikoku-88-iyo",
        "name": "北高前",
        "type": "transport",
        "subtype": "bus_stop",
        "stageIndex": 9,
        "kmFromStart": 261.8,
        "icon": "bus_stop",
        "source": "osm",
        "osmId": "node/3152604563"
      }
    },
    {
      "type": "Feature",
      "id": "wp-osm-medical-node1423742142",
      "geometry": {
        "type": "Point",
        "coordinates": [
          132.9896631,
          34.0666421
        ]
      },
      "properties": {
        "routeId": "shikoku-88-iyo",
        "name": "真泉会第一病院",
        "type": "medical",
        "subtype": "hospital",
        "stageIndex": 9,
        "kmFromStart": 261.9,
        "icon": "hospital",
        "source": "osm",
        "osmId": "node/1423742142"
      }
    },
    {
      "type": "Feature",
      "id": "wp-osm-transport-node3152604429",
      "geometry": {
        "type": "Point",
        "coordinates": [
          132.9916723,
          34.0670247
        ]
      },
      "properties": {
        "routeId": "shikoku-88-iyo",
        "name": "北宝来町",
        "type": "transport",
        "subtype": "bus_stop",
        "stageIndex": 9,
        "kmFromStart": 262,
        "icon": "bus_stop",
        "source": "osm",
        "osmId": "node/3152604429"
      }
    },
    {
      "type": "Feature",
      "id": "wp-osm-medical-node8202787944",
      "geometry": {
        "type": "Point",
        "coordinates": [
          132.9909896,
          34.0652216
        ]
      },
      "properties": {
        "routeId": "shikoku-88-iyo",
        "name": "しまなみ薬局",
        "type": "medical",
        "subtype": "pharmacy",
        "stageIndex": 9,
        "kmFromStart": 261.8,
        "icon": "pharmacy",
        "source": "osm",
        "osmId": "node/8202787944"
      }
    },
    {
      "type": "Feature",
      "id": "wp-osm-food-node8256470931",
      "geometry": {
        "type": "Point",
        "coordinates": [
          132.9924079,
          34.0680897
        ]
      },
      "properties": {
        "routeId": "shikoku-88-iyo",
        "name": "麺屋 武吉",
        "type": "food",
        "subtype": "restaurant",
        "stageIndex": 9,
        "kmFromStart": 262.2,
        "icon": "restaurant",
        "source": "osm",
        "osmId": "node/8256470931"
      }
    },
    {
      "type": "Feature",
      "id": "wp-osm-medical-node1423743379",
      "geometry": {
        "type": "Point",
        "coordinates": [
          132.9946773,
          34.0692908
        ]
      },
      "properties": {
        "routeId": "shikoku-88-iyo",
        "name": "聖ルカ会木原病院",
        "type": "medical",
        "subtype": "hospital",
        "stageIndex": 9,
        "kmFromStart": 262.4,
        "icon": "hospital",
        "source": "osm",
        "osmId": "node/1423743379"
      }
    },
    {
      "type": "Feature",
      "id": "wp-osm-sacred_site-node4435546089",
      "geometry": {
        "type": "Point",
        "coordinates": [
          132.9953058,
          34.0682265
        ]
      },
      "properties": {
        "routeId": "shikoku-88-iyo",
        "name": "55 南光坊 (Nankōbō)",
        "nameLocalized": {
          "ja": "南光坊 (Nankōbō)"
        },
        "type": "sacred_site",
        "subtype": "church",
        "stageIndex": 10,
        "kmFromStart": 262.8,
        "icon": "church",
        "source": "osm",
        "osmId": "node/4435546089"
      }
    },
    {
      "type": "Feature",
      "id": "wp-osm-food-node8254178849",
      "geometry": {
        "type": "Point",
        "coordinates": [
          132.9971654,
          34.069561
        ]
      },
      "properties": {
        "routeId": "shikoku-88-iyo",
        "name": "シャン・ドーレ",
        "type": "food",
        "subtype": "restaurant",
        "stageIndex": 10,
        "kmFromStart": 262.6,
        "icon": "restaurant",
        "source": "osm",
        "osmId": "node/8254178849"
      }
    },
    {
      "type": "Feature",
      "id": "wp-osm-town-node637454152",
      "geometry": {
        "type": "Point",
        "coordinates": [
          132.9976758,
          34.0658182
        ]
      },
      "properties": {
        "routeId": "shikoku-88-iyo",
        "name": "Imabari",
        "nameLocalized": {
          "ar": "إيمباري، إهيمه",
          "cs": "Imabari",
          "de": "Imabari",
          "es": "Imabari",
          "fr": "Imabari",
          "id": "Imabari",
          "ja": "今治市",
          "ko": "이마바리시",
          "pl": "Imabari",
          "ru": "Имабари",
          "uk": "Імабарі",
          "zh": "今治市"
        },
        "type": "town",
        "subtype": "city",
        "stageIndex": 10,
        "kmFromStart": 262.8,
        "icon": "city",
        "source": "osm",
        "osmId": "node/637454152"
      }
    },
    {
      "type": "Feature",
      "id": "wp-osm-medical-node1423706178",
      "geometry": {
        "type": "Point",
        "coordinates": [
          132.996136,
          34.066402
        ]
      },
      "properties": {
        "routeId": "shikoku-88-iyo",
        "name": "やすらぎ会鈴木病院",
        "type": "medical",
        "subtype": "hospital",
        "stageIndex": 10,
        "kmFromStart": 262.9,
        "icon": "hospital",
        "source": "osm",
        "osmId": "node/1423706178"
      }
    },
    {
      "type": "Feature",
      "id": "wp-osm-transport-node3152603610",
      "geometry": {
        "type": "Point",
        "coordinates": [
          132.9972204,
          34.0667945
        ]
      },
      "properties": {
        "routeId": "shikoku-88-iyo",
        "name": "今治市役所前",
        "type": "transport",
        "subtype": "bus_stop",
        "stageIndex": 10,
        "kmFromStart": 262.8,
        "icon": "bus_stop",
        "source": "osm",
        "osmId": "node/3152603610"
      }
    },
    {
      "type": "Feature",
      "id": "wp-osm-food-node8202530596",
      "geometry": {
        "type": "Point",
        "coordinates": [
          132.9963475,
          34.0659333
        ]
      },
      "properties": {
        "routeId": "shikoku-88-iyo",
        "name": "寿し きよ輝",
        "type": "food",
        "subtype": "restaurant",
        "stageIndex": 10,
        "kmFromStart": 262.9,
        "icon": "restaurant",
        "source": "osm",
        "osmId": "node/8202530596"
      }
    },
    {
      "type": "Feature",
      "id": "wp-osm-medical-node8202530598",
      "geometry": {
        "type": "Point",
        "coordinates": [
          132.9956501,
          34.0659256
        ]
      },
      "properties": {
        "routeId": "shikoku-88-iyo",
        "name": "アルファ調剤薬局 今治店",
        "type": "medical",
        "subtype": "pharmacy",
        "stageIndex": 10,
        "kmFromStart": 262.9,
        "icon": "pharmacy",
        "source": "osm",
        "osmId": "node/8202530598"
      }
    },
    {
      "type": "Feature",
      "id": "wp-osm-food-node8202543858",
      "geometry": {
        "type": "Point",
        "coordinates": [
          132.9956788,
          34.0677829
        ]
      },
      "properties": {
        "routeId": "shikoku-88-iyo",
        "name": "五右衛門",
        "type": "food",
        "subtype": "restaurant",
        "stageIndex": 10,
        "kmFromStart": 262.8,
        "icon": "restaurant",
        "source": "osm",
        "osmId": "node/8202543858"
      }
    },
    {
      "type": "Feature",
      "id": "wp-osm-medical-node1423738350",
      "geometry": {
        "type": "Point",
        "coordinates": [
          132.9940505,
          34.0654943
        ]
      },
      "properties": {
        "routeId": "shikoku-88-iyo",
        "name": "明和会高木眼科病院",
        "type": "medical",
        "subtype": "hospital",
        "stageIndex": 10,
        "kmFromStart": 263.1,
        "icon": "hospital",
        "source": "osm",
        "osmId": "node/1423738350"
      }
    },
    {
      "type": "Feature",
      "id": "wp-osm-medical-node1423740702",
      "geometry": {
        "type": "Point",
        "coordinates": [
          132.993886,
          34.06593
        ]
      },
      "properties": {
        "routeId": "shikoku-88-iyo",
        "name": "生きる会瀬戸内海病院",
        "type": "medical",
        "subtype": "hospital",
        "stageIndex": 10,
        "kmFromStart": 263,
        "icon": "hospital",
        "source": "osm",
        "osmId": "node/1423740702"
      }
    },
    {
      "type": "Feature",
      "id": "wp-osm-food-node8204037262",
      "geometry": {
        "type": "Point",
        "coordinates": [
          132.993169,
          34.064431
        ]
      },
      "properties": {
        "routeId": "shikoku-88-iyo",
        "name": "まいるど７",
        "type": "food",
        "subtype": "cafe",
        "stageIndex": 10,
        "kmFromStart": 263.3,
        "icon": "cafe",
        "source": "osm",
        "osmId": "node/8204037262"
      }
    },
    {
      "type": "Feature",
      "id": "wp-osm-transport-node3152603614",
      "geometry": {
        "type": "Point",
        "coordinates": [
          132.9943994,
          34.0645236
        ]
      },
      "properties": {
        "routeId": "shikoku-88-iyo",
        "name": "今治駅前",
        "type": "transport",
        "subtype": "bus_stop",
        "stageIndex": 10,
        "kmFromStart": 263.3,
        "icon": "bus_stop",
        "source": "osm",
        "osmId": "node/3152603614"
      }
    },
    {
      "type": "Feature",
      "id": "wp-osm-transport-node3152605794",
      "geometry": {
        "type": "Point",
        "coordinates": [
          132.9959535,
          34.0634271
        ]
      },
      "properties": {
        "routeId": "shikoku-88-iyo",
        "name": "宝来通り",
        "type": "transport",
        "subtype": "bus_stop",
        "stageIndex": 10,
        "kmFromStart": 263.3,
        "icon": "bus_stop",
        "source": "osm",
        "osmId": "node/3152605794"
      }
    },
    {
      "type": "Feature",
      "id": "wp-osm-supply-node3607762820",
      "geometry": {
        "type": "Point",
        "coordinates": [
          132.993691,
          34.0641337
        ]
      },
      "properties": {
        "routeId": "shikoku-88-iyo",
        "name": "Seven-Eleven",
        "nameLocalized": {
          "ja": "セブン-イレブン",
          "ko": "세븐일레븐"
        },
        "type": "supply",
        "subtype": "convenience_store",
        "stageIndex": 10,
        "kmFromStart": 263.3,
        "icon": "convenience_store",
        "source": "osm",
        "osmId": "node/3607762820",
        "hours": "24/7"
      }
    },
    {
      "type": "Feature",
      "id": "wp-osm-accommodation-node4256268359",
      "geometry": {
        "type": "Point",
        "coordinates": [
          132.995038,
          34.0640882
        ]
      },
      "properties": {
        "routeId": "shikoku-88-iyo",
        "name": "Cyclo No le",
        "type": "accommodation",
        "subtype": "hostel",
        "stageIndex": 10,
        "kmFromStart": 263.3,
        "icon": "hostel",
        "source": "osm",
        "osmId": "node/4256268359"
      }
    },
    {
      "type": "Feature",
      "id": "wp-osm-food-node8202424996",
      "geometry": {
        "type": "Point",
        "coordinates": [
          132.9960785,
          34.0638673
        ]
      },
      "properties": {
        "routeId": "shikoku-88-iyo",
        "name": "白鳥",
        "type": "food",
        "subtype": "restaurant",
        "stageIndex": 10,
        "kmFromStart": 263.3,
        "icon": "restaurant",
        "source": "osm",
        "osmId": "node/8202424996"
      }
    },
    {
      "type": "Feature",
      "id": "wp-osm-medical-node8202425000",
      "geometry": {
        "type": "Point",
        "coordinates": [
          132.9945416,
          34.0650422
        ]
      },
      "properties": {
        "routeId": "shikoku-88-iyo",
        "name": "平野屋薬局",
        "type": "medical",
        "subtype": "pharmacy",
        "stageIndex": 10,
        "kmFromStart": 263.3,
        "icon": "pharmacy",
        "source": "osm",
        "osmId": "node/8202425000"
      }
    },
    {
      "type": "Feature",
      "id": "wp-osm-food-node8202639228",
      "geometry": {
        "type": "Point",
        "coordinates": [
          132.9953537,
          34.0629452
        ]
      },
      "properties": {
        "routeId": "shikoku-88-iyo",
        "name": "こむらさき",
        "type": "food",
        "subtype": "restaurant",
        "stageIndex": 10,
        "kmFromStart": 263.3,
        "icon": "restaurant",
        "source": "osm",
        "osmId": "node/8202639228"
      }
    },
    {
      "type": "Feature",
      "id": "wp-osm-food-node8202770133",
      "geometry": {
        "type": "Point",
        "coordinates": [
          132.9919498,
          34.0647833
        ]
      },
      "properties": {
        "routeId": "shikoku-88-iyo",
        "name": "コーヒーショップ進和 今治店",
        "type": "food",
        "subtype": "cafe",
        "stageIndex": 10,
        "kmFromStart": 263.2,
        "icon": "cafe",
        "source": "osm",
        "osmId": "node/8202770133"
      }
    },
    {
      "type": "Feature",
      "id": "wp-osm-food-node8202519785",
      "geometry": {
        "type": "Point",
        "coordinates": [
          132.9925657,
          34.0627448
        ]
      },
      "properties": {
        "routeId": "shikoku-88-iyo",
        "name": "お酒とごはんと処 八兵衛 今治店",
        "type": "food",
        "subtype": "restaurant",
        "stageIndex": 10,
        "kmFromStart": 263.5,
        "icon": "restaurant",
        "source": "osm",
        "osmId": "node/8202519785"
      }
    },
    {
      "type": "Feature",
      "id": "wp-osm-food-node8292259427",
      "geometry": {
        "type": "Point",
        "coordinates": [
          132.9880502,
          34.059152
        ]
      },
      "properties": {
        "routeId": "shikoku-88-iyo",
        "name": "寿屋",
        "type": "food",
        "subtype": "restaurant",
        "stageIndex": 10,
        "kmFromStart": 264,
        "icon": "restaurant",
        "source": "osm",
        "osmId": "node/8292259427"
      }
    },
    {
      "type": "Feature",
      "id": "wp-osm-medical-node1423744623",
      "geometry": {
        "type": "Point",
        "coordinates": [
          132.9878851,
          34.0556688
        ]
      },
      "properties": {
        "routeId": "shikoku-88-iyo",
        "name": "銀杏会井出病院",
        "type": "medical",
        "subtype": "hospital",
        "stageIndex": 10,
        "kmFromStart": 264.3,
        "icon": "hospital",
        "source": "osm",
        "osmId": "node/1423744623"
      }
    },
    {
      "type": "Feature",
      "id": "wp-osm-food-node8293371794",
      "geometry": {
        "type": "Point",
        "coordinates": [
          132.9826631,
          34.0587438
        ]
      },
      "properties": {
        "routeId": "shikoku-88-iyo",
        "name": "風音",
        "type": "food",
        "subtype": "restaurant",
        "stageIndex": 10,
        "kmFromStart": 264.4,
        "icon": "restaurant",
        "source": "osm",
        "osmId": "node/8293371794"
      }
    },
    {
      "type": "Feature",
      "id": "wp-osm-medical-node12367152756",
      "geometry": {
        "type": "Point",
        "coordinates": [
          132.9801367,
          34.0562186
        ]
      },
      "properties": {
        "routeId": "shikoku-88-iyo",
        "name": "イオン薬局",
        "type": "medical",
        "subtype": "pharmacy",
        "stageIndex": 10,
        "kmFromStart": 264.9,
        "icon": "pharmacy",
        "source": "osm",
        "osmId": "node/12367152756"
      }
    },
    {
      "type": "Feature",
      "id": "wp-osm-medical-node8257996995",
      "geometry": {
        "type": "Point",
        "coordinates": [
          132.9835728,
          34.0536776
        ]
      },
      "properties": {
        "routeId": "shikoku-88-iyo",
        "name": "レデイ薬局 馬越店調剤",
        "type": "medical",
        "subtype": "pharmacy",
        "stageIndex": 10,
        "kmFromStart": 264.8,
        "icon": "pharmacy",
        "source": "osm",
        "osmId": "node/8257996995"
      }
    },
    {
      "type": "Feature",
      "id": "wp-osm-sacred_site-node5089656377",
      "geometry": {
        "type": "Point",
        "coordinates": [
          132.9742997,
          34.0506491
        ]
      },
      "properties": {
        "routeId": "shikoku-88-iyo",
        "name": "荒神社",
        "type": "sacred_site",
        "subtype": "church",
        "stageIndex": 10,
        "kmFromStart": 265.7,
        "icon": "church",
        "source": "osm",
        "osmId": "node/5089656377"
      }
    },
    {
      "type": "Feature",
      "id": "wp-osm-food-node8227271449",
      "geometry": {
        "type": "Point",
        "coordinates": [
          132.9730081,
          34.0502844
        ]
      },
      "properties": {
        "routeId": "shikoku-88-iyo",
        "name": "コーヒーの店 阿奈波",
        "type": "food",
        "subtype": "cafe",
        "stageIndex": 10,
        "kmFromStart": 265.7,
        "icon": "cafe",
        "source": "osm",
        "osmId": "node/8227271449"
      }
    },
    {
      "type": "Feature",
      "id": "wp-osm-transport-node3152606279",
      "geometry": {
        "type": "Point",
        "coordinates": [
          132.9798973,
          34.0465745
        ]
      },
      "properties": {
        "routeId": "shikoku-88-iyo",
        "name": "小泉",
        "type": "transport",
        "subtype": "bus_stop",
        "stageIndex": 10,
        "kmFromStart": 266.4,
        "icon": "bus_stop",
        "source": "osm",
        "osmId": "node/3152606279"
      }
    },
    {
      "type": "Feature",
      "id": "wp-osm-food-node8288823608",
      "geometry": {
        "type": "Point",
        "coordinates": [
          132.9796963,
          34.0458211
        ]
      },
      "properties": {
        "routeId": "shikoku-88-iyo",
        "name": "弁慶寿司",
        "type": "food",
        "subtype": "restaurant",
        "stageIndex": 10,
        "kmFromStart": 266.4,
        "icon": "restaurant",
        "source": "osm",
        "osmId": "node/8288823608"
      }
    },
    {
      "type": "Feature",
      "id": "wp-osm-food-node8288823558",
      "geometry": {
        "type": "Point",
        "coordinates": [
          132.9793358,
          34.0451541
        ]
      },
      "properties": {
        "routeId": "shikoku-88-iyo",
        "name": "海海ラーメン",
        "type": "food",
        "subtype": "restaurant",
        "stageIndex": 10,
        "kmFromStart": 266.5,
        "icon": "restaurant",
        "source": "osm",
        "osmId": "node/8288823558"
      }
    },
    {
      "type": "Feature",
      "id": "wp-osm-transport-node3152604386",
      "geometry": {
        "type": "Point",
        "coordinates": [
          132.9767515,
          34.0423768
        ]
      },
      "properties": {
        "routeId": "shikoku-88-iyo",
        "name": "別名",
        "type": "transport",
        "subtype": "bus_stop",
        "stageIndex": 10,
        "kmFromStart": 267.1,
        "icon": "bus_stop",
        "source": "osm",
        "osmId": "node/3152604386"
      }
    },
    {
      "type": "Feature",
      "id": "wp-osm-transport-node3152604387",
      "geometry": {
        "type": "Point",
        "coordinates": [
          132.9747648,
          34.0400118
        ]
      },
      "properties": {
        "routeId": "shikoku-88-iyo",
        "name": "別名上",
        "type": "transport",
        "subtype": "bus_stop",
        "stageIndex": 10,
        "kmFromStart": 267.3,
        "icon": "bus_stop",
        "source": "osm",
        "osmId": "node/3152604387"
      }
    },
    {
      "type": "Feature",
      "id": "wp-osm-food-node8323649721",
      "geometry": {
        "type": "Point",
        "coordinates": [
          132.9760463,
          34.0401495
        ]
      },
      "properties": {
        "routeId": "shikoku-88-iyo",
        "name": "たわら",
        "type": "food",
        "subtype": "restaurant",
        "stageIndex": 10,
        "kmFromStart": 267.3,
        "icon": "restaurant",
        "source": "osm",
        "osmId": "node/8323649721"
      }
    },
    {
      "type": "Feature",
      "id": "wp-osm-supply-node11197085001",
      "geometry": {
        "type": "Point",
        "coordinates": [
          132.9765277,
          34.0416942
        ]
      },
      "properties": {
        "routeId": "shikoku-88-iyo",
        "name": "Lawson",
        "nameLocalized": {
          "ja": "ローソン"
        },
        "type": "supply",
        "subtype": "convenience_store",
        "stageIndex": 10,
        "kmFromStart": 267.1,
        "icon": "convenience_store",
        "source": "osm",
        "osmId": "node/11197085001"
      }
    },
    {
      "type": "Feature",
      "id": "wp-osm-sacred_site-node8300556396",
      "geometry": {
        "type": "Point",
        "coordinates": [
          132.9783546,
          34.031362
        ]
      },
      "properties": {
        "routeId": "shikoku-88-iyo",
        "name": "石清水八幡神社",
        "type": "sacred_site",
        "subtype": "church",
        "stageIndex": 10,
        "kmFromStart": 268.4,
        "icon": "church",
        "source": "osm",
        "osmId": "node/8300556396"
      }
    },
    {
      "type": "Feature",
      "id": "wp-osm-sacred_site-node8300556404",
      "geometry": {
        "type": "Point",
        "coordinates": [
          132.9801615,
          34.0303023
        ]
      },
      "properties": {
        "routeId": "shikoku-88-iyo",
        "name": "浄寂寺",
        "type": "sacred_site",
        "subtype": "church",
        "stageIndex": 10,
        "kmFromStart": 268.6,
        "icon": "church",
        "source": "osm",
        "osmId": "node/8300556404"
      }
    },
    {
      "type": "Feature",
      "id": "wp-osm-sacred_site-node4435546090",
      "geometry": {
        "type": "Point",
        "coordinates": [
          132.9781846,
          34.0297812
        ]
      },
      "properties": {
        "routeId": "shikoku-88-iyo",
        "name": "57 栄福寺 (Eifuku-ji)",
        "nameLocalized": {
          "ja": "栄福寺 (Eifuku-ji)"
        },
        "type": "sacred_site",
        "subtype": "church",
        "stageIndex": 10,
        "kmFromStart": 268.6,
        "icon": "church",
        "source": "osm",
        "osmId": "node/4435546090"
      }
    },
    {
      "type": "Feature",
      "id": "wp-osm-sacred_site-node5087296423",
      "geometry": {
        "type": "Point",
        "coordinates": [
          132.9773616,
          34.0135138
        ]
      },
      "properties": {
        "routeId": "shikoku-88-iyo",
        "name": "Temple Senyuji, No. 58 of pilgrimage route",
        "type": "sacred_site",
        "subtype": "church",
        "stageIndex": 10,
        "kmFromStart": 271,
        "icon": "church",
        "source": "osm",
        "osmId": "node/5087296423"
      }
    },
    {
      "type": "Feature",
      "id": "wp-osm-transport-node3152607446",
      "geometry": {
        "type": "Point",
        "coordinates": [
          133.0010033,
          34.0276131
        ]
      },
      "properties": {
        "routeId": "shikoku-88-iyo",
        "name": "松木",
        "type": "transport",
        "subtype": "bus_stop",
        "stageIndex": 10,
        "kmFromStart": 274.2,
        "icon": "bus_stop",
        "source": "osm",
        "osmId": "node/3152607446"
      }
    },
    {
      "type": "Feature",
      "id": "wp-osm-transport-node3152605844",
      "geometry": {
        "type": "Point",
        "coordinates": [
          133.0079309,
          34.035737
        ]
      },
      "properties": {
        "routeId": "shikoku-88-iyo",
        "name": "富田駅前",
        "type": "transport",
        "subtype": "bus_stop",
        "stageIndex": 10,
        "kmFromStart": 275.3,
        "icon": "bus_stop",
        "source": "osm",
        "osmId": "node/3152605844"
      }
    },
    {
      "type": "Feature",
      "id": "wp-osm-transport-node7825993156",
      "geometry": {
        "type": "Point",
        "coordinates": [
          133.0091196,
          34.0364431
        ]
      },
      "properties": {
        "routeId": "shikoku-88-iyo",
        "name": "Iyo-Tomita",
        "nameLocalized": {
          "ja": "伊予富田",
          "ko": "이요토미타"
        },
        "type": "transport",
        "subtype": "train_station",
        "stageIndex": 10,
        "kmFromStart": 275.3,
        "icon": "train_station",
        "source": "osm",
        "osmId": "node/7825993156"
      }
    },
    {
      "type": "Feature",
      "id": "wp-osm-food-node8295503688",
      "geometry": {
        "type": "Point",
        "coordinates": [
          133.0099528,
          34.0340717
        ]
      },
      "properties": {
        "routeId": "shikoku-88-iyo",
        "name": "喫茶 千羽鶴",
        "type": "food",
        "subtype": "cafe",
        "stageIndex": 10,
        "kmFromStart": 275.4,
        "icon": "cafe",
        "source": "osm",
        "osmId": "node/8295503688"
      }
    },
    {
      "type": "Feature",
      "id": "wp-osm-transport-node3152603194",
      "geometry": {
        "type": "Point",
        "coordinates": [
          133.0122816,
          34.0325315
        ]
      },
      "properties": {
        "routeId": "shikoku-88-iyo",
        "name": "上徳",
        "type": "transport",
        "subtype": "bus_stop",
        "stageIndex": 10,
        "kmFromStart": 275.6,
        "icon": "bus_stop",
        "source": "osm",
        "osmId": "node/3152603194"
      }
    },
    {
      "type": "Feature",
      "id": "wp-osm-transport-node3152604863",
      "geometry": {
        "type": "Point",
        "coordinates": [
          133.016079,
          34.0294898
        ]
      },
      "properties": {
        "routeId": "shikoku-88-iyo",
        "name": "国分橋",
        "type": "transport",
        "subtype": "bus_stop",
        "stageIndex": 10,
        "kmFromStart": 276.1,
        "icon": "bus_stop",
        "source": "osm",
        "osmId": "node/3152604863"
      }
    },
    {
      "type": "Feature",
      "id": "wp-osm-transport-node3152604857",
      "geometry": {
        "type": "Point",
        "coordinates": [
          133.0162101,
          34.026666
        ]
      },
      "properties": {
        "routeId": "shikoku-88-iyo",
        "name": "団地2丁目",
        "type": "transport",
        "subtype": "bus_stop",
        "stageIndex": 10,
        "kmFromStart": 276.4,
        "icon": "bus_stop",
        "source": "osm",
        "osmId": "node/3152604857"
      }
    },
    {
      "type": "Feature",
      "id": "wp-osm-transport-node3152605851",
      "geometry": {
        "type": "Point",
        "coordinates": [
          133.0192342,
          34.0271861
        ]
      },
      "properties": {
        "routeId": "shikoku-88-iyo",
        "name": "寺山",
        "type": "transport",
        "subtype": "bus_stop",
        "stageIndex": 10,
        "kmFromStart": 276.5,
        "icon": "bus_stop",
        "source": "osm",
        "osmId": "node/3152605851"
      }
    },
    {
      "type": "Feature",
      "id": "wp-osm-transport-node3152604862",
      "geometry": {
        "type": "Point",
        "coordinates": [
          133.021089,
          34.025902
        ]
      },
      "properties": {
        "routeId": "shikoku-88-iyo",
        "name": "国分寺西",
        "type": "transport",
        "subtype": "bus_stop",
        "stageIndex": 10,
        "kmFromStart": 276.7,
        "icon": "bus_stop",
        "source": "osm",
        "osmId": "node/3152604862"
      }
    },
    {
      "type": "Feature",
      "id": "wp-osm-transport-node3152604861",
      "geometry": {
        "type": "Point",
        "coordinates": [
          133.0242384,
          34.0252747
        ]
      },
      "properties": {
        "routeId": "shikoku-88-iyo",
        "name": "国分寺",
        "type": "transport",
        "subtype": "bus_stop",
        "stageIndex": 10,
        "kmFromStart": 277,
        "icon": "bus_stop",
        "source": "osm",
        "osmId": "node/3152604861"
      }
    },
    {
      "type": "Feature",
      "id": "wp-osm-sacred_site-node4435525693",
      "geometry": {
        "type": "Point",
        "coordinates": [
          133.0255592,
          34.0261394
        ]
      },
      "properties": {
        "routeId": "shikoku-88-iyo",
        "name": "第59番札所 伊予国分寺 (Iyo Kokubun-ji)",
        "nameLocalized": {
          "ja": "第59番札所 伊予国分寺"
        },
        "type": "sacred_site",
        "subtype": "church",
        "stageIndex": 10,
        "kmFromStart": 277.3,
        "icon": "church",
        "source": "osm",
        "osmId": "node/4435525693"
      }
    },
    {
      "type": "Feature",
      "id": "wp-osm-transport-node3152604860",
      "geometry": {
        "type": "Point",
        "coordinates": [
          133.0276686,
          34.0243149
        ]
      },
      "properties": {
        "routeId": "shikoku-88-iyo",
        "name": "国分",
        "type": "transport",
        "subtype": "bus_stop",
        "stageIndex": 10,
        "kmFromStart": 277.7,
        "icon": "bus_stop",
        "source": "osm",
        "osmId": "node/3152604860"
      }
    },
    {
      "type": "Feature",
      "id": "wp-osm-transport-node3152605220",
      "geometry": {
        "type": "Point",
        "coordinates": [
          133.0385133,
          34.0160564
        ]
      },
      "properties": {
        "routeId": "shikoku-88-iyo",
        "name": "天神橋",
        "type": "transport",
        "subtype": "bus_stop",
        "stageIndex": 10,
        "kmFromStart": 279,
        "icon": "bus_stop",
        "source": "osm",
        "osmId": "node/3152605220"
      }
    },
    {
      "type": "Feature",
      "id": "wp-osm-transport-node3152610778",
      "geometry": {
        "type": "Point",
        "coordinates": [
          133.0380705,
          34.0163984
        ]
      },
      "properties": {
        "routeId": "shikoku-88-iyo",
        "name": "郷桜井",
        "type": "transport",
        "subtype": "bus_stop",
        "stageIndex": 10,
        "kmFromStart": 278.9,
        "icon": "bus_stop",
        "source": "osm",
        "osmId": "node/3152610778"
      }
    },
    {
      "type": "Feature",
      "id": "wp-osm-transport-node265007647",
      "geometry": {
        "type": "Point",
        "coordinates": [
          133.0358368,
          34.0119793
        ]
      },
      "properties": {
        "routeId": "shikoku-88-iyo",
        "name": "Iyo-Sakurai",
        "nameLocalized": {
          "ja": "伊予桜井",
          "ko": "이요사쿠라이"
        },
        "type": "transport",
        "subtype": "train_station",
        "stageIndex": 10,
        "kmFromStart": 279.3,
        "icon": "train_station",
        "source": "osm",
        "osmId": "node/265007647"
      }
    },
    {
      "type": "Feature",
      "id": "wp-osm-transport-node3152607509",
      "geometry": {
        "type": "Point",
        "coordinates": [
          133.0385055,
          34.0125498
        ]
      },
      "properties": {
        "routeId": "shikoku-88-iyo",
        "name": "桜井駅口",
        "type": "transport",
        "subtype": "bus_stop",
        "stageIndex": 10,
        "kmFromStart": 279.3,
        "icon": "bus_stop",
        "source": "osm",
        "osmId": "node/3152607509"
      }
    },
    {
      "type": "Feature",
      "id": "wp-osm-transport-node3152607383",
      "geometry": {
        "type": "Point",
        "coordinates": [
          133.0381847,
          34.0058825
        ]
      },
      "properties": {
        "routeId": "shikoku-88-iyo",
        "name": "東桜井",
        "type": "transport",
        "subtype": "bus_stop",
        "stageIndex": 10,
        "kmFromStart": 280,
        "icon": "bus_stop",
        "source": "osm",
        "osmId": "node/3152607383"
      }
    },
    {
      "type": "Feature",
      "id": "wp-osm-transport-node3152610846",
      "geometry": {
        "type": "Point",
        "coordinates": [
          133.0400204,
          34.0009952
        ]
      },
      "properties": {
        "routeId": "shikoku-88-iyo",
        "name": "長沢",
        "type": "transport",
        "subtype": "bus_stop",
        "stageIndex": 10,
        "kmFromStart": 280.6,
        "icon": "bus_stop",
        "source": "osm",
        "osmId": "node/3152610846"
      }
    },
    {
      "type": "Feature",
      "id": "wp-osm-transport-node3152604002",
      "geometry": {
        "type": "Point",
        "coordinates": [
          133.0427154,
          33.9978071
        ]
      },
      "properties": {
        "routeId": "shikoku-88-iyo",
        "name": "元瀬橋",
        "type": "transport",
        "subtype": "bus_stop",
        "stageIndex": 10,
        "kmFromStart": 281.1,
        "icon": "bus_stop",
        "source": "osm",
        "osmId": "node/3152604002"
      }
    },
    {
      "type": "Feature",
      "id": "wp-osm-transport-node3152607862",
      "geometry": {
        "type": "Point",
        "coordinates": [
          133.049406,
          33.9927577
        ]
      },
      "properties": {
        "routeId": "shikoku-88-iyo",
        "name": "湯ノ浦温泉入口",
        "type": "transport",
        "subtype": "bus_stop",
        "stageIndex": 10,
        "kmFromStart": 281.9,
        "icon": "bus_stop",
        "source": "osm",
        "osmId": "node/3152607862"
      }
    },
    {
      "type": "Feature",
      "id": "wp-osm-supply-node4348031332",
      "geometry": {
        "type": "Point",
        "coordinates": [
          133.0487492,
          33.9926599
        ]
      },
      "properties": {
        "routeId": "shikoku-88-iyo",
        "name": "Unnamed",
        "type": "supply",
        "subtype": "toilet",
        "stageIndex": 10,
        "kmFromStart": 281.9,
        "icon": "toilet",
        "source": "osm",
        "osmId": "node/4348031332"
      }
    },
    {
      "type": "Feature",
      "id": "wp-osm-food-node8253952574",
      "geometry": {
        "type": "Point",
        "coordinates": [
          133.0445144,
          33.9961734
        ]
      },
      "properties": {
        "routeId": "shikoku-88-iyo",
        "name": "花ぬり",
        "type": "food",
        "subtype": "cafe",
        "stageIndex": 10,
        "kmFromStart": 281.3,
        "icon": "cafe",
        "source": "osm",
        "osmId": "node/8253952574"
      }
    },
    {
      "type": "Feature",
      "id": "wp-osm-transport-node3152605765",
      "geometry": {
        "type": "Point",
        "coordinates": [
          133.0524912,
          33.9888755
        ]
      },
      "properties": {
        "routeId": "shikoku-88-iyo",
        "name": "孫兵ヱ作",
        "type": "transport",
        "subtype": "bus_stop",
        "stageIndex": 10,
        "kmFromStart": 282.5,
        "icon": "bus_stop",
        "source": "osm",
        "osmId": "node/3152605765"
      }
    },
    {
      "type": "Feature",
      "id": "wp-osm-transport-node3152609993",
      "geometry": {
        "type": "Point",
        "coordinates": [
          133.0535317,
          33.9828806
        ]
      },
      "properties": {
        "routeId": "shikoku-88-iyo",
        "name": "蛇越池",
        "type": "transport",
        "subtype": "bus_stop",
        "stageIndex": 10,
        "kmFromStart": 283.4,
        "icon": "bus_stop",
        "source": "osm",
        "osmId": "node/3152609993"
      }
    },
    {
      "type": "Feature",
      "id": "wp-osm-transport-node3152603653",
      "geometry": {
        "type": "Point",
        "coordinates": [
          133.0554558,
          33.9810527
        ]
      },
      "properties": {
        "routeId": "shikoku-88-iyo",
        "name": "休暇村入口",
        "type": "transport",
        "subtype": "bus_stop",
        "stageIndex": 10,
        "kmFromStart": 283.5,
        "icon": "bus_stop",
        "source": "osm",
        "osmId": "node/3152603653"
      }
    },
    {
      "type": "Feature",
      "id": "wp-osm-transport-node3152603405",
      "geometry": {
        "type": "Point",
        "coordinates": [
          133.0503695,
          33.9752654
        ]
      },
      "properties": {
        "routeId": "shikoku-88-iyo",
        "name": "世田薬師",
        "type": "transport",
        "subtype": "bus_stop",
        "stageIndex": 10,
        "kmFromStart": 284.3,
        "icon": "bus_stop",
        "source": "osm",
        "osmId": "node/3152603405"
      }
    },
    {
      "type": "Feature",
      "id": "wp-osm-transport-node3152604055",
      "geometry": {
        "type": "Point",
        "coordinates": [
          133.0523402,
          33.970481
        ]
      },
      "properties": {
        "routeId": "shikoku-88-iyo",
        "name": "六軒",
        "type": "transport",
        "subtype": "bus_stop",
        "stageIndex": 10,
        "kmFromStart": 284.9,
        "icon": "bus_stop",
        "source": "osm",
        "osmId": "node/3152604055"
      }
    },
    {
      "type": "Feature",
      "id": "wp-osm-transport-node3152606850",
      "geometry": {
        "type": "Point",
        "coordinates": [
          133.056131,
          33.9635378
        ]
      },
      "properties": {
        "routeId": "shikoku-88-iyo",
        "name": "成福寺",
        "type": "transport",
        "subtype": "bus_stop",
        "stageIndex": 10,
        "kmFromStart": 285.8,
        "icon": "bus_stop",
        "source": "osm",
        "osmId": "node/3152606850"
      }
    },
    {
      "type": "Feature",
      "id": "wp-osm-transport-node3152607546",
      "geometry": {
        "type": "Point",
        "coordinates": [
          133.0579751,
          33.9591986
        ]
      },
      "properties": {
        "routeId": "shikoku-88-iyo",
        "name": "楠会堂前",
        "type": "transport",
        "subtype": "bus_stop",
        "stageIndex": 10,
        "kmFromStart": 286.3,
        "icon": "bus_stop",
        "source": "osm",
        "osmId": "node/3152607546"
      }
    },
    {
      "type": "Feature",
      "id": "wp-osm-transport-node3152607545",
      "geometry": {
        "type": "Point",
        "coordinates": [
          133.0576668,
          33.9627124
        ]
      },
      "properties": {
        "routeId": "shikoku-88-iyo",
        "name": "楠",
        "type": "transport",
        "subtype": "bus_stop",
        "stageIndex": 10,
        "kmFromStart": 286,
        "icon": "bus_stop",
        "source": "osm",
        "osmId": "node/3152607545"
      }
    },
    {
      "type": "Feature",
      "id": "wp-osm-transport-node3152603164",
      "geometry": {
        "type": "Point",
        "coordinates": [
          133.0583371,
          33.9498666
        ]
      },
      "properties": {
        "routeId": "shikoku-88-iyo",
        "name": "三芳南条",
        "type": "transport",
        "subtype": "bus_stop",
        "stageIndex": 10,
        "kmFromStart": 287.4,
        "icon": "bus_stop",
        "source": "osm",
        "osmId": "node/3152603164"
      }
    },
    {
      "type": "Feature",
      "id": "wp-osm-transport-node3152603163",
      "geometry": {
        "type": "Point",
        "coordinates": [
          133.058052,
          33.9531639
        ]
      },
      "properties": {
        "routeId": "shikoku-88-iyo",
        "name": "三芳",
        "type": "transport",
        "subtype": "bus_stop",
        "stageIndex": 10,
        "kmFromStart": 287,
        "icon": "bus_stop",
        "source": "osm",
        "osmId": "node/3152603163"
      }
    },
    {
      "type": "Feature",
      "id": "wp-osm-sacred_site-node11402629370",
      "geometry": {
        "type": "Point",
        "coordinates": [
          133.0590239,
          33.9493831
        ]
      },
      "properties": {
        "routeId": "shikoku-88-iyo",
        "name": "Komyoji",
        "type": "sacred_site",
        "subtype": "church",
        "stageIndex": 10,
        "kmFromStart": 287.4,
        "icon": "church",
        "source": "osm",
        "osmId": "node/11402629370"
      }
    },
    {
      "type": "Feature",
      "id": "wp-osm-transport-node3152607695",
      "geometry": {
        "type": "Point",
        "coordinates": [
          133.0604988,
          33.9467475
        ]
      },
      "properties": {
        "routeId": "shikoku-88-iyo",
        "name": "正法寺",
        "type": "transport",
        "subtype": "bus_stop",
        "stageIndex": 10,
        "kmFromStart": 287.7,
        "icon": "bus_stop",
        "source": "osm",
        "osmId": "node/3152607695"
      }
    },
    {
      "type": "Feature",
      "id": "wp-osm-transport-node3152608246",
      "geometry": {
        "type": "Point",
        "coordinates": [
          133.0487569,
          33.9281533
        ]
      },
      "properties": {
        "routeId": "shikoku-88-iyo",
        "name": "石延",
        "type": "transport",
        "subtype": "bus_stop",
        "stageIndex": 10,
        "kmFromStart": 290.6,
        "icon": "bus_stop",
        "source": "osm",
        "osmId": "node/3152608246"
      }
    },
    {
      "type": "Feature",
      "id": "wp-osm-transport-node3152605783",
      "geometry": {
        "type": "Point",
        "coordinates": [
          133.0514963,
          33.9249885
        ]
      },
      "properties": {
        "routeId": "shikoku-88-iyo",
        "name": "安用",
        "type": "transport",
        "subtype": "bus_stop",
        "stageIndex": 10,
        "kmFromStart": 290.8,
        "icon": "bus_stop",
        "source": "osm",
        "osmId": "node/3152605783"
      }
    },
    {
      "type": "Feature",
      "id": "wp-osm-transport-node3152605784",
      "geometry": {
        "type": "Point",
        "coordinates": [
          133.0490837,
          33.9232818
        ]
      },
      "properties": {
        "routeId": "shikoku-88-iyo",
        "name": "安用入口",
        "type": "transport",
        "subtype": "bus_stop",
        "stageIndex": 10,
        "kmFromStart": 290.8,
        "icon": "bus_stop",
        "source": "osm",
        "osmId": "node/3152605784"
      }
    },
    {
      "type": "Feature",
      "id": "wp-osm-transport-node3152603505",
      "geometry": {
        "type": "Point",
        "coordinates": [
          133.064002,
          33.9048855
        ]
      },
      "properties": {
        "routeId": "shikoku-88-iyo",
        "name": "丹原総合支所前",
        "type": "transport",
        "subtype": "bus_stop",
        "stageIndex": 10,
        "kmFromStart": 293.5,
        "icon": "bus_stop",
        "source": "osm",
        "osmId": "node/3152603505"
      }
    },
    {
      "type": "Feature",
      "id": "wp-osm-transport-node3152610422",
      "geometry": {
        "type": "Point",
        "coordinates": [
          133.0653553,
          33.9057678
        ]
      },
      "properties": {
        "routeId": "shikoku-88-iyo",
        "name": "農協入口",
        "type": "transport",
        "subtype": "bus_stop",
        "stageIndex": 10,
        "kmFromStart": 293.5,
        "icon": "bus_stop",
        "source": "osm",
        "osmId": "node/3152610422"
      }
    },
    {
      "type": "Feature",
      "id": "wp-osm-sacred_site-node12944733841",
      "geometry": {
        "type": "Point",
        "coordinates": [
          133.063135,
          33.905285
        ]
      },
      "properties": {
        "routeId": "shikoku-88-iyo",
        "name": "遍照寺",
        "type": "sacred_site",
        "subtype": "church",
        "stageIndex": 10,
        "kmFromStart": 293.4,
        "icon": "church",
        "source": "osm",
        "osmId": "node/12944733841"
      }
    },
    {
      "type": "Feature",
      "id": "wp-osm-transport-node3152603503",
      "geometry": {
        "type": "Point",
        "coordinates": [
          133.0626354,
          33.90396
        ]
      },
      "properties": {
        "routeId": "shikoku-88-iyo",
        "name": "丹原中町",
        "type": "transport",
        "subtype": "bus_stop",
        "stageIndex": 10,
        "kmFromStart": 293.6,
        "icon": "bus_stop",
        "source": "osm",
        "osmId": "node/3152603503"
      }
    },
    {
      "type": "Feature",
      "id": "wp-osm-supply-node636903849",
      "geometry": {
        "type": "Point",
        "coordinates": [
          133.05666,
          33.9017054
        ]
      },
      "properties": {
        "routeId": "shikoku-88-iyo",
        "name": "MINISTOP",
        "nameLocalized": {
          "ja": "ミニストップ",
          "ja_rm": "Mini Sutoppu",
          "ko": "미니스톱"
        },
        "type": "supply",
        "subtype": "convenience_store",
        "stageIndex": 10,
        "kmFromStart": 294.1,
        "icon": "convenience_store",
        "source": "osm",
        "osmId": "node/636903849"
      }
    },
    {
      "type": "Feature",
      "id": "wp-osm-transport-node3152603501",
      "geometry": {
        "type": "Point",
        "coordinates": [
          133.0590665,
          33.9008935
        ]
      },
      "properties": {
        "routeId": "shikoku-88-iyo",
        "name": "丹原上町",
        "type": "transport",
        "subtype": "bus_stop",
        "stageIndex": 10,
        "kmFromStart": 294.1,
        "icon": "bus_stop",
        "source": "osm",
        "osmId": "node/3152603501"
      }
    },
    {
      "type": "Feature",
      "id": "wp-osm-transport-node3152603596",
      "geometry": {
        "type": "Point",
        "coordinates": [
          133.0573914,
          33.8989521
        ]
      },
      "properties": {
        "routeId": "shikoku-88-iyo",
        "name": "今井",
        "type": "transport",
        "subtype": "bus_stop",
        "stageIndex": 10,
        "kmFromStart": 294.2,
        "icon": "bus_stop",
        "source": "osm",
        "osmId": "node/3152603596"
      }
    },
    {
      "type": "Feature",
      "id": "wp-osm-accommodation-node12944733844",
      "geometry": {
        "type": "Point",
        "coordinates": [
          133.0597474,
          33.9004435
        ]
      },
      "properties": {
        "routeId": "shikoku-88-iyo",
        "name": "ゲストハウス BEKKU",
        "type": "accommodation",
        "subtype": "guesthouse",
        "stageIndex": 10,
        "kmFromStart": 294.2,
        "icon": "guesthouse",
        "source": "osm",
        "osmId": "node/12944733844"
      }
    },
    {
      "type": "Feature",
      "id": "wp-osm-transport-node3152605203",
      "geometry": {
        "type": "Point",
        "coordinates": [
          133.0769648,
          33.881627
        ]
      },
      "properties": {
        "routeId": "shikoku-88-iyo",
        "name": "大頭",
        "type": "transport",
        "subtype": "bus_stop",
        "stageIndex": 11,
        "kmFromStart": 296.8,
        "icon": "bus_stop",
        "source": "osm",
        "osmId": "node/3152605203"
      }
    },
    {
      "type": "Feature",
      "id": "wp-osm-transport-node3152605250",
      "geometry": {
        "type": "Point",
        "coordinates": [
          133.0795474,
          33.8833012
        ]
      },
      "properties": {
        "routeId": "shikoku-88-iyo",
        "name": "妙口",
        "type": "transport",
        "subtype": "bus_stop",
        "stageIndex": 11,
        "kmFromStart": 296.8,
        "icon": "bus_stop",
        "source": "osm",
        "osmId": "node/3152605250"
      }
    },
    {
      "type": "Feature",
      "id": "wp-osm-supply-node11404766169",
      "geometry": {
        "type": "Point",
        "coordinates": [
          133.1003394,
          33.8487146
        ]
      },
      "properties": {
        "routeId": "shikoku-88-iyo",
        "name": "Unnamed",
        "type": "supply",
        "subtype": "toilet",
        "stageIndex": 11,
        "kmFromStart": 303.1,
        "icon": "toilet",
        "source": "osm",
        "osmId": "node/11404766169"
      }
    },
    {
      "type": "Feature",
      "id": "wp-osm-supply-node412335502",
      "geometry": {
        "type": "Point",
        "coordinates": [
          133.1099864,
          33.8377891
        ]
      },
      "properties": {
        "routeId": "shikoku-88-iyo",
        "name": "Unnamed",
        "type": "supply",
        "subtype": "toilet",
        "stageIndex": 11,
        "kmFromStart": 304.9,
        "icon": "toilet",
        "source": "osm",
        "osmId": "node/412335502"
      }
    },
    {
      "type": "Feature",
      "id": "wp-osm-supply-node1741429935",
      "geometry": {
        "type": "Point",
        "coordinates": [
          133.1144417,
          33.83984
        ]
      },
      "properties": {
        "routeId": "shikoku-88-iyo",
        "name": "Unnamed",
        "type": "supply",
        "subtype": "toilet",
        "stageIndex": 11,
        "kmFromStart": 305.5,
        "icon": "toilet",
        "source": "osm",
        "osmId": "node/1741429935"
      }
    },
    {
      "type": "Feature",
      "id": "wp-osm-sacred_site-node13055529205",
      "geometry": {
        "type": "Point",
        "coordinates": [
          133.0997176,
          33.8768783
        ]
      },
      "properties": {
        "routeId": "shikoku-88-iyo",
        "name": "Kouonji Okuno-in",
        "nameLocalized": {
          "ja": "香園寺奥の院白瀧"
        },
        "type": "sacred_site",
        "subtype": "church",
        "stageIndex": 11,
        "kmFromStart": 311.4,
        "icon": "church",
        "source": "osm",
        "osmId": "node/13055529205"
      }
    },
    {
      "type": "Feature",
      "id": "wp-osm-water_source-node13406797193",
      "geometry": {
        "type": "Point",
        "coordinates": [
          133.0987272,
          33.8889193
        ]
      },
      "properties": {
        "routeId": "shikoku-88-iyo",
        "name": "Unnamed",
        "type": "water_source",
        "subtype": "fountain",
        "stageIndex": 11,
        "kmFromStart": 312.8,
        "icon": "fountain",
        "source": "osm",
        "osmId": "node/13406797193"
      }
    },
    {
      "type": "Feature",
      "id": "wp-osm-transport-node3152605114",
      "geometry": {
        "type": "Point",
        "coordinates": [
          133.1027482,
          33.896119
        ]
      },
      "properties": {
        "routeId": "shikoku-88-iyo",
        "name": "大師入口",
        "type": "transport",
        "subtype": "bus_stop",
        "stageIndex": 11,
        "kmFromStart": 313.7,
        "icon": "bus_stop",
        "source": "osm",
        "osmId": "node/3152605114"
      }
    },
    {
      "type": "Feature",
      "id": "wp-osm-sacred_site-node412335530",
      "geometry": {
        "type": "Point",
        "coordinates": [
          133.1034109,
          33.893603
        ]
      },
      "properties": {
        "routeId": "shikoku-88-iyo",
        "name": "61 Kōon-ji",
        "nameLocalized": {
          "ja": "第61番札所 香園寺"
        },
        "type": "sacred_site",
        "subtype": "church",
        "stageIndex": 11,
        "kmFromStart": 313.7,
        "icon": "church",
        "source": "osm",
        "osmId": "node/412335530"
      }
    },
    {
      "type": "Feature",
      "id": "wp-osm-supply-node3212649944",
      "geometry": {
        "type": "Point",
        "coordinates": [
          133.1060906,
          33.8971009
        ]
      },
      "properties": {
        "routeId": "shikoku-88-iyo",
        "name": "Seven-Eleven",
        "nameLocalized": {
          "ja": "セブン-イレブン",
          "ko": "세븐일레븐"
        },
        "type": "supply",
        "subtype": "convenience_store",
        "stageIndex": 11,
        "kmFromStart": 314,
        "icon": "convenience_store",
        "source": "osm",
        "osmId": "node/3212649944",
        "hours": "24/7"
      }
    },
    {
      "type": "Feature",
      "id": "wp-osm-sacred_site-node11407826114",
      "geometry": {
        "type": "Point",
        "coordinates": [
          133.10725,
          33.8961263
        ]
      },
      "properties": {
        "routeId": "shikoku-88-iyo",
        "name": "Mishima-jinja Shrine",
        "type": "sacred_site",
        "subtype": "church",
        "stageIndex": 11,
        "kmFromStart": 314.1,
        "icon": "church",
        "source": "osm",
        "osmId": "node/11407826114"
      }
    },
    {
      "type": "Feature",
      "id": "wp-osm-transport-node3152606887",
      "geometry": {
        "type": "Point",
        "coordinates": [
          133.1072831,
          33.8969131
        ]
      },
      "properties": {
        "routeId": "shikoku-88-iyo",
        "name": "新宮",
        "type": "transport",
        "subtype": "bus_stop",
        "stageIndex": 11,
        "kmFromStart": 314.5,
        "icon": "bus_stop",
        "source": "osm",
        "osmId": "node/3152606887"
      }
    },
    {
      "type": "Feature",
      "id": "wp-osm-transport-node3152606275",
      "geometry": {
        "type": "Point",
        "coordinates": [
          133.1115986,
          33.8970937
        ]
      },
      "properties": {
        "routeId": "shikoku-88-iyo",
        "name": "小松総合支所前",
        "type": "transport",
        "subtype": "bus_stop",
        "stageIndex": 11,
        "kmFromStart": 314.7,
        "icon": "bus_stop",
        "source": "osm",
        "osmId": "node/3152606275"
      }
    },
    {
      "type": "Feature",
      "id": "wp-osm-medical-node1423730763",
      "geometry": {
        "type": "Point",
        "coordinates": [
          133.11315,
          33.896091
        ]
      },
      "properties": {
        "routeId": "shikoku-88-iyo",
        "name": "倬清会横山病院",
        "type": "medical",
        "subtype": "hospital",
        "stageIndex": 11,
        "kmFromStart": 314.9,
        "icon": "hospital",
        "source": "osm",
        "osmId": "node/1423730763"
      }
    },
    {
      "type": "Feature",
      "id": "wp-osm-transport-node265007014",
      "geometry": {
        "type": "Point",
        "coordinates": [
          133.1167046,
          33.897657
        ]
      },
      "properties": {
        "routeId": "shikoku-88-iyo",
        "name": "Iyo-Komatsu",
        "nameLocalized": {
          "ja": "伊予小松",
          "ko": "이요코마쓰"
        },
        "type": "transport",
        "subtype": "train_station",
        "stageIndex": 11,
        "kmFromStart": 315.3,
        "icon": "train_station",
        "source": "osm",
        "osmId": "node/265007014"
      }
    },
    {
      "type": "Feature",
      "id": "wp-osm-transport-node3152606276",
      "geometry": {
        "type": "Point",
        "coordinates": [
          133.1165395,
          33.8969068
        ]
      },
      "properties": {
        "routeId": "shikoku-88-iyo",
        "name": "小松駅前",
        "type": "transport",
        "subtype": "bus_stop",
        "stageIndex": 11,
        "kmFromStart": 315.4,
        "icon": "bus_stop",
        "source": "osm",
        "osmId": "node/3152606276"
      }
    },
    {
      "type": "Feature",
      "id": "wp-osm-transport-node3152610362",
      "geometry": {
        "type": "Point",
        "coordinates": [
          133.1236301,
          33.8962645
        ]
      },
      "properties": {
        "routeId": "shikoku-88-iyo",
        "name": "西町入口",
        "type": "transport",
        "subtype": "bus_stop",
        "stageIndex": 11,
        "kmFromStart": 316,
        "icon": "bus_stop",
        "source": "osm",
        "osmId": "node/3152610362"
      }
    },
    {
      "type": "Feature",
      "id": "wp-osm-transport-node3152607716",
      "geometry": {
        "type": "Point",
        "coordinates": [
          133.1302784,
          33.8955071
        ]
      },
      "properties": {
        "routeId": "shikoku-88-iyo",
        "name": "氷見",
        "type": "transport",
        "subtype": "bus_stop",
        "stageIndex": 11,
        "kmFromStart": 316.6,
        "icon": "bus_stop",
        "source": "osm",
        "osmId": "node/3152607716"
      }
    },
    {
      "type": "Feature",
      "id": "wp-osm-accommodation-node11402656769",
      "geometry": {
        "type": "Point",
        "coordinates": [
          133.1295083,
          33.8953248
        ]
      },
      "properties": {
        "routeId": "shikoku-88-iyo",
        "name": "Guesthouse Himi",
        "type": "accommodation",
        "subtype": "guesthouse",
        "stageIndex": 11,
        "kmFromStart": 316.6,
        "icon": "guesthouse",
        "source": "osm",
        "osmId": "node/11402656769"
      }
    },
    {
      "type": "Feature",
      "id": "wp-osm-transport-node265009422",
      "geometry": {
        "type": "Point",
        "coordinates": [
          133.1307552,
          33.8967955
        ]
      },
      "properties": {
        "routeId": "shikoku-88-iyo",
        "name": "Iyo-Himi",
        "nameLocalized": {
          "ja": "伊予氷見",
          "ko": "이요히미"
        },
        "type": "transport",
        "subtype": "train_station",
        "stageIndex": 11,
        "kmFromStart": 316.6,
        "icon": "train_station",
        "source": "osm",
        "osmId": "node/265009422"
      }
    },
    {
      "type": "Feature",
      "id": "wp-osm-medical-node1423731241",
      "geometry": {
        "type": "Point",
        "coordinates": [
          133.131454,
          33.893203
        ]
      },
      "properties": {
        "routeId": "shikoku-88-iyo",
        "name": "北辰会まなべ病院",
        "type": "medical",
        "subtype": "hospital",
        "stageIndex": 11,
        "kmFromStart": 317,
        "icon": "hospital",
        "source": "osm",
        "osmId": "node/1423731241"
      }
    },
    {
      "type": "Feature",
      "id": "wp-osm-supply-node12947705964",
      "geometry": {
        "type": "Point",
        "coordinates": [
          133.1319041,
          33.8951965
        ]
      },
      "properties": {
        "routeId": "shikoku-88-iyo",
        "name": "Lawson",
        "type": "supply",
        "subtype": "convenience_store",
        "stageIndex": 11,
        "kmFromStart": 317,
        "icon": "convenience_store",
        "source": "osm",
        "osmId": "node/12947705964"
      }
    },
    {
      "type": "Feature",
      "id": "wp-osm-transport-node3152610785",
      "geometry": {
        "type": "Point",
        "coordinates": [
          133.1383357,
          33.8952243
        ]
      },
      "properties": {
        "routeId": "shikoku-88-iyo",
        "name": "野々市",
        "type": "transport",
        "subtype": "bus_stop",
        "stageIndex": 11,
        "kmFromStart": 317.6,
        "icon": "bus_stop",
        "source": "osm",
        "osmId": "node/3152610785"
      }
    },
    {
      "type": "Feature",
      "id": "wp-osm-transport-node3152607552",
      "geometry": {
        "type": "Point",
        "coordinates": [
          133.1463731,
          33.8949266
        ]
      },
      "properties": {
        "routeId": "shikoku-88-iyo",
        "name": "楢之木",
        "type": "transport",
        "subtype": "bus_stop",
        "stageIndex": 11,
        "kmFromStart": 318.4,
        "icon": "bus_stop",
        "source": "osm",
        "osmId": "node/3152607552"
      }
    },
    {
      "type": "Feature",
      "id": "wp-osm-transport-node3152608564",
      "geometry": {
        "type": "Point",
        "coordinates": [
          133.1580125,
          33.8946091
        ]
      },
      "properties": {
        "routeId": "shikoku-88-iyo",
        "name": "石鎚神社",
        "type": "transport",
        "subtype": "bus_stop",
        "stageIndex": 11,
        "kmFromStart": 319.4,
        "icon": "bus_stop",
        "source": "osm",
        "osmId": "node/3152608564"
      }
    },
    {
      "type": "Feature",
      "id": "wp-osm-supply-node412335767",
      "geometry": {
        "type": "Point",
        "coordinates": [
          133.1592694,
          33.8920948
        ]
      },
      "properties": {
        "routeId": "shikoku-88-iyo",
        "name": "Unnamed",
        "type": "supply",
        "subtype": "toilet",
        "stageIndex": 11,
        "kmFromStart": 319.6,
        "icon": "toilet",
        "source": "osm",
        "osmId": "node/412335767"
      }
    },
    {
      "type": "Feature",
      "id": "wp-osm-sacred_site-node412335769",
      "geometry": {
        "type": "Point",
        "coordinates": [
          133.1605615,
          33.8903607
        ]
      },
      "properties": {
        "routeId": "shikoku-88-iyo",
        "name": "64 Maegami-ji",
        "nameLocalized": {
          "ja": "第64番札所 前神寺"
        },
        "type": "sacred_site",
        "subtype": "church",
        "stageIndex": 11,
        "kmFromStart": 319.9,
        "icon": "church",
        "source": "osm",
        "osmId": "node/412335769"
      }
    },
    {
      "type": "Feature",
      "id": "wp-osm-transport-node3152607864",
      "geometry": {
        "type": "Point",
        "coordinates": [
          133.1642242,
          33.8951449
        ]
      },
      "properties": {
        "routeId": "shikoku-88-iyo",
        "name": "湯之谷",
        "type": "transport",
        "subtype": "bus_stop",
        "stageIndex": 12,
        "kmFromStart": 320.6,
        "icon": "bus_stop",
        "source": "osm",
        "osmId": "node/3152607864"
      }
    },
    {
      "type": "Feature",
      "id": "wp-osm-transport-node3152605785",
      "geometry": {
        "type": "Point",
        "coordinates": [
          133.1695626,
          33.896673
        ]
      },
      "properties": {
        "routeId": "shikoku-88-iyo",
        "name": "安知生",
        "type": "transport",
        "subtype": "bus_stop",
        "stageIndex": 12,
        "kmFromStart": 321.2,
        "icon": "bus_stop",
        "source": "osm",
        "osmId": "node/3152605785"
      }
    },
    {
      "type": "Feature",
      "id": "wp-osm-transport-node3152607800",
      "geometry": {
        "type": "Point",
        "coordinates": [
          133.1734126,
          33.8981218
        ]
      },
      "properties": {
        "routeId": "shikoku-88-iyo",
        "name": "洲之内",
        "type": "transport",
        "subtype": "bus_stop",
        "stageIndex": 12,
        "kmFromStart": 321.6,
        "icon": "bus_stop",
        "source": "osm",
        "osmId": "node/3152607800"
      }
    },
    {
      "type": "Feature",
      "id": "wp-osm-transport-node3152607361",
      "geometry": {
        "type": "Point",
        "coordinates": [
          133.181331,
          33.9002055
        ]
      },
      "properties": {
        "routeId": "shikoku-88-iyo",
        "name": "東光",
        "type": "transport",
        "subtype": "bus_stop",
        "stageIndex": 12,
        "kmFromStart": 322.3,
        "icon": "bus_stop",
        "source": "osm",
        "osmId": "node/3152607361"
      }
    },
    {
      "type": "Feature",
      "id": "wp-osm-transport-node3152603650",
      "geometry": {
        "type": "Point",
        "coordinates": [
          133.189428,
          33.8994911
        ]
      },
      "properties": {
        "routeId": "shikoku-88-iyo",
        "name": "伊曽乃",
        "type": "transport",
        "subtype": "bus_stop",
        "stageIndex": 12,
        "kmFromStart": 323.4,
        "icon": "bus_stop",
        "source": "osm",
        "osmId": "node/3152603650"
      }
    },
    {
      "type": "Feature",
      "id": "wp-osm-supply-node11408893969",
      "geometry": {
        "type": "Point",
        "coordinates": [
          133.193676,
          33.8989931
        ]
      },
      "properties": {
        "routeId": "shikoku-88-iyo",
        "name": "Unnamed",
        "type": "supply",
        "subtype": "toilet",
        "stageIndex": 12,
        "kmFromStart": 324,
        "icon": "toilet",
        "source": "osm",
        "osmId": "node/11408893969"
      }
    },
    {
      "type": "Feature",
      "id": "wp-osm-sacred_site-node11408953169",
      "geometry": {
        "type": "Point",
        "coordinates": [
          133.211168,
          33.9084382
        ]
      },
      "properties": {
        "routeId": "shikoku-88-iyo",
        "name": "Jizoharajizoan",
        "type": "sacred_site",
        "subtype": "church",
        "stageIndex": 12,
        "kmFromStart": 326.3,
        "icon": "church",
        "source": "osm",
        "osmId": "node/11408953169"
      }
    },
    {
      "type": "Feature",
      "id": "wp-osm-medical-node1423737811",
      "geometry": {
        "type": "Point",
        "coordinates": [
          133.209448,
          33.911037
        ]
      },
      "properties": {
        "routeId": "shikoku-88-iyo",
        "name": "愛寿会西条愛寿会病院",
        "type": "medical",
        "subtype": "hospital",
        "stageIndex": 12,
        "kmFromStart": 326.4,
        "icon": "hospital",
        "source": "osm",
        "osmId": "node/1423737811"
      }
    },
    {
      "type": "Feature",
      "id": "wp-osm-medical-node1423744765",
      "geometry": {
        "type": "Point",
        "coordinates": [
          133.212253,
          33.909231
        ]
      },
      "properties": {
        "routeId": "shikoku-88-iyo",
        "name": "隣善会西条道前病院",
        "type": "medical",
        "subtype": "hospital",
        "stageIndex": 12,
        "kmFromStart": 326.4,
        "icon": "hospital",
        "source": "osm",
        "osmId": "node/1423744765"
      }
    },
    {
      "type": "Feature",
      "id": "wp-osm-transport-node3152605798",
      "geometry": {
        "type": "Point",
        "coordinates": [
          133.2181841,
          33.9162655
        ]
      },
      "properties": {
        "routeId": "shikoku-88-iyo",
        "name": "室川橋",
        "type": "transport",
        "subtype": "bus_stop",
        "stageIndex": 12,
        "kmFromStart": 327.6,
        "icon": "bus_stop",
        "source": "osm",
        "osmId": "node/3152605798"
      }
    },
    {
      "type": "Feature",
      "id": "wp-osm-transport-node3152603032",
      "geometry": {
        "type": "Point",
        "coordinates": [
          133.2356849,
          33.9199469
        ]
      },
      "properties": {
        "routeId": "shikoku-88-iyo",
        "name": "オレンジハイツ入口",
        "type": "transport",
        "subtype": "bus_stop",
        "stageIndex": 12,
        "kmFromStart": 329.2,
        "icon": "bus_stop",
        "source": "osm",
        "osmId": "node/3152603032"
      }
    },
    {
      "type": "Feature",
      "id": "wp-osm-transport-node3152604585",
      "geometry": {
        "type": "Point",
        "coordinates": [
          133.2326577,
          33.9194581
        ]
      },
      "properties": {
        "routeId": "shikoku-88-iyo",
        "name": "半田",
        "type": "transport",
        "subtype": "bus_stop",
        "stageIndex": 12,
        "kmFromStart": 328.9,
        "icon": "bus_stop",
        "source": "osm",
        "osmId": "node/3152604585"
      }
    },
    {
      "type": "Feature",
      "id": "wp-osm-transport-node3152611226",
      "geometry": {
        "type": "Point",
        "coordinates": [
          133.2272751,
          33.9186251
        ]
      },
      "properties": {
        "routeId": "shikoku-88-iyo",
        "name": "飯岡",
        "type": "transport",
        "subtype": "bus_stop",
        "stageIndex": 12,
        "kmFromStart": 328.4,
        "icon": "bus_stop",
        "source": "osm",
        "osmId": "node/3152611226"
      }
    },
    {
      "type": "Feature",
      "id": "wp-osm-transport-node3152610025",
      "geometry": {
        "type": "Point",
        "coordinates": [
          133.2245434,
          33.9181983
        ]
      },
      "properties": {
        "routeId": "shikoku-88-iyo",
        "name": "西原",
        "type": "transport",
        "subtype": "bus_stop",
        "stageIndex": 12,
        "kmFromStart": 328.2,
        "icon": "bus_stop",
        "source": "osm",
        "osmId": "node/3152610025"
      }
    },
    {
      "type": "Feature",
      "id": "wp-osm-transport-node3152607845",
      "geometry": {
        "type": "Point",
        "coordinates": [
          133.2511466,
          33.9216224
        ]
      },
      "properties": {
        "routeId": "shikoku-88-iyo",
        "name": "渦井橋",
        "type": "transport",
        "subtype": "bus_stop",
        "stageIndex": 12,
        "kmFromStart": 330.7,
        "icon": "bus_stop",
        "source": "osm",
        "osmId": "node/3152607845"
      }
    },
    {
      "type": "Feature",
      "id": "wp-osm-supply-node696846371",
      "geometry": {
        "type": "Point",
        "coordinates": [
          133.2476947,
          33.9204867
        ]
      },
      "properties": {
        "routeId": "shikoku-88-iyo",
        "name": "Lawson",
        "nameLocalized": {
          "ja": "ローソン",
          "ja_rm": "Famirī Mato"
        },
        "type": "supply",
        "subtype": "convenience_store",
        "stageIndex": 12,
        "kmFromStart": 330.3,
        "icon": "convenience_store",
        "source": "osm",
        "osmId": "node/696846371"
      }
    },
    {
      "type": "Feature",
      "id": "wp-osm-transport-node3152607511",
      "geometry": {
        "type": "Point",
        "coordinates": [
          133.2463225,
          33.9208272
        ]
      },
      "properties": {
        "routeId": "shikoku-88-iyo",
        "name": "桜木",
        "type": "transport",
        "subtype": "bus_stop",
        "stageIndex": 12,
        "kmFromStart": 330.2,
        "icon": "bus_stop",
        "source": "osm",
        "osmId": "node/3152607511"
      }
    },
    {
      "type": "Feature",
      "id": "wp-osm-transport-node2221159148",
      "geometry": {
        "type": "Point",
        "coordinates": [
          133.242745,
          33.919973
        ]
      },
      "properties": {
        "routeId": "shikoku-88-iyo",
        "name": "八幡前",
        "type": "transport",
        "subtype": "bus_stop",
        "stageIndex": 12,
        "kmFromStart": 329.9,
        "icon": "bus_stop",
        "source": "osm",
        "osmId": "node/2221159148"
      }
    },
    {
      "type": "Feature",
      "id": "wp-osm-transport-node3152604022",
      "geometry": {
        "type": "Point",
        "coordinates": [
          133.2398637,
          33.9196785
        ]
      },
      "properties": {
        "routeId": "shikoku-88-iyo",
        "name": "八幡前",
        "type": "transport",
        "subtype": "bus_stop",
        "stageIndex": 12,
        "kmFromStart": 329.6,
        "icon": "bus_stop",
        "source": "osm",
        "osmId": "node/3152604022"
      }
    },
    {
      "type": "Feature",
      "id": "wp-osm-transport-node3152603479",
      "geometry": {
        "type": "Point",
        "coordinates": [
          133.2542247,
          33.9230802
        ]
      },
      "properties": {
        "routeId": "shikoku-88-iyo",
        "name": "中萩駅前",
        "type": "transport",
        "subtype": "bus_stop",
        "stageIndex": 12,
        "kmFromStart": 331,
        "icon": "bus_stop",
        "source": "osm",
        "osmId": "node/3152603479"
      }
    },
    {
      "type": "Feature",
      "id": "wp-osm-transport-node3152606307",
      "geometry": {
        "type": "Point",
        "coordinates": [
          133.2589331,
          33.9252042
        ]
      },
      "properties": {
        "routeId": "shikoku-88-iyo",
        "name": "岸ノ下西",
        "type": "transport",
        "subtype": "bus_stop",
        "stageIndex": 12,
        "kmFromStart": 331.6,
        "icon": "bus_stop",
        "source": "osm",
        "osmId": "node/3152606307"
      }
    },
    {
      "type": "Feature",
      "id": "wp-osm-transport-node3152606347",
      "geometry": {
        "type": "Point",
        "coordinates": [
          133.26316,
          33.9268894
        ]
      },
      "properties": {
        "routeId": "shikoku-88-iyo",
        "name": "岸ノ下・局前",
        "type": "transport",
        "subtype": "bus_stop",
        "stageIndex": 12,
        "kmFromStart": 332,
        "icon": "bus_stop",
        "source": "osm",
        "osmId": "node/3152606347"
      }
    },
    {
      "type": "Feature",
      "id": "wp-osm-transport-node3152609966",
      "geometry": {
        "type": "Point",
        "coordinates": [
          133.2696302,
          33.9287838
        ]
      },
      "properties": {
        "routeId": "shikoku-88-iyo",
        "name": "萩生",
        "type": "transport",
        "subtype": "bus_stop",
        "stageIndex": 12,
        "kmFromStart": 332.6,
        "icon": "bus_stop",
        "source": "osm",
        "osmId": "node/3152609966"
      }
    },
    {
      "type": "Feature",
      "id": "wp-osm-transport-node10692924693",
      "geometry": {
        "type": "Point",
        "coordinates": [
          133.2720326,
          33.9291877
        ]
      },
      "properties": {
        "routeId": "shikoku-88-iyo",
        "name": "萩生",
        "type": "transport",
        "subtype": "bus_stop",
        "stageIndex": 12,
        "kmFromStart": 332.8,
        "icon": "bus_stop",
        "source": "osm",
        "osmId": "node/10692924693"
      }
    },
    {
      "type": "Feature",
      "id": "wp-osm-sacred_site-node10669837034",
      "geometry": {
        "type": "Point",
        "coordinates": [
          133.2740747,
          33.9261575
        ]
      },
      "properties": {
        "routeId": "shikoku-88-iyo",
        "name": "萩生寺",
        "type": "sacred_site",
        "subtype": "church",
        "stageIndex": 12,
        "kmFromStart": 332.9,
        "icon": "church",
        "source": "osm",
        "osmId": "node/10669837034"
      }
    },
    {
      "type": "Feature",
      "id": "wp-osm-transport-node3152611243",
      "geometry": {
        "type": "Point",
        "coordinates": [
          133.2763521,
          33.9301062
        ]
      },
      "properties": {
        "routeId": "shikoku-88-iyo",
        "name": "馬渕口",
        "type": "transport",
        "subtype": "bus_stop",
        "stageIndex": 12,
        "kmFromStart": 333.2,
        "icon": "bus_stop",
        "source": "osm",
        "osmId": "node/3152611243"
      }
    },
    {
      "type": "Feature",
      "id": "wp-osm-transport-node10692924720",
      "geometry": {
        "type": "Point",
        "coordinates": [
          133.2774066,
          33.9304261
        ]
      },
      "properties": {
        "routeId": "shikoku-88-iyo",
        "name": "馬渕口",
        "type": "transport",
        "subtype": "bus_stop",
        "stageIndex": 12,
        "kmFromStart": 333.3,
        "icon": "bus_stop",
        "source": "osm",
        "osmId": "node/10692924720"
      }
    },
    {
      "type": "Feature",
      "id": "wp-osm-transport-node10692924730",
      "geometry": {
        "type": "Point",
        "coordinates": [
          133.2803129,
          33.9309599
        ]
      },
      "properties": {
        "routeId": "shikoku-88-iyo",
        "name": "中萩本郷",
        "type": "transport",
        "subtype": "bus_stop",
        "stageIndex": 12,
        "kmFromStart": 333.6,
        "icon": "bus_stop",
        "source": "osm",
        "osmId": "node/10692924730"
      }
    },
    {
      "type": "Feature",
      "id": "wp-osm-transport-node3152608221",
      "geometry": {
        "type": "Point",
        "coordinates": [
          133.2810178,
          33.931227
        ]
      },
      "properties": {
        "routeId": "shikoku-88-iyo",
        "name": "中萩本郷",
        "type": "transport",
        "subtype": "bus_stop",
        "stageIndex": 12,
        "kmFromStart": 333.7,
        "icon": "bus_stop",
        "source": "osm",
        "osmId": "node/3152608221"
      }
    },
    {
      "type": "Feature",
      "id": "wp-osm-medical-node1423734706",
      "geometry": {
        "type": "Point",
        "coordinates": [
          133.2845771,
          33.9307504
        ]
      },
      "properties": {
        "routeId": "shikoku-88-iyo",
        "name": "岩崎病院",
        "type": "medical",
        "subtype": "hospital",
        "stageIndex": 12,
        "kmFromStart": 334,
        "icon": "hospital",
        "source": "osm",
        "osmId": "node/1423734706"
      }
    },
    {
      "type": "Feature",
      "id": "wp-osm-transport-node3152607666",
      "geometry": {
        "type": "Point",
        "coordinates": [
          133.2854827,
          33.9293835
        ]
      },
      "properties": {
        "routeId": "shikoku-88-iyo",
        "name": "横山",
        "type": "transport",
        "subtype": "bus_stop",
        "stageIndex": 12,
        "kmFromStart": 334.1,
        "icon": "bus_stop",
        "source": "osm",
        "osmId": "node/3152607666"
      }
    },
    {
      "type": "Feature",
      "id": "wp-osm-transport-node3152610016",
      "geometry": {
        "type": "Point",
        "coordinates": [
          133.2855436,
          33.9323634
        ]
      },
      "properties": {
        "routeId": "shikoku-88-iyo",
        "name": "西之端",
        "type": "transport",
        "subtype": "bus_stop",
        "stageIndex": 12,
        "kmFromStart": 334.1,
        "icon": "bus_stop",
        "source": "osm",
        "osmId": "node/3152610016"
      }
    },
    {
      "type": "Feature",
      "id": "wp-osm-transport-node10692924739",
      "geometry": {
        "type": "Point",
        "coordinates": [
          133.2841004,
          33.931762
        ]
      },
      "properties": {
        "routeId": "shikoku-88-iyo",
        "name": "西之端",
        "type": "transport",
        "subtype": "bus_stop",
        "stageIndex": 12,
        "kmFromStart": 334,
        "icon": "bus_stop",
        "source": "osm",
        "osmId": "node/10692924739"
      }
    },
    {
      "type": "Feature",
      "id": "wp-osm-sacred_site-node10572420866",
      "geometry": {
        "type": "Point",
        "coordinates": [
          133.2867704,
          33.9282632
        ]
      },
      "properties": {
        "routeId": "shikoku-88-iyo",
        "name": "白山神社",
        "type": "sacred_site",
        "subtype": "church",
        "stageIndex": 12,
        "kmFromStart": 334.1,
        "icon": "church",
        "source": "osm",
        "osmId": "node/10572420866"
      }
    },
    {
      "type": "Feature",
      "id": "wp-osm-transport-node3152603459",
      "geometry": {
        "type": "Point",
        "coordinates": [
          133.2884388,
          33.9332044
        ]
      },
      "properties": {
        "routeId": "shikoku-88-iyo",
        "name": "中村",
        "type": "transport",
        "subtype": "bus_stop",
        "stageIndex": 12,
        "kmFromStart": 334.4,
        "icon": "bus_stop",
        "source": "osm",
        "osmId": "node/3152603459"
      }
    },
    {
      "type": "Feature",
      "id": "wp-osm-transport-node10696552884",
      "geometry": {
        "type": "Point",
        "coordinates": [
          133.2889941,
          33.9332674
        ]
      },
      "properties": {
        "routeId": "shikoku-88-iyo",
        "name": "中村",
        "type": "transport",
        "subtype": "bus_stop",
        "stageIndex": 12,
        "kmFromStart": 334.5,
        "icon": "bus_stop",
        "source": "osm",
        "osmId": "node/10696552884"
      }
    },
    {
      "type": "Feature",
      "id": "wp-osm-transport-node3152604881",
      "geometry": {
        "type": "Point",
        "coordinates": [
          133.2912919,
          33.9338888
        ]
      },
      "properties": {
        "routeId": "shikoku-88-iyo",
        "name": "土橋",
        "type": "transport",
        "subtype": "bus_stop",
        "stageIndex": 12,
        "kmFromStart": 334.7,
        "icon": "bus_stop",
        "source": "osm",
        "osmId": "node/3152604881"
      }
    },
    {
      "type": "Feature",
      "id": "wp-osm-transport-node10696554908",
      "geometry": {
        "type": "Point",
        "coordinates": [
          133.2902713,
          33.9337703
        ]
      },
      "properties": {
        "routeId": "shikoku-88-iyo",
        "name": "土橋",
        "type": "transport",
        "subtype": "bus_stop",
        "stageIndex": 12,
        "kmFromStart": 334.6,
        "icon": "bus_stop",
        "source": "osm",
        "osmId": "node/10696554908"
      }
    },
    {
      "type": "Feature",
      "id": "wp-osm-supply-node10688013052",
      "geometry": {
        "type": "Point",
        "coordinates": [
          133.2933246,
          33.9304973
        ]
      },
      "properties": {
        "routeId": "shikoku-88-iyo",
        "name": "Unnamed",
        "type": "supply",
        "subtype": "toilet",
        "stageIndex": 12,
        "kmFromStart": 334.8,
        "icon": "toilet",
        "source": "osm",
        "osmId": "node/10688013052"
      }
    },
    {
      "type": "Feature",
      "id": "wp-osm-sacred_site-node10688013064",
      "geometry": {
        "type": "Point",
        "coordinates": [
          133.2945275,
          33.9338893
        ]
      },
      "properties": {
        "routeId": "shikoku-88-iyo",
        "name": "新居浜キリスト教会",
        "type": "sacred_site",
        "subtype": "church",
        "stageIndex": 12,
        "kmFromStart": 335,
        "icon": "church",
        "source": "osm",
        "osmId": "node/10688013064"
      }
    },
    {
      "type": "Feature",
      "id": "wp-osm-transport-node3152610380",
      "geometry": {
        "type": "Point",
        "coordinates": [
          133.294694,
          33.9344977
        ]
      },
      "properties": {
        "routeId": "shikoku-88-iyo",
        "name": "角野派出所",
        "type": "transport",
        "subtype": "bus_stop",
        "stageIndex": 12,
        "kmFromStart": 335.1,
        "icon": "bus_stop",
        "source": "osm",
        "osmId": "node/3152610380"
      }
    },
    {
      "type": "Feature",
      "id": "wp-osm-transport-node3152604842",
      "geometry": {
        "type": "Point",
        "coordinates": [
          133.298559,
          33.9334657
        ]
      },
      "properties": {
        "routeId": "shikoku-88-iyo",
        "name": "喜光地",
        "type": "transport",
        "subtype": "bus_stop",
        "stageIndex": 12,
        "kmFromStart": 335.3,
        "icon": "bus_stop",
        "source": "osm",
        "osmId": "node/3152604842"
      }
    },
    {
      "type": "Feature",
      "id": "wp-osm-medical-node1423707344",
      "geometry": {
        "type": "Point",
        "coordinates": [
          133.302079,
          33.934787
        ]
      },
      "properties": {
        "routeId": "shikoku-88-iyo",
        "name": "立花病院",
        "type": "medical",
        "subtype": "clinic",
        "stageIndex": 12,
        "kmFromStart": 335.7,
        "icon": "clinic",
        "source": "osm",
        "osmId": "node/1423707344"
      }
    },
    {
      "type": "Feature",
      "id": "wp-osm-transport-node3152611164",
      "geometry": {
        "type": "Point",
        "coordinates": [
          133.3017401,
          33.9364762
        ]
      },
      "properties": {
        "routeId": "shikoku-88-iyo",
        "name": "長田",
        "type": "transport",
        "subtype": "bus_stop",
        "stageIndex": 12,
        "kmFromStart": 335.6,
        "icon": "bus_stop",
        "source": "osm",
        "osmId": "node/3152611164"
      }
    },
    {
      "type": "Feature",
      "id": "wp-osm-transport-node3152610376",
      "geometry": {
        "type": "Point",
        "coordinates": [
          133.3038389,
          33.9364893
        ]
      },
      "properties": {
        "routeId": "shikoku-88-iyo",
        "name": "要害",
        "type": "transport",
        "subtype": "bus_stop",
        "stageIndex": 12,
        "kmFromStart": 335.9,
        "icon": "bus_stop",
        "source": "osm",
        "osmId": "node/3152610376"
      }
    },
    {
      "type": "Feature",
      "id": "wp-osm-food-node10572727710",
      "geometry": {
        "type": "Point",
        "coordinates": [
          133.3075261,
          33.9367558
        ]
      },
      "properties": {
        "routeId": "shikoku-88-iyo",
        "name": "Gusto",
        "nameLocalized": {
          "ja": "ガスト"
        },
        "type": "food",
        "subtype": "restaurant",
        "stageIndex": 12,
        "kmFromStart": 336.2,
        "icon": "restaurant",
        "source": "osm",
        "osmId": "node/10572727710"
      }
    },
    {
      "type": "Feature",
      "id": "wp-osm-sacred_site-node10673975133",
      "geometry": {
        "type": "Point",
        "coordinates": [
          133.3048095,
          33.9358905
        ]
      },
      "properties": {
        "routeId": "shikoku-88-iyo",
        "name": "毘沙門堂",
        "type": "sacred_site",
        "subtype": "church",
        "stageIndex": 12,
        "kmFromStart": 336,
        "icon": "church",
        "source": "osm",
        "osmId": "node/10673975133"
      }
    },
    {
      "type": "Feature",
      "id": "wp-osm-transport-node3152607471",
      "geometry": {
        "type": "Point",
        "coordinates": [
          133.3136965,
          33.9376896
        ]
      },
      "properties": {
        "routeId": "shikoku-88-iyo",
        "name": "枯松",
        "type": "transport",
        "subtype": "bus_stop",
        "stageIndex": 12,
        "kmFromStart": 336.8,
        "icon": "bus_stop",
        "source": "osm",
        "osmId": "node/3152607471"
      }
    },
    {
      "type": "Feature",
      "id": "wp-osm-transport-node3152605061",
      "geometry": {
        "type": "Point",
        "coordinates": [
          133.3103385,
          33.9372108
        ]
      },
      "properties": {
        "routeId": "shikoku-88-iyo",
        "name": "外山",
        "type": "transport",
        "subtype": "bus_stop",
        "stageIndex": 12,
        "kmFromStart": 336.5,
        "icon": "bus_stop",
        "source": "osm",
        "osmId": "node/3152605061"
      }
    },
    {
      "type": "Feature",
      "id": "wp-osm-food-node696846346",
      "geometry": {
        "type": "Point",
        "coordinates": [
          133.3186794,
          33.938182
        ]
      },
      "properties": {
        "routeId": "shikoku-88-iyo",
        "name": "こくりょう食堂",
        "type": "food",
        "subtype": "restaurant",
        "stageIndex": 12,
        "kmFromStart": 337.3,
        "icon": "restaurant",
        "source": "osm",
        "osmId": "node/696846346"
      }
    },
    {
      "type": "Feature",
      "id": "wp-osm-transport-node3152607389",
      "geometry": {
        "type": "Point",
        "coordinates": [
          133.3177581,
          33.9382561
        ]
      },
      "properties": {
        "routeId": "shikoku-88-iyo",
        "name": "東田入口",
        "type": "transport",
        "subtype": "bus_stop",
        "stageIndex": 12,
        "kmFromStart": 337.2,
        "icon": "bus_stop",
        "source": "osm",
        "osmId": "node/3152607389"
      }
    },
    {
      "type": "Feature",
      "id": "wp-osm-food-node696846410",
      "geometry": {
        "type": "Point",
        "coordinates": [
          133.3233856,
          33.9386913
        ]
      },
      "properties": {
        "routeId": "shikoku-88-iyo",
        "name": "Hanamarūdon",
        "nameLocalized": {
          "ja": "はなまるうどん",
          "ja_rm": "Hanamaru Udon"
        },
        "type": "food",
        "subtype": "restaurant",
        "stageIndex": 12,
        "kmFromStart": 337.7,
        "icon": "restaurant",
        "source": "osm",
        "osmId": "node/696846410"
      }
    },
    {
      "type": "Feature",
      "id": "wp-osm-transport-node3152607518",
      "geometry": {
        "type": "Point",
        "coordinates": [
          133.3242101,
          33.9389619
        ]
      },
      "properties": {
        "routeId": "shikoku-88-iyo",
        "name": "桧端",
        "type": "transport",
        "subtype": "bus_stop",
        "stageIndex": 12,
        "kmFromStart": 337.8,
        "icon": "bus_stop",
        "source": "osm",
        "osmId": "node/3152607518"
      }
    },
    {
      "type": "Feature",
      "id": "wp-osm-transport-node3152603379",
      "geometry": {
        "type": "Point",
        "coordinates": [
          133.3283656,
          33.9391923
        ]
      },
      "properties": {
        "routeId": "shikoku-88-iyo",
        "name": "下池田",
        "type": "transport",
        "subtype": "bus_stop",
        "stageIndex": 12,
        "kmFromStart": 338.2,
        "icon": "bus_stop",
        "source": "osm",
        "osmId": "node/3152603379"
      }
    },
    {
      "type": "Feature",
      "id": "wp-osm-transport-node3152604896",
      "geometry": {
        "type": "Point",
        "coordinates": [
          133.3348853,
          33.9398249
        ]
      },
      "properties": {
        "routeId": "shikoku-88-iyo",
        "name": "坂ノ下",
        "type": "transport",
        "subtype": "bus_stop",
        "stageIndex": 12,
        "kmFromStart": 338.8,
        "icon": "bus_stop",
        "source": "osm",
        "osmId": "node/3152604896"
      }
    },
    {
      "type": "Feature",
      "id": "wp-osm-transport-node3152603402",
      "geometry": {
        "type": "Point",
        "coordinates": [
          133.3430028,
          33.9434967
        ]
      },
      "properties": {
        "routeId": "shikoku-88-iyo",
        "name": "下長野",
        "type": "transport",
        "subtype": "bus_stop",
        "stageIndex": 12,
        "kmFromStart": 339.7,
        "icon": "bus_stop",
        "source": "osm",
        "osmId": "node/3152603402"
      }
    },
    {
      "type": "Feature",
      "id": "wp-osm-transport-node3152611170",
      "geometry": {
        "type": "Point",
        "coordinates": [
          133.3482379,
          33.9431627
        ]
      },
      "properties": {
        "routeId": "shikoku-88-iyo",
        "name": "長野",
        "type": "transport",
        "subtype": "bus_stop",
        "stageIndex": 12,
        "kmFromStart": 340.1,
        "icon": "bus_stop",
        "source": "osm",
        "osmId": "node/3152611170"
      }
    },
    {
      "type": "Feature",
      "id": "wp-osm-transport-node3152611174",
      "geometry": {
        "type": "Point",
        "coordinates": [
          133.3686941,
          33.9377683
        ]
      },
      "properties": {
        "routeId": "shikoku-88-iyo",
        "name": "関ノ原",
        "type": "transport",
        "subtype": "bus_stop",
        "stageIndex": 12,
        "kmFromStart": 342.2,
        "icon": "bus_stop",
        "source": "osm",
        "osmId": "node/3152611174"
      }
    },
    {
      "type": "Feature",
      "id": "wp-osm-transport-node3152611175",
      "geometry": {
        "type": "Point",
        "coordinates": [
          133.3645368,
          33.937226
        ]
      },
      "properties": {
        "routeId": "shikoku-88-iyo",
        "name": "関ノ戸",
        "type": "transport",
        "subtype": "bus_stop",
        "stageIndex": 12,
        "kmFromStart": 341.8,
        "icon": "bus_stop",
        "source": "osm",
        "osmId": "node/3152611175"
      }
    },
    {
      "type": "Feature",
      "id": "wp-osm-transport-node3152610764",
      "geometry": {
        "type": "Point",
        "coordinates": [
          133.3588111,
          33.9398359
        ]
      },
      "properties": {
        "routeId": "shikoku-88-iyo",
        "name": "道面",
        "type": "transport",
        "subtype": "bus_stop",
        "stageIndex": 12,
        "kmFromStart": 341.2,
        "icon": "bus_stop",
        "source": "osm",
        "osmId": "node/3152610764"
      }
    },
    {
      "type": "Feature",
      "id": "wp-osm-food-node696846388",
      "geometry": {
        "type": "Point",
        "coordinates": [
          133.3571649,
          33.9401156
        ]
      },
      "properties": {
        "routeId": "shikoku-88-iyo",
        "name": "Unnamed",
        "type": "food",
        "subtype": "cafe",
        "stageIndex": 12,
        "kmFromStart": 341,
        "icon": "cafe",
        "source": "osm",
        "osmId": "node/696846388"
      }
    },
    {
      "type": "Feature",
      "id": "wp-osm-supply-node696846425",
      "geometry": {
        "type": "Point",
        "coordinates": [
          133.3497406,
          33.9437115
        ]
      },
      "properties": {
        "routeId": "shikoku-88-iyo",
        "name": "Daily YAMAZAKI",
        "nameLocalized": {
          "ja": "デイリーヤマザキ",
          "ja_rm": "Deiri Yamazaki"
        },
        "type": "supply",
        "subtype": "convenience_store",
        "stageIndex": 12,
        "kmFromStart": 340.3,
        "icon": "convenience_store",
        "source": "osm",
        "osmId": "node/696846425"
      }
    },
    {
      "type": "Feature",
      "id": "wp-osm-transport-node3152610448",
      "geometry": {
        "type": "Point",
        "coordinates": [
          133.3738388,
          33.9416362
        ]
      },
      "properties": {
        "routeId": "shikoku-88-iyo",
        "name": "道ノ下",
        "type": "transport",
        "subtype": "bus_stop",
        "stageIndex": 12,
        "kmFromStart": 342.9,
        "icon": "bus_stop",
        "source": "osm",
        "osmId": "node/3152610448"
      }
    },
    {
      "type": "Feature",
      "id": "wp-osm-transport-node3152603231",
      "geometry": {
        "type": "Point",
        "coordinates": [
          133.3822543,
          33.9446586
        ]
      },
      "properties": {
        "routeId": "shikoku-88-iyo",
        "name": "上野",
        "type": "transport",
        "subtype": "bus_stop",
        "stageIndex": 12,
        "kmFromStart": 343.7,
        "icon": "bus_stop",
        "source": "osm",
        "osmId": "node/3152603231"
      }
    },
    {
      "type": "Feature",
      "id": "wp-osm-supply-node13188025801",
      "geometry": {
        "type": "Point",
        "coordinates": [
          133.3818736,
          33.9424128
        ]
      },
      "properties": {
        "routeId": "shikoku-88-iyo",
        "name": "Unnamed",
        "type": "supply",
        "subtype": "toilet",
        "stageIndex": 12,
        "kmFromStart": 343.6,
        "icon": "toilet",
        "source": "osm",
        "osmId": "node/13188025801"
      }
    },
    {
      "type": "Feature",
      "id": "wp-osm-transport-node3152611244",
      "geometry": {
        "type": "Point",
        "coordinates": [
          133.3920603,
          33.9477053
        ]
      },
      "properties": {
        "routeId": "shikoku-88-iyo",
        "name": "馬渡",
        "type": "transport",
        "subtype": "bus_stop",
        "stageIndex": 12,
        "kmFromStart": 344.8,
        "icon": "bus_stop",
        "source": "osm",
        "osmId": "node/3152611244"
      }
    },
    {
      "type": "Feature",
      "id": "wp-osm-transport-node3152607297",
      "geometry": {
        "type": "Point",
        "coordinates": [
          133.4060311,
          33.9518021
        ]
      },
      "properties": {
        "routeId": "shikoku-88-iyo",
        "name": "木之川橋",
        "type": "transport",
        "subtype": "bus_stop",
        "stageIndex": 12,
        "kmFromStart": 346.3,
        "icon": "bus_stop",
        "source": "osm",
        "osmId": "node/3152607297"
      }
    },
    {
      "type": "Feature",
      "id": "wp-osm-transport-node3152610030",
      "geometry": {
        "type": "Point",
        "coordinates": [
          133.4166775,
          33.9536591
        ]
      },
      "properties": {
        "routeId": "shikoku-88-iyo",
        "name": "西土居",
        "type": "transport",
        "subtype": "bus_stop",
        "stageIndex": 12,
        "kmFromStart": 347.4,
        "icon": "bus_stop",
        "source": "osm",
        "osmId": "node/3152610030"
      }
    },
    {
      "type": "Feature",
      "id": "wp-osm-medical-node4070895406",
      "geometry": {
        "type": "Point",
        "coordinates": [
          133.4188365,
          33.9534443
        ]
      },
      "properties": {
        "routeId": "shikoku-88-iyo",
        "name": "マック土居店",
        "type": "medical",
        "subtype": "pharmacy",
        "stageIndex": 12,
        "kmFromStart": 347.6,
        "icon": "pharmacy",
        "source": "osm",
        "osmId": "node/4070895406"
      }
    },
    {
      "type": "Feature",
      "id": "wp-osm-food-node4070893603",
      "geometry": {
        "type": "Point",
        "coordinates": [
          133.41994,
          33.9539449
        ]
      },
      "properties": {
        "routeId": "shikoku-88-iyo",
        "name": "リーサ",
        "type": "food",
        "subtype": "cafe",
        "stageIndex": 12,
        "kmFromStart": 347.7,
        "icon": "cafe",
        "source": "osm",
        "osmId": "node/4070893603"
      }
    },
    {
      "type": "Feature",
      "id": "wp-osm-sacred_site-node6069894534",
      "geometry": {
        "type": "Point",
        "coordinates": [
          133.4203938,
          33.9565499
        ]
      },
      "properties": {
        "routeId": "shikoku-88-iyo",
        "name": "Bekkaku12 Enmei-ji",
        "nameLocalized": {
          "ja": "別格12 延命寺"
        },
        "type": "sacred_site",
        "subtype": "church",
        "stageIndex": 12,
        "kmFromStart": 347.8,
        "icon": "church",
        "source": "osm",
        "osmId": "node/6069894534"
      }
    },
    {
      "type": "Feature",
      "id": "wp-osm-transport-node3152604007",
      "geometry": {
        "type": "Point",
        "coordinates": [
          133.422261,
          33.9551153
        ]
      },
      "properties": {
        "routeId": "shikoku-88-iyo",
        "name": "入野",
        "type": "transport",
        "subtype": "bus_stop",
        "stageIndex": 12,
        "kmFromStart": 347.9,
        "icon": "bus_stop",
        "source": "osm",
        "osmId": "node/3152604007"
      }
    },
    {
      "type": "Feature",
      "id": "wp-osm-medical-node1423734589",
      "geometry": {
        "type": "Point",
        "coordinates": [
          133.4224588,
          33.9561565
        ]
      },
      "properties": {
        "routeId": "shikoku-88-iyo",
        "name": "松風病院",
        "type": "medical",
        "subtype": "hospital",
        "stageIndex": 12,
        "kmFromStart": 348,
        "icon": "hospital",
        "source": "osm",
        "osmId": "node/1423734589"
      }
    },
    {
      "type": "Feature",
      "id": "wp-osm-transport-node3152603045",
      "geometry": {
        "type": "Point",
        "coordinates": [
          133.4288143,
          33.9564246
        ]
      },
      "properties": {
        "routeId": "shikoku-88-iyo",
        "name": "コープ土居前",
        "type": "transport",
        "subtype": "bus_stop",
        "stageIndex": 12,
        "kmFromStart": 348.6,
        "icon": "bus_stop",
        "source": "osm",
        "osmId": "node/3152603045"
      }
    },
    {
      "type": "Feature",
      "id": "wp-osm-transport-node9000033924",
      "geometry": {
        "type": "Point",
        "coordinates": [
          133.4281893,
          33.9591402
        ]
      },
      "properties": {
        "routeId": "shikoku-88-iyo",
        "name": "Iyo-Doi",
        "nameLocalized": {
          "ja": "伊予土居",
          "ko": "이요도이"
        },
        "type": "transport",
        "subtype": "train_station",
        "stageIndex": 12,
        "kmFromStart": 348.6,
        "icon": "train_station",
        "source": "osm",
        "osmId": "node/9000033924"
      }
    },
    {
      "type": "Feature",
      "id": "wp-osm-supply-node4070872332",
      "geometry": {
        "type": "Point",
        "coordinates": [
          133.4310807,
          33.9571729
        ]
      },
      "properties": {
        "routeId": "shikoku-88-iyo",
        "name": "ローソン",
        "nameLocalized": {
          "ko": "로손"
        },
        "type": "supply",
        "subtype": "convenience_store",
        "stageIndex": 12,
        "kmFromStart": 348.8,
        "icon": "convenience_store",
        "source": "osm",
        "osmId": "node/4070872332"
      }
    },
    {
      "type": "Feature",
      "id": "wp-osm-transport-node3152604872",
      "geometry": {
        "type": "Point",
        "coordinates": [
          133.4319311,
          33.9569253
        ]
      },
      "properties": {
        "routeId": "shikoku-88-iyo",
        "name": "土居",
        "type": "transport",
        "subtype": "bus_stop",
        "stageIndex": 12,
        "kmFromStart": 348.9,
        "icon": "bus_stop",
        "source": "osm",
        "osmId": "node/3152604872"
      }
    },
    {
      "type": "Feature",
      "id": "wp-osm-transport-node3152606277",
      "geometry": {
        "type": "Point",
        "coordinates": [
          133.4367566,
          33.9577078
        ]
      },
      "properties": {
        "routeId": "shikoku-88-iyo",
        "name": "小林",
        "type": "transport",
        "subtype": "bus_stop",
        "stageIndex": 12,
        "kmFromStart": 349.3,
        "icon": "bus_stop",
        "source": "osm",
        "osmId": "node/3152606277"
      }
    },
    {
      "type": "Feature",
      "id": "wp-osm-transport-node3152607498",
      "geometry": {
        "type": "Point",
        "coordinates": [
          133.4430759,
          33.9594803
        ]
      },
      "properties": {
        "routeId": "shikoku-88-iyo",
        "name": "根々見",
        "type": "transport",
        "subtype": "bus_stop",
        "stageIndex": 12,
        "kmFromStart": 350,
        "icon": "bus_stop",
        "source": "osm",
        "osmId": "node/3152607498"
      }
    },
    {
      "type": "Feature",
      "id": "wp-osm-supply-node634154021",
      "geometry": {
        "type": "Point",
        "coordinates": [
          133.4480014,
          33.9602523
        ]
      },
      "properties": {
        "routeId": "shikoku-88-iyo",
        "name": "FamilyMart",
        "nameLocalized": {
          "ja": "ファミリーマート",
          "ja_rm": "Famirī Mato"
        },
        "type": "supply",
        "subtype": "convenience_store",
        "stageIndex": 12,
        "kmFromStart": 350.4,
        "icon": "convenience_store",
        "source": "osm",
        "osmId": "node/634154021"
      }
    },
    {
      "type": "Feature",
      "id": "wp-osm-transport-node3152610034",
      "geometry": {
        "type": "Point",
        "coordinates": [
          133.4514523,
          33.9610868
        ]
      },
      "properties": {
        "routeId": "shikoku-88-iyo",
        "name": "西大道",
        "type": "transport",
        "subtype": "bus_stop",
        "stageIndex": 12,
        "kmFromStart": 350.7,
        "icon": "bus_stop",
        "source": "osm",
        "osmId": "node/3152610034"
      }
    },
    {
      "type": "Feature",
      "id": "wp-osm-transport-node3152610409",
      "geometry": {
        "type": "Point",
        "coordinates": [
          133.4567676,
          33.9621231
        ]
      },
      "properties": {
        "routeId": "shikoku-88-iyo",
        "name": "赤星駅前",
        "type": "transport",
        "subtype": "bus_stop",
        "stageIndex": 12,
        "kmFromStart": 351.4,
        "icon": "bus_stop",
        "source": "osm",
        "osmId": "node/3152610409"
      }
    },
    {
      "type": "Feature",
      "id": "wp-osm-transport-node3152607385",
      "geometry": {
        "type": "Point",
        "coordinates": [
          133.4615422,
          33.9629821
        ]
      },
      "properties": {
        "routeId": "shikoku-88-iyo",
        "name": "東津根",
        "type": "transport",
        "subtype": "bus_stop",
        "stageIndex": 12,
        "kmFromStart": 351.8,
        "icon": "bus_stop",
        "source": "osm",
        "osmId": "node/3152607385"
      }
    },
    {
      "type": "Feature",
      "id": "wp-osm-transport-node3152610803",
      "geometry": {
        "type": "Point",
        "coordinates": [
          133.4677582,
          33.9650413
        ]
      },
      "properties": {
        "routeId": "shikoku-88-iyo",
        "name": "野田",
        "type": "transport",
        "subtype": "bus_stop",
        "stageIndex": 12,
        "kmFromStart": 352.5,
        "icon": "bus_stop",
        "source": "osm",
        "osmId": "node/3152610803"
      }
    },
    {
      "type": "Feature",
      "id": "wp-osm-accommodation-node12948927058",
      "geometry": {
        "type": "Point",
        "coordinates": [
          133.4692511,
          33.9666556
        ]
      },
      "properties": {
        "routeId": "shikoku-88-iyo",
        "name": "HOTEL AZ 愛媛土居インター店",
        "type": "accommodation",
        "subtype": "hotel",
        "stageIndex": 13,
        "kmFromStart": 352.6,
        "icon": "hotel",
        "source": "osm",
        "osmId": "node/12948927058"
      }
    },
    {
      "type": "Feature",
      "id": "wp-osm-supply-node4070932426",
      "geometry": {
        "type": "Point",
        "coordinates": [
          133.4715511,
          33.9650538
        ]
      },
      "properties": {
        "routeId": "shikoku-88-iyo",
        "name": "FamilyMart",
        "nameLocalized": {
          "ja": "ファミリーマート"
        },
        "type": "supply",
        "subtype": "convenience_store",
        "stageIndex": 13,
        "kmFromStart": 352.8,
        "icon": "convenience_store",
        "source": "osm",
        "osmId": "node/4070932426"
      }
    },
    {
      "type": "Feature",
      "id": "wp-osm-transport-node3152606491",
      "geometry": {
        "type": "Point",
        "coordinates": [
          133.4775837,
          33.9670746
        ]
      },
      "properties": {
        "routeId": "shikoku-88-iyo",
        "name": "川西",
        "type": "transport",
        "subtype": "bus_stop",
        "stageIndex": 13,
        "kmFromStart": 353.4,
        "icon": "bus_stop",
        "source": "osm",
        "osmId": "node/3152606491"
      }
    },
    {
      "type": "Feature",
      "id": "wp-osm-transport-node3152610402",
      "geometry": {
        "type": "Point",
        "coordinates": [
          133.482568,
          33.9675082
        ]
      },
      "properties": {
        "routeId": "shikoku-88-iyo",
        "name": "豊田",
        "type": "transport",
        "subtype": "bus_stop",
        "stageIndex": 13,
        "kmFromStart": 353.8,
        "icon": "bus_stop",
        "source": "osm",
        "osmId": "node/3152610402"
      }
    },
    {
      "type": "Feature",
      "id": "wp-osm-food-node4070947874",
      "geometry": {
        "type": "Point",
        "coordinates": [
          133.4874851,
          33.9666534
        ]
      },
      "properties": {
        "routeId": "shikoku-88-iyo",
        "name": "手打ちうどんロケット",
        "type": "food",
        "subtype": "restaurant",
        "stageIndex": 13,
        "kmFromStart": 354.3,
        "icon": "restaurant",
        "source": "osm",
        "osmId": "node/4070947874"
      }
    },
    {
      "type": "Feature",
      "id": "wp-osm-transport-node3152605177",
      "geometry": {
        "type": "Point",
        "coordinates": [
          133.4925467,
          33.9662183
        ]
      },
      "properties": {
        "routeId": "shikoku-88-iyo",
        "name": "大町",
        "type": "transport",
        "subtype": "bus_stop",
        "stageIndex": 13,
        "kmFromStart": 354.8,
        "icon": "bus_stop",
        "source": "osm",
        "osmId": "node/3152605177"
      }
    },
    {
      "type": "Feature",
      "id": "wp-osm-supply-node4069930109",
      "geometry": {
        "type": "Point",
        "coordinates": [
          133.4957336,
          33.9677024
        ]
      },
      "properties": {
        "routeId": "shikoku-88-iyo",
        "name": "Unnamed",
        "type": "supply",
        "subtype": "toilet",
        "stageIndex": 13,
        "kmFromStart": 355.1,
        "icon": "toilet",
        "source": "osm",
        "osmId": "node/4069930109"
      }
    },
    {
      "type": "Feature",
      "id": "wp-osm-transport-node3152605848",
      "geometry": {
        "type": "Point",
        "coordinates": [
          133.4997253,
          33.9669176
        ]
      },
      "properties": {
        "routeId": "shikoku-88-iyo",
        "name": "寒川駅前",
        "type": "transport",
        "subtype": "bus_stop",
        "stageIndex": 13,
        "kmFromStart": 355.4,
        "icon": "bus_stop",
        "source": "osm",
        "osmId": "node/3152605848"
      }
    },
    {
      "type": "Feature",
      "id": "wp-osm-transport-node8949781056",
      "geometry": {
        "type": "Point",
        "coordinates": [
          133.5001208,
          33.967913
        ]
      },
      "properties": {
        "routeId": "shikoku-88-iyo",
        "name": "Iyo-Sangawa",
        "nameLocalized": {
          "ja": "伊予寒川",
          "ko": "이요산가와"
        },
        "type": "transport",
        "subtype": "train_station",
        "stageIndex": 13,
        "kmFromStart": 355.5,
        "icon": "train_station",
        "source": "osm",
        "osmId": "node/8949781056"
      }
    },
    {
      "type": "Feature",
      "id": "wp-osm-supply-node704203108",
      "geometry": {
        "type": "Point",
        "coordinates": [
          133.5044763,
          33.9672802
        ]
      },
      "properties": {
        "routeId": "shikoku-88-iyo",
        "name": "FamilyMart 寒川西店",
        "type": "supply",
        "subtype": "convenience_store",
        "stageIndex": 13,
        "kmFromStart": 355.9,
        "icon": "convenience_store",
        "source": "osm",
        "osmId": "node/704203108"
      }
    },
    {
      "type": "Feature",
      "id": "wp-osm-supply-node4069929622",
      "geometry": {
        "type": "Point",
        "coordinates": [
          133.5063409,
          33.9690236
        ]
      },
      "properties": {
        "routeId": "shikoku-88-iyo",
        "name": "Unnamed",
        "type": "supply",
        "subtype": "toilet",
        "stageIndex": 13,
        "kmFromStart": 356.1,
        "icon": "toilet",
        "source": "osm",
        "osmId": "node/4069929622"
      }
    },
    {
      "type": "Feature",
      "id": "wp-osm-transport-node3152610054",
      "geometry": {
        "type": "Point",
        "coordinates": [
          133.5079583,
          33.9678341
        ]
      },
      "properties": {
        "routeId": "shikoku-88-iyo",
        "name": "西浜",
        "type": "transport",
        "subtype": "bus_stop",
        "stageIndex": 13,
        "kmFromStart": 356.2,
        "icon": "bus_stop",
        "source": "osm",
        "osmId": "node/3152610054"
      }
    },
    {
      "type": "Feature",
      "id": "wp-osm-supply-node976667299",
      "geometry": {
        "type": "Point",
        "coordinates": [
          133.5359643,
          33.9726076
        ]
      },
      "properties": {
        "routeId": "shikoku-88-iyo",
        "name": "Circle K",
        "nameLocalized": {
          "ja": "サークルK",
          "ja_rm": "Sākuru-Kei"
        },
        "type": "supply",
        "subtype": "convenience_store",
        "stageIndex": 13,
        "kmFromStart": 359.1,
        "icon": "convenience_store",
        "source": "osm",
        "osmId": "node/976667299"
      }
    },
    {
      "type": "Feature",
      "id": "wp-osm-transport-node3152607737",
      "geometry": {
        "type": "Point",
        "coordinates": [
          133.529064,
          33.9738622
        ]
      },
      "properties": {
        "routeId": "shikoku-88-iyo",
        "name": "池之下",
        "type": "transport",
        "subtype": "bus_stop",
        "stageIndex": 13,
        "kmFromStart": 358.7,
        "icon": "bus_stop",
        "source": "osm",
        "osmId": "node/3152607737"
      }
    },
    {
      "type": "Feature",
      "id": "wp-osm-supply-node12951554465",
      "geometry": {
        "type": "Point",
        "coordinates": [
          133.5475651,
          33.976782
        ]
      },
      "properties": {
        "routeId": "shikoku-88-iyo",
        "name": "Lawson",
        "type": "supply",
        "subtype": "convenience_store",
        "stageIndex": 13,
        "kmFromStart": 360.5,
        "icon": "convenience_store",
        "source": "osm",
        "osmId": "node/12951554465"
      }
    },
    {
      "type": "Feature",
      "id": "wp-osm-supply-node11411822969",
      "geometry": {
        "type": "Point",
        "coordinates": [
          133.5661485,
          33.9742365
        ]
      },
      "properties": {
        "routeId": "shikoku-88-iyo",
        "name": "Unnamed",
        "type": "supply",
        "subtype": "toilet",
        "stageIndex": 13,
        "kmFromStart": 362.6,
        "icon": "toilet",
        "source": "osm",
        "osmId": "node/11411822969"
      }
    },
    {
      "type": "Feature",
      "id": "wp-osm-sacred_site-node4839325648",
      "geometry": {
        "type": "Point",
        "coordinates": [
          133.5866363,
          33.9673725
        ]
      },
      "properties": {
        "routeId": "shikoku-88-iyo",
        "name": "Sankaku-ji",
        "type": "sacred_site",
        "subtype": "church",
        "stageIndex": 13,
        "kmFromStart": 365.7,
        "icon": "church",
        "source": "osm",
        "osmId": "node/4839325648"
      }
    },
    {
      "type": "Feature",
      "id": "temple-40",
      "geometry": {
        "type": "Point",
        "coordinates": [
          132.564,
          32.965
        ]
      },
      "properties": {
        "routeId": "shikoku-88-iyo",
        "name": "Kanjizai-ji",
        "nameLocalized": {
          "ja": "観自在寺"
        },
        "type": "sacred_site",
        "subtype": "temple",
        "templeNumber": 40,
        "stageIndex": 1,
        "kmFromStart": 27.2,
        "icon": "temple",
        "tradition": "buddhist",
        "denomination": "Shingon Daikakuji",
        "credentialStamp": true,
        "stampFee": {
          "currency": "JPY",
          "amount": 500
        },
        "tags": [
          "temple"
        ]
      }
    },
    {
      "type": "Feature",
      "id": "temple-41",
      "geometry": {
        "type": "Point",
        "coordinates": [
          132.599,
          33.295
        ]
      },
      "properties": {
        "routeId": "shikoku-88-iyo",
        "name": "Ryuko-ji",
        "nameLocalized": {
          "ja": "竜光寺"
        },
        "type": "sacred_site",
        "subtype": "temple",
        "templeNumber": 41,
        "stageIndex": 2,
        "kmFromStart": 76.8,
        "icon": "temple",
        "tradition": "buddhist",
        "denomination": "Shingon Omuro",
        "credentialStamp": true,
        "stampFee": {
          "currency": "JPY",
          "amount": 500
        },
        "tags": [
          "temple"
        ]
      }
    },
    {
      "type": "Feature",
      "id": "temple-42",
      "geometry": {
        "type": "Point",
        "coordinates": [
          132.581,
          33.311
        ]
      },
      "properties": {
        "routeId": "shikoku-88-iyo",
        "name": "Butsumoku-ji",
        "nameLocalized": {
          "ja": "佛木寺"
        },
        "type": "sacred_site",
        "subtype": "temple",
        "templeNumber": 42,
        "stageIndex": 2,
        "kmFromStart": 79.9,
        "icon": "temple",
        "tradition": "buddhist",
        "denomination": "Shingon Omuro",
        "credentialStamp": true,
        "stampFee": {
          "currency": "JPY",
          "amount": 500
        },
        "tags": [
          "temple"
        ]
      }
    },
    {
      "type": "Feature",
      "id": "temple-43",
      "geometry": {
        "type": "Point",
        "coordinates": [
          132.519,
          33.369
        ]
      },
      "properties": {
        "routeId": "shikoku-88-iyo",
        "name": "Meiseki-ji",
        "nameLocalized": {
          "ja": "明石寺"
        },
        "type": "sacred_site",
        "subtype": "temple",
        "templeNumber": 43,
        "stageIndex": 3,
        "kmFromStart": 90.8,
        "icon": "temple",
        "tradition": "buddhist",
        "denomination": "Tendai Jimon",
        "credentialStamp": true,
        "stampFee": {
          "currency": "JPY",
          "amount": 500
        },
        "tags": [
          "temple"
        ]
      }
    },
    {
      "type": "Feature",
      "id": "temple-44",
      "geometry": {
        "type": "Point",
        "coordinates": [
          132.912,
          33.661
        ]
      },
      "properties": {
        "routeId": "shikoku-88-iyo",
        "name": "Daiho-ji",
        "nameLocalized": {
          "ja": "大宝寺"
        },
        "type": "sacred_site",
        "subtype": "temple",
        "templeNumber": 44,
        "stageIndex": 5,
        "kmFromStart": 161.2,
        "icon": "temple",
        "tradition": "buddhist",
        "denomination": "Shingon Buzan",
        "credentialStamp": true,
        "stampFee": {
          "currency": "JPY",
          "amount": 500
        },
        "tags": [
          "temple"
        ]
      }
    },
    {
      "type": "Feature",
      "id": "temple-45",
      "geometry": {
        "type": "Point",
        "coordinates": [
          132.981,
          33.659
        ]
      },
      "properties": {
        "routeId": "shikoku-88-iyo",
        "name": "Iwaya-ji",
        "nameLocalized": {
          "ja": "岩屋寺"
        },
        "type": "sacred_site",
        "subtype": "temple",
        "templeNumber": 45,
        "stageIndex": 6,
        "kmFromStart": 171.4,
        "icon": "temple",
        "elevation": 560,
        "tradition": "buddhist",
        "denomination": "Shingon Buzan",
        "credentialStamp": true,
        "stampFee": {
          "currency": "JPY",
          "amount": 500
        },
        "description": "The 'Cave Temple' — dramatically set in cliff faces.",
        "tags": [
          "temple",
          "mountain",
          "scenic"
        ]
      }
    },
    {
      "type": "Feature",
      "id": "temple-46",
      "geometry": {
        "type": "Point",
        "coordinates": [
          132.819,
          33.754
        ]
      },
      "properties": {
        "routeId": "shikoku-88-iyo",
        "name": "Joruri-ji",
        "nameLocalized": {
          "ja": "浄瑠璃寺"
        },
        "type": "sacred_site",
        "subtype": "temple",
        "templeNumber": 46,
        "stageIndex": 7,
        "kmFromStart": 197.1,
        "icon": "temple",
        "tradition": "buddhist",
        "denomination": "Shingon Buzan",
        "credentialStamp": true,
        "stampFee": {
          "currency": "JPY",
          "amount": 500
        },
        "tags": [
          "temple"
        ]
      }
    },
    {
      "type": "Feature",
      "id": "temple-47",
      "geometry": {
        "type": "Point",
        "coordinates": [
          132.813,
          33.758
        ]
      },
      "properties": {
        "routeId": "shikoku-88-iyo",
        "name": "Yasaka-ji",
        "nameLocalized": {
          "ja": "八坂寺"
        },
        "type": "sacred_site",
        "subtype": "temple",
        "templeNumber": 47,
        "stageIndex": 7,
        "kmFromStart": 198,
        "icon": "temple",
        "tradition": "buddhist",
        "denomination": "Shingon Daigo",
        "credentialStamp": true,
        "stampFee": {
          "currency": "JPY",
          "amount": 500
        },
        "tags": [
          "temple"
        ]
      }
    },
    {
      "type": "Feature",
      "id": "temple-48",
      "geometry": {
        "type": "Point",
        "coordinates": [
          132.814,
          33.794
        ]
      },
      "properties": {
        "routeId": "shikoku-88-iyo",
        "name": "Sairin-ji",
        "nameLocalized": {
          "ja": "西林寺"
        },
        "type": "sacred_site",
        "subtype": "temple",
        "templeNumber": 48,
        "stageIndex": 7,
        "kmFromStart": 202.4,
        "icon": "temple",
        "tradition": "buddhist",
        "denomination": "Shingon Buzan",
        "credentialStamp": true,
        "stampFee": {
          "currency": "JPY",
          "amount": 500
        },
        "tags": [
          "temple"
        ]
      }
    },
    {
      "type": "Feature",
      "id": "temple-49",
      "geometry": {
        "type": "Point",
        "coordinates": [
          132.809,
          33.817
        ]
      },
      "properties": {
        "routeId": "shikoku-88-iyo",
        "name": "Jodo-ji",
        "nameLocalized": {
          "ja": "浄土寺"
        },
        "type": "sacred_site",
        "subtype": "temple",
        "templeNumber": 49,
        "stageIndex": 7,
        "kmFromStart": 205.7,
        "icon": "temple",
        "tradition": "buddhist",
        "denomination": "Shingon Buzan",
        "credentialStamp": true,
        "stampFee": {
          "currency": "JPY",
          "amount": 500
        },
        "tags": [
          "temple"
        ]
      }
    },
    {
      "type": "Feature",
      "id": "temple-50",
      "geometry": {
        "type": "Point",
        "coordinates": [
          132.805,
          33.828
        ]
      },
      "properties": {
        "routeId": "shikoku-88-iyo",
        "name": "Hanta-ji",
        "nameLocalized": {
          "ja": "繁多寺"
        },
        "type": "sacred_site",
        "subtype": "temple",
        "templeNumber": 50,
        "stageIndex": 7,
        "kmFromStart": 207.4,
        "icon": "temple",
        "tradition": "buddhist",
        "denomination": "Shingon Buzan",
        "credentialStamp": true,
        "stampFee": {
          "currency": "JPY",
          "amount": 500
        },
        "tags": [
          "temple"
        ]
      }
    },
    {
      "type": "Feature",
      "id": "temple-51",
      "geometry": {
        "type": "Point",
        "coordinates": [
          132.796,
          33.848
        ]
      },
      "properties": {
        "routeId": "shikoku-88-iyo",
        "name": "Ishite-ji",
        "nameLocalized": {
          "ja": "石手寺"
        },
        "type": "sacred_site",
        "subtype": "temple",
        "templeNumber": 51,
        "stageIndex": 7,
        "kmFromStart": 210.3,
        "icon": "temple",
        "tradition": "buddhist",
        "denomination": "Shingon Buzan",
        "credentialStamp": true,
        "stampFee": {
          "currency": "JPY",
          "amount": 500
        },
        "description": "Near Dogo Onsen. National Treasure gate.",
        "tags": [
          "temple",
          "national-treasure"
        ]
      }
    },
    {
      "type": "Feature",
      "id": "temple-52",
      "geometry": {
        "type": "Point",
        "coordinates": [
          132.715,
          33.885
        ]
      },
      "properties": {
        "routeId": "shikoku-88-iyo",
        "name": "Taisan-ji",
        "nameLocalized": {
          "ja": "太山寺"
        },
        "type": "sacred_site",
        "subtype": "temple",
        "templeNumber": 52,
        "stageIndex": 8,
        "kmFromStart": 221.4,
        "icon": "temple",
        "tradition": "buddhist",
        "denomination": "Shingon Chizan",
        "credentialStamp": true,
        "stampFee": {
          "currency": "JPY",
          "amount": 500
        },
        "tags": [
          "temple"
        ]
      }
    },
    {
      "type": "Feature",
      "id": "temple-53",
      "geometry": {
        "type": "Point",
        "coordinates": [
          132.74,
          33.892
        ]
      },
      "properties": {
        "routeId": "shikoku-88-iyo",
        "name": "Enmyo-ji",
        "nameLocalized": {
          "ja": "圓明寺"
        },
        "type": "sacred_site",
        "subtype": "temple",
        "templeNumber": 53,
        "stageIndex": 8,
        "kmFromStart": 224,
        "icon": "temple",
        "tradition": "buddhist",
        "denomination": "Shingon Chizan",
        "credentialStamp": true,
        "stampFee": {
          "currency": "JPY",
          "amount": 500
        },
        "tags": [
          "temple"
        ]
      }
    },
    {
      "type": "Feature",
      "id": "temple-54",
      "geometry": {
        "type": "Point",
        "coordinates": [
          132.964,
          34.067
        ]
      },
      "properties": {
        "routeId": "shikoku-88-iyo",
        "name": "Enmei-ji",
        "nameLocalized": {
          "ja": "延命寺"
        },
        "type": "sacred_site",
        "subtype": "temple",
        "templeNumber": 54,
        "stageIndex": 9,
        "kmFromStart": 259,
        "icon": "temple",
        "tradition": "buddhist",
        "denomination": "Shingon Buzan",
        "credentialStamp": true,
        "stampFee": {
          "currency": "JPY",
          "amount": 500
        },
        "tags": [
          "temple"
        ]
      }
    },
    {
      "type": "Feature",
      "id": "temple-55",
      "geometry": {
        "type": "Point",
        "coordinates": [
          132.996,
          34.069
        ]
      },
      "properties": {
        "routeId": "shikoku-88-iyo",
        "name": "Nankobo",
        "nameLocalized": {
          "ja": "南光坊"
        },
        "type": "sacred_site",
        "subtype": "temple",
        "templeNumber": 55,
        "stageIndex": 10,
        "kmFromStart": 262.6,
        "icon": "temple",
        "tradition": "buddhist",
        "denomination": "Shingon Omuro",
        "credentialStamp": true,
        "stampFee": {
          "currency": "JPY",
          "amount": 500
        },
        "tags": [
          "temple"
        ]
      }
    },
    {
      "type": "Feature",
      "id": "temple-56",
      "geometry": {
        "type": "Point",
        "coordinates": [
          132.975,
          34.05
        ]
      },
      "properties": {
        "routeId": "shikoku-88-iyo",
        "name": "Taisan-ji",
        "nameLocalized": {
          "ja": "泰山寺"
        },
        "type": "sacred_site",
        "subtype": "temple",
        "templeNumber": 56,
        "stageIndex": 10,
        "kmFromStart": 265.7,
        "icon": "temple",
        "tradition": "buddhist",
        "denomination": "Shingon",
        "credentialStamp": true,
        "stampFee": {
          "currency": "JPY",
          "amount": 500
        },
        "tags": [
          "temple"
        ]
      }
    },
    {
      "type": "Feature",
      "id": "temple-57",
      "geometry": {
        "type": "Point",
        "coordinates": [
          132.978,
          34.029
        ]
      },
      "properties": {
        "routeId": "shikoku-88-iyo",
        "name": "Eifuku-ji",
        "nameLocalized": {
          "ja": "栄福寺"
        },
        "type": "sacred_site",
        "subtype": "temple",
        "templeNumber": 57,
        "stageIndex": 10,
        "kmFromStart": 268.7,
        "icon": "temple",
        "tradition": "buddhist",
        "denomination": "Koyasan Shingon",
        "credentialStamp": true,
        "stampFee": {
          "currency": "JPY",
          "amount": 500
        },
        "tags": [
          "temple"
        ]
      }
    },
    {
      "type": "Feature",
      "id": "temple-58",
      "geometry": {
        "type": "Point",
        "coordinates": [
          132.977,
          34.013
        ]
      },
      "properties": {
        "routeId": "shikoku-88-iyo",
        "name": "Senyu-ji",
        "nameLocalized": {
          "ja": "仙遊寺"
        },
        "type": "sacred_site",
        "subtype": "temple",
        "templeNumber": 58,
        "stageIndex": 10,
        "kmFromStart": 271,
        "icon": "temple",
        "elevation": 250,
        "tradition": "buddhist",
        "denomination": "Koyasan Shingon",
        "credentialStamp": true,
        "stampFee": {
          "currency": "JPY",
          "amount": 500
        },
        "tags": [
          "temple"
        ]
      }
    },
    {
      "type": "Feature",
      "id": "temple-59",
      "geometry": {
        "type": "Point",
        "coordinates": [
          133.025,
          34.026
        ]
      },
      "properties": {
        "routeId": "shikoku-88-iyo",
        "name": "Iyo Kokubun-ji",
        "nameLocalized": {
          "ja": "伊予国分寺"
        },
        "type": "sacred_site",
        "subtype": "temple",
        "templeNumber": 59,
        "stageIndex": 10,
        "kmFromStart": 277.3,
        "icon": "temple",
        "tradition": "buddhist",
        "denomination": "Shingon Ritsu",
        "credentialStamp": true,
        "stampFee": {
          "currency": "JPY",
          "amount": 500
        },
        "tags": [
          "temple"
        ]
      }
    },
    {
      "type": "Feature",
      "id": "temple-60",
      "geometry": {
        "type": "Point",
        "coordinates": [
          133.111,
          33.838
        ]
      },
      "properties": {
        "routeId": "shikoku-88-iyo",
        "name": "Yokomine-ji",
        "nameLocalized": {
          "ja": "横峰寺"
        },
        "type": "sacred_site",
        "subtype": "temple",
        "templeNumber": 60,
        "stageIndex": 11,
        "kmFromStart": 305,
        "icon": "temple",
        "elevation": 750,
        "tradition": "buddhist",
        "denomination": "Shingon Omuro",
        "credentialStamp": true,
        "stampFee": {
          "currency": "JPY",
          "amount": 500
        },
        "tags": [
          "temple",
          "mountain"
        ]
      }
    },
    {
      "type": "Feature",
      "id": "temple-61",
      "geometry": {
        "type": "Point",
        "coordinates": [
          133.103,
          33.894
        ]
      },
      "properties": {
        "routeId": "shikoku-88-iyo",
        "name": "Koon-ji",
        "nameLocalized": {
          "ja": "香園寺"
        },
        "type": "sacred_site",
        "subtype": "temple",
        "templeNumber": 61,
        "stageIndex": 11,
        "kmFromStart": 313.7,
        "icon": "temple",
        "tradition": "buddhist",
        "denomination": "Shingon",
        "credentialStamp": true,
        "stampFee": {
          "currency": "JPY",
          "amount": 500
        },
        "tags": [
          "temple"
        ]
      }
    },
    {
      "type": "Feature",
      "id": "temple-62",
      "geometry": {
        "type": "Point",
        "coordinates": [
          133.115,
          33.897
        ]
      },
      "properties": {
        "routeId": "shikoku-88-iyo",
        "name": "Hoju-ji",
        "nameLocalized": {
          "ja": "宝寿寺"
        },
        "type": "sacred_site",
        "subtype": "temple",
        "templeNumber": 62,
        "stageIndex": 11,
        "kmFromStart": 315.2,
        "icon": "temple",
        "tradition": "buddhist",
        "denomination": "Shingon Zentsuji",
        "credentialStamp": true,
        "stampFee": {
          "currency": "JPY",
          "amount": 500
        },
        "tags": [
          "temple"
        ]
      }
    },
    {
      "type": "Feature",
      "id": "temple-63",
      "geometry": {
        "type": "Point",
        "coordinates": [
          133.129,
          33.896
        ]
      },
      "properties": {
        "routeId": "shikoku-88-iyo",
        "name": "Kichijo-ji",
        "nameLocalized": {
          "ja": "吉祥寺"
        },
        "type": "sacred_site",
        "subtype": "temple",
        "templeNumber": 63,
        "stageIndex": 11,
        "kmFromStart": 316.6,
        "icon": "temple",
        "tradition": "buddhist",
        "denomination": "Toji Shingon",
        "credentialStamp": true,
        "stampFee": {
          "currency": "JPY",
          "amount": 500
        },
        "tags": [
          "temple"
        ]
      }
    },
    {
      "type": "Feature",
      "id": "temple-64",
      "geometry": {
        "type": "Point",
        "coordinates": [
          133.161,
          33.89
        ]
      },
      "properties": {
        "routeId": "shikoku-88-iyo",
        "name": "Maegami-ji",
        "nameLocalized": {
          "ja": "前神寺"
        },
        "type": "sacred_site",
        "subtype": "temple",
        "templeNumber": 64,
        "stageIndex": 11,
        "kmFromStart": 319.9,
        "icon": "temple",
        "elevation": 250,
        "tradition": "buddhist",
        "denomination": "Shingon Ishizuchi",
        "credentialStamp": true,
        "stampFee": {
          "currency": "JPY",
          "amount": 500
        },
        "tags": [
          "temple"
        ]
      }
    },
    {
      "type": "Feature",
      "id": "temple-65",
      "geometry": {
        "type": "Point",
        "coordinates": [
          133.587,
          33.968
        ]
      },
      "properties": {
        "routeId": "shikoku-88-iyo",
        "name": "Sankaku-ji",
        "nameLocalized": {
          "ja": "三角寺"
        },
        "type": "sacred_site",
        "subtype": "temple",
        "templeNumber": 65,
        "stageIndex": 13,
        "kmFromStart": 365.7,
        "icon": "temple",
        "elevation": 350,
        "tradition": "buddhist",
        "denomination": "Koyasan Shingon",
        "credentialStamp": true,
        "stampFee": {
          "currency": "JPY",
          "amount": 500
        },
        "tags": [
          "temple"
        ]
      }
    }
  ]
}
