{
  "type": "FeatureCollection",
  "features": [
    {
      "type": "Feature",
      "id": "wp-osm-sacred_site-node369741886",
      "geometry": {
        "type": "Point",
        "coordinates": [
          134.5275924,
          33.7322973
        ]
      },
      "properties": {
        "routeId": "shikoku-88-tosa",
        "name": "23 Yakuo-ji",
        "nameLocalized": {
          "ja": "第23番札所 薬王寺"
        },
        "type": "sacred_site",
        "subtype": "church",
        "stageIndex": 0,
        "kmFromStart": 0,
        "icon": "church",
        "source": "osm",
        "osmId": "node/369741886"
      }
    },
    {
      "type": "Feature",
      "id": "wp-osm-accommodation-node11350962171",
      "geometry": {
        "type": "Point",
        "coordinates": [
          134.5321621,
          33.7320949
        ]
      },
      "properties": {
        "routeId": "shikoku-88-tosa",
        "name": "Guest House Sakura-an",
        "nameLocalized": {
          "ja": "Guest house さくら庵"
        },
        "type": "accommodation",
        "subtype": "guesthouse",
        "stageIndex": 0,
        "kmFromStart": 0.3,
        "icon": "guesthouse",
        "source": "osm",
        "osmId": "node/11350962171"
      }
    },
    {
      "type": "Feature",
      "id": "wp-osm-transport-node9430425125",
      "geometry": {
        "type": "Point",
        "coordinates": [
          134.5306322,
          33.7290455
        ]
      },
      "properties": {
        "routeId": "shikoku-88-tosa",
        "name": "Hiwasa",
        "nameLocalized": {
          "ja": "日和佐",
          "ko": "히와사"
        },
        "type": "transport",
        "subtype": "train_station",
        "stageIndex": 0,
        "kmFromStart": 0.5,
        "icon": "train_station",
        "source": "osm",
        "osmId": "node/9430425125"
      }
    },
    {
      "type": "Feature",
      "id": "wp-osm-food-node11869158047",
      "geometry": {
        "type": "Point",
        "coordinates": [
          134.4856489,
          33.7173022
        ]
      },
      "properties": {
        "routeId": "shikoku-88-tosa",
        "name": "Unnamed",
        "type": "food",
        "subtype": "restaurant",
        "stageIndex": 0,
        "kmFromStart": 5.5,
        "icon": "restaurant",
        "source": "osm",
        "osmId": "node/11869158047"
      }
    },
    {
      "type": "Feature",
      "id": "wp-osm-transport-node9430424224",
      "geometry": {
        "type": "Point",
        "coordinates": [
          134.4850963,
          33.7150588
        ]
      },
      "properties": {
        "routeId": "shikoku-88-tosa",
        "name": "Yamagawachi",
        "nameLocalized": {
          "ja": "山河内",
          "ko": "야마가와치"
        },
        "type": "transport",
        "subtype": "train_station",
        "stageIndex": 0,
        "kmFromStart": 5.7,
        "icon": "train_station",
        "source": "osm",
        "osmId": "node/9430424224"
      }
    },
    {
      "type": "Feature",
      "id": "wp-osm-sacred_site-node11869158094",
      "geometry": {
        "type": "Point",
        "coordinates": [
          134.4849756,
          33.7163573
        ]
      },
      "properties": {
        "routeId": "shikoku-88-tosa",
        "name": "打越寺",
        "type": "sacred_site",
        "subtype": "church",
        "stageIndex": 0,
        "kmFromStart": 5.7,
        "icon": "church",
        "source": "osm",
        "osmId": "node/11869158094"
      }
    },
    {
      "type": "Feature",
      "id": "wp-osm-cultural_site-node13626737001",
      "geometry": {
        "type": "Point",
        "coordinates": [
          134.4573886,
          33.7074813
        ]
      },
      "properties": {
        "routeId": "shikoku-88-tosa",
        "name": "Ruined restaurant",
        "nameLocalized": {
          "fr": "Restaurant en ruine"
        },
        "type": "cultural_site",
        "subtype": "ruins",
        "stageIndex": 0,
        "kmFromStart": 8.6,
        "icon": "ruins",
        "source": "osm",
        "osmId": "node/13626737001"
      }
    },
    {
      "type": "Feature",
      "id": "wp-osm-transport-node9430424226",
      "geometry": {
        "type": "Point",
        "coordinates": [
          134.4349021,
          33.6949617
        ]
      },
      "properties": {
        "routeId": "shikoku-88-tosa",
        "name": "Hegawa",
        "nameLocalized": {
          "ja": "辺川",
          "ko": "헤가와"
        },
        "type": "transport",
        "subtype": "train_station",
        "stageIndex": 0,
        "kmFromStart": 11.4,
        "icon": "train_station",
        "source": "osm",
        "osmId": "node/9430424226"
      }
    },
    {
      "type": "Feature",
      "id": "wp-osm-supply-node9430424438",
      "geometry": {
        "type": "Point",
        "coordinates": [
          134.4259556,
          33.6885735
        ]
      },
      "properties": {
        "routeId": "shikoku-88-tosa",
        "name": "Unnamed",
        "type": "supply",
        "subtype": "vending_machine",
        "stageIndex": 0,
        "kmFromStart": 13,
        "icon": "vending_machine",
        "source": "osm",
        "osmId": "node/9430424438"
      }
    },
    {
      "type": "Feature",
      "id": "wp-osm-supply-node11860265344",
      "geometry": {
        "type": "Point",
        "coordinates": [
          134.4201265,
          33.6736333
        ]
      },
      "properties": {
        "routeId": "shikoku-88-tosa",
        "name": "7-Eleven",
        "type": "supply",
        "subtype": "convenience_store",
        "stageIndex": 0,
        "kmFromStart": 15.1,
        "icon": "convenience_store",
        "source": "osm",
        "osmId": "node/11860265344"
      }
    },
    {
      "type": "Feature",
      "id": "wp-osm-transport-node9430425133",
      "geometry": {
        "type": "Point",
        "coordinates": [
          134.4180639,
          33.6719468
        ]
      },
      "properties": {
        "routeId": "shikoku-88-tosa",
        "name": "Mugi",
        "nameLocalized": {
          "ja": "牟岐",
          "ko": "무기"
        },
        "type": "transport",
        "subtype": "train_station",
        "stageIndex": 0,
        "kmFromStart": 15.3,
        "icon": "train_station",
        "source": "osm",
        "osmId": "node/9430425133"
      }
    },
    {
      "type": "Feature",
      "id": "wp-osm-supply-node298747225",
      "geometry": {
        "type": "Point",
        "coordinates": [
          134.4157232,
          33.665444
        ]
      },
      "properties": {
        "routeId": "shikoku-88-tosa",
        "name": "Unnamed",
        "type": "supply",
        "subtype": "convenience_store",
        "stageIndex": 0,
        "kmFromStart": 16.3,
        "icon": "convenience_store",
        "source": "osm",
        "osmId": "node/298747225"
      }
    },
    {
      "type": "Feature",
      "id": "wp-osm-transport-node9430425132",
      "geometry": {
        "type": "Point",
        "coordinates": [
          134.3852592,
          33.6459534
        ]
      },
      "properties": {
        "routeId": "shikoku-88-tosa",
        "name": "Sabase",
        "nameLocalized": {
          "ja": "鯖瀬",
          "ko": "사바세"
        },
        "type": "transport",
        "subtype": "train_station",
        "stageIndex": 0,
        "kmFromStart": 20.6,
        "icon": "train_station",
        "source": "osm",
        "osmId": "node/9430425132"
      }
    },
    {
      "type": "Feature",
      "id": "wp-osm-accommodation-node11406395669",
      "geometry": {
        "type": "Point",
        "coordinates": [
          134.3809839,
          33.6403353
        ]
      },
      "properties": {
        "routeId": "shikoku-88-tosa",
        "name": "Ozuna Camp & Lodge",
        "type": "accommodation",
        "subtype": "guesthouse",
        "stageIndex": 0,
        "kmFromStart": 21.4,
        "icon": "guesthouse",
        "source": "osm",
        "osmId": "node/11406395669"
      }
    },
    {
      "type": "Feature",
      "id": "wp-osm-supply-node11400142569",
      "geometry": {
        "type": "Point",
        "coordinates": [
          134.3642141,
          33.6212998
        ]
      },
      "properties": {
        "routeId": "shikoku-88-tosa",
        "name": "Unnamed",
        "type": "supply",
        "subtype": "toilet",
        "stageIndex": 0,
        "kmFromStart": 24.6,
        "icon": "toilet",
        "source": "osm",
        "osmId": "node/11400142569"
      }
    },
    {
      "type": "Feature",
      "id": "wp-osm-transport-node9197397513",
      "geometry": {
        "type": "Point",
        "coordinates": [
          134.3511113,
          33.6037551
        ]
      },
      "properties": {
        "routeId": "shikoku-88-tosa",
        "name": "Unnamed",
        "type": "transport",
        "subtype": "bus_stop",
        "stageIndex": 0,
        "kmFromStart": 27.8,
        "icon": "bus_stop",
        "source": "osm",
        "osmId": "node/9197397513"
      }
    },
    {
      "type": "Feature",
      "id": "wp-osm-transport-node9197397514",
      "geometry": {
        "type": "Point",
        "coordinates": [
          134.3513028,
          33.6029266
        ]
      },
      "properties": {
        "routeId": "shikoku-88-tosa",
        "name": "Unnamed",
        "type": "transport",
        "subtype": "bus_stop",
        "stageIndex": 0,
        "kmFromStart": 27.8,
        "icon": "bus_stop",
        "source": "osm",
        "osmId": "node/9197397514"
      }
    },
    {
      "type": "Feature",
      "id": "wp-osm-transport-node9197397515",
      "geometry": {
        "type": "Point",
        "coordinates": [
          134.3519753,
          33.6013085
        ]
      },
      "properties": {
        "routeId": "shikoku-88-tosa",
        "name": "Unnamed",
        "type": "transport",
        "subtype": "bus_stop",
        "stageIndex": 0,
        "kmFromStart": 27.8,
        "icon": "bus_stop",
        "source": "osm",
        "osmId": "node/9197397515"
      }
    },
    {
      "type": "Feature",
      "id": "wp-osm-food-node11834601216",
      "geometry": {
        "type": "Point",
        "coordinates": [
          134.3515438,
          33.5996777
        ]
      },
      "properties": {
        "routeId": "shikoku-88-tosa",
        "name": "Unnamed",
        "type": "food",
        "subtype": "cafe",
        "stageIndex": 0,
        "kmFromStart": 28.1,
        "icon": "cafe",
        "source": "osm",
        "osmId": "node/11834601216"
      }
    },
    {
      "type": "Feature",
      "id": "wp-osm-accommodation-node11535055772",
      "geometry": {
        "type": "Point",
        "coordinates": [
          134.325783,
          33.582208
        ]
      },
      "properties": {
        "routeId": "shikoku-88-tosa",
        "name": "Haryugetu Guesthouse",
        "type": "accommodation",
        "subtype": "guesthouse",
        "stageIndex": 1,
        "kmFromStart": 32.1,
        "icon": "guesthouse",
        "source": "osm",
        "osmId": "node/11535055772"
      }
    },
    {
      "type": "Feature",
      "id": "wp-osm-transport-node265018891",
      "geometry": {
        "type": "Point",
        "coordinates": [
          134.3520863,
          33.5937727
        ]
      },
      "properties": {
        "routeId": "shikoku-88-tosa",
        "name": "Kaifu",
        "nameLocalized": {
          "ja": "海部",
          "ko": "가이후"
        },
        "type": "transport",
        "subtype": "train_station",
        "stageIndex": 0,
        "kmFromStart": 28.7,
        "icon": "train_station",
        "source": "osm",
        "osmId": "node/265018891"
      }
    },
    {
      "type": "Feature",
      "id": "wp-osm-transport-node9197399931",
      "geometry": {
        "type": "Point",
        "coordinates": [
          134.3528841,
          33.59378
        ]
      },
      "properties": {
        "routeId": "shikoku-88-tosa",
        "name": "Unnamed",
        "type": "transport",
        "subtype": "bus_stop",
        "stageIndex": 0,
        "kmFromStart": 28.7,
        "icon": "bus_stop",
        "source": "osm",
        "osmId": "node/9197399931"
      }
    },
    {
      "type": "Feature",
      "id": "wp-osm-transport-node9197397516",
      "geometry": {
        "type": "Point",
        "coordinates": [
          134.3527855,
          33.5959348
        ]
      },
      "properties": {
        "routeId": "shikoku-88-tosa",
        "name": "Unnamed",
        "type": "transport",
        "subtype": "bus_stop",
        "stageIndex": 0,
        "kmFromStart": 28.5,
        "icon": "bus_stop",
        "source": "osm",
        "osmId": "node/9197397516"
      }
    },
    {
      "type": "Feature",
      "id": "wp-osm-supply-node302808906",
      "geometry": {
        "type": "Point",
        "coordinates": [
          134.3084211,
          33.5714833
        ]
      },
      "properties": {
        "routeId": "shikoku-88-tosa",
        "name": "Seven-Eleven",
        "nameLocalized": {
          "ja": "セブン-イレブン"
        },
        "type": "supply",
        "subtype": "convenience_store",
        "stageIndex": 1,
        "kmFromStart": 34.6,
        "icon": "convenience_store",
        "source": "osm",
        "osmId": "node/302808906"
      }
    },
    {
      "type": "Feature",
      "id": "wp-osm-accommodation-node10810973431",
      "geometry": {
        "type": "Point",
        "coordinates": [
          134.3041245,
          33.5643753
        ]
      },
      "properties": {
        "routeId": "shikoku-88-tosa",
        "name": "Kitchen Mitsuka",
        "type": "accommodation",
        "subtype": "guesthouse",
        "stageIndex": 1,
        "kmFromStart": 35.5,
        "icon": "guesthouse",
        "source": "osm",
        "osmId": "node/10810973431"
      }
    },
    {
      "type": "Feature",
      "id": "wp-osm-transport-node9768601490",
      "geometry": {
        "type": "Point",
        "coordinates": [
          134.3075229,
          33.5691297
        ]
      },
      "properties": {
        "routeId": "shikoku-88-tosa",
        "name": "Michi-no-Eki Shishikui-Onsen",
        "type": "transport",
        "subtype": "bus_stop",
        "stageIndex": 1,
        "kmFromStart": 34.9,
        "icon": "bus_stop",
        "source": "osm",
        "osmId": "node/9768601490"
      }
    },
    {
      "type": "Feature",
      "id": "wp-osm-medical-node11630614574",
      "geometry": {
        "type": "Point",
        "coordinates": [
          134.2970316,
          33.5481723
        ]
      },
      "properties": {
        "routeId": "shikoku-88-tosa",
        "name": "寿美医院",
        "type": "medical",
        "subtype": "clinic",
        "stageIndex": 1,
        "kmFromStart": 38.4,
        "icon": "clinic",
        "source": "osm",
        "osmId": "node/11630614574"
      }
    },
    {
      "type": "Feature",
      "id": "wp-osm-sacred_site-node11627123070",
      "geometry": {
        "type": "Point",
        "coordinates": [
          134.3005735,
          33.5477278
        ]
      },
      "properties": {
        "routeId": "shikoku-88-tosa",
        "name": "熊野神社",
        "type": "sacred_site",
        "subtype": "church",
        "stageIndex": 1,
        "kmFromStart": 38,
        "icon": "church",
        "source": "osm",
        "osmId": "node/11627123070"
      }
    },
    {
      "type": "Feature",
      "id": "wp-osm-transport-node5553901121",
      "geometry": {
        "type": "Point",
        "coordinates": [
          134.2953955,
          33.5440275
        ]
      },
      "properties": {
        "routeId": "shikoku-88-tosa",
        "name": "甲浦口/甲浦(高速バス)",
        "type": "transport",
        "subtype": "bus_stop",
        "stageIndex": 1,
        "kmFromStart": 38.8,
        "icon": "bus_stop",
        "source": "osm",
        "osmId": "node/5553901121"
      }
    },
    {
      "type": "Feature",
      "id": "wp-osm-transport-node11630156634",
      "geometry": {
        "type": "Point",
        "coordinates": [
          134.2951642,
          33.5460287
        ]
      },
      "properties": {
        "routeId": "shikoku-88-tosa",
        "name": "甲ノ浦学校前",
        "type": "transport",
        "subtype": "bus_stop",
        "stageIndex": 1,
        "kmFromStart": 38.7,
        "icon": "bus_stop",
        "source": "osm",
        "osmId": "node/11630156634"
      }
    },
    {
      "type": "Feature",
      "id": "wp-osm-sacred_site-node11636162358",
      "geometry": {
        "type": "Point",
        "coordinates": [
          134.294681,
          33.5452481
        ]
      },
      "properties": {
        "routeId": "shikoku-88-tosa",
        "name": "妙見宮",
        "type": "sacred_site",
        "subtype": "church",
        "stageIndex": 1,
        "kmFromStart": 38.8,
        "icon": "church",
        "source": "osm",
        "osmId": "node/11636162358"
      }
    },
    {
      "type": "Feature",
      "id": "wp-osm-transport-node9768615649",
      "geometry": {
        "type": "Point",
        "coordinates": [
          134.2947647,
          33.5431947
        ]
      },
      "properties": {
        "routeId": "shikoku-88-tosa",
        "name": "Umi-no-eki Tōyō-chō",
        "type": "transport",
        "subtype": "bus_stop",
        "stageIndex": 1,
        "kmFromStart": 38.9,
        "icon": "bus_stop",
        "source": "osm",
        "osmId": "node/9768615649"
      }
    },
    {
      "type": "Feature",
      "id": "wp-osm-transport-node599266265",
      "geometry": {
        "type": "Point",
        "coordinates": [
          134.2903635,
          33.5429809
        ]
      },
      "properties": {
        "routeId": "shikoku-88-tosa",
        "name": "河内",
        "type": "transport",
        "subtype": "bus_stop",
        "stageIndex": 1,
        "kmFromStart": 39.3,
        "icon": "bus_stop",
        "source": "osm",
        "osmId": "node/599266265"
      }
    },
    {
      "type": "Feature",
      "id": "wp-osm-supply-node11639832343",
      "geometry": {
        "type": "Point",
        "coordinates": [
          134.2829179,
          33.5302754
        ]
      },
      "properties": {
        "routeId": "shikoku-88-tosa",
        "name": "Unnamed",
        "type": "supply",
        "subtype": "vending_machine",
        "stageIndex": 1,
        "kmFromStart": 41.3,
        "icon": "vending_machine",
        "source": "osm",
        "osmId": "node/11639832343"
      }
    },
    {
      "type": "Feature",
      "id": "wp-osm-supply-node12880455398",
      "geometry": {
        "type": "Point",
        "coordinates": [
          134.2822168,
          33.529718
        ]
      },
      "properties": {
        "routeId": "shikoku-88-tosa",
        "name": "Unnamed",
        "type": "supply",
        "subtype": "vending_machine",
        "stageIndex": 1,
        "kmFromStart": 41.4,
        "icon": "vending_machine",
        "source": "osm",
        "osmId": "node/12880455398"
      }
    },
    {
      "type": "Feature",
      "id": "wp-osm-food-node12880455384",
      "geometry": {
        "type": "Point",
        "coordinates": [
          134.2833973,
          33.5281672
        ]
      },
      "properties": {
        "routeId": "shikoku-88-tosa",
        "name": "Nalu cafe",
        "type": "food",
        "subtype": "cafe",
        "stageIndex": 1,
        "kmFromStart": 41.5,
        "icon": "cafe",
        "source": "osm",
        "osmId": "node/12880455384"
      }
    },
    {
      "type": "Feature",
      "id": "wp-osm-transport-node302844423",
      "geometry": {
        "type": "Point",
        "coordinates": [
          134.2822855,
          33.5278714
        ]
      },
      "properties": {
        "routeId": "shikoku-88-tosa",
        "name": "東洋町町役場前",
        "type": "transport",
        "subtype": "bus_stop",
        "stageIndex": 1,
        "kmFromStart": 41.6,
        "icon": "bus_stop",
        "source": "osm",
        "osmId": "node/302844423"
      }
    },
    {
      "type": "Feature",
      "id": "wp-osm-supply-node11639834103",
      "geometry": {
        "type": "Point",
        "coordinates": [
          134.2810878,
          33.5276678
        ]
      },
      "properties": {
        "routeId": "shikoku-88-tosa",
        "name": "Unnamed",
        "type": "supply",
        "subtype": "vending_machine",
        "stageIndex": 1,
        "kmFromStart": 41.7,
        "icon": "vending_machine",
        "source": "osm",
        "osmId": "node/11639834103"
      }
    },
    {
      "type": "Feature",
      "id": "wp-osm-transport-node11645654996",
      "geometry": {
        "type": "Point",
        "coordinates": [
          134.2804125,
          33.5278196
        ]
      },
      "properties": {
        "routeId": "shikoku-88-tosa",
        "name": "東洋町役場",
        "type": "transport",
        "subtype": "bus_stop",
        "stageIndex": 1,
        "kmFromStart": 41.7,
        "icon": "bus_stop",
        "source": "osm",
        "osmId": "node/11645654996"
      }
    },
    {
      "type": "Feature",
      "id": "wp-osm-transport-node599404517",
      "geometry": {
        "type": "Point",
        "coordinates": [
          134.2816919,
          33.5237129
        ]
      },
      "properties": {
        "routeId": "shikoku-88-tosa",
        "name": "生見",
        "type": "transport",
        "subtype": "bus_stop",
        "stageIndex": 1,
        "kmFromStart": 42.1,
        "icon": "bus_stop",
        "source": "osm",
        "osmId": "node/599404517"
      }
    },
    {
      "type": "Feature",
      "id": "wp-osm-supply-node11640374684",
      "geometry": {
        "type": "Point",
        "coordinates": [
          134.2825124,
          33.5243362
        ]
      },
      "properties": {
        "routeId": "shikoku-88-tosa",
        "name": "Unnamed",
        "type": "supply",
        "subtype": "vending_machine",
        "stageIndex": 1,
        "kmFromStart": 42,
        "icon": "vending_machine",
        "source": "osm",
        "osmId": "node/11640374684"
      }
    },
    {
      "type": "Feature",
      "id": "wp-osm-transport-node599413882",
      "geometry": {
        "type": "Point",
        "coordinates": [
          134.2692665,
          33.5031081
        ]
      },
      "properties": {
        "routeId": "shikoku-88-tosa",
        "name": "野根",
        "type": "transport",
        "subtype": "bus_stop",
        "stageIndex": 1,
        "kmFromStart": 44.9,
        "icon": "bus_stop",
        "source": "osm",
        "osmId": "node/599413882"
      }
    },
    {
      "type": "Feature",
      "id": "wp-osm-transport-node599413883",
      "geometry": {
        "type": "Point",
        "coordinates": [
          134.2707989,
          33.5048868
        ]
      },
      "properties": {
        "routeId": "shikoku-88-tosa",
        "name": "野根中通",
        "type": "transport",
        "subtype": "bus_stop",
        "stageIndex": 1,
        "kmFromStart": 44.6,
        "icon": "bus_stop",
        "source": "osm",
        "osmId": "node/599413883"
      }
    },
    {
      "type": "Feature",
      "id": "wp-osm-sacred_site-node11400122769",
      "geometry": {
        "type": "Point",
        "coordinates": [
          134.2738338,
          33.5104176
        ]
      },
      "properties": {
        "routeId": "shikoku-88-tosa",
        "name": "Meitokuji",
        "nameLocalized": {
          "ja": "明徳寺(東洋大師)"
        },
        "type": "sacred_site",
        "subtype": "church",
        "stageIndex": 1,
        "kmFromStart": 44,
        "icon": "church",
        "source": "osm",
        "osmId": "node/11400122769"
      }
    },
    {
      "type": "Feature",
      "id": "wp-osm-transport-node599413884",
      "geometry": {
        "type": "Point",
        "coordinates": [
          134.2726255,
          33.5069209
        ]
      },
      "properties": {
        "routeId": "shikoku-88-tosa",
        "name": "野根東通",
        "type": "transport",
        "subtype": "bus_stop",
        "stageIndex": 1,
        "kmFromStart": 44.3,
        "icon": "bus_stop",
        "source": "osm",
        "osmId": "node/599413884"
      }
    },
    {
      "type": "Feature",
      "id": "wp-osm-transport-node599413881",
      "geometry": {
        "type": "Point",
        "coordinates": [
          134.229231,
          33.4314828
        ]
      },
      "properties": {
        "routeId": "shikoku-88-tosa",
        "name": "水尻",
        "type": "transport",
        "subtype": "bus_stop",
        "stageIndex": 1,
        "kmFromStart": 54.3,
        "icon": "bus_stop",
        "source": "osm",
        "osmId": "node/599413881"
      }
    },
    {
      "type": "Feature",
      "id": "wp-osm-supply-node11359610569",
      "geometry": {
        "type": "Point",
        "coordinates": [
          134.222291,
          33.4234867
        ]
      },
      "properties": {
        "routeId": "shikoku-88-tosa",
        "name": "Unnamed",
        "type": "supply",
        "subtype": "toilet",
        "stageIndex": 1,
        "kmFromStart": 55.4,
        "icon": "toilet",
        "source": "osm",
        "osmId": "node/11359610569"
      }
    },
    {
      "type": "Feature",
      "id": "wp-osm-transport-node599413880",
      "geometry": {
        "type": "Point",
        "coordinates": [
          134.2224617,
          33.4214466
        ]
      },
      "properties": {
        "routeId": "shikoku-88-tosa",
        "name": "入木",
        "type": "transport",
        "subtype": "bus_stop",
        "stageIndex": 1,
        "kmFromStart": 55.6,
        "icon": "bus_stop",
        "source": "osm",
        "osmId": "node/599413880"
      }
    },
    {
      "type": "Feature",
      "id": "wp-osm-transport-node599477009",
      "geometry": {
        "type": "Point",
        "coordinates": [
          134.2178254,
          33.4128788
        ]
      },
      "properties": {
        "routeId": "shikoku-88-tosa",
        "name": "根丸一本松",
        "type": "transport",
        "subtype": "bus_stop",
        "stageIndex": 1,
        "kmFromStart": 56.7,
        "icon": "bus_stop",
        "source": "osm",
        "osmId": "node/599477009"
      }
    },
    {
      "type": "Feature",
      "id": "wp-osm-transport-node599477007",
      "geometry": {
        "type": "Point",
        "coordinates": [
          134.2167242,
          33.4107221
        ]
      },
      "properties": {
        "routeId": "shikoku-88-tosa",
        "name": "根丸坂",
        "type": "transport",
        "subtype": "bus_stop",
        "stageIndex": 1,
        "kmFromStart": 56.9,
        "icon": "bus_stop",
        "source": "osm",
        "osmId": "node/599477007"
      }
    },
    {
      "type": "Feature",
      "id": "wp-osm-transport-node599477006",
      "geometry": {
        "type": "Point",
        "coordinates": [
          134.2085072,
          33.3996196
        ]
      },
      "properties": {
        "routeId": "shikoku-88-tosa",
        "name": "佐喜浜中学前",
        "type": "transport",
        "subtype": "bus_stop",
        "stageIndex": 1,
        "kmFromStart": 58.4,
        "icon": "bus_stop",
        "source": "osm",
        "osmId": "node/599477006"
      }
    },
    {
      "type": "Feature",
      "id": "wp-osm-transport-node599476998",
      "geometry": {
        "type": "Point",
        "coordinates": [
          134.2064106,
          33.3968791
        ]
      },
      "properties": {
        "routeId": "shikoku-88-tosa",
        "name": "根丸",
        "type": "transport",
        "subtype": "bus_stop",
        "stageIndex": 1,
        "kmFromStart": 58.8,
        "icon": "bus_stop",
        "source": "osm",
        "osmId": "node/599476998"
      }
    },
    {
      "type": "Feature",
      "id": "wp-osm-transport-node599477000",
      "geometry": {
        "type": "Point",
        "coordinates": [
          134.2063821,
          33.3952468
        ]
      },
      "properties": {
        "routeId": "shikoku-88-tosa",
        "name": "佐喜浜支所前",
        "type": "transport",
        "subtype": "bus_stop",
        "stageIndex": 1,
        "kmFromStart": 59,
        "icon": "bus_stop",
        "source": "osm",
        "osmId": "node/599477000"
      }
    },
    {
      "type": "Feature",
      "id": "wp-osm-transport-node599477005",
      "geometry": {
        "type": "Point",
        "coordinates": [
          134.2114509,
          33.3915923
        ]
      },
      "properties": {
        "routeId": "shikoku-88-tosa",
        "name": "佐喜浜港上",
        "type": "transport",
        "subtype": "bus_stop",
        "stageIndex": 1,
        "kmFromStart": 59.7,
        "icon": "bus_stop",
        "source": "osm",
        "osmId": "node/599477005"
      }
    },
    {
      "type": "Feature",
      "id": "wp-osm-transport-node599477001",
      "geometry": {
        "type": "Point",
        "coordinates": [
          134.2130181,
          33.3855979
        ]
      },
      "properties": {
        "routeId": "shikoku-88-tosa",
        "name": "都呂南",
        "type": "transport",
        "subtype": "bus_stop",
        "stageIndex": 1,
        "kmFromStart": 60.4,
        "icon": "bus_stop",
        "source": "osm",
        "osmId": "node/599477001"
      }
    },
    {
      "type": "Feature",
      "id": "wp-osm-transport-node599477003",
      "geometry": {
        "type": "Point",
        "coordinates": [
          134.2135899,
          33.3880205
        ]
      },
      "properties": {
        "routeId": "shikoku-88-tosa",
        "name": "とろ",
        "type": "transport",
        "subtype": "bus_stop",
        "stageIndex": 1,
        "kmFromStart": 60.2,
        "icon": "bus_stop",
        "source": "osm",
        "osmId": "node/599477003"
      }
    },
    {
      "type": "Feature",
      "id": "wp-osm-transport-node599488534",
      "geometry": {
        "type": "Point",
        "coordinates": [
          134.21187,
          33.3809016
        ]
      },
      "properties": {
        "routeId": "shikoku-88-tosa",
        "name": "佐喜浜水源地",
        "type": "transport",
        "subtype": "bus_stop",
        "stageIndex": 1,
        "kmFromStart": 61,
        "icon": "bus_stop",
        "source": "osm",
        "osmId": "node/599488534"
      }
    },
    {
      "type": "Feature",
      "id": "wp-osm-transport-node599488532",
      "geometry": {
        "type": "Point",
        "coordinates": [
          134.2058796,
          33.370239
        ]
      },
      "properties": {
        "routeId": "shikoku-88-tosa",
        "name": "尾崎橋",
        "type": "transport",
        "subtype": "bus_stop",
        "stageIndex": 1,
        "kmFromStart": 62.3,
        "icon": "bus_stop",
        "source": "osm",
        "osmId": "node/599488532"
      }
    },
    {
      "type": "Feature",
      "id": "wp-osm-transport-node599488533",
      "geometry": {
        "type": "Point",
        "coordinates": [
          134.2077077,
          33.3718596
        ]
      },
      "properties": {
        "routeId": "shikoku-88-tosa",
        "name": "尾崎",
        "type": "transport",
        "subtype": "bus_stop",
        "stageIndex": 1,
        "kmFromStart": 62.1,
        "icon": "bus_stop",
        "source": "osm",
        "osmId": "node/599488533"
      }
    },
    {
      "type": "Feature",
      "id": "wp-osm-transport-node599488531",
      "geometry": {
        "type": "Point",
        "coordinates": [
          134.2051203,
          33.3654944
        ]
      },
      "properties": {
        "routeId": "shikoku-88-tosa",
        "name": "徳増民宿前",
        "type": "transport",
        "subtype": "bus_stop",
        "stageIndex": 2,
        "kmFromStart": 62.9,
        "icon": "bus_stop",
        "source": "osm",
        "osmId": "node/599488531"
      }
    },
    {
      "type": "Feature",
      "id": "wp-osm-accommodation-node10810952434",
      "geometry": {
        "type": "Point",
        "coordinates": [
          134.2045341,
          33.3655675
        ]
      },
      "properties": {
        "routeId": "shikoku-88-tosa",
        "name": "Tokumasu Minshuku",
        "type": "accommodation",
        "subtype": "guesthouse",
        "stageIndex": 2,
        "kmFromStart": 62.9,
        "icon": "guesthouse",
        "source": "osm",
        "osmId": "node/10810952434"
      }
    },
    {
      "type": "Feature",
      "id": "wp-osm-transport-node599488529",
      "geometry": {
        "type": "Point",
        "coordinates": [
          134.2030391,
          33.359669
        ]
      },
      "properties": {
        "routeId": "shikoku-88-tosa",
        "name": "立岩",
        "type": "transport",
        "subtype": "bus_stop",
        "stageIndex": 2,
        "kmFromStart": 63.6,
        "icon": "bus_stop",
        "source": "osm",
        "osmId": "node/599488529"
      }
    },
    {
      "type": "Feature",
      "id": "wp-osm-transport-node599488530",
      "geometry": {
        "type": "Point",
        "coordinates": [
          134.2015766,
          33.3552528
        ]
      },
      "properties": {
        "routeId": "shikoku-88-tosa",
        "name": "夫婦岩",
        "type": "transport",
        "subtype": "bus_stop",
        "stageIndex": 2,
        "kmFromStart": 64.1,
        "icon": "bus_stop",
        "source": "osm",
        "osmId": "node/599488530"
      }
    },
    {
      "type": "Feature",
      "id": "wp-osm-transport-node599488527",
      "geometry": {
        "type": "Point",
        "coordinates": [
          134.1962879,
          33.3256853
        ]
      },
      "properties": {
        "routeId": "shikoku-88-tosa",
        "name": "椎名学校前",
        "type": "transport",
        "subtype": "bus_stop",
        "stageIndex": 2,
        "kmFromStart": 67.6,
        "icon": "bus_stop",
        "source": "osm",
        "osmId": "node/599488527"
      }
    },
    {
      "type": "Feature",
      "id": "wp-osm-transport-node9768617206",
      "geometry": {
        "type": "Point",
        "coordinates": [
          134.1959688,
          33.3252546
        ]
      },
      "properties": {
        "routeId": "shikoku-88-tosa",
        "name": "Muroto Schoolhouse Aquarium",
        "type": "transport",
        "subtype": "bus_stop",
        "stageIndex": 2,
        "kmFromStart": 67.6,
        "icon": "bus_stop",
        "source": "osm",
        "osmId": "node/9768617206"
      }
    },
    {
      "type": "Feature",
      "id": "wp-osm-transport-node599488526",
      "geometry": {
        "type": "Point",
        "coordinates": [
          134.1938832,
          33.3207763
        ]
      },
      "properties": {
        "routeId": "shikoku-88-tosa",
        "name": "椎名",
        "type": "transport",
        "subtype": "bus_stop",
        "stageIndex": 2,
        "kmFromStart": 68.2,
        "icon": "bus_stop",
        "source": "osm",
        "osmId": "node/599488526"
      }
    },
    {
      "type": "Feature",
      "id": "wp-osm-transport-node599488523",
      "geometry": {
        "type": "Point",
        "coordinates": [
          134.1926737,
          33.3139055
        ]
      },
      "properties": {
        "routeId": "shikoku-88-tosa",
        "name": "日沖",
        "type": "transport",
        "subtype": "bus_stop",
        "stageIndex": 2,
        "kmFromStart": 69,
        "icon": "bus_stop",
        "source": "osm",
        "osmId": "node/599488523"
      }
    },
    {
      "type": "Feature",
      "id": "wp-osm-transport-node599496001",
      "geometry": {
        "type": "Point",
        "coordinates": [
          134.1882778,
          33.301983
        ]
      },
      "properties": {
        "routeId": "shikoku-88-tosa",
        "name": "丸山長寿園前",
        "type": "transport",
        "subtype": "bus_stop",
        "stageIndex": 2,
        "kmFromStart": 70.5,
        "icon": "bus_stop",
        "source": "osm",
        "osmId": "node/599496001"
      }
    },
    {
      "type": "Feature",
      "id": "wp-osm-transport-node9768676347",
      "geometry": {
        "type": "Point",
        "coordinates": [
          134.1867504,
          33.2992584
        ]
      },
      "properties": {
        "routeId": "shikoku-88-tosa",
        "name": "Muroto Global Geopark Center",
        "type": "transport",
        "subtype": "bus_stop",
        "stageIndex": 2,
        "kmFromStart": 70.8,
        "icon": "bus_stop",
        "source": "osm",
        "osmId": "node/9768676347"
      }
    },
    {
      "type": "Feature",
      "id": "wp-osm-transport-node599496000",
      "geometry": {
        "type": "Point",
        "coordinates": [
          134.1861757,
          33.2931782
        ]
      },
      "properties": {
        "routeId": "shikoku-88-tosa",
        "name": "みつぎょしゅうかい前",
        "type": "transport",
        "subtype": "bus_stop",
        "stageIndex": 2,
        "kmFromStart": 71.5,
        "icon": "bus_stop",
        "source": "osm",
        "osmId": "node/599496000"
      }
    },
    {
      "type": "Feature",
      "id": "wp-osm-transport-node599495999",
      "geometry": {
        "type": "Point",
        "coordinates": [
          134.1861316,
          33.2835665
        ]
      },
      "properties": {
        "routeId": "shikoku-88-tosa",
        "name": "三高学校前",
        "type": "transport",
        "subtype": "bus_stop",
        "stageIndex": 2,
        "kmFromStart": 72.6,
        "icon": "bus_stop",
        "source": "osm",
        "osmId": "node/599495999"
      }
    },
    {
      "type": "Feature",
      "id": "wp-osm-food-node8374251817",
      "geometry": {
        "type": "Point",
        "coordinates": [
          134.185225,
          33.28226
        ]
      },
      "properties": {
        "routeId": "shikoku-88-tosa",
        "name": "サンフィッシュまんぼう",
        "type": "food",
        "subtype": "restaurant",
        "stageIndex": 2,
        "kmFromStart": 72.8,
        "icon": "restaurant",
        "source": "osm",
        "osmId": "node/8374251817"
      }
    },
    {
      "type": "Feature",
      "id": "wp-osm-transport-node599495997",
      "geometry": {
        "type": "Point",
        "coordinates": [
          134.1825785,
          33.260582
        ]
      },
      "properties": {
        "routeId": "shikoku-88-tosa",
        "name": "高岡第二",
        "type": "transport",
        "subtype": "bus_stop",
        "stageIndex": 2,
        "kmFromStart": 75.2,
        "icon": "bus_stop",
        "source": "osm",
        "osmId": "node/599495997"
      }
    },
    {
      "type": "Feature",
      "id": "wp-osm-transport-node599495998",
      "geometry": {
        "type": "Point",
        "coordinates": [
          134.1828995,
          33.2616665
        ]
      },
      "properties": {
        "routeId": "shikoku-88-tosa",
        "name": "高岡魚介前",
        "type": "transport",
        "subtype": "bus_stop",
        "stageIndex": 2,
        "kmFromStart": 75.1,
        "icon": "bus_stop",
        "source": "osm",
        "osmId": "node/599495998"
      }
    },
    {
      "type": "Feature",
      "id": "wp-osm-transport-node599495995",
      "geometry": {
        "type": "Point",
        "coordinates": [
          134.1815512,
          33.2582317
        ]
      },
      "properties": {
        "routeId": "shikoku-88-tosa",
        "name": "高岡第一",
        "type": "transport",
        "subtype": "bus_stop",
        "stageIndex": 2,
        "kmFromStart": 75.5,
        "icon": "bus_stop",
        "source": "osm",
        "osmId": "node/599495995"
      }
    },
    {
      "type": "Feature",
      "id": "wp-osm-accommodation-node1393141616",
      "geometry": {
        "type": "Point",
        "coordinates": [
          134.1825796,
          33.2577178
        ]
      },
      "properties": {
        "routeId": "shikoku-88-tosa",
        "name": "Hoshino Resort Utoco Auberge and Spa",
        "nameLocalized": {
          "ja": "星野リゾート ウトコ オーベルジュ＆スパ"
        },
        "type": "accommodation",
        "subtype": "hotel",
        "stageIndex": 2,
        "kmFromStart": 75.5,
        "icon": "hotel",
        "source": "osm",
        "osmId": "node/1393141616"
      }
    },
    {
      "type": "Feature",
      "id": "wp-osm-transport-node599495994",
      "geometry": {
        "type": "Point",
        "coordinates": [
          134.181367,
          33.2548197
        ]
      },
      "properties": {
        "routeId": "shikoku-88-tosa",
        "name": "大師像前",
        "type": "transport",
        "subtype": "bus_stop",
        "stageIndex": 2,
        "kmFromStart": 75.9,
        "icon": "bus_stop",
        "source": "osm",
        "osmId": "node/599495994"
      }
    },
    {
      "type": "Feature",
      "id": "wp-osm-sacred_site-node5549137522",
      "geometry": {
        "type": "Point",
        "coordinates": [
          134.1805279,
          33.2516526
        ]
      },
      "properties": {
        "routeId": "shikoku-88-tosa",
        "name": "Gosho Shrine",
        "type": "sacred_site",
        "subtype": "church",
        "stageIndex": 2,
        "kmFromStart": 76.3,
        "icon": "church",
        "source": "osm",
        "osmId": "node/5549137522"
      }
    },
    {
      "type": "Feature",
      "id": "wp-osm-transport-node599495992",
      "geometry": {
        "type": "Point",
        "coordinates": [
          134.1794395,
          33.2498379
        ]
      },
      "properties": {
        "routeId": "shikoku-88-tosa",
        "name": "岬ホテル前",
        "type": "transport",
        "subtype": "bus_stop",
        "stageIndex": 2,
        "kmFromStart": 76.5,
        "icon": "bus_stop",
        "source": "osm",
        "osmId": "node/599495992"
      }
    },
    {
      "type": "Feature",
      "id": "wp-osm-accommodation-node5547739722",
      "geometry": {
        "type": "Point",
        "coordinates": [
          134.1791872,
          33.2489847
        ]
      },
      "properties": {
        "routeId": "shikoku-88-tosa",
        "name": "Misaki Kanko Hotel",
        "type": "accommodation",
        "subtype": "hotel",
        "stageIndex": 2,
        "kmFromStart": 76.6,
        "icon": "hotel",
        "source": "osm",
        "osmId": "node/5547739722"
      }
    },
    {
      "type": "Feature",
      "id": "wp-osm-transport-node599495991",
      "geometry": {
        "type": "Point",
        "coordinates": [
          134.1764375,
          33.2455854
        ]
      },
      "properties": {
        "routeId": "shikoku-88-tosa",
        "name": "Cape Muroto",
        "nameLocalized": {
          "ja": "室戸岬"
        },
        "type": "transport",
        "subtype": "bus_stop",
        "stageIndex": 2,
        "kmFromStart": 76.8,
        "icon": "bus_stop",
        "source": "osm",
        "osmId": "node/599495991"
      }
    },
    {
      "type": "Feature",
      "id": "wp-osm-sacred_site-node1275277197",
      "geometry": {
        "type": "Point",
        "coordinates": [
          134.1777284,
          33.2463855
        ]
      },
      "properties": {
        "routeId": "shikoku-88-tosa",
        "name": "龍宮厳",
        "type": "sacred_site",
        "subtype": "church",
        "stageIndex": 2,
        "kmFromStart": 76.8,
        "icon": "church",
        "source": "osm",
        "osmId": "node/1275277197"
      }
    },
    {
      "type": "Feature",
      "id": "wp-osm-supply-node11361050169",
      "geometry": {
        "type": "Point",
        "coordinates": [
          134.1779866,
          33.2477199
        ]
      },
      "properties": {
        "routeId": "shikoku-88-tosa",
        "name": "Unnamed",
        "type": "supply",
        "subtype": "toilet",
        "stageIndex": 2,
        "kmFromStart": 76.9,
        "icon": "toilet",
        "source": "osm",
        "osmId": "node/11361050169"
      }
    },
    {
      "type": "Feature",
      "id": "wp-osm-transport-node599499303",
      "geometry": {
        "type": "Point",
        "coordinates": [
          134.1723838,
          33.2500102
        ]
      },
      "properties": {
        "routeId": "shikoku-88-tosa",
        "name": "スカイライン上り口",
        "type": "transport",
        "subtype": "bus_stop",
        "stageIndex": 2,
        "kmFromStart": 79.2,
        "icon": "bus_stop",
        "source": "osm",
        "osmId": "node/599499303"
      }
    },
    {
      "type": "Feature",
      "id": "wp-osm-transport-node599499314",
      "geometry": {
        "type": "Point",
        "coordinates": [
          134.1718885,
          33.2533219
        ]
      },
      "properties": {
        "routeId": "shikoku-88-tosa",
        "name": "東坂本",
        "type": "transport",
        "subtype": "bus_stop",
        "stageIndex": 2,
        "kmFromStart": 79.6,
        "icon": "bus_stop",
        "source": "osm",
        "osmId": "node/599499314"
      }
    },
    {
      "type": "Feature",
      "id": "wp-osm-transport-node599499321",
      "geometry": {
        "type": "Point",
        "coordinates": [
          134.1701501,
          33.2568739
        ]
      },
      "properties": {
        "routeId": "shikoku-88-tosa",
        "name": "岬坂本",
        "type": "transport",
        "subtype": "bus_stop",
        "stageIndex": 2,
        "kmFromStart": 80.1,
        "icon": "bus_stop",
        "source": "osm",
        "osmId": "node/599499321"
      }
    },
    {
      "type": "Feature",
      "id": "wp-osm-transport-node599499332",
      "geometry": {
        "type": "Point",
        "coordinates": [
          134.1682677,
          33.2603815
        ]
      },
      "properties": {
        "routeId": "shikoku-88-tosa",
        "name": "山田邸前",
        "type": "transport",
        "subtype": "bus_stop",
        "stageIndex": 2,
        "kmFromStart": 80.5,
        "icon": "bus_stop",
        "source": "osm",
        "osmId": "node/599499332"
      }
    },
    {
      "type": "Feature",
      "id": "wp-osm-transport-node599499343",
      "geometry": {
        "type": "Point",
        "coordinates": [
          134.1675409,
          33.262794
        ]
      },
      "properties": {
        "routeId": "shikoku-88-tosa",
        "name": "岬小学校前",
        "type": "transport",
        "subtype": "bus_stop",
        "stageIndex": 2,
        "kmFromStart": 80.8,
        "icon": "bus_stop",
        "source": "osm",
        "osmId": "node/599499343"
      }
    },
    {
      "type": "Feature",
      "id": "wp-osm-transport-node599499349",
      "geometry": {
        "type": "Point",
        "coordinates": [
          134.1666231,
          33.264313
        ]
      },
      "properties": {
        "routeId": "shikoku-88-tosa",
        "name": "岬中町",
        "type": "transport",
        "subtype": "bus_stop",
        "stageIndex": 2,
        "kmFromStart": 80.9,
        "icon": "bus_stop",
        "source": "osm",
        "osmId": "node/599499349"
      }
    },
    {
      "type": "Feature",
      "id": "wp-osm-transport-node599499361",
      "geometry": {
        "type": "Point",
        "coordinates": [
          134.165904,
          33.2656331
        ]
      },
      "properties": {
        "routeId": "shikoku-88-tosa",
        "name": "岬屯所前",
        "type": "transport",
        "subtype": "bus_stop",
        "stageIndex": 2,
        "kmFromStart": 81.1,
        "icon": "bus_stop",
        "source": "osm",
        "osmId": "node/599499361"
      }
    },
    {
      "type": "Feature",
      "id": "wp-osm-transport-node599499363",
      "geometry": {
        "type": "Point",
        "coordinates": [
          134.1648514,
          33.2676852
        ]
      },
      "properties": {
        "routeId": "shikoku-88-tosa",
        "name": "西下町",
        "type": "transport",
        "subtype": "bus_stop",
        "stageIndex": 2,
        "kmFromStart": 81.4,
        "icon": "bus_stop",
        "source": "osm",
        "osmId": "node/599499363"
      }
    },
    {
      "type": "Feature",
      "id": "wp-osm-transport-node599499382",
      "geometry": {
        "type": "Point",
        "coordinates": [
          134.1634505,
          33.2693151
        ]
      },
      "properties": {
        "routeId": "shikoku-88-tosa",
        "name": "室戸営業所",
        "type": "transport",
        "subtype": "bus_stop",
        "stageIndex": 2,
        "kmFromStart": 81.6,
        "icon": "bus_stop",
        "source": "osm",
        "osmId": "node/599499382"
      }
    },
    {
      "type": "Feature",
      "id": "wp-osm-transport-node5554063022",
      "geometry": {
        "type": "Point",
        "coordinates": [
          134.1604805,
          33.2687308
        ]
      },
      "properties": {
        "routeId": "shikoku-88-tosa",
        "name": "Umi-no-Eki Toromu",
        "type": "transport",
        "subtype": "bus_stop",
        "stageIndex": 2,
        "kmFromStart": 81.7,
        "icon": "bus_stop",
        "source": "osm",
        "osmId": "node/5554063022"
      }
    },
    {
      "type": "Feature",
      "id": "wp-osm-food-node6418656662",
      "geometry": {
        "type": "Point",
        "coordinates": [
          134.160834,
          33.2692469
        ]
      },
      "properties": {
        "routeId": "shikoku-88-tosa",
        "name": "じばうま八",
        "type": "food",
        "subtype": "restaurant",
        "stageIndex": 2,
        "kmFromStart": 81.7,
        "icon": "restaurant",
        "source": "osm",
        "osmId": "node/6418656662"
      }
    },
    {
      "type": "Feature",
      "id": "wp-osm-transport-node599503264",
      "geometry": {
        "type": "Point",
        "coordinates": [
          134.1600748,
          33.2723038
        ]
      },
      "properties": {
        "routeId": "shikoku-88-tosa",
        "name": "住宅前",
        "type": "transport",
        "subtype": "bus_stop",
        "stageIndex": 2,
        "kmFromStart": 82,
        "icon": "bus_stop",
        "source": "osm",
        "osmId": "node/599503264"
      }
    },
    {
      "type": "Feature",
      "id": "wp-osm-transport-node599503266",
      "geometry": {
        "type": "Point",
        "coordinates": [
          134.1591153,
          33.2737412
        ]
      },
      "properties": {
        "routeId": "shikoku-88-tosa",
        "name": "高浜",
        "type": "transport",
        "subtype": "bus_stop",
        "stageIndex": 2,
        "kmFromStart": 82.2,
        "icon": "bus_stop",
        "source": "osm",
        "osmId": "node/599503266"
      }
    },
    {
      "type": "Feature",
      "id": "wp-osm-transport-node599503276",
      "geometry": {
        "type": "Point",
        "coordinates": [
          134.1582323,
          33.2752573
        ]
      },
      "properties": {
        "routeId": "shikoku-88-tosa",
        "name": "菜生東",
        "nameLocalized": {
          "ja": "菜生東"
        },
        "type": "transport",
        "subtype": "bus_stop",
        "stageIndex": 2,
        "kmFromStart": 82.4,
        "icon": "bus_stop",
        "source": "osm",
        "osmId": "node/599503276"
      }
    },
    {
      "type": "Feature",
      "id": "wp-osm-transport-node12160173839",
      "geometry": {
        "type": "Point",
        "coordinates": [
          134.1577951,
          33.2756669
        ]
      },
      "properties": {
        "routeId": "shikoku-88-tosa",
        "name": "菜生東",
        "type": "transport",
        "subtype": "bus_stop",
        "stageIndex": 2,
        "kmFromStart": 82.5,
        "icon": "bus_stop",
        "source": "osm",
        "osmId": "node/12160173839"
      }
    },
    {
      "type": "Feature",
      "id": "wp-osm-transport-node599503279",
      "geometry": {
        "type": "Point",
        "coordinates": [
          134.1561815,
          33.2773577
        ]
      },
      "properties": {
        "routeId": "shikoku-88-tosa",
        "name": "菜生住宅前",
        "nameLocalized": {
          "ja": "菜生住宅前"
        },
        "type": "transport",
        "subtype": "bus_stop",
        "stageIndex": 2,
        "kmFromStart": 82.7,
        "icon": "bus_stop",
        "source": "osm",
        "osmId": "node/599503279"
      }
    },
    {
      "type": "Feature",
      "id": "wp-osm-transport-node12160173843",
      "geometry": {
        "type": "Point",
        "coordinates": [
          134.15473,
          33.2790771
        ]
      },
      "properties": {
        "routeId": "shikoku-88-tosa",
        "name": "菜生",
        "type": "transport",
        "subtype": "bus_stop",
        "stageIndex": 2,
        "kmFromStart": 83,
        "icon": "bus_stop",
        "source": "osm",
        "osmId": "node/12160173843"
      }
    },
    {
      "type": "Feature",
      "id": "wp-osm-transport-node599503269",
      "geometry": {
        "type": "Point",
        "coordinates": [
          134.1543084,
          33.2796222
        ]
      },
      "properties": {
        "routeId": "shikoku-88-tosa",
        "name": "菜生",
        "nameLocalized": {
          "ja": "菜生"
        },
        "type": "transport",
        "subtype": "bus_stop",
        "stageIndex": 2,
        "kmFromStart": 83,
        "icon": "bus_stop",
        "source": "osm",
        "osmId": "node/599503269"
      }
    },
    {
      "type": "Feature",
      "id": "wp-osm-transport-node599503272",
      "geometry": {
        "type": "Point",
        "coordinates": [
          134.1527812,
          33.283982
        ]
      },
      "properties": {
        "routeId": "shikoku-88-tosa",
        "name": "耳崎",
        "type": "transport",
        "subtype": "bus_stop",
        "stageIndex": 2,
        "kmFromStart": 83.6,
        "icon": "bus_stop",
        "source": "osm",
        "osmId": "node/599503272"
      }
    },
    {
      "type": "Feature",
      "id": "wp-osm-transport-node12160173844",
      "geometry": {
        "type": "Point",
        "coordinates": [
          134.1530992,
          33.2835863
        ]
      },
      "properties": {
        "routeId": "shikoku-88-tosa",
        "name": "耳崎",
        "type": "transport",
        "subtype": "bus_stop",
        "stageIndex": 2,
        "kmFromStart": 83.5,
        "icon": "bus_stop",
        "source": "osm",
        "osmId": "node/12160173844"
      }
    },
    {
      "type": "Feature",
      "id": "wp-osm-sacred_site-node10155914458",
      "geometry": {
        "type": "Point",
        "coordinates": [
          134.1492973,
          33.2856928
        ]
      },
      "properties": {
        "routeId": "shikoku-88-tosa",
        "name": "住吉神社",
        "type": "sacred_site",
        "subtype": "church",
        "stageIndex": 2,
        "kmFromStart": 83.9,
        "icon": "church",
        "source": "osm",
        "osmId": "node/10155914458"
      }
    },
    {
      "type": "Feature",
      "id": "wp-osm-food-node5537348422",
      "geometry": {
        "type": "Point",
        "coordinates": [
          134.1492822,
          33.2877034
        ]
      },
      "properties": {
        "routeId": "shikoku-88-tosa",
        "name": "釜めし初音",
        "type": "food",
        "subtype": "restaurant",
        "stageIndex": 2,
        "kmFromStart": 84.1,
        "icon": "restaurant",
        "source": "osm",
        "osmId": "node/5537348422",
        "hours": "Mo-Su 11:30-13:00, 17:00-20:30"
      }
    },
    {
      "type": "Feature",
      "id": "wp-osm-transport-node599503274",
      "geometry": {
        "type": "Point",
        "coordinates": [
          134.1509017,
          33.2871778
        ]
      },
      "properties": {
        "routeId": "shikoku-88-tosa",
        "name": "室戸",
        "type": "transport",
        "subtype": "bus_stop",
        "stageIndex": 2,
        "kmFromStart": 84,
        "icon": "bus_stop",
        "source": "osm",
        "osmId": "node/599503274"
      }
    },
    {
      "type": "Feature",
      "id": "wp-osm-transport-node599508492",
      "geometry": {
        "type": "Point",
        "coordinates": [
          134.1438209,
          33.2939032
        ]
      },
      "properties": {
        "routeId": "shikoku-88-tosa",
        "name": "室戸中学校通",
        "type": "transport",
        "subtype": "bus_stop",
        "stageIndex": 2,
        "kmFromStart": 85.2,
        "icon": "bus_stop",
        "source": "osm",
        "osmId": "node/599508492"
      }
    },
    {
      "type": "Feature",
      "id": "wp-osm-sacred_site-node12147866456",
      "geometry": {
        "type": "Point",
        "coordinates": [
          134.1452055,
          33.2935805
        ]
      },
      "properties": {
        "routeId": "shikoku-88-tosa",
        "name": "八王子宮",
        "type": "sacred_site",
        "subtype": "church",
        "stageIndex": 2,
        "kmFromStart": 85.1,
        "icon": "church",
        "source": "osm",
        "osmId": "node/12147866456"
      }
    },
    {
      "type": "Feature",
      "id": "wp-osm-transport-node599508491",
      "geometry": {
        "type": "Point",
        "coordinates": [
          134.146044,
          33.2916408
        ]
      },
      "properties": {
        "routeId": "shikoku-88-tosa",
        "name": "室戸浮津（うきつ）二番町",
        "type": "transport",
        "subtype": "bus_stop",
        "stageIndex": 2,
        "kmFromStart": 84.9,
        "icon": "bus_stop",
        "source": "osm",
        "osmId": "node/599508491"
      }
    },
    {
      "type": "Feature",
      "id": "wp-osm-transport-node12147863277",
      "geometry": {
        "type": "Point",
        "coordinates": [
          134.1488659,
          33.2905631
        ]
      },
      "properties": {
        "routeId": "shikoku-88-tosa",
        "name": "室戸小学校通",
        "type": "transport",
        "subtype": "bus_stop",
        "stageIndex": 2,
        "kmFromStart": 84.6,
        "icon": "bus_stop",
        "source": "osm",
        "osmId": "node/12147863277"
      }
    },
    {
      "type": "Feature",
      "id": "wp-osm-sacred_site-node12147869320",
      "geometry": {
        "type": "Point",
        "coordinates": [
          134.1472004,
          33.2900213
        ]
      },
      "properties": {
        "routeId": "shikoku-88-tosa",
        "name": "中道寺",
        "type": "sacred_site",
        "subtype": "church",
        "stageIndex": 2,
        "kmFromStart": 84.7,
        "icon": "church",
        "source": "osm",
        "osmId": "node/12147869320"
      }
    },
    {
      "type": "Feature",
      "id": "wp-osm-transport-node599508486",
      "geometry": {
        "type": "Point",
        "coordinates": [
          134.140761,
          33.2957334
        ]
      },
      "properties": {
        "routeId": "shikoku-88-tosa",
        "name": "奈良師橋",
        "type": "transport",
        "subtype": "bus_stop",
        "stageIndex": 2,
        "kmFromStart": 85.6,
        "icon": "bus_stop",
        "source": "osm",
        "osmId": "node/599508486"
      }
    },
    {
      "type": "Feature",
      "id": "wp-osm-transport-node599508484",
      "geometry": {
        "type": "Point",
        "coordinates": [
          134.1370281,
          33.297301
        ]
      },
      "properties": {
        "routeId": "shikoku-88-tosa",
        "name": "ならし",
        "type": "transport",
        "subtype": "bus_stop",
        "stageIndex": 2,
        "kmFromStart": 86,
        "icon": "bus_stop",
        "source": "osm",
        "osmId": "node/599508484"
      }
    },
    {
      "type": "Feature",
      "id": "wp-osm-transport-node599508485",
      "geometry": {
        "type": "Point",
        "coordinates": [
          134.1334971,
          33.2987498
        ]
      },
      "properties": {
        "routeId": "shikoku-88-tosa",
        "name": "岩戸神社前",
        "type": "transport",
        "subtype": "bus_stop",
        "stageIndex": 2,
        "kmFromStart": 86.3,
        "icon": "bus_stop",
        "source": "osm",
        "osmId": "node/599508485"
      }
    },
    {
      "type": "Feature",
      "id": "wp-osm-medical-node1423734151",
      "geometry": {
        "type": "Point",
        "coordinates": [
          134.129863,
          33.300115
        ]
      },
      "properties": {
        "routeId": "shikoku-88-tosa",
        "name": "室戸病院",
        "type": "medical",
        "subtype": "hospital",
        "stageIndex": 2,
        "kmFromStart": 86.7,
        "icon": "hospital",
        "source": "osm",
        "osmId": "node/1423734151"
      }
    },
    {
      "type": "Feature",
      "id": "wp-osm-transport-node599508490",
      "geometry": {
        "type": "Point",
        "coordinates": [
          134.128944,
          33.3001581
        ]
      },
      "properties": {
        "routeId": "shikoku-88-tosa",
        "name": "元橋",
        "type": "transport",
        "subtype": "bus_stop",
        "stageIndex": 2,
        "kmFromStart": 86.8,
        "icon": "bus_stop",
        "source": "osm",
        "osmId": "node/599508490"
      }
    },
    {
      "type": "Feature",
      "id": "wp-osm-accommodation-node5552567223",
      "geometry": {
        "type": "Point",
        "coordinates": [
          134.1276393,
          33.3003414
        ]
      },
      "properties": {
        "routeId": "shikoku-88-tosa",
        "name": "Minshuku Ueashima Muroto",
        "type": "accommodation",
        "subtype": "hotel",
        "stageIndex": 2,
        "kmFromStart": 86.9,
        "icon": "hotel",
        "source": "osm",
        "osmId": "node/5552567223"
      }
    },
    {
      "type": "Feature",
      "id": "wp-osm-transport-node599541373",
      "geometry": {
        "type": "Point",
        "coordinates": [
          134.1101761,
          33.3058083
        ]
      },
      "properties": {
        "routeId": "shikoku-88-tosa",
        "name": "平尾第一",
        "type": "transport",
        "subtype": "bus_stop",
        "stageIndex": 3,
        "kmFromStart": 89.5,
        "icon": "bus_stop",
        "source": "osm",
        "osmId": "node/599541373"
      }
    },
    {
      "type": "Feature",
      "id": "wp-osm-supply-node1493125454",
      "geometry": {
        "type": "Point",
        "coordinates": [
          134.1101007,
          33.3066897
        ]
      },
      "properties": {
        "routeId": "shikoku-88-tosa",
        "name": "Unnamed",
        "type": "supply",
        "subtype": "toilet",
        "stageIndex": 3,
        "kmFromStart": 89.6,
        "icon": "toilet",
        "source": "osm",
        "osmId": "node/1493125454"
      }
    },
    {
      "type": "Feature",
      "id": "wp-osm-transport-node599541371",
      "geometry": {
        "type": "Point",
        "coordinates": [
          134.1095207,
          33.3102032
        ]
      },
      "properties": {
        "routeId": "shikoku-88-tosa",
        "name": "黒耳東",
        "type": "transport",
        "subtype": "bus_stop",
        "stageIndex": 3,
        "kmFromStart": 90,
        "icon": "bus_stop",
        "source": "osm",
        "osmId": "node/599541371"
      }
    },
    {
      "type": "Feature",
      "id": "wp-osm-transport-node599541374",
      "geometry": {
        "type": "Point",
        "coordinates": [
          134.1085538,
          33.312973
        ]
      },
      "properties": {
        "routeId": "shikoku-88-tosa",
        "name": "黒耳第三",
        "type": "transport",
        "subtype": "bus_stop",
        "stageIndex": 3,
        "kmFromStart": 90.4,
        "icon": "bus_stop",
        "source": "osm",
        "osmId": "node/599541374"
      }
    },
    {
      "type": "Feature",
      "id": "wp-osm-transport-node599541375",
      "geometry": {
        "type": "Point",
        "coordinates": [
          134.1073827,
          33.3172465
        ]
      },
      "properties": {
        "routeId": "shikoku-88-tosa",
        "name": "黒耳第二",
        "type": "transport",
        "subtype": "bus_stop",
        "stageIndex": 3,
        "kmFromStart": 90.9,
        "icon": "bus_stop",
        "source": "osm",
        "osmId": "node/599541375"
      }
    },
    {
      "type": "Feature",
      "id": "wp-osm-transport-node599548378",
      "geometry": {
        "type": "Point",
        "coordinates": [
          134.106092,
          33.3227816
        ]
      },
      "properties": {
        "routeId": "shikoku-88-tosa",
        "name": "黒耳第一",
        "type": "transport",
        "subtype": "bus_stop",
        "stageIndex": 3,
        "kmFromStart": 91.5,
        "icon": "bus_stop",
        "source": "osm",
        "osmId": "node/599548378"
      }
    },
    {
      "type": "Feature",
      "id": "wp-osm-food-node10810976848",
      "geometry": {
        "type": "Point",
        "coordinates": [
          134.1058653,
          33.3236444
        ]
      },
      "properties": {
        "routeId": "shikoku-88-tosa",
        "name": "Sadamaru Burger",
        "type": "food",
        "subtype": "restaurant",
        "stageIndex": 3,
        "kmFromStart": 91.6,
        "icon": "restaurant",
        "source": "osm",
        "osmId": "node/10810976848",
        "hours": "Mo-Fr 10:30-17:00"
      }
    },
    {
      "type": "Feature",
      "id": "wp-osm-transport-node599548377",
      "geometry": {
        "type": "Point",
        "coordinates": [
          134.1041483,
          33.3265968
        ]
      },
      "properties": {
        "routeId": "shikoku-88-tosa",
        "name": "吉良川傍士",
        "type": "transport",
        "subtype": "bus_stop",
        "stageIndex": 3,
        "kmFromStart": 92,
        "icon": "bus_stop",
        "source": "osm",
        "osmId": "node/599548377"
      }
    },
    {
      "type": "Feature",
      "id": "wp-osm-transport-node599548375",
      "geometry": {
        "type": "Point",
        "coordinates": [
          134.0978366,
          33.3311319
        ]
      },
      "properties": {
        "routeId": "shikoku-88-tosa",
        "name": "吉良川学校通",
        "type": "transport",
        "subtype": "bus_stop",
        "stageIndex": 3,
        "kmFromStart": 92.9,
        "icon": "bus_stop",
        "source": "osm",
        "osmId": "node/599548375"
      }
    },
    {
      "type": "Feature",
      "id": "wp-osm-transport-node599548379",
      "geometry": {
        "type": "Point",
        "coordinates": [
          134.1009283,
          33.3294619
        ]
      },
      "properties": {
        "routeId": "shikoku-88-tosa",
        "name": "きらがわとみやまえ",
        "type": "transport",
        "subtype": "bus_stop",
        "stageIndex": 3,
        "kmFromStart": 92.5,
        "icon": "bus_stop",
        "source": "osm",
        "osmId": "node/599548379"
      }
    },
    {
      "type": "Feature",
      "id": "wp-osm-accommodation-node5558320721",
      "geometry": {
        "type": "Point",
        "coordinates": [
          134.0979373,
          33.3317107
        ]
      },
      "properties": {
        "routeId": "shikoku-88-tosa",
        "name": "和の宿 角屋",
        "type": "accommodation",
        "subtype": "hostel",
        "stageIndex": 3,
        "kmFromStart": 92.9,
        "icon": "hostel",
        "source": "osm",
        "osmId": "node/5558320721"
      }
    },
    {
      "type": "Feature",
      "id": "wp-osm-transport-node599548380",
      "geometry": {
        "type": "Point",
        "coordinates": [
          134.0907034,
          33.3343734
        ]
      },
      "properties": {
        "routeId": "shikoku-88-tosa",
        "name": "吉良川橋西詰",
        "type": "transport",
        "subtype": "bus_stop",
        "stageIndex": 3,
        "kmFromStart": 93.7,
        "icon": "bus_stop",
        "source": "osm",
        "osmId": "node/599548380"
      }
    },
    {
      "type": "Feature",
      "id": "wp-osm-transport-node599955013",
      "geometry": {
        "type": "Point",
        "coordinates": [
          134.0878774,
          33.3352261
        ]
      },
      "properties": {
        "routeId": "shikoku-88-tosa",
        "name": "西宮",
        "type": "transport",
        "subtype": "bus_stop",
        "stageIndex": 3,
        "kmFromStart": 93.9,
        "icon": "bus_stop",
        "source": "osm",
        "osmId": "node/599955013"
      }
    },
    {
      "type": "Feature",
      "id": "wp-osm-transport-node599955014",
      "geometry": {
        "type": "Point",
        "coordinates": [
          134.086102,
          33.3359263
        ]
      },
      "properties": {
        "routeId": "shikoku-88-tosa",
        "name": "西灘第二",
        "type": "transport",
        "subtype": "bus_stop",
        "stageIndex": 3,
        "kmFromStart": 94.1,
        "icon": "bus_stop",
        "source": "osm",
        "osmId": "node/599955014"
      }
    },
    {
      "type": "Feature",
      "id": "wp-osm-transport-node599955016",
      "geometry": {
        "type": "Point",
        "coordinates": [
          134.0818664,
          33.3378914
        ]
      },
      "properties": {
        "routeId": "shikoku-88-tosa",
        "name": "立石東",
        "type": "transport",
        "subtype": "bus_stop",
        "stageIndex": 3,
        "kmFromStart": 94.5,
        "icon": "bus_stop",
        "source": "osm",
        "osmId": "node/599955016"
      }
    },
    {
      "type": "Feature",
      "id": "wp-osm-transport-node599955015",
      "geometry": {
        "type": "Point",
        "coordinates": [
          134.0834164,
          33.3370406
        ]
      },
      "properties": {
        "routeId": "shikoku-88-tosa",
        "name": "西灘第一",
        "type": "transport",
        "subtype": "bus_stop",
        "stageIndex": 3,
        "kmFromStart": 94.4,
        "icon": "bus_stop",
        "source": "osm",
        "osmId": "node/599955015"
      }
    },
    {
      "type": "Feature",
      "id": "wp-osm-supply-node5554112521",
      "geometry": {
        "type": "Point",
        "coordinates": [
          134.0797498,
          33.3398675
        ]
      },
      "properties": {
        "routeId": "shikoku-88-tosa",
        "name": "Unnamed",
        "type": "supply",
        "subtype": "toilet",
        "stageIndex": 3,
        "kmFromStart": 94.8,
        "icon": "toilet",
        "source": "osm",
        "osmId": "node/5554112521"
      }
    },
    {
      "type": "Feature",
      "id": "wp-osm-transport-node599955017",
      "geometry": {
        "type": "Point",
        "coordinates": [
          134.077976,
          33.34126
        ]
      },
      "properties": {
        "routeId": "shikoku-88-tosa",
        "name": "立石",
        "type": "transport",
        "subtype": "bus_stop",
        "stageIndex": 3,
        "kmFromStart": 95.1,
        "icon": "bus_stop",
        "source": "osm",
        "osmId": "node/599955017"
      }
    },
    {
      "type": "Feature",
      "id": "wp-osm-transport-node599955011",
      "geometry": {
        "type": "Point",
        "coordinates": [
          134.0747637,
          33.345855
        ]
      },
      "properties": {
        "routeId": "shikoku-88-tosa",
        "name": "千ヶ谷",
        "type": "transport",
        "subtype": "bus_stop",
        "stageIndex": 3,
        "kmFromStart": 95.6,
        "icon": "bus_stop",
        "source": "osm",
        "osmId": "node/599955011"
      }
    },
    {
      "type": "Feature",
      "id": "wp-osm-transport-node599955012",
      "geometry": {
        "type": "Point",
        "coordinates": [
          134.0708914,
          33.3515525
        ]
      },
      "properties": {
        "routeId": "shikoku-88-tosa",
        "name": "平田岩",
        "type": "transport",
        "subtype": "bus_stop",
        "stageIndex": 3,
        "kmFromStart": 96.4,
        "icon": "bus_stop",
        "source": "osm",
        "osmId": "node/599955012"
      }
    },
    {
      "type": "Feature",
      "id": "wp-osm-medical-node1423734612",
      "geometry": {
        "type": "Point",
        "coordinates": [
          134.058005,
          33.368621
        ]
      },
      "properties": {
        "routeId": "shikoku-88-tosa",
        "name": "山本病院",
        "type": "medical",
        "subtype": "hospital",
        "stageIndex": 3,
        "kmFromStart": 98.7,
        "icon": "hospital",
        "source": "osm",
        "osmId": "node/1423734612"
      }
    },
    {
      "type": "Feature",
      "id": "wp-osm-accommodation-node10810922829",
      "geometry": {
        "type": "Point",
        "coordinates": [
          134.0577757,
          33.3680834
        ]
      },
      "properties": {
        "routeId": "shikoku-88-tosa",
        "name": "Shidao",
        "type": "accommodation",
        "subtype": "guesthouse",
        "stageIndex": 3,
        "kmFromStart": 98.6,
        "icon": "guesthouse",
        "source": "osm",
        "osmId": "node/10810922829"
      }
    },
    {
      "type": "Feature",
      "id": "wp-osm-transport-node599955020",
      "geometry": {
        "type": "Point",
        "coordinates": [
          134.0512726,
          33.3710534
        ]
      },
      "properties": {
        "routeId": "shikoku-88-tosa",
        "name": "西の浜",
        "type": "transport",
        "subtype": "bus_stop",
        "stageIndex": 3,
        "kmFromStart": 99.3,
        "icon": "bus_stop",
        "source": "osm",
        "osmId": "node/599955020"
      }
    },
    {
      "type": "Feature",
      "id": "wp-osm-transport-node599955019",
      "geometry": {
        "type": "Point",
        "coordinates": [
          134.0450384,
          33.3722942
        ]
      },
      "properties": {
        "routeId": "shikoku-88-tosa",
        "name": "西坂本",
        "type": "transport",
        "subtype": "bus_stop",
        "stageIndex": 3,
        "kmFromStart": 100,
        "icon": "bus_stop",
        "source": "osm",
        "osmId": "node/599955019"
      }
    },
    {
      "type": "Feature",
      "id": "wp-osm-transport-node599955021",
      "geometry": {
        "type": "Point",
        "coordinates": [
          134.0362049,
          33.3809765
        ]
      },
      "properties": {
        "routeId": "shikoku-88-tosa",
        "name": "加領郷東入口",
        "type": "transport",
        "subtype": "bus_stop",
        "stageIndex": 3,
        "kmFromStart": 101.4,
        "icon": "bus_stop",
        "source": "osm",
        "osmId": "node/599955021"
      }
    },
    {
      "type": "Feature",
      "id": "wp-osm-food-node12009616890",
      "geometry": {
        "type": "Point",
        "coordinates": [
          134.0346752,
          33.380315
        ]
      },
      "properties": {
        "routeId": "shikoku-88-tosa",
        "name": "みなと食堂",
        "type": "food",
        "subtype": "restaurant",
        "stageIndex": 3,
        "kmFromStart": 101.4,
        "icon": "restaurant",
        "source": "osm",
        "osmId": "node/12009616890"
      }
    },
    {
      "type": "Feature",
      "id": "wp-osm-transport-node599955022",
      "geometry": {
        "type": "Point",
        "coordinates": [
          134.036561,
          33.3855401
        ]
      },
      "properties": {
        "routeId": "shikoku-88-tosa",
        "name": "加領郷",
        "type": "transport",
        "subtype": "bus_stop",
        "stageIndex": 3,
        "kmFromStart": 102.1,
        "icon": "bus_stop",
        "source": "osm",
        "osmId": "node/599955022"
      }
    },
    {
      "type": "Feature",
      "id": "wp-osm-transport-node599955023",
      "geometry": {
        "type": "Point",
        "coordinates": [
          134.0369543,
          33.3894928
        ]
      },
      "properties": {
        "routeId": "shikoku-88-tosa",
        "name": "加領郷西入口",
        "type": "transport",
        "subtype": "bus_stop",
        "stageIndex": 3,
        "kmFromStart": 102.5,
        "icon": "bus_stop",
        "source": "osm",
        "osmId": "node/599955023"
      }
    },
    {
      "type": "Feature",
      "id": "wp-osm-transport-node599955024",
      "geometry": {
        "type": "Point",
        "coordinates": [
          134.0372456,
          33.3954154
        ]
      },
      "properties": {
        "routeId": "shikoku-88-tosa",
        "name": "竹ヶ谷",
        "type": "transport",
        "subtype": "bus_stop",
        "stageIndex": 3,
        "kmFromStart": 103.2,
        "icon": "bus_stop",
        "source": "osm",
        "osmId": "node/599955024"
      }
    },
    {
      "type": "Feature",
      "id": "wp-osm-transport-node599955030",
      "geometry": {
        "type": "Point",
        "coordinates": [
          134.0354394,
          33.4013984
        ]
      },
      "properties": {
        "routeId": "shikoku-88-tosa",
        "name": "小須郷",
        "type": "transport",
        "subtype": "bus_stop",
        "stageIndex": 3,
        "kmFromStart": 104,
        "icon": "bus_stop",
        "source": "osm",
        "osmId": "node/599955030"
      }
    },
    {
      "type": "Feature",
      "id": "wp-osm-transport-node599955031",
      "geometry": {
        "type": "Point",
        "coordinates": [
          134.0335895,
          33.4053625
        ]
      },
      "properties": {
        "routeId": "shikoku-88-tosa",
        "name": "須川",
        "type": "transport",
        "subtype": "bus_stop",
        "stageIndex": 3,
        "kmFromStart": 104.5,
        "icon": "bus_stop",
        "source": "osm",
        "osmId": "node/599955031"
      }
    },
    {
      "type": "Feature",
      "id": "wp-osm-transport-node599955025",
      "geometry": {
        "type": "Point",
        "coordinates": [
          134.0317688,
          33.4122446
        ]
      },
      "properties": {
        "routeId": "shikoku-88-tosa",
        "name": "六本松",
        "type": "transport",
        "subtype": "bus_stop",
        "stageIndex": 3,
        "kmFromStart": 105.2,
        "icon": "bus_stop",
        "source": "osm",
        "osmId": "node/599955025"
      }
    },
    {
      "type": "Feature",
      "id": "wp-osm-transport-node11684812469",
      "geometry": {
        "type": "Point",
        "coordinates": [
          134.0286749,
          33.4163228
        ]
      },
      "properties": {
        "routeId": "shikoku-88-tosa",
        "name": "貯木場西入口",
        "type": "transport",
        "subtype": "bus_stop",
        "stageIndex": 3,
        "kmFromStart": 105.8,
        "icon": "bus_stop",
        "source": "osm",
        "osmId": "node/11684812469"
      }
    },
    {
      "type": "Feature",
      "id": "wp-osm-transport-node599955026",
      "geometry": {
        "type": "Point",
        "coordinates": [
          134.0276943,
          33.4170972
        ]
      },
      "properties": {
        "routeId": "shikoku-88-tosa",
        "name": "貯木場西入口",
        "type": "transport",
        "subtype": "bus_stop",
        "stageIndex": 3,
        "kmFromStart": 105.9,
        "icon": "bus_stop",
        "source": "osm",
        "osmId": "node/599955026"
      }
    },
    {
      "type": "Feature",
      "id": "wp-osm-sacred_site-node11684812905",
      "geometry": {
        "type": "Point",
        "coordinates": [
          134.022819,
          33.4197856
        ]
      },
      "properties": {
        "routeId": "shikoku-88-tosa",
        "name": "浜辺神社",
        "type": "sacred_site",
        "subtype": "church",
        "stageIndex": 3,
        "kmFromStart": 106.4,
        "icon": "church",
        "source": "osm",
        "osmId": "node/11684812905"
      }
    },
    {
      "type": "Feature",
      "id": "wp-osm-transport-node11684812470",
      "geometry": {
        "type": "Point",
        "coordinates": [
          134.0252631,
          33.4214551
        ]
      },
      "properties": {
        "routeId": "shikoku-88-tosa",
        "name": "法恩寺通",
        "type": "transport",
        "subtype": "bus_stop",
        "stageIndex": 3,
        "kmFromStart": 106.5,
        "icon": "bus_stop",
        "source": "osm",
        "osmId": "node/11684812470"
      }
    },
    {
      "type": "Feature",
      "id": "wp-osm-transport-node599955029",
      "geometry": {
        "type": "Point",
        "coordinates": [
          134.0247801,
          33.4220298
        ]
      },
      "properties": {
        "routeId": "shikoku-88-tosa",
        "name": "法恩寺通",
        "type": "transport",
        "subtype": "bus_stop",
        "stageIndex": 3,
        "kmFromStart": 106.5,
        "icon": "bus_stop",
        "source": "osm",
        "osmId": "node/599955029"
      }
    },
    {
      "type": "Feature",
      "id": "wp-osm-transport-node11684812471",
      "geometry": {
        "type": "Point",
        "coordinates": [
          134.0219942,
          33.4248545
        ]
      },
      "properties": {
        "routeId": "shikoku-88-tosa",
        "name": "奈半利立町",
        "type": "transport",
        "subtype": "bus_stop",
        "stageIndex": 3,
        "kmFromStart": 107,
        "icon": "bus_stop",
        "source": "osm",
        "osmId": "node/11684812471"
      }
    },
    {
      "type": "Feature",
      "id": "wp-osm-transport-node599955028",
      "geometry": {
        "type": "Point",
        "coordinates": [
          134.0211843,
          33.4250291
        ]
      },
      "properties": {
        "routeId": "shikoku-88-tosa",
        "name": "奈半利立町",
        "type": "transport",
        "subtype": "bus_stop",
        "stageIndex": 3,
        "kmFromStart": 107,
        "icon": "bus_stop",
        "source": "osm",
        "osmId": "node/599955028"
      }
    },
    {
      "type": "Feature",
      "id": "wp-osm-town-node3075229968",
      "geometry": {
        "type": "Point",
        "coordinates": [
          134.0209447,
          33.4242099
        ]
      },
      "properties": {
        "routeId": "shikoku-88-tosa",
        "name": "Nahari",
        "nameLocalized": {
          "fr": "Nahari",
          "id": "Nahari",
          "ja": "奈半利町",
          "ko": "나하리초",
          "zh": "奈半利町"
        },
        "type": "town",
        "subtype": "town",
        "stageIndex": 3,
        "kmFromStart": 107,
        "icon": "town",
        "source": "osm",
        "osmId": "node/3075229968"
      }
    },
    {
      "type": "Feature",
      "id": "wp-osm-transport-node599955027",
      "geometry": {
        "type": "Point",
        "coordinates": [
          134.0191117,
          33.4257643
        ]
      },
      "properties": {
        "routeId": "shikoku-88-tosa",
        "name": "奈半利",
        "type": "transport",
        "subtype": "bus_stop",
        "stageIndex": 3,
        "kmFromStart": 107.2,
        "icon": "bus_stop",
        "source": "osm",
        "osmId": "node/599955027"
      }
    },
    {
      "type": "Feature",
      "id": "wp-osm-transport-node11684812472",
      "geometry": {
        "type": "Point",
        "coordinates": [
          134.0197337,
          33.4256713
        ]
      },
      "properties": {
        "routeId": "shikoku-88-tosa",
        "name": "奈半利",
        "type": "transport",
        "subtype": "bus_stop",
        "stageIndex": 3,
        "kmFromStart": 107.2,
        "icon": "bus_stop",
        "source": "osm",
        "osmId": "node/11684812472"
      }
    },
    {
      "type": "Feature",
      "id": "wp-osm-transport-node265020421",
      "geometry": {
        "type": "Point",
        "coordinates": [
          134.0181116,
          33.4250589
        ]
      },
      "properties": {
        "routeId": "shikoku-88-tosa",
        "name": "Nahari",
        "nameLocalized": {
          "ja": "奈半利",
          "ko": "나하리"
        },
        "type": "transport",
        "subtype": "train_station",
        "stageIndex": 3,
        "kmFromStart": 107.3,
        "icon": "train_station",
        "source": "osm",
        "osmId": "node/265020421"
      }
    },
    {
      "type": "Feature",
      "id": "wp-osm-transport-node11944993416",
      "geometry": {
        "type": "Point",
        "coordinates": [
          134.0163429,
          33.4303992
        ]
      },
      "properties": {
        "routeId": "shikoku-88-tosa",
        "name": "たのた温泉",
        "type": "transport",
        "subtype": "bus_stop",
        "stageIndex": 3,
        "kmFromStart": 107.7,
        "icon": "bus_stop",
        "source": "osm",
        "osmId": "node/11944993416"
      }
    },
    {
      "type": "Feature",
      "id": "wp-osm-transport-node11944993417",
      "geometry": {
        "type": "Point",
        "coordinates": [
          134.0136931,
          33.4304922
        ]
      },
      "properties": {
        "routeId": "shikoku-88-tosa",
        "name": "上地集会所",
        "type": "transport",
        "subtype": "bus_stop",
        "stageIndex": 3,
        "kmFromStart": 107.8,
        "icon": "bus_stop",
        "source": "osm",
        "osmId": "node/11944993417"
      }
    },
    {
      "type": "Feature",
      "id": "wp-osm-sacred_site-node9019408367",
      "geometry": {
        "type": "Point",
        "coordinates": [
          134.0128796,
          33.4287832
        ]
      },
      "properties": {
        "routeId": "shikoku-88-tosa",
        "name": "福田寺",
        "type": "sacred_site",
        "subtype": "church",
        "stageIndex": 3,
        "kmFromStart": 107.9,
        "icon": "church",
        "source": "osm",
        "osmId": "node/9019408367"
      }
    },
    {
      "type": "Feature",
      "id": "wp-osm-transport-node11945009069",
      "geometry": {
        "type": "Point",
        "coordinates": [
          134.0132272,
          33.4283121
        ]
      },
      "properties": {
        "routeId": "shikoku-88-tosa",
        "name": "なかよし交流館前",
        "type": "transport",
        "subtype": "bus_stop",
        "stageIndex": 3,
        "kmFromStart": 107.9,
        "icon": "bus_stop",
        "source": "osm",
        "osmId": "node/11945009069"
      }
    },
    {
      "type": "Feature",
      "id": "wp-osm-transport-node11945009071",
      "geometry": {
        "type": "Point",
        "coordinates": [
          134.0083463,
          33.4280167
        ]
      },
      "properties": {
        "routeId": "shikoku-88-tosa",
        "name": "田野町役場",
        "type": "transport",
        "subtype": "bus_stop",
        "stageIndex": 3,
        "kmFromStart": 108.6,
        "icon": "bus_stop",
        "source": "osm",
        "osmId": "node/11945009071"
      }
    },
    {
      "type": "Feature",
      "id": "wp-osm-transport-node11945009072",
      "geometry": {
        "type": "Point",
        "coordinates": [
          134.0058993,
          33.4264779
        ]
      },
      "properties": {
        "routeId": "shikoku-88-tosa",
        "name": "浜田集会所",
        "type": "transport",
        "subtype": "bus_stop",
        "stageIndex": 3,
        "kmFromStart": 108.7,
        "icon": "bus_stop",
        "source": "osm",
        "osmId": "node/11945009072"
      }
    },
    {
      "type": "Feature",
      "id": "wp-osm-transport-node11945009073",
      "geometry": {
        "type": "Point",
        "coordinates": [
          134.0020198,
          33.4271108
        ]
      },
      "properties": {
        "routeId": "shikoku-88-tosa",
        "name": "八幡宮前",
        "type": "transport",
        "subtype": "bus_stop",
        "stageIndex": 3,
        "kmFromStart": 109.1,
        "icon": "bus_stop",
        "source": "osm",
        "osmId": "node/11945009073"
      }
    },
    {
      "type": "Feature",
      "id": "wp-osm-transport-node9526667124",
      "geometry": {
        "type": "Point",
        "coordinates": [
          133.9993801,
          33.4275698
        ]
      },
      "properties": {
        "routeId": "shikoku-88-tosa",
        "name": "淌涛西",
        "type": "transport",
        "subtype": "bus_stop",
        "stageIndex": 3,
        "kmFromStart": 109.3,
        "icon": "bus_stop",
        "source": "osm",
        "osmId": "node/9526667124"
      }
    },
    {
      "type": "Feature",
      "id": "wp-osm-food-node11665438364",
      "geometry": {
        "type": "Point",
        "coordinates": [
          133.9805715,
          33.4363467
        ]
      },
      "properties": {
        "routeId": "shikoku-88-tosa",
        "name": "Unnamed",
        "type": "food",
        "subtype": "restaurant",
        "stageIndex": 3,
        "kmFromStart": 111.5,
        "icon": "restaurant",
        "source": "osm",
        "osmId": "node/11665438364"
      }
    },
    {
      "type": "Feature",
      "id": "wp-osm-sacred_site-node408839221",
      "geometry": {
        "type": "Point",
        "coordinates": [
          133.9752755,
          33.4686967
        ]
      },
      "properties": {
        "routeId": "shikoku-88-tosa",
        "name": "神峯神社",
        "type": "sacred_site",
        "subtype": "church",
        "stageIndex": 3,
        "kmFromStart": 116.6,
        "icon": "church",
        "source": "osm",
        "osmId": "node/408839221"
      }
    },
    {
      "type": "Feature",
      "id": "wp-osm-sacred_site-node408839421",
      "geometry": {
        "type": "Point",
        "coordinates": [
          133.9749882,
          33.4675303
        ]
      },
      "properties": {
        "routeId": "shikoku-88-tosa",
        "name": "27 Kōnomine-ji",
        "nameLocalized": {
          "ja": "第27番札所 神峯寺"
        },
        "type": "sacred_site",
        "subtype": "church",
        "stageIndex": 3,
        "kmFromStart": 116.6,
        "icon": "church",
        "source": "osm",
        "osmId": "node/408839421"
      }
    },
    {
      "type": "Feature",
      "id": "wp-osm-supply-node13161254801",
      "geometry": {
        "type": "Point",
        "coordinates": [
          133.9736277,
          33.4624816
        ]
      },
      "properties": {
        "routeId": "shikoku-88-tosa",
        "name": "Unnamed",
        "type": "supply",
        "subtype": "toilet",
        "stageIndex": 3,
        "kmFromStart": 115.7,
        "icon": "toilet",
        "source": "osm",
        "osmId": "node/13161254801"
      }
    },
    {
      "type": "Feature",
      "id": "wp-osm-transport-node265020404",
      "geometry": {
        "type": "Point",
        "coordinates": [
          133.9657079,
          33.4460634
        ]
      },
      "properties": {
        "routeId": "shikoku-88-tosa",
        "name": "Tōnohama",
        "nameLocalized": {
          "ja": "唐浜",
          "ko": "도노하마"
        },
        "type": "transport",
        "subtype": "train_station",
        "stageIndex": 4,
        "kmFromStart": 120.8,
        "icon": "train_station",
        "source": "osm",
        "osmId": "node/265020404"
      }
    },
    {
      "type": "Feature",
      "id": "wp-osm-transport-node265021209",
      "geometry": {
        "type": "Point",
        "coordinates": [
          133.9481018,
          33.4582931
        ]
      },
      "properties": {
        "routeId": "shikoku-88-tosa",
        "name": "Shimoyama",
        "nameLocalized": {
          "ja": "下山",
          "ko": "시모야마"
        },
        "type": "transport",
        "subtype": "train_station",
        "stageIndex": 4,
        "kmFromStart": 123.1,
        "icon": "train_station",
        "source": "osm",
        "osmId": "node/265021209"
      }
    },
    {
      "type": "Feature",
      "id": "wp-osm-supply-node11665440033",
      "geometry": {
        "type": "Point",
        "coordinates": [
          133.9440619,
          33.4700814
        ]
      },
      "properties": {
        "routeId": "shikoku-88-tosa",
        "name": "Unnamed",
        "type": "supply",
        "subtype": "toilet",
        "stageIndex": 4,
        "kmFromStart": 124.7,
        "icon": "toilet",
        "source": "osm",
        "osmId": "node/11665440033"
      }
    },
    {
      "type": "Feature",
      "id": "wp-osm-supply-node12887954286",
      "geometry": {
        "type": "Point",
        "coordinates": [
          133.9324432,
          33.4902177
        ]
      },
      "properties": {
        "routeId": "shikoku-88-tosa",
        "name": "Unnamed",
        "type": "supply",
        "subtype": "toilet",
        "stageIndex": 4,
        "kmFromStart": 127.5,
        "icon": "toilet",
        "source": "osm",
        "osmId": "node/12887954286"
      }
    },
    {
      "type": "Feature",
      "id": "wp-osm-transport-node265020826",
      "geometry": {
        "type": "Point",
        "coordinates": [
          133.929092,
          33.4909458
        ]
      },
      "properties": {
        "routeId": "shikoku-88-tosa",
        "name": "Ioki",
        "nameLocalized": {
          "ja": "伊尾木",
          "ko": "이오키"
        },
        "type": "transport",
        "subtype": "train_station",
        "stageIndex": 4,
        "kmFromStart": 127.8,
        "icon": "train_station",
        "source": "osm",
        "osmId": "node/265020826"
      }
    },
    {
      "type": "Feature",
      "id": "wp-osm-supply-node5563356221",
      "geometry": {
        "type": "Point",
        "coordinates": [
          133.9309327,
          33.4908672
        ]
      },
      "properties": {
        "routeId": "shikoku-88-tosa",
        "name": "Lawson",
        "nameLocalized": {
          "ko": "로손"
        },
        "type": "supply",
        "subtype": "convenience_store",
        "stageIndex": 4,
        "kmFromStart": 127.6,
        "icon": "convenience_store",
        "source": "osm",
        "osmId": "node/5563356221"
      }
    },
    {
      "type": "Feature",
      "id": "wp-osm-supply-node304642129",
      "geometry": {
        "type": "Point",
        "coordinates": [
          133.9270062,
          33.4925167
        ]
      },
      "properties": {
        "routeId": "shikoku-88-tosa",
        "name": "Unnamed",
        "type": "supply",
        "subtype": "convenience_store",
        "stageIndex": 4,
        "kmFromStart": 128.1,
        "icon": "convenience_store",
        "source": "osm",
        "osmId": "node/304642129"
      }
    },
    {
      "type": "Feature",
      "id": "wp-osm-supply-node304642132",
      "geometry": {
        "type": "Point",
        "coordinates": [
          133.9256903,
          33.493488
        ]
      },
      "properties": {
        "routeId": "shikoku-88-tosa",
        "name": "Lawson",
        "type": "supply",
        "subtype": "convenience_store",
        "stageIndex": 4,
        "kmFromStart": 128.2,
        "icon": "convenience_store",
        "source": "osm",
        "osmId": "node/304642132"
      }
    },
    {
      "type": "Feature",
      "id": "wp-osm-food-node12888076528",
      "geometry": {
        "type": "Point",
        "coordinates": [
          133.9111691,
          33.5012734
        ]
      },
      "properties": {
        "routeId": "shikoku-88-tosa",
        "name": "はっしゃん",
        "type": "food",
        "subtype": "restaurant",
        "stageIndex": 4,
        "kmFromStart": 129.8,
        "icon": "restaurant",
        "source": "osm",
        "osmId": "node/12888076528"
      }
    },
    {
      "type": "Feature",
      "id": "wp-osm-accommodation-node10810974250",
      "geometry": {
        "type": "Point",
        "coordinates": [
          133.9101047,
          33.5018617
        ]
      },
      "properties": {
        "routeId": "shikoku-88-tosa",
        "name": "Kochi-no-ya",
        "type": "accommodation",
        "subtype": "hostel",
        "stageIndex": 4,
        "kmFromStart": 129.9,
        "icon": "hostel",
        "source": "osm",
        "osmId": "node/10810974250"
      }
    },
    {
      "type": "Feature",
      "id": "wp-osm-food-node12888076523",
      "geometry": {
        "type": "Point",
        "coordinates": [
          133.9089939,
          33.5019511
        ]
      },
      "properties": {
        "routeId": "shikoku-88-tosa",
        "name": "百人一酒",
        "type": "food",
        "subtype": "restaurant",
        "stageIndex": 4,
        "kmFromStart": 130,
        "icon": "restaurant",
        "source": "osm",
        "osmId": "node/12888076523"
      }
    },
    {
      "type": "Feature",
      "id": "wp-osm-medical-node1423740687",
      "geometry": {
        "type": "Point",
        "coordinates": [
          133.9085369,
          33.4987139
        ]
      },
      "properties": {
        "routeId": "shikoku-88-tosa",
        "name": "瑞風会森澤病院",
        "type": "medical",
        "subtype": "hospital",
        "stageIndex": 4,
        "kmFromStart": 130,
        "icon": "hospital",
        "source": "osm",
        "osmId": "node/1423740687"
      }
    },
    {
      "type": "Feature",
      "id": "wp-osm-town-node304660986",
      "geometry": {
        "type": "Point",
        "coordinates": [
          133.9072127,
          33.5019095
        ]
      },
      "properties": {
        "routeId": "shikoku-88-tosa",
        "name": "Aki",
        "nameLocalized": {
          "ar": "أكي، كوتشي",
          "cs": "Aki",
          "de": "Aki",
          "es": "Aki",
          "fr": "Aki",
          "id": "Aki",
          "ja": "安芸市",
          "ko": "아키시",
          "pl": "Aki",
          "ru": "Аки",
          "uk": "Акі",
          "zh": "安藝市"
        },
        "type": "town",
        "subtype": "city",
        "stageIndex": 4,
        "kmFromStart": 130.2,
        "icon": "city",
        "source": "osm",
        "osmId": "node/304660986"
      }
    },
    {
      "type": "Feature",
      "id": "wp-osm-transport-node12888076525",
      "geometry": {
        "type": "Point",
        "coordinates": [
          133.9040369,
          33.5025353
        ]
      },
      "properties": {
        "routeId": "shikoku-88-tosa",
        "name": "Unnamed",
        "type": "transport",
        "subtype": "bus_stop",
        "stageIndex": 4,
        "kmFromStart": 130.5,
        "icon": "bus_stop",
        "source": "osm",
        "osmId": "node/12888076525"
      }
    },
    {
      "type": "Feature",
      "id": "wp-osm-food-node12888076524",
      "geometry": {
        "type": "Point",
        "coordinates": [
          133.9049788,
          33.5022764
        ]
      },
      "properties": {
        "routeId": "shikoku-88-tosa",
        "name": "鑫源",
        "type": "food",
        "subtype": "restaurant",
        "stageIndex": 4,
        "kmFromStart": 130.4,
        "icon": "restaurant",
        "source": "osm",
        "osmId": "node/12888076524"
      }
    },
    {
      "type": "Feature",
      "id": "wp-osm-accommodation-node12888076526",
      "geometry": {
        "type": "Point",
        "coordinates": [
          133.9061635,
          33.5020784
        ]
      },
      "properties": {
        "routeId": "shikoku-88-tosa",
        "name": "Seigetsu Ryokan",
        "type": "accommodation",
        "subtype": "hotel",
        "stageIndex": 4,
        "kmFromStart": 130.3,
        "icon": "hotel",
        "source": "osm",
        "osmId": "node/12888076526"
      }
    },
    {
      "type": "Feature",
      "id": "wp-osm-transport-node8543216547",
      "geometry": {
        "type": "Point",
        "coordinates": [
          133.8976596,
          33.5043533
        ]
      },
      "properties": {
        "routeId": "shikoku-88-tosa",
        "name": "Aki General Hospital",
        "nameLocalized": {
          "ja": "あき総合病院前",
          "ko": "아키소고뵤인마에"
        },
        "type": "transport",
        "subtype": "train_station",
        "stageIndex": 4,
        "kmFromStart": 131.3,
        "icon": "train_station",
        "source": "osm",
        "osmId": "node/8543216547"
      }
    },
    {
      "type": "Feature",
      "id": "wp-osm-supply-node11071369075",
      "geometry": {
        "type": "Point",
        "coordinates": [
          133.8996792,
          33.5030232
        ]
      },
      "properties": {
        "routeId": "shikoku-88-tosa",
        "name": "Lawson",
        "nameLocalized": {
          "ja": "ローソン"
        },
        "type": "supply",
        "subtype": "convenience_store",
        "stageIndex": 4,
        "kmFromStart": 131.1,
        "icon": "convenience_store",
        "source": "osm",
        "osmId": "node/11071369075"
      }
    },
    {
      "type": "Feature",
      "id": "wp-osm-supply-node11652394314",
      "geometry": {
        "type": "Point",
        "coordinates": [
          133.9029624,
          33.5037118
        ]
      },
      "properties": {
        "routeId": "shikoku-88-tosa",
        "name": "Unnamed",
        "type": "supply",
        "subtype": "toilet",
        "stageIndex": 4,
        "kmFromStart": 130.5,
        "icon": "toilet",
        "source": "osm",
        "osmId": "node/11652394314"
      }
    },
    {
      "type": "Feature",
      "id": "wp-osm-transport-node265020971",
      "geometry": {
        "type": "Point",
        "coordinates": [
          133.8912761,
          33.5026276
        ]
      },
      "properties": {
        "routeId": "shikoku-88-tosa",
        "name": "Kyūjōmae",
        "nameLocalized": {
          "ja": "球場前",
          "ko": "구장앞"
        },
        "type": "transport",
        "subtype": "train_station",
        "stageIndex": 4,
        "kmFromStart": 131.8,
        "icon": "train_station",
        "source": "osm",
        "osmId": "node/265020971"
      }
    },
    {
      "type": "Feature",
      "id": "wp-osm-transport-node11640549709",
      "geometry": {
        "type": "Point",
        "coordinates": [
          133.8911158,
          33.501497
        ]
      },
      "properties": {
        "routeId": "shikoku-88-tosa",
        "name": "安芸営業所",
        "type": "transport",
        "subtype": "bus_stop",
        "stageIndex": 4,
        "kmFromStart": 131.9,
        "icon": "bus_stop",
        "source": "osm",
        "osmId": "node/11640549709"
      }
    },
    {
      "type": "Feature",
      "id": "wp-osm-transport-node265020573",
      "geometry": {
        "type": "Point",
        "coordinates": [
          133.8639131,
          33.5061809
        ]
      },
      "properties": {
        "routeId": "shikoku-88-tosa",
        "name": "Ananai",
        "nameLocalized": {
          "ja": "穴内",
          "ko": "아나나이"
        },
        "type": "transport",
        "subtype": "train_station",
        "stageIndex": 4,
        "kmFromStart": 134.5,
        "icon": "train_station",
        "source": "osm",
        "osmId": "node/265020573"
      }
    },
    {
      "type": "Feature",
      "id": "wp-osm-sacred_site-node13116189003",
      "geometry": {
        "type": "Point",
        "coordinates": [
          133.8432713,
          33.5066734
        ]
      },
      "properties": {
        "routeId": "shikoku-88-tosa",
        "name": "極楽寺",
        "type": "sacred_site",
        "subtype": "church",
        "stageIndex": 4,
        "kmFromStart": 136.5,
        "icon": "church",
        "source": "osm",
        "osmId": "node/13116189003"
      }
    },
    {
      "type": "Feature",
      "id": "wp-osm-viewpoint-node3268703474",
      "geometry": {
        "type": "Point",
        "coordinates": [
          133.8354927,
          33.5137377
        ]
      },
      "properties": {
        "routeId": "shikoku-88-tosa",
        "name": "赤野休憩所",
        "type": "viewpoint",
        "subtype": "viewpoint",
        "stageIndex": 4,
        "kmFromStart": 137.6,
        "icon": "viewpoint",
        "source": "osm",
        "osmId": "node/3268703474"
      }
    },
    {
      "type": "Feature",
      "id": "wp-osm-transport-node265020711",
      "geometry": {
        "type": "Point",
        "coordinates": [
          133.8092126,
          33.5178986
        ]
      },
      "properties": {
        "routeId": "shikoku-88-tosa",
        "name": "Wajiki",
        "nameLocalized": {
          "ja": "和食",
          "ko": "와지키"
        },
        "type": "transport",
        "subtype": "train_station",
        "stageIndex": 4,
        "kmFromStart": 140.2,
        "icon": "train_station",
        "source": "osm",
        "osmId": "node/265020711"
      }
    },
    {
      "type": "Feature",
      "id": "wp-osm-supply-node304885776",
      "geometry": {
        "type": "Point",
        "coordinates": [
          133.8158845,
          33.5184051
        ]
      },
      "properties": {
        "routeId": "shikoku-88-tosa",
        "name": "Unnamed",
        "type": "supply",
        "subtype": "convenience_store",
        "stageIndex": 4,
        "kmFromStart": 139.5,
        "icon": "convenience_store",
        "source": "osm",
        "osmId": "node/304885776"
      }
    },
    {
      "type": "Feature",
      "id": "wp-osm-transport-node265020809",
      "geometry": {
        "type": "Point",
        "coordinates": [
          133.825034,
          33.5160147
        ]
      },
      "properties": {
        "routeId": "shikoku-88-tosa",
        "name": "Akano",
        "nameLocalized": {
          "ja": "赤野",
          "ko": "아카노"
        },
        "type": "transport",
        "subtype": "train_station",
        "stageIndex": 4,
        "kmFromStart": 138.7,
        "icon": "train_station",
        "source": "osm",
        "osmId": "node/265020809"
      }
    },
    {
      "type": "Feature",
      "id": "wp-osm-transport-node265020811",
      "geometry": {
        "type": "Point",
        "coordinates": [
          133.790302,
          33.5177184
        ]
      },
      "properties": {
        "routeId": "shikoku-88-tosa",
        "name": "Nishibun",
        "nameLocalized": {
          "ja": "西分",
          "ko": "니시분"
        },
        "type": "transport",
        "subtype": "train_station",
        "stageIndex": 4,
        "kmFromStart": 142,
        "icon": "train_station",
        "source": "osm",
        "osmId": "node/265020811"
      }
    },
    {
      "type": "Feature",
      "id": "wp-osm-supply-node12889715973",
      "geometry": {
        "type": "Point",
        "coordinates": [
          133.8003208,
          33.5189667
        ]
      },
      "properties": {
        "routeId": "shikoku-88-tosa",
        "name": "Unnamed",
        "type": "supply",
        "subtype": "toilet",
        "stageIndex": 4,
        "kmFromStart": 141.1,
        "icon": "toilet",
        "source": "osm",
        "osmId": "node/12889715973"
      }
    },
    {
      "type": "Feature",
      "id": "wp-osm-supply-node304885785",
      "geometry": {
        "type": "Point",
        "coordinates": [
          133.8023066,
          33.5191132
        ]
      },
      "properties": {
        "routeId": "shikoku-88-tosa",
        "name": "Unnamed",
        "type": "supply",
        "subtype": "convenience_store",
        "stageIndex": 4,
        "kmFromStart": 140.9,
        "icon": "convenience_store",
        "source": "osm",
        "osmId": "node/304885785"
      }
    },
    {
      "type": "Feature",
      "id": "wp-osm-supply-node10810930865",
      "geometry": {
        "type": "Point",
        "coordinates": [
          133.8037655,
          33.5173552
        ]
      },
      "properties": {
        "routeId": "shikoku-88-tosa",
        "name": "Unnamed",
        "type": "supply",
        "subtype": "toilet",
        "stageIndex": 4,
        "kmFromStart": 140.8,
        "icon": "toilet",
        "source": "osm",
        "osmId": "node/10810930865"
      }
    },
    {
      "type": "Feature",
      "id": "wp-osm-supply-node10810968859",
      "geometry": {
        "type": "Point",
        "coordinates": [
          133.8017944,
          33.5175517
        ]
      },
      "properties": {
        "routeId": "shikoku-88-tosa",
        "name": "Unnamed",
        "type": "supply",
        "subtype": "toilet",
        "stageIndex": 4,
        "kmFromStart": 140.9,
        "icon": "toilet",
        "source": "osm",
        "osmId": "node/10810968859"
      }
    },
    {
      "type": "Feature",
      "id": "wp-osm-supply-node304885791",
      "geometry": {
        "type": "Point",
        "coordinates": [
          133.7713812,
          33.517266
        ]
      },
      "properties": {
        "routeId": "shikoku-88-tosa",
        "name": "FamilyMart",
        "type": "supply",
        "subtype": "convenience_store",
        "stageIndex": 4,
        "kmFromStart": 143.8,
        "icon": "convenience_store",
        "source": "osm",
        "osmId": "node/304885791"
      }
    },
    {
      "type": "Feature",
      "id": "wp-osm-supply-node367891399",
      "geometry": {
        "type": "Point",
        "coordinates": [
          133.7733309,
          33.5165776
        ]
      },
      "properties": {
        "routeId": "shikoku-88-tosa",
        "name": "Unnamed",
        "type": "supply",
        "subtype": "toilet",
        "stageIndex": 4,
        "kmFromStart": 143.6,
        "icon": "toilet",
        "source": "osm",
        "osmId": "node/367891399"
      }
    },
    {
      "type": "Feature",
      "id": "wp-osm-supply-node402443206",
      "geometry": {
        "type": "Point",
        "coordinates": [
          133.7664179,
          33.517195
        ]
      },
      "properties": {
        "routeId": "shikoku-88-tosa",
        "name": "Unnamed",
        "type": "supply",
        "subtype": "toilet",
        "stageIndex": 4,
        "kmFromStart": 144.3,
        "icon": "toilet",
        "source": "osm",
        "osmId": "node/402443206"
      }
    },
    {
      "type": "Feature",
      "id": "wp-osm-supply-node11623043860",
      "geometry": {
        "type": "Point",
        "coordinates": [
          133.7570067,
          33.5283594
        ]
      },
      "properties": {
        "routeId": "shikoku-88-tosa",
        "name": "Unnamed",
        "type": "supply",
        "subtype": "toilet",
        "stageIndex": 4,
        "kmFromStart": 145.7,
        "icon": "toilet",
        "source": "osm",
        "osmId": "node/11623043860"
      }
    },
    {
      "type": "Feature",
      "id": "wp-osm-supply-node10810976697",
      "geometry": {
        "type": "Point",
        "coordinates": [
          133.7564805,
          33.5317249
        ]
      },
      "properties": {
        "routeId": "shikoku-88-tosa",
        "name": "Unnamed",
        "type": "supply",
        "subtype": "toilet",
        "stageIndex": 4,
        "kmFromStart": 146.1,
        "icon": "toilet",
        "source": "osm",
        "osmId": "node/10810976697"
      }
    },
    {
      "type": "Feature",
      "id": "wp-osm-supply-node10810965194",
      "geometry": {
        "type": "Point",
        "coordinates": [
          133.7542492,
          33.5336521
        ]
      },
      "properties": {
        "routeId": "shikoku-88-tosa",
        "name": "Unnamed",
        "type": "supply",
        "subtype": "toilet",
        "stageIndex": 4,
        "kmFromStart": 146.4,
        "icon": "toilet",
        "source": "osm",
        "osmId": "node/10810965194"
      }
    },
    {
      "type": "Feature",
      "id": "wp-osm-supply-node11623045615",
      "geometry": {
        "type": "Point",
        "coordinates": [
          133.7537585,
          33.5340348
        ]
      },
      "properties": {
        "routeId": "shikoku-88-tosa",
        "name": "Unnamed",
        "type": "supply",
        "subtype": "toilet",
        "stageIndex": 4,
        "kmFromStart": 146.5,
        "icon": "toilet",
        "source": "osm",
        "osmId": "node/11623045615"
      }
    },
    {
      "type": "Feature",
      "id": "wp-osm-transport-node265020572",
      "geometry": {
        "type": "Point",
        "coordinates": [
          133.7542596,
          33.5344491
        ]
      },
      "properties": {
        "routeId": "shikoku-88-tosa",
        "name": "Yasu",
        "nameLocalized": {
          "ja": "夜須",
          "ko": "야스"
        },
        "type": "transport",
        "subtype": "train_station",
        "stageIndex": 4,
        "kmFromStart": 146.5,
        "icon": "train_station",
        "source": "osm",
        "osmId": "node/265020572"
      }
    },
    {
      "type": "Feature",
      "id": "wp-osm-supply-node304886575",
      "geometry": {
        "type": "Point",
        "coordinates": [
          133.7540404,
          33.5350882
        ]
      },
      "properties": {
        "routeId": "shikoku-88-tosa",
        "name": "7-Eleven",
        "nameLocalized": {
          "ja": "くいしんぼ如月"
        },
        "type": "supply",
        "subtype": "convenience_store",
        "stageIndex": 4,
        "kmFromStart": 146.5,
        "icon": "convenience_store",
        "source": "osm",
        "osmId": "node/304886575"
      }
    },
    {
      "type": "Feature",
      "id": "wp-osm-supply-node304886586",
      "geometry": {
        "type": "Point",
        "coordinates": [
          133.7472311,
          33.5375071
        ]
      },
      "properties": {
        "routeId": "shikoku-88-tosa",
        "name": "Unnamed",
        "type": "supply",
        "subtype": "convenience_store",
        "stageIndex": 4,
        "kmFromStart": 147.2,
        "icon": "convenience_store",
        "source": "osm",
        "osmId": "node/304886586"
      }
    },
    {
      "type": "Feature",
      "id": "wp-osm-food-node2859304612",
      "geometry": {
        "type": "Point",
        "coordinates": [
          133.7391611,
          33.5387098
        ]
      },
      "properties": {
        "routeId": "shikoku-88-tosa",
        "name": "一寿司会館",
        "type": "food",
        "subtype": "restaurant",
        "stageIndex": 4,
        "kmFromStart": 148.2,
        "icon": "restaurant",
        "source": "osm",
        "osmId": "node/2859304612"
      }
    },
    {
      "type": "Feature",
      "id": "wp-osm-transport-node265021295",
      "geometry": {
        "type": "Point",
        "coordinates": [
          133.7374319,
          33.5393136
        ]
      },
      "properties": {
        "routeId": "shikoku-88-tosa",
        "name": "Kagami",
        "nameLocalized": {
          "ja": "香我美",
          "ko": "가가미"
        },
        "type": "transport",
        "subtype": "train_station",
        "stageIndex": 4,
        "kmFromStart": 148.4,
        "icon": "train_station",
        "source": "osm",
        "osmId": "node/265021295"
      }
    },
    {
      "type": "Feature",
      "id": "wp-osm-transport-node265021250",
      "geometry": {
        "type": "Point",
        "coordinates": [
          133.7221029,
          33.5398659
        ]
      },
      "properties": {
        "routeId": "shikoku-88-tosa",
        "name": "Akaoka",
        "nameLocalized": {
          "ja": "あかおか",
          "ko": "아카오카"
        },
        "type": "transport",
        "subtype": "train_station",
        "stageIndex": 4,
        "kmFromStart": 149.8,
        "icon": "train_station",
        "source": "osm",
        "osmId": "node/265021250"
      }
    },
    {
      "type": "Feature",
      "id": "wp-osm-supply-node9399117944",
      "geometry": {
        "type": "Point",
        "coordinates": [
          133.707443,
          33.5575257
        ]
      },
      "properties": {
        "routeId": "shikoku-88-tosa",
        "name": "FamilyMart",
        "nameLocalized": {
          "ja": "ファミリーマート",
          "ja_rm": "FamilyMart"
        },
        "type": "supply",
        "subtype": "convenience_store",
        "stageIndex": 4,
        "kmFromStart": 152.2,
        "icon": "convenience_store",
        "source": "osm",
        "osmId": "node/9399117944"
      }
    },
    {
      "type": "Feature",
      "id": "wp-osm-accommodation-node1762646861",
      "geometry": {
        "type": "Point",
        "coordinates": [
          133.7050083,
          33.5584009
        ]
      },
      "properties": {
        "routeId": "shikoku-88-tosa",
        "name": "黒潮温泉ホテル",
        "type": "accommodation",
        "subtype": "hotel",
        "stageIndex": 4,
        "kmFromStart": 152.4,
        "icon": "hotel",
        "source": "osm",
        "osmId": "node/1762646861"
      }
    },
    {
      "type": "Feature",
      "id": "wp-osm-supply-node9399117945",
      "geometry": {
        "type": "Point",
        "coordinates": [
          133.7017889,
          33.5608718
        ]
      },
      "properties": {
        "routeId": "shikoku-88-tosa",
        "name": "Lawson",
        "nameLocalized": {
          "ja": "ローソン"
        },
        "type": "supply",
        "subtype": "convenience_store",
        "stageIndex": 5,
        "kmFromStart": 152.8,
        "icon": "convenience_store",
        "source": "osm",
        "osmId": "node/9399117945"
      }
    },
    {
      "type": "Feature",
      "id": "wp-osm-transport-node265021149",
      "geometry": {
        "type": "Point",
        "coordinates": [
          133.6979873,
          33.5619089
        ]
      },
      "properties": {
        "routeId": "shikoku-88-tosa",
        "name": "Noichi",
        "nameLocalized": {
          "ja": "のいち",
          "ko": "노이치"
        },
        "type": "transport",
        "subtype": "train_station",
        "stageIndex": 5,
        "kmFromStart": 153,
        "icon": "train_station",
        "source": "osm",
        "osmId": "node/265021149"
      }
    },
    {
      "type": "Feature",
      "id": "wp-osm-medical-node1423747822",
      "geometry": {
        "type": "Point",
        "coordinates": [
          133.700044,
          33.563395
        ]
      },
      "properties": {
        "routeId": "shikoku-88-tosa",
        "name": "高知慈恵会三谷病院",
        "type": "medical",
        "subtype": "hospital",
        "stageIndex": 5,
        "kmFromStart": 153.2,
        "icon": "hospital",
        "source": "osm",
        "osmId": "node/1423747822"
      }
    },
    {
      "type": "Feature",
      "id": "wp-osm-medical-node2859300993",
      "geometry": {
        "type": "Point",
        "coordinates": [
          133.6979785,
          33.563227
        ]
      },
      "properties": {
        "routeId": "shikoku-88-tosa",
        "name": "さとう循環器消化器科",
        "type": "medical",
        "subtype": "hospital",
        "stageIndex": 5,
        "kmFromStart": 153.1,
        "icon": "hospital",
        "source": "osm",
        "osmId": "node/2859300993"
      }
    },
    {
      "type": "Feature",
      "id": "wp-osm-town-node1760556401",
      "geometry": {
        "type": "Point",
        "coordinates": [
          133.7006682,
          33.5644902
        ]
      },
      "properties": {
        "routeId": "shikoku-88-tosa",
        "name": "Konan",
        "nameLocalized": {
          "ar": "كونان كوتشي",
          "cs": "Kónan",
          "de": "Kōnan",
          "es": "Kōnan",
          "fr": "Kōnan",
          "id": "Konan",
          "ja": "香南市",
          "ko": "고난시",
          "pl": "Kōnan",
          "ru": "Конан",
          "uk": "Конан",
          "zh": "香南市"
        },
        "type": "town",
        "subtype": "city",
        "stageIndex": 5,
        "kmFromStart": 153.3,
        "icon": "city",
        "source": "osm",
        "osmId": "node/1760556401"
      }
    },
    {
      "type": "Feature",
      "id": "wp-osm-supply-node9399131915",
      "geometry": {
        "type": "Point",
        "coordinates": [
          133.7015571,
          33.5689232
        ]
      },
      "properties": {
        "routeId": "shikoku-88-tosa",
        "name": "FamilyMart",
        "nameLocalized": {
          "ja": "ファミリーマート",
          "ja_rm": "FamilyMart"
        },
        "type": "supply",
        "subtype": "convenience_store",
        "stageIndex": 5,
        "kmFromStart": 153.9,
        "icon": "convenience_store",
        "source": "osm",
        "osmId": "node/9399131915"
      }
    },
    {
      "type": "Feature",
      "id": "wp-osm-supply-node10810930866",
      "geometry": {
        "type": "Point",
        "coordinates": [
          133.7019245,
          33.5699448
        ]
      },
      "properties": {
        "routeId": "shikoku-88-tosa",
        "name": "FamilyMart",
        "nameLocalized": {
          "ja": "ファミリーマート"
        },
        "type": "supply",
        "subtype": "convenience_store",
        "stageIndex": 5,
        "kmFromStart": 154,
        "icon": "convenience_store",
        "source": "osm",
        "osmId": "node/10810930866"
      }
    },
    {
      "type": "Feature",
      "id": "wp-osm-supply-node11531758770",
      "geometry": {
        "type": "Point",
        "coordinates": [
          133.6494219,
          33.5877811
        ]
      },
      "properties": {
        "routeId": "shikoku-88-tosa",
        "name": "FamilyMart Nankoku Shimosuematsu",
        "type": "supply",
        "subtype": "convenience_store",
        "stageIndex": 5,
        "kmFromStart": 162.4,
        "icon": "convenience_store",
        "source": "osm",
        "osmId": "node/11531758770",
        "hours": "24/7"
      }
    },
    {
      "type": "Feature",
      "id": "wp-osm-supply-node13161881701",
      "geometry": {
        "type": "Point",
        "coordinates": [
          133.6397891,
          33.598214
        ]
      },
      "properties": {
        "routeId": "shikoku-88-tosa",
        "name": "Unnamed",
        "type": "supply",
        "subtype": "toilet",
        "stageIndex": 5,
        "kmFromStart": 164.1,
        "icon": "toilet",
        "source": "osm",
        "osmId": "node/13161881701",
        "hours": "24/7"
      }
    },
    {
      "type": "Feature",
      "id": "wp-osm-medical-node1423747175",
      "geometry": {
        "type": "Point",
        "coordinates": [
          133.6143588,
          33.5948052
        ]
      },
      "properties": {
        "routeId": "shikoku-88-tosa",
        "name": "高知大学医学部附属病院",
        "type": "medical",
        "subtype": "hospital",
        "stageIndex": 5,
        "kmFromStart": 167.2,
        "icon": "hospital",
        "source": "osm",
        "osmId": "node/1423747175"
      }
    },
    {
      "type": "Feature",
      "id": "wp-osm-supply-node7363349786",
      "geometry": {
        "type": "Point",
        "coordinates": [
          133.5768387,
          33.592361
        ]
      },
      "properties": {
        "routeId": "shikoku-88-tosa",
        "name": "Unnamed",
        "type": "supply",
        "subtype": "vending_machine",
        "stageIndex": 5,
        "kmFromStart": 171.2,
        "icon": "vending_machine",
        "source": "osm",
        "osmId": "node/7363349786"
      }
    },
    {
      "type": "Feature",
      "id": "wp-osm-supply-node5963332885",
      "geometry": {
        "type": "Point",
        "coordinates": [
          133.5776216,
          33.5892703
        ]
      },
      "properties": {
        "routeId": "shikoku-88-tosa",
        "name": "FamilyMart",
        "type": "supply",
        "subtype": "convenience_store",
        "stageIndex": 5,
        "kmFromStart": 171.7,
        "icon": "convenience_store",
        "source": "osm",
        "osmId": "node/5963332885"
      }
    },
    {
      "type": "Feature",
      "id": "wp-osm-transport-node10043812651",
      "geometry": {
        "type": "Point",
        "coordinates": [
          133.5764855,
          33.5888643
        ]
      },
      "properties": {
        "routeId": "shikoku-88-tosa",
        "name": "一宮神社前",
        "type": "transport",
        "subtype": "bus_stop",
        "stageIndex": 5,
        "kmFromStart": 171.7,
        "icon": "bus_stop",
        "source": "osm",
        "osmId": "node/10043812651"
      }
    },
    {
      "type": "Feature",
      "id": "wp-osm-medical-node12894464414",
      "geometry": {
        "type": "Point",
        "coordinates": [
          133.5775337,
          33.580092
        ]
      },
      "properties": {
        "routeId": "shikoku-88-tosa",
        "name": "SEIMS",
        "type": "medical",
        "subtype": "pharmacy",
        "stageIndex": 5,
        "kmFromStart": 172.7,
        "icon": "pharmacy",
        "source": "osm",
        "osmId": "node/12894464414"
      }
    },
    {
      "type": "Feature",
      "id": "wp-osm-transport-node8383580488",
      "geometry": {
        "type": "Point",
        "coordinates": [
          133.5769433,
          33.5791745
        ]
      },
      "properties": {
        "routeId": "shikoku-88-tosa",
        "name": "Tosa-Ikku",
        "nameLocalized": {
          "ja": "土佐一宮",
          "ko": "도사잇쿠"
        },
        "type": "transport",
        "subtype": "train_station",
        "stageIndex": 5,
        "kmFromStart": 172.7,
        "icon": "train_station",
        "source": "osm",
        "osmId": "node/8383580488"
      }
    },
    {
      "type": "Feature",
      "id": "wp-osm-transport-node1925714561",
      "geometry": {
        "type": "Point",
        "coordinates": [
          133.5720636,
          33.5650762
        ]
      },
      "properties": {
        "routeId": "shikoku-88-tosa",
        "name": "Unnamed",
        "type": "transport",
        "subtype": "bus_stop",
        "stageIndex": 5,
        "kmFromStart": 174.7,
        "icon": "bus_stop",
        "source": "osm",
        "osmId": "node/1925714561"
      }
    },
    {
      "type": "Feature",
      "id": "wp-osm-transport-node1924071752",
      "geometry": {
        "type": "Point",
        "coordinates": [
          133.5747251,
          33.5621387
        ]
      },
      "properties": {
        "routeId": "shikoku-88-tosa",
        "name": "Unnamed",
        "type": "transport",
        "subtype": "bus_stop",
        "stageIndex": 5,
        "kmFromStart": 175,
        "icon": "bus_stop",
        "source": "osm",
        "osmId": "node/1924071752"
      }
    },
    {
      "type": "Feature",
      "id": "wp-osm-food-node5512753384",
      "geometry": {
        "type": "Point",
        "coordinates": [
          133.5768261,
          33.5591798
        ]
      },
      "properties": {
        "routeId": "shikoku-88-tosa",
        "name": "ランヤニコット",
        "type": "food",
        "subtype": "restaurant",
        "stageIndex": 5,
        "kmFromStart": 175.5,
        "icon": "restaurant",
        "source": "osm",
        "osmId": "node/5512753384"
      }
    },
    {
      "type": "Feature",
      "id": "wp-osm-food-node4004452276",
      "geometry": {
        "type": "Point",
        "coordinates": [
          133.5785958,
          33.5489188
        ]
      },
      "properties": {
        "routeId": "shikoku-88-tosa",
        "name": "Unnamed",
        "type": "food",
        "subtype": "restaurant",
        "stageIndex": 5,
        "kmFromStart": 177.4,
        "icon": "restaurant",
        "source": "osm",
        "osmId": "node/4004452276"
      }
    },
    {
      "type": "Feature",
      "id": "wp-osm-supply-node1423743101",
      "geometry": {
        "type": "Point",
        "coordinates": [
          133.5776027,
          33.5472177
        ]
      },
      "properties": {
        "routeId": "shikoku-88-tosa",
        "name": "Unnamed",
        "type": "supply",
        "subtype": "vending_machine",
        "stageIndex": 5,
        "kmFromStart": 177.6,
        "icon": "vending_machine",
        "source": "osm",
        "osmId": "node/1423743101"
      }
    },
    {
      "type": "Feature",
      "id": "wp-osm-supply-node4004452007",
      "geometry": {
        "type": "Point",
        "coordinates": [
          133.5750485,
          33.5469587
        ]
      },
      "properties": {
        "routeId": "shikoku-88-tosa",
        "name": "Unnamed",
        "type": "supply",
        "subtype": "toilet",
        "stageIndex": 5,
        "kmFromStart": 177.8,
        "icon": "toilet",
        "source": "osm",
        "osmId": "node/4004452007"
      }
    },
    {
      "type": "Feature",
      "id": "wp-osm-viewpoint-node4004453941",
      "geometry": {
        "type": "Point",
        "coordinates": [
          133.5740049,
          33.546822
        ]
      },
      "properties": {
        "routeId": "shikoku-88-tosa",
        "name": "五台山展望台",
        "type": "viewpoint",
        "subtype": "viewpoint",
        "stageIndex": 5,
        "kmFromStart": 177.8,
        "icon": "viewpoint",
        "source": "osm",
        "osmId": "node/4004453941"
      }
    },
    {
      "type": "Feature",
      "id": "wp-osm-sacred_site-node5369299652",
      "geometry": {
        "type": "Point",
        "coordinates": [
          133.5802593,
          33.5462063
        ]
      },
      "properties": {
        "routeId": "shikoku-88-tosa",
        "name": "妙見宮星神社",
        "type": "sacred_site",
        "subtype": "church",
        "stageIndex": 6,
        "kmFromStart": 178.2,
        "icon": "church",
        "source": "osm",
        "osmId": "node/5369299652"
      }
    },
    {
      "type": "Feature",
      "id": "wp-osm-supply-node5549749588",
      "geometry": {
        "type": "Point",
        "coordinates": [
          133.5881307,
          33.5384249
        ]
      },
      "properties": {
        "routeId": "shikoku-88-tosa",
        "name": "Unnamed",
        "type": "supply",
        "subtype": "toilet",
        "stageIndex": 6,
        "kmFromStart": 179.7,
        "icon": "toilet",
        "source": "osm",
        "osmId": "node/5549749588"
      }
    },
    {
      "type": "Feature",
      "id": "wp-osm-transport-node1924071038",
      "geometry": {
        "type": "Point",
        "coordinates": [
          133.6058531,
          33.5313291
        ]
      },
      "properties": {
        "routeId": "shikoku-88-tosa",
        "name": "Unnamed",
        "type": "transport",
        "subtype": "bus_stop",
        "stageIndex": 6,
        "kmFromStart": 182.1,
        "icon": "bus_stop",
        "source": "osm",
        "osmId": "node/1924071038"
      }
    },
    {
      "type": "Feature",
      "id": "wp-osm-sacred_site-node1085588477",
      "geometry": {
        "type": "Point",
        "coordinates": [
          133.6052605,
          33.5259474
        ]
      },
      "properties": {
        "routeId": "shikoku-88-tosa",
        "name": "石土神社",
        "type": "sacred_site",
        "subtype": "church",
        "stageIndex": 6,
        "kmFromStart": 182.8,
        "icon": "church",
        "source": "osm",
        "osmId": "node/1085588477"
      }
    },
    {
      "type": "Feature",
      "id": "wp-osm-transport-node1085591328",
      "geometry": {
        "type": "Point",
        "coordinates": [
          133.6031321,
          33.5243999
        ]
      },
      "properties": {
        "routeId": "shikoku-88-tosa",
        "name": "丸山通",
        "type": "transport",
        "subtype": "bus_stop",
        "stageIndex": 6,
        "kmFromStart": 185.2,
        "icon": "bus_stop",
        "source": "osm",
        "osmId": "node/1085591328"
      }
    },
    {
      "type": "Feature",
      "id": "wp-osm-accommodation-node12895661763",
      "geometry": {
        "type": "Point",
        "coordinates": [
          133.5733855,
          33.516827
        ]
      },
      "properties": {
        "routeId": "shikoku-88-tosa",
        "name": "海老庄",
        "type": "accommodation",
        "subtype": "hotel",
        "stageIndex": 6,
        "kmFromStart": 188.1,
        "icon": "hotel",
        "source": "osm",
        "osmId": "node/12895661763"
      }
    },
    {
      "type": "Feature",
      "id": "wp-osm-medical-node1423743295",
      "geometry": {
        "type": "Point",
        "coordinates": [
          133.572613,
          33.514093
        ]
      },
      "properties": {
        "routeId": "shikoku-88-tosa",
        "name": "緑風会海里マリン病院",
        "type": "medical",
        "subtype": "hospital",
        "stageIndex": 6,
        "kmFromStart": 188.3,
        "icon": "hospital",
        "source": "osm",
        "osmId": "node/1423743295"
      }
    },
    {
      "type": "Feature",
      "id": "wp-osm-supply-node807637641",
      "geometry": {
        "type": "Point",
        "coordinates": [
          133.5708651,
          33.5073379
        ]
      },
      "properties": {
        "routeId": "shikoku-88-tosa",
        "name": "FamilyMart",
        "nameLocalized": {
          "ja": "ファミリーマート"
        },
        "type": "supply",
        "subtype": "convenience_store",
        "stageIndex": 6,
        "kmFromStart": 189,
        "icon": "convenience_store",
        "source": "osm",
        "osmId": "node/807637641"
      }
    },
    {
      "type": "Feature",
      "id": "wp-osm-supply-node12895661761",
      "geometry": {
        "type": "Point",
        "coordinates": [
          133.5738827,
          33.5127224
        ]
      },
      "properties": {
        "routeId": "shikoku-88-tosa",
        "name": "FamilyMart",
        "type": "supply",
        "subtype": "convenience_store",
        "stageIndex": 6,
        "kmFromStart": 188.4,
        "icon": "convenience_store",
        "source": "osm",
        "osmId": "node/12895661761"
      }
    },
    {
      "type": "Feature",
      "id": "wp-osm-medical-node12895661762",
      "geometry": {
        "type": "Point",
        "coordinates": [
          133.5741453,
          33.5133293
        ]
      },
      "properties": {
        "routeId": "shikoku-88-tosa",
        "name": "Mac",
        "type": "medical",
        "subtype": "pharmacy",
        "stageIndex": 6,
        "kmFromStart": 188.3,
        "icon": "pharmacy",
        "source": "osm",
        "osmId": "node/12895661762"
      }
    },
    {
      "type": "Feature",
      "id": "wp-osm-sacred_site-node5447091847",
      "geometry": {
        "type": "Point",
        "coordinates": [
          133.5516365,
          33.5002906
        ]
      },
      "properties": {
        "routeId": "shikoku-88-tosa",
        "name": "嶋宮神社",
        "type": "sacred_site",
        "subtype": "church",
        "stageIndex": 6,
        "kmFromStart": 191.2,
        "icon": "church",
        "source": "osm",
        "osmId": "node/5447091847"
      }
    },
    {
      "type": "Feature",
      "id": "wp-osm-sacred_site-node5447091866",
      "geometry": {
        "type": "Point",
        "coordinates": [
          133.5548482,
          33.5002913
        ]
      },
      "properties": {
        "routeId": "shikoku-88-tosa",
        "name": "住吉神社",
        "type": "sacred_site",
        "subtype": "church",
        "stageIndex": 6,
        "kmFromStart": 190.9,
        "icon": "church",
        "source": "osm",
        "osmId": "node/5447091866"
      }
    },
    {
      "type": "Feature",
      "id": "wp-osm-medical-node1423739867",
      "geometry": {
        "type": "Point",
        "coordinates": [
          133.548115,
          33.500288
        ]
      },
      "properties": {
        "routeId": "shikoku-88-tosa",
        "name": "楠瀬病院",
        "type": "medical",
        "subtype": "hospital",
        "stageIndex": 6,
        "kmFromStart": 191.6,
        "icon": "hospital",
        "source": "osm",
        "osmId": "node/1423739867"
      }
    },
    {
      "type": "Feature",
      "id": "wp-osm-medical-node1423729699",
      "geometry": {
        "type": "Point",
        "coordinates": [
          133.544977,
          33.501177
        ]
      },
      "properties": {
        "routeId": "shikoku-88-tosa",
        "name": "互光会長浜病院",
        "type": "medical",
        "subtype": "hospital",
        "stageIndex": 6,
        "kmFromStart": 191.8,
        "icon": "hospital",
        "source": "osm",
        "osmId": "node/1423729699"
      }
    },
    {
      "type": "Feature",
      "id": "wp-osm-accommodation-node11416984469",
      "geometry": {
        "type": "Point",
        "coordinates": [
          133.5456523,
          33.4996041
        ]
      },
      "properties": {
        "routeId": "shikoku-88-tosa",
        "name": "Ohenro House 33 (Women-only guest house)",
        "type": "accommodation",
        "subtype": "guesthouse",
        "stageIndex": 6,
        "kmFromStart": 191.9,
        "icon": "guesthouse",
        "source": "osm",
        "osmId": "node/11416984469"
      }
    },
    {
      "type": "Feature",
      "id": "wp-osm-supply-node1431445207",
      "geometry": {
        "type": "Point",
        "coordinates": [
          133.4407161,
          33.494722
        ]
      },
      "properties": {
        "routeId": "shikoku-88-tosa",
        "name": "Unnamed",
        "type": "supply",
        "subtype": "convenience_store",
        "stageIndex": 6,
        "kmFromStart": 203.7,
        "icon": "convenience_store",
        "source": "osm",
        "osmId": "node/1431445207"
      }
    },
    {
      "type": "Feature",
      "id": "wp-osm-sacred_site-node3919866480",
      "geometry": {
        "type": "Point",
        "coordinates": [
          133.409532,
          33.5124748
        ]
      },
      "properties": {
        "routeId": "shikoku-88-tosa",
        "name": "35 Kiyotaki-ji",
        "nameLocalized": {
          "ja": "第35番札所 清滝寺"
        },
        "type": "sacred_site",
        "subtype": "church",
        "stageIndex": 7,
        "kmFromStart": 208.3,
        "icon": "church",
        "source": "osm",
        "osmId": "node/3919866480"
      }
    },
    {
      "type": "Feature",
      "id": "wp-osm-medical-node1423735472",
      "geometry": {
        "type": "Point",
        "coordinates": [
          133.423847,
          33.494508
        ]
      },
      "properties": {
        "routeId": "shikoku-88-tosa",
        "name": "市立土佐市民病院",
        "type": "medical",
        "subtype": "hospital",
        "stageIndex": 7,
        "kmFromStart": 205.5,
        "icon": "hospital",
        "source": "osm",
        "osmId": "node/1423735472"
      }
    },
    {
      "type": "Feature",
      "id": "wp-osm-medical-node1423737330",
      "geometry": {
        "type": "Point",
        "coordinates": [
          133.426986,
          33.496035
        ]
      },
      "properties": {
        "routeId": "shikoku-88-tosa",
        "name": "広正会井上病院",
        "type": "medical",
        "subtype": "hospital",
        "stageIndex": 6,
        "kmFromStart": 205.2,
        "icon": "hospital",
        "source": "osm",
        "osmId": "node/1423737330"
      }
    },
    {
      "type": "Feature",
      "id": "wp-osm-town-node697489675",
      "geometry": {
        "type": "Point",
        "coordinates": [
          133.425544,
          33.4960168
        ]
      },
      "properties": {
        "routeId": "shikoku-88-tosa",
        "name": "Tosa",
        "nameLocalized": {
          "ar": "توسا، كوتشي",
          "cs": "Tosa",
          "de": "Tosa",
          "es": "Tosa",
          "fr": "Tosa",
          "id": "Tosa",
          "ja": "土佐市",
          "ko": "도사시",
          "lt": "Tosa",
          "pl": "Tosa",
          "ru": "Тоса",
          "uk": "Тоса",
          "zh": "土佐市"
        },
        "type": "town",
        "subtype": "city",
        "stageIndex": 7,
        "kmFromStart": 205.3,
        "icon": "city",
        "source": "osm",
        "osmId": "node/697489675"
      }
    },
    {
      "type": "Feature",
      "id": "wp-osm-sacred_site-node5459380601",
      "geometry": {
        "type": "Point",
        "coordinates": [
          133.4420898,
          33.4515783
        ]
      },
      "properties": {
        "routeId": "shikoku-88-tosa",
        "name": "正念寺",
        "type": "sacred_site",
        "subtype": "church",
        "stageIndex": 7,
        "kmFromStart": 218.6,
        "icon": "church",
        "source": "osm",
        "osmId": "node/5459380601"
      }
    },
    {
      "type": "Feature",
      "id": "wp-osm-accommodation-node12897978736",
      "geometry": {
        "type": "Point",
        "coordinates": [
          133.4411271,
          33.4361499
        ]
      },
      "properties": {
        "routeId": "shikoku-88-tosa",
        "name": "民泊汐風",
        "type": "accommodation",
        "subtype": "hotel",
        "stageIndex": 7,
        "kmFromStart": 220.3,
        "icon": "hotel",
        "source": "osm",
        "osmId": "node/12897978736"
      }
    },
    {
      "type": "Feature",
      "id": "wp-osm-accommodation-node11372865970",
      "geometry": {
        "type": "Point",
        "coordinates": [
          133.4356326,
          33.4388003
        ]
      },
      "properties": {
        "routeId": "shikoku-88-tosa",
        "name": "Ohenro Guest House Lilian",
        "type": "accommodation",
        "subtype": "guesthouse",
        "stageIndex": 7,
        "kmFromStart": 226.4,
        "icon": "guesthouse",
        "source": "osm",
        "osmId": "node/11372865970",
        "hours": "Mo-Su 17:00-10:00"
      }
    },
    {
      "type": "Feature",
      "id": "temple-24",
      "geometry": {
        "type": "Point",
        "coordinates": [
          134.176,
          33.249
        ]
      },
      "properties": {
        "routeId": "shikoku-88-tosa",
        "name": "Hotsumisaki-ji",
        "nameLocalized": {
          "ja": "最御崎寺"
        },
        "type": "sacred_site",
        "subtype": "temple",
        "templeNumber": 24,
        "stageIndex": 2,
        "kmFromStart": 77.5,
        "icon": "temple",
        "elevation": 160,
        "tradition": "buddhist",
        "denomination": "Shingon Buzan",
        "credentialStamp": true,
        "stampFee": {
          "currency": "JPY",
          "amount": 500
        },
        "description": "Cape Muroto — where Kukai achieved enlightenment.",
        "tags": [
          "temple",
          "cape",
          "historic"
        ]
      }
    },
    {
      "type": "Feature",
      "id": "temple-25",
      "geometry": {
        "type": "Point",
        "coordinates": [
          134.148,
          33.288
        ]
      },
      "properties": {
        "routeId": "shikoku-88-tosa",
        "name": "Shinsho-ji",
        "nameLocalized": {
          "ja": "津照寺"
        },
        "type": "sacred_site",
        "subtype": "temple",
        "templeNumber": 25,
        "stageIndex": 2,
        "kmFromStart": 84.2,
        "icon": "temple",
        "tradition": "buddhist",
        "denomination": "Shingon Buzan",
        "credentialStamp": true,
        "stampFee": {
          "currency": "JPY",
          "amount": 500
        },
        "tags": [
          "temple"
        ]
      }
    },
    {
      "type": "Feature",
      "id": "temple-26",
      "geometry": {
        "type": "Point",
        "coordinates": [
          134.123,
          33.307
        ]
      },
      "properties": {
        "routeId": "shikoku-88-tosa",
        "name": "Kongocho-ji",
        "nameLocalized": {
          "ja": "金剛頂寺"
        },
        "type": "sacred_site",
        "subtype": "temple",
        "templeNumber": 26,
        "stageIndex": 2,
        "kmFromStart": 88.1,
        "icon": "temple",
        "tradition": "buddhist",
        "denomination": "Shingon Buzan",
        "credentialStamp": true,
        "stampFee": {
          "currency": "JPY",
          "amount": 500
        },
        "tags": [
          "temple"
        ]
      }
    },
    {
      "type": "Feature",
      "id": "wp-osm-supply-node5568013724",
      "geometry": {
        "type": "Point",
        "coordinates": [
          133.2954752,
          33.4086295
        ]
      },
      "properties": {
        "routeId": "shikoku-88-tosa",
        "name": "7-Eleven",
        "type": "supply",
        "subtype": "convenience_store",
        "stageIndex": 8,
        "kmFromStart": 245.8,
        "icon": "convenience_store",
        "source": "osm",
        "osmId": "node/5568013724"
      }
    },
    {
      "type": "Feature",
      "id": "wp-osm-supply-node13419252122",
      "geometry": {
        "type": "Point",
        "coordinates": [
          133.2855213,
          33.4050518
        ]
      },
      "properties": {
        "routeId": "shikoku-88-tosa",
        "name": "Dawson",
        "type": "supply",
        "subtype": "convenience_store",
        "stageIndex": 8,
        "kmFromStart": 247.1,
        "icon": "convenience_store",
        "source": "osm",
        "osmId": "node/13419252122"
      }
    },
    {
      "type": "Feature",
      "id": "wp-osm-town-node697482793",
      "geometry": {
        "type": "Point",
        "coordinates": [
          133.2829594,
          33.400826
        ]
      },
      "properties": {
        "routeId": "shikoku-88-tosa",
        "name": "Susaki",
        "nameLocalized": {
          "ar": "سوساكي، كوتشي",
          "cs": "Susaki",
          "de": "Susaki",
          "es": "Susaki",
          "fr": "Susaki",
          "id": "Susaki",
          "ja": "須崎市",
          "ko": "스사키시",
          "pl": "Susaki",
          "ru": "Сусаки",
          "uk": "Сусакі",
          "zh": "须崎市"
        },
        "type": "town",
        "subtype": "city",
        "stageIndex": 8,
        "kmFromStart": 247.6,
        "icon": "city",
        "source": "osm",
        "osmId": "node/697482793"
      }
    },
    {
      "type": "Feature",
      "id": "wp-osm-transport-node8383580512",
      "geometry": {
        "type": "Point",
        "coordinates": [
          133.2588387,
          33.3669866
        ]
      },
      "properties": {
        "routeId": "shikoku-88-tosa",
        "name": "Awa",
        "nameLocalized": {
          "ja": "安和",
          "ko": "아와"
        },
        "type": "transport",
        "subtype": "train_station",
        "stageIndex": 8,
        "kmFromStart": 252.7,
        "icon": "train_station",
        "source": "osm",
        "osmId": "node/8383580512"
      }
    },
    {
      "type": "Feature",
      "id": "wp-osm-supply-node12898846611",
      "geometry": {
        "type": "Point",
        "coordinates": [
          133.2584102,
          33.3654716
        ]
      },
      "properties": {
        "routeId": "shikoku-88-tosa",
        "name": "Unnamed",
        "type": "supply",
        "subtype": "toilet",
        "stageIndex": 8,
        "kmFromStart": 252.9,
        "icon": "toilet",
        "source": "osm",
        "osmId": "node/12898846611"
      }
    },
    {
      "type": "Feature",
      "id": "wp-osm-accommodation-node12898846612",
      "geometry": {
        "type": "Point",
        "coordinates": [
          133.2575734,
          33.3635277
        ]
      },
      "properties": {
        "routeId": "shikoku-88-tosa",
        "name": "民宿あわの里",
        "type": "accommodation",
        "subtype": "hotel",
        "stageIndex": 8,
        "kmFromStart": 253,
        "icon": "hotel",
        "source": "osm",
        "osmId": "node/12898846612"
      }
    },
    {
      "type": "Feature",
      "id": "temple-27",
      "geometry": {
        "type": "Point",
        "coordinates": [
          133.975,
          33.468
        ]
      },
      "properties": {
        "routeId": "shikoku-88-tosa",
        "name": "Konomine-ji",
        "nameLocalized": {
          "ja": "神峰寺"
        },
        "type": "sacred_site",
        "subtype": "temple",
        "templeNumber": 27,
        "stageIndex": 3,
        "kmFromStart": 116.6,
        "icon": "temple",
        "elevation": 380,
        "tradition": "buddhist",
        "denomination": "Shingon Buzan",
        "credentialStamp": true,
        "stampFee": {
          "currency": "JPY",
          "amount": 500
        },
        "tags": [
          "temple",
          "mountain"
        ]
      }
    },
    {
      "type": "Feature",
      "id": "wp-osm-transport-node13422919904",
      "geometry": {
        "type": "Point",
        "coordinates": [
          133.2232164,
          33.3399792
        ]
      },
      "properties": {
        "routeId": "shikoku-88-tosa",
        "name": "中土佐IC口",
        "type": "transport",
        "subtype": "bus_stop",
        "stageIndex": 9,
        "kmFromStart": 259.4,
        "icon": "bus_stop",
        "source": "osm",
        "osmId": "node/13422919904"
      }
    },
    {
      "type": "Feature",
      "id": "wp-osm-food-node10873078631",
      "geometry": {
        "type": "Point",
        "coordinates": [
          133.2307248,
          33.3290368
        ]
      },
      "properties": {
        "routeId": "shikoku-88-tosa",
        "name": "市場のめし屋 浜ちゃん",
        "type": "food",
        "subtype": "restaurant",
        "stageIndex": 9,
        "kmFromStart": 260.7,
        "icon": "restaurant",
        "source": "osm",
        "osmId": "node/10873078631"
      }
    },
    {
      "type": "Feature",
      "id": "wp-osm-transport-node8383580513",
      "geometry": {
        "type": "Point",
        "coordinates": [
          133.2266924,
          33.3290402
        ]
      },
      "properties": {
        "routeId": "shikoku-88-tosa",
        "name": "Tosa-Kure",
        "nameLocalized": {
          "ja": "土佐久礼",
          "ko": "도사쿠레"
        },
        "type": "transport",
        "subtype": "train_station",
        "stageIndex": 9,
        "kmFromStart": 260.7,
        "icon": "train_station",
        "source": "osm",
        "osmId": "node/8383580513"
      }
    },
    {
      "type": "Feature",
      "id": "wp-osm-sacred_site-node13044642302",
      "geometry": {
        "type": "Point",
        "coordinates": [
          133.2299745,
          33.3276339
        ]
      },
      "properties": {
        "routeId": "shikoku-88-tosa",
        "name": "Kure Hachimangu Shrine",
        "nameLocalized": {
          "ja": "久礼八幡宮"
        },
        "type": "sacred_site",
        "subtype": "church",
        "stageIndex": 9,
        "kmFromStart": 260.8,
        "icon": "church",
        "source": "osm",
        "osmId": "node/13044642302",
        "hours": "Mo-Fr 09:00-16:00; Sa 09:00-12:00"
      }
    },
    {
      "type": "Feature",
      "id": "wp-osm-supply-node9437226482",
      "geometry": {
        "type": "Point",
        "coordinates": [
          133.2252748,
          33.3246398
        ]
      },
      "properties": {
        "routeId": "shikoku-88-tosa",
        "name": "Unnamed",
        "type": "supply",
        "subtype": "vending_machine",
        "stageIndex": 9,
        "kmFromStart": 261.3,
        "icon": "vending_machine",
        "source": "osm",
        "osmId": "node/9437226482"
      }
    },
    {
      "type": "Feature",
      "id": "wp-osm-supply-node10810973432",
      "geometry": {
        "type": "Point",
        "coordinates": [
          133.2247389,
          33.3214761
        ]
      },
      "properties": {
        "routeId": "shikoku-88-tosa",
        "name": "Unnamed",
        "type": "supply",
        "subtype": "toilet",
        "stageIndex": 9,
        "kmFromStart": 261.7,
        "icon": "toilet",
        "source": "osm",
        "osmId": "node/10810973432"
      }
    },
    {
      "type": "Feature",
      "id": "wp-osm-supply-node10810977709",
      "geometry": {
        "type": "Point",
        "coordinates": [
          133.1794461,
          33.3071577
        ]
      },
      "properties": {
        "routeId": "shikoku-88-tosa",
        "name": "Unnamed",
        "type": "supply",
        "subtype": "toilet",
        "stageIndex": 9,
        "kmFromStart": 267.5,
        "icon": "toilet",
        "source": "osm",
        "osmId": "node/10810977709"
      }
    },
    {
      "type": "Feature",
      "id": "wp-osm-food-node12900817776",
      "geometry": {
        "type": "Point",
        "coordinates": [
          133.1718954,
          33.2926125
        ]
      },
      "properties": {
        "routeId": "shikoku-88-tosa",
        "name": "自家製うどん　なかむらや",
        "type": "food",
        "subtype": "restaurant",
        "stageIndex": 9,
        "kmFromStart": 269.6,
        "icon": "restaurant",
        "source": "osm",
        "osmId": "node/12900817776"
      }
    },
    {
      "type": "Feature",
      "id": "wp-osm-transport-node8383580514",
      "geometry": {
        "type": "Point",
        "coordinates": [
          133.1741264,
          33.2764983
        ]
      },
      "properties": {
        "routeId": "shikoku-88-tosa",
        "name": "Kageno",
        "nameLocalized": {
          "ja": "影野",
          "ko": "가게노"
        },
        "type": "transport",
        "subtype": "train_station",
        "stageIndex": 9,
        "kmFromStart": 271.6,
        "icon": "train_station",
        "source": "osm",
        "osmId": "node/8383580514"
      }
    },
    {
      "type": "Feature",
      "id": "wp-osm-transport-node8383580515",
      "geometry": {
        "type": "Point",
        "coordinates": [
          133.1694648,
          33.2618631
        ]
      },
      "properties": {
        "routeId": "shikoku-88-tosa",
        "name": "Rokutanji",
        "nameLocalized": {
          "ja": "六反地",
          "ko": "로쿠탄지"
        },
        "type": "transport",
        "subtype": "train_station",
        "stageIndex": 9,
        "kmFromStart": 273.7,
        "icon": "train_station",
        "source": "osm",
        "osmId": "node/8383580515"
      }
    },
    {
      "type": "Feature",
      "id": "wp-osm-transport-node8383580516",
      "geometry": {
        "type": "Point",
        "coordinates": [
          133.1613028,
          33.2448791
        ]
      },
      "properties": {
        "routeId": "shikoku-88-tosa",
        "name": "Niida",
        "nameLocalized": {
          "ja": "仁井田",
          "ko": "니다"
        },
        "type": "transport",
        "subtype": "train_station",
        "stageIndex": 9,
        "kmFromStart": 275.8,
        "icon": "train_station",
        "source": "osm",
        "osmId": "node/8383580516"
      }
    },
    {
      "type": "Feature",
      "id": "wp-osm-food-node12900817770",
      "geometry": {
        "type": "Point",
        "coordinates": [
          133.1524713,
          33.2354541
        ]
      },
      "properties": {
        "routeId": "shikoku-88-tosa",
        "name": "食堂ヒラグシ",
        "type": "food",
        "subtype": "restaurant",
        "stageIndex": 9,
        "kmFromStart": 277.2,
        "icon": "restaurant",
        "source": "osm",
        "osmId": "node/12900817770"
      }
    },
    {
      "type": "Feature",
      "id": "wp-osm-food-node708839638",
      "geometry": {
        "type": "Point",
        "coordinates": [
          133.1492685,
          33.2311025
        ]
      },
      "properties": {
        "routeId": "shikoku-88-tosa",
        "name": "レストラン風人",
        "type": "food",
        "subtype": "restaurant",
        "stageIndex": 9,
        "kmFromStart": 277.7,
        "icon": "restaurant",
        "source": "osm",
        "osmId": "node/708839638"
      }
    },
    {
      "type": "Feature",
      "id": "wp-osm-food-node12901241590",
      "geometry": {
        "type": "Point",
        "coordinates": [
          133.1445044,
          33.2250173
        ]
      },
      "properties": {
        "routeId": "shikoku-88-tosa",
        "name": "Unnamed",
        "type": "food",
        "subtype": "restaurant",
        "stageIndex": 9,
        "kmFromStart": 278.6,
        "icon": "restaurant",
        "source": "osm",
        "osmId": "node/12901241590"
      }
    },
    {
      "type": "Feature",
      "id": "wp-osm-transport-node8383599017",
      "geometry": {
        "type": "Point",
        "coordinates": [
          133.1373574,
          33.2124259
        ]
      },
      "properties": {
        "routeId": "shikoku-88-tosa",
        "name": "Kubokawa",
        "nameLocalized": {
          "ja": "窪川",
          "ko": "구보카와"
        },
        "type": "transport",
        "subtype": "train_station",
        "stageIndex": 9,
        "kmFromStart": 280.3,
        "icon": "train_station",
        "source": "osm",
        "osmId": "node/8383599017"
      }
    },
    {
      "type": "Feature",
      "id": "wp-osm-transport-node12190171763",
      "geometry": {
        "type": "Point",
        "coordinates": [
          133.1372266,
          33.2129218
        ]
      },
      "properties": {
        "routeId": "shikoku-88-tosa",
        "name": "Kubokawa",
        "nameLocalized": {
          "ja": "窪川",
          "ko": "구보카와"
        },
        "type": "transport",
        "subtype": "train_station",
        "stageIndex": 9,
        "kmFromStart": 280.2,
        "icon": "train_station",
        "source": "osm",
        "osmId": "node/12190171763"
      }
    },
    {
      "type": "Feature",
      "id": "wp-osm-town-node697482801",
      "geometry": {
        "type": "Point",
        "coordinates": [
          133.1370848,
          33.2114694
        ]
      },
      "properties": {
        "routeId": "shikoku-88-tosa",
        "name": "Shimanto",
        "nameLocalized": {
          "id": "Shimanto",
          "ja": "四万十町",
          "ko": "시만토초",
          "zh": "四萬十町"
        },
        "type": "town",
        "subtype": "town",
        "stageIndex": 9,
        "kmFromStart": 280.4,
        "icon": "town",
        "source": "osm",
        "osmId": "node/697482801"
      }
    },
    {
      "type": "Feature",
      "id": "wp-osm-accommodation-node6905122286",
      "geometry": {
        "type": "Point",
        "coordinates": [
          133.1362018,
          33.2116432
        ]
      },
      "properties": {
        "routeId": "shikoku-88-tosa",
        "name": "まるか旅館",
        "type": "accommodation",
        "subtype": "hotel",
        "stageIndex": 9,
        "kmFromStart": 280.4,
        "icon": "hotel",
        "source": "osm",
        "osmId": "node/6905122286"
      }
    },
    {
      "type": "Feature",
      "id": "wp-osm-accommodation-node12901241596",
      "geometry": {
        "type": "Point",
        "coordinates": [
          133.1343662,
          33.2101144
        ]
      },
      "properties": {
        "routeId": "shikoku-88-tosa",
        "name": "木のホテル",
        "type": "accommodation",
        "subtype": "hotel",
        "stageIndex": 9,
        "kmFromStart": 280.6,
        "icon": "hotel",
        "source": "osm",
        "osmId": "node/12901241596"
      }
    },
    {
      "type": "Feature",
      "id": "wp-osm-supply-node13166874401",
      "geometry": {
        "type": "Point",
        "coordinates": [
          133.1340658,
          33.208616
        ]
      },
      "properties": {
        "routeId": "shikoku-88-tosa",
        "name": "Unnamed",
        "type": "supply",
        "subtype": "toilet",
        "stageIndex": 9,
        "kmFromStart": 280.8,
        "icon": "toilet",
        "source": "osm",
        "osmId": "node/13166874401"
      }
    },
    {
      "type": "Feature",
      "id": "wp-osm-medical-node1423745667",
      "geometry": {
        "type": "Point",
        "coordinates": [
          133.141244,
          33.2094264
        ]
      },
      "properties": {
        "routeId": "shikoku-88-tosa",
        "name": "高幡会大西病院",
        "type": "medical",
        "subtype": "hospital",
        "stageIndex": 10,
        "kmFromStart": 281.5,
        "icon": "hospital",
        "source": "osm",
        "osmId": "node/1423745667"
      }
    },
    {
      "type": "Feature",
      "id": "wp-osm-supply-node11376111769",
      "geometry": {
        "type": "Point",
        "coordinates": [
          133.1413005,
          33.2077712
        ]
      },
      "properties": {
        "routeId": "shikoku-88-tosa",
        "name": "FamilyMart",
        "nameLocalized": {
          "ja": "ファミリーマート"
        },
        "type": "supply",
        "subtype": "convenience_store",
        "stageIndex": 10,
        "kmFromStart": 281.6,
        "icon": "convenience_store",
        "source": "osm",
        "osmId": "node/11376111769",
        "hours": "24/7"
      }
    },
    {
      "type": "Feature",
      "id": "wp-osm-food-node6907495685",
      "geometry": {
        "type": "Point",
        "coordinates": [
          133.1401929,
          33.2100996
        ]
      },
      "properties": {
        "routeId": "shikoku-88-tosa",
        "name": "満州軒",
        "type": "food",
        "subtype": "restaurant",
        "stageIndex": 10,
        "kmFromStart": 281.4,
        "icon": "restaurant",
        "source": "osm",
        "osmId": "node/6907495685"
      }
    },
    {
      "type": "Feature",
      "id": "wp-osm-sacred_site-node13044815801",
      "geometry": {
        "type": "Point",
        "coordinates": [
          133.1214124,
          33.1444426
        ]
      },
      "properties": {
        "routeId": "shikoku-88-tosa",
        "name": "Iyoki Tenmangu Shrine",
        "nameLocalized": {
          "ja": "天満宮"
        },
        "type": "sacred_site",
        "subtype": "church",
        "stageIndex": 10,
        "kmFromStart": 290.2,
        "icon": "church",
        "source": "osm",
        "osmId": "node/13044815801"
      }
    },
    {
      "type": "Feature",
      "id": "temple-28",
      "geometry": {
        "type": "Point",
        "coordinates": [
          133.705,
          33.578
        ]
      },
      "properties": {
        "routeId": "shikoku-88-tosa",
        "name": "Dainichi-ji",
        "nameLocalized": {
          "ja": "大日寺"
        },
        "type": "sacred_site",
        "subtype": "temple",
        "templeNumber": 28,
        "stageIndex": 5,
        "kmFromStart": 155,
        "icon": "temple",
        "tradition": "buddhist",
        "denomination": "Shingon Chizan",
        "credentialStamp": true,
        "stampFee": {
          "currency": "JPY",
          "amount": 500
        },
        "tags": [
          "temple"
        ]
      }
    },
    {
      "type": "Feature",
      "id": "wp-osm-sacred_site-node10810977710",
      "geometry": {
        "type": "Point",
        "coordinates": [
          133.1192661,
          33.1317722
        ]
      },
      "properties": {
        "routeId": "shikoku-88-tosa",
        "name": "八坂神社",
        "type": "sacred_site",
        "subtype": "church",
        "stageIndex": 10,
        "kmFromStart": 292,
        "icon": "church",
        "source": "osm",
        "osmId": "node/10810977710"
      }
    },
    {
      "type": "Feature",
      "id": "wp-osm-transport-node8383599018",
      "geometry": {
        "type": "Point",
        "coordinates": [
          133.1162041,
          33.1331153
        ]
      },
      "properties": {
        "routeId": "shikoku-88-tosa",
        "name": "Kaina",
        "nameLocalized": {
          "ja": "荷稲",
          "ko": "가이나"
        },
        "type": "transport",
        "subtype": "train_station",
        "stageIndex": 10,
        "kmFromStart": 292.2,
        "icon": "train_station",
        "source": "osm",
        "osmId": "node/8383599018"
      }
    },
    {
      "type": "Feature",
      "id": "wp-osm-transport-node13166920601",
      "geometry": {
        "type": "Point",
        "coordinates": [
          133.1199634,
          33.1219902
        ]
      },
      "properties": {
        "routeId": "shikoku-88-tosa",
        "name": "Unnamed",
        "type": "transport",
        "subtype": "bus_stop",
        "stageIndex": 10,
        "kmFromStart": 293.4,
        "icon": "bus_stop",
        "source": "osm",
        "osmId": "node/13166920601"
      }
    },
    {
      "type": "Feature",
      "id": "wp-osm-transport-node8383599019",
      "geometry": {
        "type": "Point",
        "coordinates": [
          133.0985894,
          33.1051746
        ]
      },
      "properties": {
        "routeId": "shikoku-88-tosa",
        "name": "Iyoki",
        "nameLocalized": {
          "ja": "伊与喜",
          "ko": "이요키"
        },
        "type": "transport",
        "subtype": "train_station",
        "stageIndex": 10,
        "kmFromStart": 297.2,
        "icon": "train_station",
        "source": "osm",
        "osmId": "node/8383599019"
      }
    },
    {
      "type": "Feature",
      "id": "wp-osm-sacred_site-node13044816301",
      "geometry": {
        "type": "Point",
        "coordinates": [
          133.0996059,
          33.1033148
        ]
      },
      "properties": {
        "routeId": "shikoku-88-tosa",
        "name": "Kumano Shrine",
        "nameLocalized": {
          "ja": "熊野神社"
        },
        "type": "sacred_site",
        "subtype": "church",
        "stageIndex": 10,
        "kmFromStart": 297.4,
        "icon": "church",
        "source": "osm",
        "osmId": "node/13044816301"
      }
    },
    {
      "type": "Feature",
      "id": "temple-29",
      "geometry": {
        "type": "Point",
        "coordinates": [
          133.64,
          33.599
        ]
      },
      "properties": {
        "routeId": "shikoku-88-tosa",
        "name": "Tosa Kokubun-ji",
        "nameLocalized": {
          "ja": "土佐国分寺"
        },
        "type": "sacred_site",
        "subtype": "temple",
        "templeNumber": 29,
        "stageIndex": 5,
        "kmFromStart": 164.2,
        "icon": "temple",
        "tradition": "buddhist",
        "denomination": "Shingon Chizan",
        "credentialStamp": true,
        "stampFee": {
          "currency": "JPY",
          "amount": 500
        },
        "tags": [
          "temple"
        ]
      }
    },
    {
      "type": "Feature",
      "id": "wp-osm-supply-node5796338662",
      "geometry": {
        "type": "Point",
        "coordinates": [
          133.1005411,
          33.0886444
        ]
      },
      "properties": {
        "routeId": "shikoku-88-tosa",
        "name": "ローソン",
        "nameLocalized": {
          "ko": "로손"
        },
        "type": "supply",
        "subtype": "convenience_store",
        "stageIndex": 10,
        "kmFromStart": 299.7,
        "icon": "convenience_store",
        "source": "osm",
        "osmId": "node/5796338662"
      }
    },
    {
      "type": "Feature",
      "id": "wp-osm-transport-node8383599020",
      "geometry": {
        "type": "Point",
        "coordinates": [
          133.1014976,
          33.0809006
        ]
      },
      "properties": {
        "routeId": "shikoku-88-tosa",
        "name": "Tosa-Saga",
        "nameLocalized": {
          "ja": "土佐佐賀",
          "ko": "도사사가"
        },
        "type": "transport",
        "subtype": "train_station",
        "stageIndex": 10,
        "kmFromStart": 300.6,
        "icon": "train_station",
        "source": "osm",
        "osmId": "node/8383599020"
      }
    },
    {
      "type": "Feature",
      "id": "wp-osm-supply-node5572401621",
      "geometry": {
        "type": "Point",
        "coordinates": [
          133.1076269,
          33.0689446
        ]
      },
      "properties": {
        "routeId": "shikoku-88-tosa",
        "name": "Unnamed",
        "type": "supply",
        "subtype": "toilet",
        "stageIndex": 10,
        "kmFromStart": 302.4,
        "icon": "toilet",
        "source": "osm",
        "osmId": "node/5572401621"
      }
    },
    {
      "type": "Feature",
      "id": "wp-osm-supply-node5572388823",
      "geometry": {
        "type": "Point",
        "coordinates": [
          133.1079218,
          33.0672172
        ]
      },
      "properties": {
        "routeId": "shikoku-88-tosa",
        "name": "Unnamed",
        "type": "supply",
        "subtype": "toilet",
        "stageIndex": 10,
        "kmFromStart": 302.6,
        "icon": "toilet",
        "source": "osm",
        "osmId": "node/5572388823"
      }
    },
    {
      "type": "Feature",
      "id": "wp-osm-transport-node8383599021",
      "geometry": {
        "type": "Point",
        "coordinates": [
          133.1063692,
          33.0641186
        ]
      },
      "properties": {
        "routeId": "shikoku-88-tosa",
        "name": "Saga-Kōen",
        "nameLocalized": {
          "ja": "佐賀公園",
          "ko": "사가공원"
        },
        "type": "transport",
        "subtype": "train_station",
        "stageIndex": 10,
        "kmFromStart": 303,
        "icon": "train_station",
        "source": "osm",
        "osmId": "node/8383599021"
      }
    },
    {
      "type": "Feature",
      "id": "wp-osm-water_source-node10810968860",
      "geometry": {
        "type": "Point",
        "coordinates": [
          133.1071832,
          33.0627394
        ]
      },
      "properties": {
        "routeId": "shikoku-88-tosa",
        "name": "Unnamed",
        "type": "water_source",
        "subtype": "fountain",
        "stageIndex": 10,
        "kmFromStart": 303.2,
        "icon": "fountain",
        "source": "osm",
        "osmId": "node/10810968860"
      }
    },
    {
      "type": "Feature",
      "id": "wp-osm-transport-node8383599022",
      "geometry": {
        "type": "Point",
        "coordinates": [
          133.0975185,
          33.0566465
        ]
      },
      "properties": {
        "routeId": "shikoku-88-tosa",
        "name": "Tosa-Shirahama",
        "nameLocalized": {
          "ja": "土佐白浜",
          "ko": "도사시라하마"
        },
        "type": "transport",
        "subtype": "train_station",
        "stageIndex": 10,
        "kmFromStart": 304.3,
        "icon": "train_station",
        "source": "osm",
        "osmId": "node/8383599022"
      }
    },
    {
      "type": "Feature",
      "id": "wp-osm-food-node12905484056",
      "geometry": {
        "type": "Point",
        "coordinates": [
          133.0977077,
          33.0546585
        ]
      },
      "properties": {
        "routeId": "shikoku-88-tosa",
        "name": "ニュー白浜",
        "type": "food",
        "subtype": "restaurant",
        "stageIndex": 10,
        "kmFromStart": 304.6,
        "icon": "restaurant",
        "source": "osm",
        "osmId": "node/12905484056"
      }
    },
    {
      "type": "Feature",
      "id": "temple-30",
      "geometry": {
        "type": "Point",
        "coordinates": [
          133.578,
          33.592
        ]
      },
      "properties": {
        "routeId": "shikoku-88-tosa",
        "name": "Zenraku-ji",
        "nameLocalized": {
          "ja": "善楽寺"
        },
        "type": "sacred_site",
        "subtype": "temple",
        "templeNumber": 30,
        "stageIndex": 5,
        "kmFromStart": 171.3,
        "icon": "temple",
        "tradition": "buddhist",
        "denomination": "Shingon Buzan",
        "credentialStamp": true,
        "stampFee": {
          "currency": "JPY",
          "amount": 500
        },
        "tags": [
          "temple"
        ]
      }
    },
    {
      "type": "Feature",
      "id": "wp-osm-food-node11377020569",
      "geometry": {
        "type": "Point",
        "coordinates": [
          133.0932924,
          33.0328505
        ]
      },
      "properties": {
        "routeId": "shikoku-88-tosa",
        "name": "Kakegawa Takoyaki",
        "type": "food",
        "subtype": "restaurant",
        "stageIndex": 10,
        "kmFromStart": 307.3,
        "icon": "restaurant",
        "source": "osm",
        "osmId": "node/11377020569",
        "hours": "Mo-Su 10:00-18:00"
      }
    },
    {
      "type": "Feature",
      "id": "wp-osm-supply-node11377019169",
      "geometry": {
        "type": "Point",
        "coordinates": [
          133.0934747,
          33.0323545
        ]
      },
      "properties": {
        "routeId": "shikoku-88-tosa",
        "name": "Unnamed",
        "type": "supply",
        "subtype": "toilet",
        "stageIndex": 10,
        "kmFromStart": 307.3,
        "icon": "toilet",
        "source": "osm",
        "osmId": "node/11377019169"
      }
    },
    {
      "type": "Feature",
      "id": "wp-osm-accommodation-node11377475869",
      "geometry": {
        "type": "Point",
        "coordinates": [
          133.0764324,
          33.0357481
        ]
      },
      "properties": {
        "routeId": "shikoku-88-tosa",
        "name": "Henro House Maaru",
        "type": "accommodation",
        "subtype": "guesthouse",
        "stageIndex": 11,
        "kmFromStart": 309,
        "icon": "guesthouse",
        "source": "osm",
        "osmId": "node/11377475869"
      }
    },
    {
      "type": "Feature",
      "id": "wp-osm-sacred_site-node11377065269",
      "geometry": {
        "type": "Point",
        "coordinates": [
          133.0743411,
          33.0374654
        ]
      },
      "properties": {
        "routeId": "shikoku-88-tosa",
        "name": "Kanonji Daishido",
        "type": "sacred_site",
        "subtype": "church",
        "stageIndex": 11,
        "kmFromStart": 309.3,
        "icon": "church",
        "source": "osm",
        "osmId": "node/11377065269"
      }
    },
    {
      "type": "Feature",
      "id": "wp-osm-transport-node8383599023",
      "geometry": {
        "type": "Point",
        "coordinates": [
          133.0710304,
          33.0390414
        ]
      },
      "properties": {
        "routeId": "shikoku-88-tosa",
        "name": "Ariigawa",
        "nameLocalized": {
          "ja": "有井川",
          "ko": "아리이가와"
        },
        "type": "transport",
        "subtype": "train_station",
        "stageIndex": 11,
        "kmFromStart": 309.7,
        "icon": "train_station",
        "source": "osm",
        "osmId": "node/8383599023"
      }
    },
    {
      "type": "Feature",
      "id": "wp-osm-transport-node8383599024",
      "geometry": {
        "type": "Point",
        "coordinates": [
          133.0560945,
          33.0429964
        ]
      },
      "properties": {
        "routeId": "shikoku-88-tosa",
        "name": "Tosa-Kamikawaguchi",
        "nameLocalized": {
          "ja": "土佐上川口",
          "ko": "도사카미카와구치"
        },
        "type": "transport",
        "subtype": "train_station",
        "stageIndex": 11,
        "kmFromStart": 311.2,
        "icon": "train_station",
        "source": "osm",
        "osmId": "node/8383599024"
      }
    },
    {
      "type": "Feature",
      "id": "wp-osm-transport-node8383599025",
      "geometry": {
        "type": "Point",
        "coordinates": [
          133.0474216,
          33.0406693
        ]
      },
      "properties": {
        "routeId": "shikoku-88-tosa",
        "name": "Uminoōmukae",
        "nameLocalized": {
          "ja": "海の王迎",
          "ko": "우미노오무카에"
        },
        "type": "transport",
        "subtype": "train_station",
        "stageIndex": 11,
        "kmFromStart": 312.2,
        "icon": "train_station",
        "source": "osm",
        "osmId": "node/8383599025"
      }
    },
    {
      "type": "Feature",
      "id": "temple-31",
      "geometry": {
        "type": "Point",
        "coordinates": [
          133.577,
          33.547
        ]
      },
      "properties": {
        "routeId": "shikoku-88-tosa",
        "name": "Chikurin-ji",
        "nameLocalized": {
          "ja": "竹林寺"
        },
        "type": "sacred_site",
        "subtype": "temple",
        "templeNumber": 31,
        "stageIndex": 5,
        "kmFromStart": 177.8,
        "icon": "temple",
        "elevation": 140,
        "tradition": "buddhist",
        "denomination": "Shingon Chizan",
        "credentialStamp": true,
        "stampFee": {
          "currency": "JPY",
          "amount": 500
        },
        "tags": [
          "temple"
        ]
      }
    },
    {
      "type": "Feature",
      "id": "wp-osm-transport-node8383599028",
      "geometry": {
        "type": "Point",
        "coordinates": [
          133.011606,
          33.023883
        ]
      },
      "properties": {
        "routeId": "shikoku-88-tosa",
        "name": "Tosa-Irino",
        "nameLocalized": {
          "ja": "土佐入野",
          "ko": "도사이리노"
        },
        "type": "transport",
        "subtype": "train_station",
        "stageIndex": 11,
        "kmFromStart": 316.5,
        "icon": "train_station",
        "source": "osm",
        "osmId": "node/8383599028"
      }
    },
    {
      "type": "Feature",
      "id": "wp-osm-supply-node11377157869",
      "geometry": {
        "type": "Point",
        "coordinates": [
          133.0114162,
          33.0156299
        ]
      },
      "properties": {
        "routeId": "shikoku-88-tosa",
        "name": "Unnamed",
        "type": "supply",
        "subtype": "toilet",
        "stageIndex": 11,
        "kmFromStart": 317.1,
        "icon": "toilet",
        "source": "osm",
        "osmId": "node/11377157869"
      }
    },
    {
      "type": "Feature",
      "id": "wp-osm-town-node697489702",
      "geometry": {
        "type": "Point",
        "coordinates": [
          132.9983969,
          33.0119279
        ]
      },
      "properties": {
        "routeId": "shikoku-88-tosa",
        "name": "Kuroshio",
        "nameLocalized": {
          "fr": "Kuroshio",
          "id": "Kuroshio",
          "ja": "黒潮町",
          "ko": "구로시오초",
          "zh": "黑潮町"
        },
        "type": "town",
        "subtype": "town",
        "stageIndex": 11,
        "kmFromStart": 318.4,
        "icon": "town",
        "source": "osm",
        "osmId": "node/697489702"
      }
    },
    {
      "type": "Feature",
      "id": "wp-osm-transport-node9470907587",
      "geometry": {
        "type": "Point",
        "coordinates": [
          132.9999905,
          33.0112525
        ]
      },
      "properties": {
        "routeId": "shikoku-88-tosa",
        "name": "Unnamed",
        "type": "transport",
        "subtype": "bus_stop",
        "stageIndex": 11,
        "kmFromStart": 318.3,
        "icon": "bus_stop",
        "source": "osm",
        "osmId": "node/9470907587"
      }
    },
    {
      "type": "Feature",
      "id": "wp-osm-viewpoint-node6851902953",
      "geometry": {
        "type": "Point",
        "coordinates": [
          133.0031349,
          33.0134817
        ]
      },
      "properties": {
        "routeId": "shikoku-88-tosa",
        "name": "土佐西南大規模公園球技場",
        "nameLocalized": {
          "ja": "土佐西南大規模公園球技場"
        },
        "type": "viewpoint",
        "subtype": "viewpoint",
        "stageIndex": 11,
        "kmFromStart": 317.9,
        "icon": "viewpoint",
        "source": "osm",
        "osmId": "node/6851902953"
      }
    },
    {
      "type": "Feature",
      "id": "temple-32",
      "geometry": {
        "type": "Point",
        "coordinates": [
          133.611,
          33.527
        ]
      },
      "properties": {
        "routeId": "shikoku-88-tosa",
        "name": "Zenjibu-ji",
        "nameLocalized": {
          "ja": "禅師峰寺"
        },
        "type": "sacred_site",
        "subtype": "temple",
        "templeNumber": 32,
        "stageIndex": 6,
        "kmFromStart": 183.9,
        "icon": "temple",
        "tradition": "buddhist",
        "denomination": "Shingon Buzan",
        "credentialStamp": true,
        "stampFee": {
          "currency": "JPY",
          "amount": 500
        },
        "tags": [
          "temple"
        ]
      }
    },
    {
      "type": "Feature",
      "id": "wp-osm-supply-node1800676598",
      "geometry": {
        "type": "Point",
        "coordinates": [
          132.9752648,
          32.9639728
        ]
      },
      "properties": {
        "routeId": "shikoku-88-tosa",
        "name": "スリーエフ中村竹島店",
        "type": "supply",
        "subtype": "convenience_store",
        "stageIndex": 11,
        "kmFromStart": 325.7,
        "icon": "convenience_store",
        "source": "osm",
        "osmId": "node/1800676598"
      }
    },
    {
      "type": "Feature",
      "id": "wp-osm-supply-node10819478831",
      "geometry": {
        "type": "Point",
        "coordinates": [
          132.971736,
          32.9397404
        ]
      },
      "properties": {
        "routeId": "shikoku-88-tosa",
        "name": "Unnamed",
        "type": "supply",
        "subtype": "toilet",
        "stageIndex": 11,
        "kmFromStart": 329.2,
        "icon": "toilet",
        "source": "osm",
        "osmId": "node/10819478831"
      }
    },
    {
      "type": "Feature",
      "id": "temple-33",
      "geometry": {
        "type": "Point",
        "coordinates": [
          133.543,
          33.501
        ]
      },
      "properties": {
        "routeId": "shikoku-88-tosa",
        "name": "Sekkei-ji",
        "nameLocalized": {
          "ja": "雪蹊寺"
        },
        "type": "sacred_site",
        "subtype": "temple",
        "templeNumber": 33,
        "stageIndex": 6,
        "kmFromStart": 192.1,
        "icon": "temple",
        "tradition": "buddhist",
        "denomination": "Rinzai Myoshinji",
        "credentialStamp": true,
        "stampFee": {
          "currency": "JPY",
          "amount": 500
        },
        "tags": [
          "temple"
        ]
      }
    },
    {
      "type": "Feature",
      "id": "wp-osm-supply-node10819508925",
      "geometry": {
        "type": "Point",
        "coordinates": [
          132.9354824,
          32.9028494
        ]
      },
      "properties": {
        "routeId": "shikoku-88-tosa",
        "name": "Unnamed",
        "type": "supply",
        "subtype": "toilet",
        "stageIndex": 11,
        "kmFromStart": 335.1,
        "icon": "toilet",
        "source": "osm",
        "osmId": "node/10819508925"
      }
    },
    {
      "type": "Feature",
      "id": "wp-osm-food-node10819497798",
      "geometry": {
        "type": "Point",
        "coordinates": [
          132.9350623,
          32.9034346
        ]
      },
      "properties": {
        "routeId": "shikoku-88-tosa",
        "name": "Luce Café and Dining",
        "type": "food",
        "subtype": "cafe",
        "stageIndex": 11,
        "kmFromStart": 335.1,
        "icon": "cafe",
        "source": "osm",
        "osmId": "node/10819497798"
      }
    },
    {
      "type": "Feature",
      "id": "temple-34",
      "geometry": {
        "type": "Point",
        "coordinates": [
          133.488,
          33.492
        ]
      },
      "properties": {
        "routeId": "shikoku-88-tosa",
        "name": "Tanema-ji",
        "nameLocalized": {
          "ja": "種間寺"
        },
        "type": "sacred_site",
        "subtype": "temple",
        "templeNumber": 34,
        "stageIndex": 6,
        "kmFromStart": 198.4,
        "icon": "temple",
        "tradition": "buddhist",
        "denomination": "Shingon Buzan",
        "credentialStamp": true,
        "stampFee": {
          "currency": "JPY",
          "amount": 500
        },
        "tags": [
          "temple"
        ]
      }
    },
    {
      "type": "Feature",
      "id": "wp-osm-accommodation-node12908978212",
      "geometry": {
        "type": "Point",
        "coordinates": [
          132.9546005,
          32.846256
        ]
      },
      "properties": {
        "routeId": "shikoku-88-tosa",
        "name": "民宿いさりび",
        "type": "accommodation",
        "subtype": "hotel",
        "stageIndex": 12,
        "kmFromStart": 342.6,
        "icon": "hotel",
        "source": "osm",
        "osmId": "node/12908978212"
      }
    },
    {
      "type": "Feature",
      "id": "wp-osm-accommodation-node12911869507",
      "geometry": {
        "type": "Point",
        "coordinates": [
          132.9523488,
          32.8439925
        ]
      },
      "properties": {
        "routeId": "shikoku-88-tosa",
        "name": "民宿くもも",
        "type": "accommodation",
        "subtype": "hotel",
        "stageIndex": 12,
        "kmFromStart": 343,
        "icon": "hotel",
        "source": "osm",
        "osmId": "node/12911869507"
      }
    },
    {
      "type": "Feature",
      "id": "wp-osm-accommodation-node10819508622",
      "geometry": {
        "type": "Point",
        "coordinates": [
          132.9562957,
          32.8306682
        ]
      },
      "properties": {
        "routeId": "shikoku-88-tosa",
        "name": "Ōkinohama",
        "type": "accommodation",
        "subtype": "guesthouse",
        "stageIndex": 12,
        "kmFromStart": 345,
        "icon": "guesthouse",
        "source": "osm",
        "osmId": "node/10819508622"
      }
    },
    {
      "type": "Feature",
      "id": "wp-osm-accommodation-node1404095643",
      "geometry": {
        "type": "Point",
        "coordinates": [
          132.954799,
          32.8267347
        ]
      },
      "properties": {
        "routeId": "shikoku-88-tosa",
        "name": "Kaiyu-Inn 海癒",
        "type": "accommodation",
        "subtype": "hotel",
        "stageIndex": 12,
        "kmFromStart": 345.7,
        "icon": "hotel",
        "source": "osm",
        "osmId": "node/1404095643"
      }
    },
    {
      "type": "Feature",
      "id": "wp-osm-accommodation-node10819478832",
      "geometry": {
        "type": "Point",
        "coordinates": [
          132.9518499,
          32.8260583
        ]
      },
      "properties": {
        "routeId": "shikoku-88-tosa",
        "name": "大岐マリン",
        "type": "accommodation",
        "subtype": "guesthouse",
        "stageIndex": 12,
        "kmFromStart": 346,
        "icon": "guesthouse",
        "source": "osm",
        "osmId": "node/10819478832"
      }
    },
    {
      "type": "Feature",
      "id": "temple-35",
      "geometry": {
        "type": "Point",
        "coordinates": [
          133.41,
          33.513
        ]
      },
      "properties": {
        "routeId": "shikoku-88-tosa",
        "name": "Kiyotaki-ji",
        "nameLocalized": {
          "ja": "清滝寺"
        },
        "type": "sacred_site",
        "subtype": "temple",
        "templeNumber": 35,
        "stageIndex": 7,
        "kmFromStart": 208.3,
        "icon": "temple",
        "tradition": "buddhist",
        "denomination": "Shingon Buzan",
        "credentialStamp": true,
        "stampFee": {
          "currency": "JPY",
          "amount": 500
        },
        "tags": [
          "temple"
        ]
      }
    },
    {
      "type": "Feature",
      "id": "wp-osm-supply-node12908978211",
      "geometry": {
        "type": "Point",
        "coordinates": [
          132.9996978,
          32.7873976
        ]
      },
      "properties": {
        "routeId": "shikoku-88-tosa",
        "name": "Unnamed",
        "type": "supply",
        "subtype": "toilet",
        "stageIndex": 12,
        "kmFromStart": 355.5,
        "icon": "toilet",
        "source": "osm",
        "osmId": "node/12908978211"
      }
    },
    {
      "type": "Feature",
      "id": "wp-osm-supply-node9444928875",
      "geometry": {
        "type": "Point",
        "coordinates": [
          133.0068773,
          32.7712577
        ]
      },
      "properties": {
        "routeId": "shikoku-88-tosa",
        "name": "Unnamed",
        "type": "supply",
        "subtype": "vending_machine",
        "stageIndex": 12,
        "kmFromStart": 357.4,
        "icon": "vending_machine",
        "source": "osm",
        "osmId": "node/9444928875"
      }
    },
    {
      "type": "Feature",
      "id": "wp-osm-viewpoint-node1275225550",
      "geometry": {
        "type": "Point",
        "coordinates": [
          133.0214308,
          32.7267094
        ]
      },
      "properties": {
        "routeId": "shikoku-88-tosa",
        "name": "天狗の鼻",
        "type": "viewpoint",
        "subtype": "viewpoint",
        "stageIndex": 12,
        "kmFromStart": 363.4,
        "icon": "viewpoint",
        "source": "osm",
        "osmId": "node/1275225550"
      }
    },
    {
      "type": "Feature",
      "id": "wp-osm-supply-node1275225668",
      "geometry": {
        "type": "Point",
        "coordinates": [
          133.0196704,
          32.7258107
        ]
      },
      "properties": {
        "routeId": "shikoku-88-tosa",
        "name": "Unnamed",
        "type": "supply",
        "subtype": "toilet",
        "stageIndex": 12,
        "kmFromStart": 363.4,
        "icon": "toilet",
        "source": "osm",
        "osmId": "node/1275225668"
      }
    },
    {
      "type": "Feature",
      "id": "wp-osm-viewpoint-node4984012722",
      "geometry": {
        "type": "Point",
        "coordinates": [
          133.0206821,
          32.7256763
        ]
      },
      "properties": {
        "routeId": "shikoku-88-tosa",
        "name": "足摺岬展望台",
        "nameLocalized": {
          "ja": "足摺岬展望台"
        },
        "type": "viewpoint",
        "subtype": "viewpoint",
        "stageIndex": 12,
        "kmFromStart": 363.4,
        "icon": "viewpoint",
        "source": "osm",
        "osmId": "node/4984012722"
      }
    },
    {
      "type": "Feature",
      "id": "wp-osm-supply-node1275225604",
      "geometry": {
        "type": "Point",
        "coordinates": [
          133.0188759,
          32.7252432
        ]
      },
      "properties": {
        "routeId": "shikoku-88-tosa",
        "name": "Unnamed",
        "type": "supply",
        "subtype": "toilet",
        "stageIndex": 12,
        "kmFromStart": 363.5,
        "icon": "toilet",
        "source": "osm",
        "osmId": "node/1275225604"
      }
    },
    {
      "type": "Feature",
      "id": "wp-osm-transport-node9444928826",
      "geometry": {
        "type": "Point",
        "coordinates": [
          133.0180899,
          32.7250398
        ]
      },
      "properties": {
        "routeId": "shikoku-88-tosa",
        "name": "Cape Ashizuri",
        "nameLocalized": {
          "ja": "足摺岬"
        },
        "type": "transport",
        "subtype": "bus_stop",
        "stageIndex": 12,
        "kmFromStart": 363.5,
        "icon": "bus_stop",
        "source": "osm",
        "osmId": "node/9444928826"
      }
    },
    {
      "type": "Feature",
      "id": "wp-osm-accommodation-node9444928782",
      "geometry": {
        "type": "Point",
        "coordinates": [
          133.0172427,
          32.724986
        ]
      },
      "properties": {
        "routeId": "shikoku-88-tosa",
        "name": "金剛福寺宿坊",
        "type": "accommodation",
        "subtype": "hostel",
        "stageIndex": 13,
        "kmFromStart": 363.5,
        "icon": "hostel",
        "source": "osm",
        "osmId": "node/9444928782"
      }
    },
    {
      "type": "Feature",
      "id": "wp-osm-accommodation-node11380474069",
      "geometry": {
        "type": "Point",
        "coordinates": [
          133.0092653,
          32.7261802
        ]
      },
      "properties": {
        "routeId": "shikoku-88-tosa",
        "name": "Minshuku Tamura",
        "type": "accommodation",
        "subtype": "guesthouse",
        "stageIndex": 13,
        "kmFromStart": 363.6,
        "icon": "guesthouse",
        "source": "osm",
        "osmId": "node/11380474069"
      }
    },
    {
      "type": "Feature",
      "id": "wp-osm-accommodation-node5537156521",
      "geometry": {
        "type": "Point",
        "coordinates": [
          133.0067018,
          32.7272601
        ]
      },
      "properties": {
        "routeId": "shikoku-88-tosa",
        "name": "Ashizuri Thermae",
        "type": "accommodation",
        "subtype": "hotel",
        "stageIndex": 13,
        "kmFromStart": 363.6,
        "icon": "hotel",
        "source": "osm",
        "osmId": "node/5537156521"
      }
    },
    {
      "type": "Feature",
      "id": "temple-36",
      "geometry": {
        "type": "Point",
        "coordinates": [
          133.451,
          33.426
        ]
      },
      "properties": {
        "routeId": "shikoku-88-tosa",
        "name": "Shoryu-ji",
        "nameLocalized": {
          "ja": "青竜寺"
        },
        "type": "sacred_site",
        "subtype": "temple",
        "templeNumber": 36,
        "stageIndex": 7,
        "kmFromStart": 222.8,
        "icon": "temple",
        "tradition": "buddhist",
        "denomination": "Shingon Buzan",
        "credentialStamp": true,
        "stampFee": {
          "currency": "JPY",
          "amount": 500
        },
        "tags": [
          "temple"
        ]
      }
    },
    {
      "type": "Feature",
      "id": "wp-osm-accommodation-node4983997423",
      "geometry": {
        "type": "Point",
        "coordinates": [
          133.002705,
          32.7251731
        ]
      },
      "properties": {
        "routeId": "shikoku-88-tosa",
        "name": "足摺パシフィックホテル花椿",
        "nameLocalized": {
          "ja": "足摺パシフィックホテル花椿"
        },
        "type": "accommodation",
        "subtype": "hotel",
        "stageIndex": 13,
        "kmFromStart": 363.6,
        "icon": "hotel",
        "source": "osm",
        "osmId": "node/4983997423"
      }
    },
    {
      "type": "Feature",
      "id": "wp-osm-accommodation-node10819499568",
      "geometry": {
        "type": "Point",
        "coordinates": [
          132.9654147,
          32.7769819
        ]
      },
      "properties": {
        "routeId": "shikoku-88-tosa",
        "name": "みかんの家",
        "type": "accommodation",
        "subtype": "guesthouse",
        "stageIndex": 12,
        "kmFromStart": 351.5,
        "icon": "guesthouse",
        "source": "osm",
        "osmId": "node/10819499568"
      }
    },
    {
      "type": "Feature",
      "id": "wp-osm-supply-node2569457699",
      "geometry": {
        "type": "Point",
        "coordinates": [
          132.9607742,
          32.7774623
        ]
      },
      "properties": {
        "routeId": "shikoku-88-tosa",
        "name": "Unnamed",
        "type": "supply",
        "subtype": "toilet",
        "stageIndex": 12,
        "kmFromStart": 351.5,
        "icon": "toilet",
        "source": "osm",
        "osmId": "node/2569457699"
      }
    },
    {
      "type": "Feature",
      "id": "wp-osm-medical-node1423744372",
      "geometry": {
        "type": "Point",
        "coordinates": [
          132.96166,
          32.779469
        ]
      },
      "properties": {
        "routeId": "shikoku-88-tosa",
        "name": "足摺病院",
        "type": "medical",
        "subtype": "hospital",
        "stageIndex": 12,
        "kmFromStart": 351.5,
        "icon": "hospital",
        "source": "osm",
        "osmId": "node/1423744372"
      }
    },
    {
      "type": "Feature",
      "id": "wp-osm-medical-node1423730740",
      "geometry": {
        "type": "Point",
        "coordinates": [
          132.959077,
          32.779775
        ]
      },
      "properties": {
        "routeId": "shikoku-88-tosa",
        "name": "修命会土佐清水病院",
        "type": "medical",
        "subtype": "hospital",
        "stageIndex": 12,
        "kmFromStart": 351.5,
        "icon": "hospital",
        "source": "osm",
        "osmId": "node/1423730740"
      }
    },
    {
      "type": "Feature",
      "id": "wp-osm-food-node1498586696",
      "geometry": {
        "type": "Point",
        "coordinates": [
          132.9600935,
          32.7796239
        ]
      },
      "properties": {
        "routeId": "shikoku-88-tosa",
        "name": "Sea Side Curry House",
        "type": "food",
        "subtype": "restaurant",
        "stageIndex": 12,
        "kmFromStart": 351.5,
        "icon": "restaurant",
        "source": "osm",
        "osmId": "node/1498586696"
      }
    },
    {
      "type": "Feature",
      "id": "wp-osm-supply-node12019776285",
      "geometry": {
        "type": "Point",
        "coordinates": [
          132.9601908,
          32.781167
        ]
      },
      "properties": {
        "routeId": "shikoku-88-tosa",
        "name": "Lawson",
        "type": "supply",
        "subtype": "convenience_store",
        "stageIndex": 12,
        "kmFromStart": 351.5,
        "icon": "convenience_store",
        "source": "osm",
        "osmId": "node/12019776285"
      }
    },
    {
      "type": "Feature",
      "id": "wp-osm-supply-node10819497799",
      "geometry": {
        "type": "Point",
        "coordinates": [
          132.9491337,
          32.8201185
        ]
      },
      "properties": {
        "routeId": "shikoku-88-tosa",
        "name": "Unnamed",
        "type": "supply",
        "subtype": "toilet",
        "stageIndex": 12,
        "kmFromStart": 346.9,
        "icon": "toilet",
        "source": "osm",
        "osmId": "node/10819497799"
      }
    },
    {
      "type": "Feature",
      "id": "wp-osm-supply-node10819509705",
      "geometry": {
        "type": "Point",
        "coordinates": [
          132.9500093,
          32.8245371
        ]
      },
      "properties": {
        "routeId": "shikoku-88-tosa",
        "name": "Unnamed",
        "type": "supply",
        "subtype": "toilet",
        "stageIndex": 12,
        "kmFromStart": 346.4,
        "icon": "toilet",
        "source": "osm",
        "osmId": "node/10819509705"
      }
    },
    {
      "type": "Feature",
      "id": "wp-osm-accommodation-node11535055771",
      "geometry": {
        "type": "Point",
        "coordinates": [
          132.8920954,
          32.8921798
        ]
      },
      "properties": {
        "routeId": "shikoku-88-tosa",
        "name": "Ocean, River, Mountain Retreat",
        "type": "accommodation",
        "subtype": "guesthouse",
        "stageIndex": 13,
        "kmFromStart": 399.3,
        "icon": "guesthouse",
        "source": "osm",
        "osmId": "node/11535055771"
      }
    },
    {
      "type": "Feature",
      "id": "wp-osm-accommodation-node12912519902",
      "geometry": {
        "type": "Point",
        "coordinates": [
          132.8745222,
          32.8949177
        ]
      },
      "properties": {
        "routeId": "shikoku-88-tosa",
        "name": "Guest House Kurousagi",
        "type": "accommodation",
        "subtype": "hotel",
        "stageIndex": 14,
        "kmFromStart": 402.1,
        "icon": "hotel",
        "source": "osm",
        "osmId": "node/12912519902"
      }
    },
    {
      "type": "Feature",
      "id": "wp-osm-town-node691562991",
      "geometry": {
        "type": "Point",
        "coordinates": [
          132.8479536,
          32.9082148
        ]
      },
      "properties": {
        "routeId": "shikoku-88-tosa",
        "name": "Mihara",
        "nameLocalized": {
          "id": "Mihara",
          "ja": "三原村",
          "ko": "미하라무라",
          "zh": "三原村"
        },
        "type": "town",
        "subtype": "village",
        "stageIndex": 14,
        "kmFromStart": 406.7,
        "icon": "village",
        "source": "osm",
        "osmId": "node/691562991"
      }
    },
    {
      "type": "Feature",
      "id": "wp-osm-food-node11532181369",
      "geometry": {
        "type": "Point",
        "coordinates": [
          132.8448675,
          32.9130178
        ]
      },
      "properties": {
        "routeId": "shikoku-88-tosa",
        "name": "Yamabiko Cafe",
        "type": "food",
        "subtype": "restaurant",
        "stageIndex": 14,
        "kmFromStart": 407.3,
        "icon": "restaurant",
        "source": "osm",
        "osmId": "node/11532181369",
        "hours": "Mo-Sa 11:30-13:30"
      }
    },
    {
      "type": "Feature",
      "id": "wp-osm-supply-node10821759897",
      "geometry": {
        "type": "Point",
        "coordinates": [
          132.8403039,
          32.9218415
        ]
      },
      "properties": {
        "routeId": "shikoku-88-tosa",
        "name": "Unnamed",
        "type": "supply",
        "subtype": "toilet",
        "stageIndex": 14,
        "kmFromStart": 408.4,
        "icon": "toilet",
        "source": "osm",
        "osmId": "node/10821759897"
      }
    },
    {
      "type": "Feature",
      "id": "wp-osm-supply-node10821758014",
      "geometry": {
        "type": "Point",
        "coordinates": [
          132.8113431,
          32.9286196
        ]
      },
      "properties": {
        "routeId": "shikoku-88-tosa",
        "name": "Unnamed",
        "type": "supply",
        "subtype": "toilet",
        "stageIndex": 14,
        "kmFromStart": 411.9,
        "icon": "toilet",
        "source": "osm",
        "osmId": "node/10821758014"
      }
    },
    {
      "type": "Feature",
      "id": "wp-osm-transport-node9960792085",
      "geometry": {
        "type": "Point",
        "coordinates": [
          132.7951756,
          32.9556305
        ]
      },
      "properties": {
        "routeId": "shikoku-88-tosa",
        "name": "Hirata",
        "nameLocalized": {
          "ja": "平田",
          "ko": "히라타"
        },
        "type": "transport",
        "subtype": "train_station",
        "stageIndex": 14,
        "kmFromStart": 415.9,
        "icon": "train_station",
        "source": "osm",
        "osmId": "node/9960792085"
      }
    },
    {
      "type": "Feature",
      "id": "wp-osm-food-node8506196246",
      "geometry": {
        "type": "Point",
        "coordinates": [
          132.7947121,
          32.9579803
        ]
      },
      "properties": {
        "routeId": "shikoku-88-tosa",
        "name": "レストラン スワロー",
        "type": "food",
        "subtype": "restaurant",
        "stageIndex": 14,
        "kmFromStart": 416.1,
        "icon": "restaurant",
        "source": "osm",
        "osmId": "node/8506196246"
      }
    },
    {
      "type": "Feature",
      "id": "wp-osm-medical-node1423737263",
      "geometry": {
        "type": "Point",
        "coordinates": [
          132.78145,
          32.961138
        ]
      },
      "properties": {
        "routeId": "shikoku-88-tosa",
        "name": "幡多希望の家",
        "type": "medical",
        "subtype": "hospital",
        "stageIndex": 14,
        "kmFromStart": 417.9,
        "icon": "hospital",
        "source": "osm",
        "osmId": "node/1423737263"
      }
    },
    {
      "type": "Feature",
      "id": "temple-37",
      "geometry": {
        "type": "Point",
        "coordinates": [
          133.135,
          33.208
        ]
      },
      "properties": {
        "routeId": "shikoku-88-tosa",
        "name": "Iwamoto-ji",
        "nameLocalized": {
          "ja": "岩本寺"
        },
        "type": "sacred_site",
        "subtype": "temple",
        "templeNumber": 37,
        "stageIndex": 9,
        "kmFromStart": 280.9,
        "icon": "temple",
        "tradition": "buddhist",
        "denomination": "Shingon Chizan",
        "credentialStamp": true,
        "stampFee": {
          "currency": "JPY",
          "amount": 500
        },
        "tags": [
          "temple"
        ]
      }
    },
    {
      "type": "Feature",
      "id": "temple-38",
      "geometry": {
        "type": "Point",
        "coordinates": [
          133.019,
          32.726
        ]
      },
      "properties": {
        "routeId": "shikoku-88-tosa",
        "name": "Kongofuku-ji",
        "nameLocalized": {
          "ja": "金剛福寺"
        },
        "type": "sacred_site",
        "subtype": "temple",
        "templeNumber": 38,
        "stageIndex": 13,
        "kmFromStart": 363.6,
        "icon": "temple",
        "tradition": "buddhist",
        "denomination": "Shingon Buzan",
        "credentialStamp": true,
        "stampFee": {
          "currency": "JPY",
          "amount": 500
        },
        "description": "Cape Ashizuri — southernmost point of Shikoku.",
        "tags": [
          "temple",
          "cape",
          "remote"
        ]
      }
    },
    {
      "type": "Feature",
      "id": "temple-39",
      "geometry": {
        "type": "Point",
        "coordinates": [
          132.774,
          32.961
        ]
      },
      "properties": {
        "routeId": "shikoku-88-tosa",
        "name": "Enko-ji",
        "nameLocalized": {
          "ja": "延光寺"
        },
        "type": "sacred_site",
        "subtype": "temple",
        "templeNumber": 39,
        "stageIndex": 14,
        "kmFromStart": 418.5,
        "icon": "temple",
        "tradition": "buddhist",
        "denomination": "Shingon Chizan",
        "credentialStamp": true,
        "stampFee": {
          "currency": "JPY",
          "amount": 500
        },
        "tags": [
          "temple",
          "phase-boundary"
        ]
      }
    }
  ]
}
