{
  "type": "FeatureCollection",
  "features": [
    {
      "type": "Feature",
      "id": "kumano-kodo-kohechi-main",
      "geometry": {
        "type": "LineString",
        "coordinates": [
          [
            135.5874024,
            34.2128269
          ],
          [
            135.587342,
            34.2126263
          ],
          [
            135.587263,
            34.2125321
          ],
          [
            135.5872071,
            34.2124674
          ],
          [
            135.5870785,
            34.2069448
          ],
          [
            135.5869648,
            34.2069764
          ],
          [
            135.586736,
            34.20704
          ],
          [
            135.586543,
            34.207109
          ],
          [
            135.586362,
            34.207184
          ],
          [
            135.586219,
            34.20727
          ],
          [
            135.586073,
            34.207379
          ],
          [
            135.585999,
            34.207407
          ],
          [
            135.58565,
            34.207397
          ],
          [
            135.58557,
            34.207442
          ],
          [
            135.585545,
            34.207512
          ],
          [
            135.585555,
            34.207566
          ],
          [
            135.585865,
            34.207926
          ],
          [
            135.585887,
            34.207972
          ],
          [
            135.585895,
            34.208002
          ],
          [
            135.585879,
            34.208034
          ],
          [
            135.585804,
            34.208171
          ],
          [
            135.585797,
            34.208212
          ],
          [
            135.585807,
            34.208255
          ],
          [
            135.585938,
            34.208455
          ],
          [
            135.585951,
            34.208496
          ],
          [
            135.585946,
            34.208539
          ],
          [
            135.585907,
            34.208575
          ],
          [
            135.585621,
            34.208697
          ],
          [
            135.585506,
            34.208765
          ],
          [
            135.585461,
            34.208821
          ],
          [
            135.585456,
            34.208881
          ],
          [
            135.585472,
            34.208963
          ],
          [
            135.585573,
            34.209204
          ],
          [
            135.585641,
            34.209351
          ],
          [
            135.585749,
            34.209769
          ],
          [
            135.5858358,
            34.2099492
          ],
          [
            135.5859375,
            34.2101514
          ],
          [
            135.5859599,
            34.210304
          ],
          [
            135.5860309,
            34.210415
          ],
          [
            135.5861794,
            34.210576
          ],
          [
            135.586693,
            34.2109976
          ],
          [
            135.5869664,
            34.2112243
          ],
          [
            135.587102,
            34.2112997
          ],
          [
            135.5870855,
            34.2114005
          ],
          [
            135.5870632,
            34.2114985
          ],
          [
            135.58699,
            34.211894
          ],
          [
            135.5869817,
            34.2120841
          ],
          [
            135.5870357,
            34.2122319
          ],
          [
            135.5872071,
            34.2124674
          ],
          [
            135.589689,
            34.204104
          ],
          [
            135.589662,
            34.204132
          ],
          [
            135.589644,
            34.204196
          ],
          [
            135.589654,
            34.204353
          ],
          [
            135.589679,
            34.204474
          ],
          [
            135.589687,
            34.204682
          ],
          [
            135.589657,
            34.204765
          ],
          [
            135.589587,
            34.204824
          ],
          [
            135.589382,
            34.204959
          ],
          [
            135.58933,
            34.204994
          ],
          [
            135.589297,
            34.205021
          ],
          [
            135.589042,
            34.205308
          ],
          [
            135.588984,
            34.205363
          ],
          [
            135.588937,
            34.205395
          ],
          [
            135.588715,
            34.205453
          ],
          [
            135.588682,
            34.205484
          ],
          [
            135.588679,
            34.205519
          ],
          [
            135.588697,
            34.205568
          ],
          [
            135.58878,
            34.205684
          ],
          [
            135.588935,
            34.205917
          ],
          [
            135.588955,
            34.205957
          ],
          [
            135.588957,
            34.206014
          ],
          [
            135.588917,
            34.206076
          ],
          [
            135.588849,
            34.206127
          ],
          [
            135.588767,
            34.20616
          ],
          [
            135.588422,
            34.206259
          ],
          [
            135.588372,
            34.20629
          ],
          [
            135.588339,
            34.20634
          ],
          [
            135.588279,
            34.206532
          ],
          [
            135.588217,
            34.206617
          ],
          [
            135.588079,
            34.20671
          ],
          [
            135.5878444,
            34.206752
          ],
          [
            135.5875298,
            34.2068759
          ],
          [
            135.58727,
            34.206889
          ],
          [
            135.5871875,
            34.2069119
          ],
          [
            135.5870785,
            34.2069448
          ],
          [
            135.590379,
            34.203872
          ],
          [
            135.590047,
            34.203944
          ],
          [
            135.589835,
            34.203998
          ],
          [
            135.58973,
            34.204061
          ],
          [
            135.589689,
            34.204104
          ],
          [
            135.593874,
            34.2008
          ],
          [
            135.593779,
            34.2008
          ],
          [
            135.593671,
            34.200777
          ],
          [
            135.593596,
            34.200777
          ],
          [
            135.593525,
            34.20079
          ],
          [
            135.59343,
            34.200847
          ],
          [
            135.593303,
            34.200947
          ],
          [
            135.593129,
            34.201087
          ],
          [
            135.592923,
            34.201209
          ],
          [
            135.592829,
            34.20129
          ],
          [
            135.592789,
            34.201369
          ],
          [
            135.592674,
            34.201663
          ],
          [
            135.592572,
            34.20181
          ],
          [
            135.592378,
            34.202033
          ],
          [
            135.591803,
            34.202618
          ],
          [
            135.59131,
            34.203168
          ],
          [
            135.591182,
            34.203254
          ],
          [
            135.59103,
            34.203307
          ],
          [
            135.590839,
            34.203341
          ],
          [
            135.590717,
            34.203395
          ],
          [
            135.590632,
            34.203464
          ],
          [
            135.59057,
            34.203556
          ],
          [
            135.590524,
            34.203732
          ],
          [
            135.590472,
            34.203816
          ],
          [
            135.590379,
            34.203872
          ],
          [
            135.594614,
            34.20039
          ],
          [
            135.594579,
            34.200422
          ],
          [
            135.594319,
            34.200612
          ],
          [
            135.594043,
            34.20077
          ],
          [
            135.593954,
            34.200798
          ],
          [
            135.593874,
            34.2008
          ],
          [
            135.597144,
            34.195411
          ],
          [
            135.596953,
            34.195509
          ],
          [
            135.596599,
            34.195704
          ],
          [
            135.59637,
            34.195891
          ],
          [
            135.596229,
            34.196061
          ],
          [
            135.596106,
            34.196247
          ],
          [
            135.595983,
            34.196354
          ],
          [
            135.595834,
            34.196449
          ],
          [
            135.595731,
            34.196501
          ],
          [
            135.595558,
            34.196567
          ],
          [
            135.595413,
            34.196641
          ],
          [
            135.595291,
            34.196761
          ],
          [
            135.595206,
            34.196895
          ],
          [
            135.59517,
            34.197016
          ],
          [
            135.595166,
            34.197106
          ],
          [
            135.595212,
            34.1973
          ],
          [
            135.595314,
            34.1975
          ],
          [
            135.595318,
            34.197598
          ],
          [
            135.59529,
            34.197664
          ],
          [
            135.595031,
            34.197977
          ],
          [
            135.595007,
            34.198024
          ],
          [
            135.595003,
            34.19807
          ],
          [
            135.595015,
            34.198112
          ],
          [
            135.595245,
            34.198375
          ],
          [
            135.595283,
            34.198448
          ],
          [
            135.595314,
            34.198555
          ],
          [
            135.595335,
            34.198702
          ],
          [
            135.59532,
            34.198772
          ],
          [
            135.595287,
            34.198837
          ],
          [
            135.595066,
            34.199026
          ],
          [
            135.594903,
            34.19918
          ],
          [
            135.594823,
            34.199273
          ],
          [
            135.594778,
            34.199333
          ],
          [
            135.594753,
            34.199402
          ],
          [
            135.594704,
            34.19975
          ],
          [
            135.594665,
            34.200025
          ],
          [
            135.594672,
            34.200288
          ],
          [
            135.594674,
            34.200322
          ],
          [
            135.594655,
            34.200355
          ],
          [
            135.594614,
            34.20039
          ],
          [
            135.597442,
            34.191591
          ],
          [
            135.597426,
            34.191671
          ],
          [
            135.597417,
            34.191783
          ],
          [
            135.597414,
            34.19189
          ],
          [
            135.597429,
            34.191966
          ],
          [
            135.597589,
            34.192388
          ],
          [
            135.597669,
            34.19269
          ],
          [
            135.597687,
            34.192797
          ],
          [
            135.59769,
            34.192886
          ],
          [
            135.597598,
            34.19319
          ],
          [
            135.597555,
            34.193314
          ],
          [
            135.597552,
            34.193454
          ],
          [
            135.597601,
            34.19372
          ],
          [
            135.597604,
            34.19382
          ],
          [
            135.597586,
            34.193921
          ],
          [
            135.597435,
            34.194505
          ],
          [
            135.597246,
            34.19525
          ],
          [
            135.597208,
            34.195345
          ],
          [
            135.597144,
            34.195411
          ],
          [
            135.606589,
            34.183784
          ],
          [
            135.606472,
            34.183728
          ],
          [
            135.606383,
            34.183641
          ],
          [
            135.606223,
            34.183312
          ],
          [
            135.606191,
            34.18331
          ],
          [
            135.605946,
            34.183565
          ],
          [
            135.605634,
            34.1837
          ],
          [
            135.605478,
            34.183768
          ],
          [
            135.605343,
            34.183993
          ],
          [
            135.605126,
            34.184258
          ],
          [
            135.605058,
            34.184343
          ],
          [
            135.604902,
            34.18454
          ],
          [
            135.604786,
            34.184585
          ],
          [
            135.604717,
            34.184517
          ],
          [
            135.604698,
            34.184404
          ],
          [
            135.604698,
            34.18419
          ],
          [
            135.604651,
            34.183852
          ],
          [
            135.604509,
            34.183988
          ],
          [
            135.604407,
            34.184162
          ],
          [
            135.604324,
            34.184467
          ],
          [
            135.604298,
            34.184698
          ],
          [
            135.604319,
            34.184821
          ],
          [
            135.604474,
            34.185453
          ],
          [
            135.604569,
            34.185752
          ],
          [
            135.604617,
            34.185908
          ],
          [
            135.604596,
            34.185966
          ],
          [
            135.604535,
            34.185966
          ],
          [
            135.604474,
            34.185938
          ],
          [
            135.604176,
            34.185639
          ],
          [
            135.604142,
            34.185616
          ],
          [
            135.604129,
            34.185599
          ],
          [
            135.603946,
            34.185481
          ],
          [
            135.603796,
            34.185357
          ],
          [
            135.603661,
            34.185222
          ],
          [
            135.603599,
            34.185226
          ],
          [
            135.603565,
            34.185249
          ],
          [
            135.60351,
            34.18532
          ],
          [
            135.603498,
            34.18547
          ],
          [
            135.603491,
            34.185656
          ],
          [
            135.603478,
            34.185723
          ],
          [
            135.603403,
            34.185853
          ],
          [
            135.60326,
            34.186124
          ],
          [
            135.603254,
            34.186242
          ],
          [
            135.603266,
            34.186432
          ],
          [
            135.603233,
            34.186663
          ],
          [
            135.603173,
            34.186822
          ],
          [
            135.603078,
            34.186923
          ],
          [
            135.602941,
            34.187019
          ],
          [
            135.602698,
            34.187227
          ],
          [
            135.602595,
            34.187279
          ],
          [
            135.602418,
            34.187397
          ],
          [
            135.602303,
            34.187497
          ],
          [
            135.602229,
            34.18756
          ],
          [
            135.601842,
            34.187814
          ],
          [
            135.601306,
            34.18809
          ],
          [
            135.600791,
            34.1884
          ],
          [
            135.600527,
            34.18857
          ],
          [
            135.600216,
            34.188756
          ],
          [
            135.599788,
            34.18906
          ],
          [
            135.599331,
            34.18944
          ],
          [
            135.599266,
            34.189567
          ],
          [
            135.599286,
            34.189629
          ],
          [
            135.599368,
            34.189719
          ],
          [
            135.599497,
            34.189821
          ],
          [
            135.599592,
            34.189917
          ],
          [
            135.599644,
            34.190042
          ],
          [
            135.599571,
            34.19016
          ],
          [
            135.599434,
            34.190248
          ],
          [
            135.599191,
            34.190261
          ],
          [
            135.599015,
            34.190227
          ],
          [
            135.598747,
            34.190241
          ],
          [
            135.598615,
            34.190306
          ],
          [
            135.598418,
            34.190469
          ],
          [
            135.598208,
            34.190638
          ],
          [
            135.597891,
            34.190849
          ],
          [
            135.597896,
            34.190884
          ],
          [
            135.598154,
            34.191038
          ],
          [
            135.598188,
            34.191106
          ],
          [
            135.598188,
            34.19123
          ],
          [
            135.598167,
            34.191303
          ],
          [
            135.598079,
            34.191461
          ],
          [
            135.598066,
            34.191523
          ],
          [
            135.59812,
            34.191563
          ],
          [
            135.598492,
            34.191589
          ],
          [
            135.598596,
            34.191643
          ],
          [
            135.598561,
            34.1917
          ],
          [
            135.598174,
            34.191777
          ],
          [
            135.597951,
            34.191766
          ],
          [
            135.597808,
            34.191726
          ],
          [
            135.597578,
            34.191625
          ],
          [
            135.597516,
            34.191608
          ],
          [
            135.597442,
            34.191591
          ],
          [
            135.606589,
            34.183784
          ],
          [
            135.606944,
            34.18379
          ],
          [
            135.608949,
            34.183303
          ],
          [
            135.608923,
            34.183306
          ],
          [
            135.608774,
            34.183328
          ],
          [
            135.608537,
            34.183373
          ],
          [
            135.608326,
            34.183452
          ],
          [
            135.608191,
            34.183525
          ],
          [
            135.607899,
            34.183706
          ],
          [
            135.607798,
            34.183728
          ],
          [
            135.607587,
            34.183739
          ],
          [
            135.607279,
            34.183749
          ],
          [
            135.607174,
            34.183824
          ],
          [
            135.607093,
            34.183953
          ],
          [
            135.607038,
            34.183948
          ],
          [
            135.607031,
            34.183892
          ],
          [
            135.606997,
            34.183813
          ],
          [
            135.606944,
            34.18379
          ],
          [
            135.608949,
            34.183303
          ],
          [
            135.608948,
            34.183283
          ],
          [
            135.608979,
            34.183243
          ],
          [
            135.609011,
            34.183227
          ],
          [
            135.609168,
            34.18317
          ],
          [
            135.60936,
            34.183119
          ],
          [
            135.609655,
            34.182956
          ],
          [
            135.609684,
            34.182918
          ],
          [
            135.609683,
            34.18288
          ],
          [
            135.609653,
            34.182851
          ],
          [
            135.609317,
            34.182693
          ],
          [
            135.609289,
            34.182651
          ],
          [
            135.609286,
            34.182613
          ],
          [
            135.609288,
            34.182578
          ],
          [
            135.609311,
            34.182531
          ],
          [
            135.609377,
            34.182479
          ],
          [
            135.609675,
            34.18235
          ],
          [
            135.609736,
            34.18231
          ],
          [
            135.609783,
            34.182271
          ],
          [
            135.609852,
            34.182178
          ],
          [
            135.609928,
            34.182122
          ],
          [
            135.610178,
            34.18203
          ],
          [
            135.610212,
            34.182008
          ],
          [
            135.610232,
            34.181975
          ],
          [
            135.610234,
            34.181885
          ],
          [
            135.610212,
            34.181842
          ],
          [
            135.610162,
            34.181818
          ],
          [
            135.609505,
            34.18181
          ],
          [
            135.609433,
            34.181793
          ],
          [
            135.609317,
            34.18172
          ],
          [
            135.609201,
            34.18163
          ],
          [
            135.609134,
            34.181558
          ],
          [
            135.61678,
            34.1726266
          ],
          [
            135.61683,
            34.173064
          ],
          [
            135.616824,
            34.173205
          ],
          [
            135.616818,
            34.173216
          ],
          [
            135.616755,
            34.173301
          ],
          [
            135.616633,
            34.173391
          ],
          [
            135.616572,
            34.173464
          ],
          [
            135.616369,
            34.173605
          ],
          [
            135.616275,
            34.173746
          ],
          [
            135.616145,
            34.173983
          ],
          [
            135.616112,
            34.174051
          ],
          [
            135.61588,
            34.174355
          ],
          [
            135.615575,
            34.17467
          ],
          [
            135.615453,
            34.174777
          ],
          [
            135.615195,
            34.174968
          ],
          [
            135.614755,
            34.175222
          ],
          [
            135.614505,
            34.175329
          ],
          [
            135.614295,
            34.175385
          ],
          [
            135.614043,
            34.175425
          ],
          [
            135.613563,
            34.175437
          ],
          [
            135.613184,
            34.175372
          ],
          [
            135.613021,
            34.175374
          ],
          [
            135.612944,
            34.17543
          ],
          [
            135.612877,
            34.175589
          ],
          [
            135.612733,
            34.175757
          ],
          [
            135.612524,
            34.175877
          ],
          [
            135.612369,
            34.175927
          ],
          [
            135.612225,
            34.17595
          ],
          [
            135.612006,
            34.175921
          ],
          [
            135.611765,
            34.175837
          ],
          [
            135.611629,
            34.175792
          ],
          [
            135.611379,
            34.17582
          ],
          [
            135.611128,
            34.176012
          ],
          [
            135.611073,
            34.17608
          ],
          [
            135.611067,
            34.176152
          ],
          [
            135.611114,
            34.176287
          ],
          [
            135.611256,
            34.176446
          ],
          [
            135.611379,
            34.176581
          ],
          [
            135.61146,
            34.176682
          ],
          [
            135.611494,
            34.176761
          ],
          [
            135.611494,
            34.176907
          ],
          [
            135.611379,
            34.177258
          ],
          [
            135.611284,
            34.177483
          ],
          [
            135.611134,
            34.177675
          ],
          [
            135.611019,
            34.177799
          ],
          [
            135.610764,
            34.177968
          ],
          [
            135.610683,
            34.178098
          ],
          [
            135.61068,
            34.178103
          ],
          [
            135.610653,
            34.178244
          ],
          [
            135.610592,
            34.178396
          ],
          [
            135.610571,
            34.178672
          ],
          [
            135.610524,
            34.178723
          ],
          [
            135.610409,
            34.178774
          ],
          [
            135.610185,
            34.178847
          ],
          [
            135.610022,
            34.178853
          ],
          [
            135.609792,
            34.178775
          ],
          [
            135.609561,
            34.178757
          ],
          [
            135.609466,
            34.178768
          ],
          [
            135.609378,
            34.178796
          ],
          [
            135.609093,
            34.178932
          ],
          [
            135.608815,
            34.179044
          ],
          [
            135.608422,
            34.179146
          ],
          [
            135.60834,
            34.179179
          ],
          [
            135.608164,
            34.179275
          ],
          [
            135.608069,
            34.179349
          ],
          [
            135.607961,
            34.179597
          ],
          [
            135.60792,
            34.179721
          ],
          [
            135.60792,
            34.179861
          ],
          [
            135.607947,
            34.179923
          ],
          [
            135.608015,
            34.180008
          ],
          [
            135.608313,
            34.180228
          ],
          [
            135.608442,
            34.180341
          ],
          [
            135.609106,
            34.180728
          ],
          [
            135.609229,
            34.180847
          ],
          [
            135.609283,
            34.180943
          ],
          [
            135.60933,
            34.181152
          ],
          [
            135.609323,
            34.181287
          ],
          [
            135.609276,
            34.181395
          ],
          [
            135.609208,
            34.181485
          ],
          [
            135.609134,
            34.181558
          ],
          [
            135.6202367,
            34.1589083
          ],
          [
            135.6203933,
            34.1592267
          ],
          [
            135.6205316,
            34.1593133
          ],
          [
            135.621205,
            34.1592833
          ],
          [
            135.62141,
            34.1593533
          ],
          [
            135.62153,
            34.1595217
          ],
          [
            135.6216317,
            34.1598266
          ],
          [
            135.621805,
            34.1600033
          ],
          [
            135.6221333,
            34.1601984
          ],
          [
            135.6222933,
            34.16039
          ],
          [
            135.6223064,
            34.160434
          ],
          [
            135.6226333,
            34.1615334
          ],
          [
            135.62265,
            34.1625483
          ],
          [
            135.6225517,
            34.1627867
          ],
          [
            135.6224583,
            34.16288
          ],
          [
            135.6217484,
            34.1631267
          ],
          [
            135.6209267,
            34.1644267
          ],
          [
            135.6204733,
            34.1655584
          ],
          [
            135.6202767,
            34.1657666
          ],
          [
            135.6200467,
            34.1659367
          ],
          [
            135.6199617,
            34.1660383
          ],
          [
            135.6199217,
            34.1661517
          ],
          [
            135.6199317,
            34.1662683
          ],
          [
            135.6201583,
            34.1667483
          ],
          [
            135.6201716,
            34.16701
          ],
          [
            135.62003,
            34.167515
          ],
          [
            135.6198566,
            34.1678983
          ],
          [
            135.61983,
            34.1680317
          ],
          [
            135.61997,
            34.1684817
          ],
          [
            135.6199733,
            34.1685917
          ],
          [
            135.6198617,
            34.168795
          ],
          [
            135.6194233,
            34.169165
          ],
          [
            135.6192583,
            34.1694216
          ],
          [
            135.6190884,
            34.17016
          ],
          [
            135.618855,
            34.1705934
          ],
          [
            135.6186134,
            34.1708117
          ],
          [
            135.618155,
            34.1710333
          ],
          [
            135.617555,
            34.1715434
          ],
          [
            135.61683,
            34.17182
          ],
          [
            135.6165884,
            34.1719767
          ],
          [
            135.61649,
            34.1720734
          ],
          [
            135.6164434,
            34.172195
          ],
          [
            135.61644,
            34.17231
          ],
          [
            135.61648,
            34.17242
          ],
          [
            135.616665,
            34.172585
          ],
          [
            135.61678,
            34.1726266
          ],
          [
            135.616699,
            34.154355
          ],
          [
            135.616714,
            34.154667
          ],
          [
            135.616781,
            34.155097
          ],
          [
            135.616854,
            34.155297
          ],
          [
            135.616945,
            34.155445
          ],
          [
            135.617136,
            34.155673
          ],
          [
            135.617346,
            34.15587
          ],
          [
            135.617591,
            34.156063
          ],
          [
            135.617805,
            34.15621
          ],
          [
            135.617941,
            34.156278
          ],
          [
            135.6181205,
            34.1563785
          ],
          [
            135.618254,
            34.1565065
          ],
          [
            135.6184166,
            34.156624
          ],
          [
            135.618524,
            34.156773
          ],
          [
            135.6187421,
            34.1570936
          ],
          [
            135.6189842,
            34.1571395
          ],
          [
            135.6192562,
            34.1572334
          ],
          [
            135.6193975,
            34.1573139
          ],
          [
            135.6195054,
            34.1574015
          ],
          [
            135.619705,
            34.157496
          ],
          [
            135.619786,
            34.157511
          ],
          [
            135.619895,
            34.157529
          ],
          [
            135.6200236,
            34.1574809
          ],
          [
            135.620112,
            34.1575266
          ],
          [
            135.6201454,
            34.1576049
          ],
          [
            135.6202398,
            34.1578125
          ],
          [
            135.620331,
            34.1579174
          ],
          [
            135.6205113,
            34.1580244
          ],
          [
            135.6205855,
            34.1581847
          ],
          [
            135.620588,
            34.158426
          ],
          [
            135.620568,
            34.158637
          ],
          [
            135.620413,
            34.158833
          ],
          [
            135.6202367,
            34.1589083
          ],
          [
            135.616699,
            34.154355
          ],
          [
            135.616876,
            34.154235
          ],
          [
            135.616979,
            34.154124
          ],
          [
            135.617039,
            34.154012
          ],
          [
            135.617109,
            34.153839
          ],
          [
            135.617133,
            34.153664
          ],
          [
            135.617123,
            34.153544
          ],
          [
            135.617068,
            34.153397
          ],
          [
            135.616909,
            34.153187
          ],
          [
            135.6169,
            34.153125
          ],
          [
            135.616909,
            34.153035
          ],
          [
            135.616974,
            34.152873
          ],
          [
            135.616998,
            34.152649
          ],
          [
            135.617035,
            34.152499
          ],
          [
            135.617119,
            34.152249
          ],
          [
            135.617161,
            34.152048
          ],
          [
            135.617174,
            34.151854
          ],
          [
            135.617226,
            34.151653
          ],
          [
            135.617352,
            34.151353
          ],
          [
            135.617483,
            34.151113
          ],
          [
            135.61765,
            34.150834
          ],
          [
            135.617856,
            34.150566
          ],
          [
            135.618103,
            34.150306
          ],
          [
            135.618294,
            34.150046
          ],
          [
            135.618405,
            34.149848
          ],
          [
            135.618503,
            34.149581
          ],
          [
            135.618568,
            34.149366
          ],
          [
            135.618583,
            34.149246
          ],
          [
            135.618526,
            34.149092
          ],
          [
            135.618513,
            34.14896
          ],
          [
            135.618545,
            34.148654
          ],
          [
            135.618531,
            34.147801
          ],
          [
            135.61855,
            34.147479
          ],
          [
            135.618601,
            34.147277
          ],
          [
            135.618606,
            34.147168
          ],
          [
            135.618587,
            34.146959
          ],
          [
            135.618587,
            34.146865
          ],
          [
            135.618615,
            34.146773
          ],
          [
            135.618749,
            34.146588
          ],
          [
            135.618811,
            34.146502
          ],
          [
            135.618891,
            34.146342
          ],
          [
            135.61897,
            34.146245
          ],
          [
            135.61917,
            34.146075
          ],
          [
            135.619282,
            34.145978
          ],
          [
            135.619544,
            34.145712
          ],
          [
            135.619674,
            34.145605
          ],
          [
            135.619972,
            34.14543
          ],
          [
            135.62028,
            34.145227
          ],
          [
            135.620373,
            34.14512
          ],
          [
            135.620447,
            34.144965
          ],
          [
            135.620517,
            34.14477
          ],
          [
            135.620526,
            34.14455
          ],
          [
            135.620523,
            34.144528
          ],
          [
            135.620591,
            34.144253
          ],
          [
            135.620697,
            34.143771
          ],
          [
            135.620728,
            34.143607
          ],
          [
            135.620779,
            34.143375
          ],
          [
            135.620772,
            34.143271
          ],
          [
            135.620747,
            34.143135
          ],
          [
            135.620678,
            34.142955
          ],
          [
            135.620587,
            34.142854
          ],
          [
            135.620377,
            34.142672
          ],
          [
            135.620121,
            34.142513
          ],
          [
            135.620056,
            34.142381
          ],
          [
            135.619851,
            34.142037
          ],
          [
            135.619589,
            34.141664
          ],
          [
            135.619394,
            34.141513
          ],
          [
            135.619221,
            34.141447
          ],
          [
            135.61903,
            34.141404
          ],
          [
            135.618844,
            34.141373
          ],
          [
            135.617837,
            34.139232
          ],
          [
            135.617909,
            34.139716
          ],
          [
            135.617921,
            34.140133
          ],
          [
            135.617955,
            34.140518
          ],
          [
            135.618019,
            34.140768
          ],
          [
            135.6181,
            34.140936
          ],
          [
            135.618332,
            34.141173
          ],
          [
            135.618523,
            34.141298
          ],
          [
            135.618662,
            34.141346
          ],
          [
            135.618844,
            34.141373
          ],
          [
            135.617837,
            34.139232
          ],
          [
            135.617539,
            34.139011
          ],
          [
            135.617307,
            34.1387
          ],
          [
            135.617139,
            34.138579
          ],
          [
            135.616826,
            34.138309
          ],
          [
            135.616537,
            34.138097
          ],
          [
            135.616288,
            34.137914
          ],
          [
            135.616201,
            34.137817
          ],
          [
            135.616138,
            34.137697
          ],
          [
            135.616143,
            34.137581
          ],
          [
            135.616195,
            34.137475
          ],
          [
            135.616375,
            34.137322
          ],
          [
            135.61666,
            34.137078
          ],
          [
            135.616902,
            34.136803
          ],
          [
            135.617046,
            34.136564
          ],
          [
            135.617332,
            34.135825
          ],
          [
            135.617357,
            34.135579
          ],
          [
            135.617392,
            34.135396
          ],
          [
            135.617468,
            34.135094
          ],
          [
            135.617571,
            34.134742
          ],
          [
            135.617744,
            34.134349
          ],
          [
            135.617907,
            34.134074
          ],
          [
            135.617947,
            34.134021
          ],
          [
            135.617963,
            34.133695
          ],
          [
            135.617936,
            34.133239
          ],
          [
            135.617919,
            34.132935
          ],
          [
            135.6176582,
            34.1326603
          ],
          [
            135.618111,
            34.132016
          ],
          [
            135.61846,
            34.131468
          ],
          [
            135.6185671,
            34.1313364
          ],
          [
            135.6186878,
            34.1311201
          ],
          [
            135.6188611,
            34.1309881
          ],
          [
            135.6190991,
            34.1308296
          ],
          [
            135.61938,
            34.1306771
          ],
          [
            135.6196941,
            34.130567
          ],
          [
            135.6200785,
            34.1304674
          ],
          [
            135.620222,
            34.1304044
          ],
          [
            135.6204651,
            34.1302405
          ],
          [
            135.6207222,
            34.1301545
          ],
          [
            135.6210532,
            34.1298806
          ],
          [
            135.6214971,
            34.129772
          ],
          [
            135.6216827,
            34.1296969
          ],
          [
            135.621869,
            34.1296844
          ],
          [
            135.6220893,
            34.1297342
          ],
          [
            135.6253511,
            34.1241909
          ],
          [
            135.625125,
            34.124543
          ],
          [
            135.624747,
            34.125236
          ],
          [
            135.624648,
            34.125484
          ],
          [
            135.624626,
            34.125607
          ],
          [
            135.624615,
            34.125726
          ],
          [
            135.624681,
            34.126409
          ],
          [
            135.624642,
            34.126561
          ],
          [
            135.62445,
            34.126926
          ],
          [
            135.6244287,
            34.1270034
          ],
          [
            135.624396,
            34.127122
          ],
          [
            135.624225,
            34.128139
          ],
          [
            135.624154,
            34.128706
          ],
          [
            135.62417,
            34.12904
          ],
          [
            135.62428,
            34.129295
          ],
          [
            135.624346,
            34.129403
          ],
          [
            135.624673,
            34.129668
          ],
          [
            135.6247389,
            34.1297714
          ],
          [
            135.6247399,
            34.1298868
          ],
          [
            135.6246498,
            34.1299873
          ],
          [
            135.6244127,
            34.1299521
          ],
          [
            135.6240726,
            34.1297267
          ],
          [
            135.623806,
            34.1295413
          ],
          [
            135.6237021,
            34.1295111
          ],
          [
            135.6234571,
            34.1293856
          ],
          [
            135.6231799,
            34.1294086
          ],
          [
            135.6229536,
            34.1294666
          ],
          [
            135.6227873,
            34.1295636
          ],
          [
            135.6225994,
            34.1297207
          ],
          [
            135.6223784,
            34.1297064
          ],
          [
            135.6223601,
            34.1297052
          ],
          [
            135.6220893,
            34.1297342
          ],
          [
            135.6253511,
            34.1241909
          ],
          [
            135.625396,
            34.12405
          ],
          [
            135.625565,
            34.123745
          ],
          [
            135.6254841,
            34.1234051
          ],
          [
            135.625556,
            34.1231806
          ],
          [
            135.6254757,
            34.1230536
          ],
          [
            135.6254845,
            34.1229151
          ],
          [
            135.6253384,
            34.1228267
          ],
          [
            135.6252127,
            34.1225844
          ],
          [
            135.6249934,
            34.1224082
          ],
          [
            135.6247806,
            34.1223506
          ],
          [
            135.624364,
            34.1218783
          ],
          [
            135.624129,
            34.1218357
          ],
          [
            135.6239829,
            34.121733
          ],
          [
            135.6237388,
            34.1216169
          ],
          [
            135.6236271,
            34.1215183
          ],
          [
            135.6236824,
            34.1211988
          ],
          [
            135.6233723,
            34.1208669
          ],
          [
            135.6230292,
            34.1206506
          ],
          [
            135.6225603,
            34.1205106
          ],
          [
            135.6224971,
            34.1204277
          ],
          [
            135.6228107,
            34.1202156
          ],
          [
            135.622908,
            34.1199579
          ],
          [
            135.6232571,
            34.1192541
          ],
          [
            135.6232216,
            34.1189541
          ],
          [
            135.6231261,
            34.1186976
          ],
          [
            135.623168,
            34.118535
          ],
          [
            135.623267,
            34.118105
          ],
          [
            135.623517,
            34.117571
          ],
          [
            135.623587,
            34.117209
          ],
          [
            135.623517,
            34.116956
          ],
          [
            135.623499,
            34.11669
          ],
          [
            135.623384,
            34.11633
          ],
          [
            135.623325,
            34.116144
          ],
          [
            135.623302,
            34.115866
          ],
          [
            135.623593,
            34.115291
          ],
          [
            135.623616,
            34.11516
          ],
          [
            135.623575,
            34.114928
          ],
          [
            135.623628,
            34.114769
          ],
          [
            135.623761,
            34.114643
          ],
          [
            135.62382,
            34.114566
          ],
          [
            135.623843,
            34.1141
          ],
          [
            135.623889,
            34.11399
          ],
          [
            135.624011,
            34.113917
          ],
          [
            135.624742,
            34.113672
          ],
          [
            135.624955,
            34.113542
          ],
          [
            135.625287,
            34.113222
          ],
          [
            135.626336,
            34.111524
          ],
          [
            135.626258,
            34.11184
          ],
          [
            135.626194,
            34.111949
          ],
          [
            135.625965,
            34.112311
          ],
          [
            135.625743,
            34.112652
          ],
          [
            135.625402,
            34.112957
          ],
          [
            135.625325,
            34.113074
          ],
          [
            135.625295,
            34.113137
          ],
          [
            135.625287,
            34.113222
          ],
          [
            135.63112,
            34.106179
          ],
          [
            135.630937,
            34.106293
          ],
          [
            135.630865,
            34.106321
          ],
          [
            135.63082,
            34.106321
          ],
          [
            135.630758,
            34.10626
          ],
          [
            135.630689,
            34.106257
          ],
          [
            135.630647,
            34.106324
          ],
          [
            135.630555,
            34.10633
          ],
          [
            135.630505,
            34.106369
          ],
          [
            135.630315,
            34.106686
          ],
          [
            135.630185,
            34.106941
          ],
          [
            135.63014,
            34.10691
          ],
          [
            135.630115,
            34.106536
          ],
          [
            135.6300899,
            34.1064783
          ],
          [
            135.630072,
            34.106437
          ],
          [
            135.630002,
            34.106458
          ],
          [
            135.62991,
            34.106629
          ],
          [
            135.629822,
            34.106738
          ],
          [
            135.629722,
            34.106713
          ],
          [
            135.62959,
            34.106744
          ],
          [
            135.629503,
            34.10706
          ],
          [
            135.62941,
            34.107221
          ],
          [
            135.629033,
            34.107395
          ],
          [
            135.628883,
            34.107504
          ],
          [
            135.628702,
            34.108049
          ],
          [
            135.628496,
            34.108278
          ],
          [
            135.628458,
            34.108403
          ],
          [
            135.628539,
            34.108724
          ],
          [
            135.628508,
            34.108891
          ],
          [
            135.628372,
            34.109093
          ],
          [
            135.628375,
            34.109236
          ],
          [
            135.628393,
            34.109461
          ],
          [
            135.628332,
            34.109589
          ],
          [
            135.628134,
            34.109676
          ],
          [
            135.62782,
            34.109809
          ],
          [
            135.62724,
            34.110307
          ],
          [
            135.626951,
            34.110716
          ],
          [
            135.626677,
            34.111008
          ],
          [
            135.626336,
            34.111524
          ],
          [
            135.6310687,
            34.1058373
          ],
          [
            135.63112,
            34.106179
          ],
          [
            135.6310687,
            34.1058373
          ],
          [
            135.6310296,
            34.1055272
          ],
          [
            135.6310244,
            34.1054861
          ],
          [
            135.6309753,
            34.1054557
          ],
          [
            135.6309274,
            34.1053606
          ],
          [
            135.63065,
            34.105355
          ],
          [
            135.6303912,
            34.1052857
          ],
          [
            135.629952,
            34.105168
          ],
          [
            135.629847,
            34.1051
          ],
          [
            135.629855,
            34.105025
          ],
          [
            135.62993,
            34.104981
          ],
          [
            135.630335,
            34.104988
          ],
          [
            135.6303822,
            34.1049797
          ],
          [
            135.630477,
            34.104963
          ],
          [
            135.630762,
            34.105019
          ],
          [
            135.63077,
            34.104906
          ],
          [
            135.6306216,
            34.1046843
          ],
          [
            135.630612,
            34.10467
          ],
          [
            135.630665,
            34.104676
          ],
          [
            135.630873,
            34.104782
          ],
          [
            135.630918,
            34.104719
          ],
          [
            135.630807,
            34.104539
          ],
          [
            135.630792,
            34.104495
          ],
          [
            135.630882,
            34.1045
          ],
          [
            135.631233,
            34.104757
          ],
          [
            135.6314492,
            34.1049256
          ],
          [
            135.6314523,
            34.1048348
          ],
          [
            135.6315907,
            34.1049619
          ],
          [
            135.6316616,
            34.1049489
          ],
          [
            135.6315841,
            34.1046821
          ],
          [
            135.631678,
            34.104475
          ],
          [
            135.6318614,
            34.1043753
          ],
          [
            135.6319281,
            34.1043423
          ],
          [
            135.6319949,
            34.1043301
          ],
          [
            135.6319686,
            34.1044171
          ],
          [
            135.632067,
            34.104706
          ],
          [
            135.632157,
            34.104687
          ],
          [
            135.63221,
            34.104606
          ],
          [
            135.63227,
            34.104156
          ],
          [
            135.632337,
            34.1041
          ],
          [
            135.63242,
            34.10417
          ],
          [
            135.632577,
            34.10445
          ],
          [
            135.632772,
            34.104631
          ],
          [
            135.632992,
            34.104762
          ],
          [
            135.633118,
            34.104836
          ],
          [
            135.633238,
            34.104961
          ],
          [
            135.633305,
            34.104949
          ],
          [
            135.633313,
            34.10488
          ],
          [
            135.633253,
            34.104556
          ],
          [
            135.63332,
            34.10445
          ],
          [
            135.633657,
            34.104219
          ],
          [
            135.633747,
            34.104163
          ],
          [
            135.633837,
            34.104213
          ],
          [
            135.633717,
            34.104481
          ],
          [
            135.633762,
            34.104488
          ],
          [
            135.633859,
            34.10445
          ],
          [
            135.634024,
            34.104275
          ],
          [
            135.634114,
            34.104256
          ],
          [
            135.634129,
            34.104375
          ],
          [
            135.634212,
            34.104375
          ],
          [
            135.634332,
            34.104275
          ],
          [
            135.634377,
            34.104163
          ],
          [
            135.63418,
            34.103643
          ],
          [
            135.634085,
            34.103388
          ],
          [
            135.634143,
            34.103141
          ],
          [
            135.63441,
            34.102975
          ],
          [
            135.634612,
            34.102878
          ],
          [
            135.634689,
            34.102663
          ],
          [
            135.634737,
            34.102505
          ],
          [
            135.635034,
            34.102241
          ],
          [
            135.635158,
            34.102122
          ],
          [
            135.63513,
            34.101946
          ],
          [
            135.635034,
            34.101715
          ],
          [
            135.635101,
            34.101278
          ],
          [
            135.635005,
            34.101063
          ],
          [
            135.634975,
            34.100888
          ],
          [
            135.6349,
            34.100721
          ],
          [
            135.634727,
            34.100481
          ],
          [
            135.634708,
            34.100394
          ],
          [
            135.634833,
            34.100314
          ],
          [
            135.635235,
            34.100386
          ],
          [
            135.635661,
            34.100654
          ],
          [
            135.636111,
            34.100646
          ],
          [
            135.63637,
            34.100694
          ],
          [
            135.636849,
            34.100798
          ],
          [
            135.637079,
            34.100726
          ],
          [
            135.637228,
            34.100647
          ],
          [
            135.637395,
            34.100558
          ],
          [
            135.637625,
            34.100375
          ],
          [
            135.637845,
            34.100113
          ],
          [
            135.637924,
            34.099623
          ],
          [
            135.637963,
            34.099408
          ],
          [
            135.638202,
            34.099201
          ],
          [
            135.63848,
            34.099097
          ],
          [
            135.638624,
            34.098986
          ],
          [
            135.63872,
            34.098787
          ],
          [
            135.638672,
            34.098428
          ],
          [
            135.63871,
            34.098253
          ],
          [
            135.638999,
            34.098058
          ],
          [
            135.639104,
            34.097891
          ],
          [
            135.639008,
            34.09766
          ],
          [
            135.639008,
            34.097516
          ],
          [
            135.639104,
            34.097349
          ],
          [
            135.639258,
            34.097285
          ],
          [
            135.639488,
            34.097301
          ],
          [
            135.639689,
            34.097293
          ],
          [
            135.640034,
            34.097158
          ],
          [
            135.64057,
            34.097182
          ],
          [
            135.640752,
            34.09711
          ],
          [
            135.640973,
            34.096799
          ],
          [
            135.641155,
            34.096632
          ],
          [
            135.642065,
            34.096393
          ],
          [
            135.642266,
            34.096313
          ],
          [
            135.642276,
            34.096034
          ],
          [
            135.64217,
            34.095886
          ],
          [
            135.641931,
            34.095416
          ],
          [
            135.641758,
            34.095106
          ],
          [
            135.641653,
            34.094907
          ],
          [
            135.641701,
            34.094747
          ],
          [
            135.641806,
            34.094572
          ],
          [
            135.642051,
            34.094462
          ],
          [
            135.642266,
            34.094365
          ],
          [
            135.642448,
            34.094246
          ],
          [
            135.642534,
            34.094117
          ],
          [
            135.642515,
            34.093711
          ],
          [
            135.642582,
            34.093444
          ],
          [
            135.642371,
            34.093038
          ],
          [
            135.64239,
            34.092886
          ],
          [
            135.642563,
            34.092631
          ],
          [
            135.642457,
            34.092393
          ],
          [
            135.642448,
            34.092258
          ],
          [
            135.642648,
            34.091769
          ],
          [
            135.642677,
            34.091346
          ],
          [
            135.642571,
            34.090781
          ],
          [
            135.642399,
            34.090574
          ],
          [
            135.642111,
            34.090327
          ],
          [
            135.641901,
            34.089945
          ],
          [
            135.641566,
            34.089722
          ],
          [
            135.641163,
            34.089343
          ],
          [
            135.640923,
            34.089
          ],
          [
            135.640894,
            34.088761
          ],
          [
            135.64099,
            34.088506
          ],
          [
            135.641172,
            34.088267
          ],
          [
            135.641498,
            34.08802
          ],
          [
            135.641613,
            34.087901
          ],
          [
            135.641623,
            34.087717
          ],
          [
            135.641565,
            34.08755
          ],
          [
            135.641239,
            34.087383
          ],
          [
            135.641105,
            34.087311
          ],
          [
            135.641105,
            34.086857
          ],
          [
            135.641055,
            34.086658
          ],
          [
            135.640988,
            34.086389
          ],
          [
            135.640968,
            34.086147
          ],
          [
            135.640941,
            34.086095
          ],
          [
            135.640731,
            34.085853
          ],
          [
            135.640731,
            34.085757
          ],
          [
            135.640873,
            34.085532
          ],
          [
            135.64111,
            34.085232
          ],
          [
            135.641178,
            34.08517
          ],
          [
            135.641333,
            34.084997
          ],
          [
            135.641475,
            34.084855
          ],
          [
            135.641807,
            34.084607
          ],
          [
            135.642396,
            34.084275
          ],
          [
            135.642626,
            34.08419
          ],
          [
            135.642856,
            34.084128
          ],
          [
            135.643161,
            34.084072
          ],
          [
            135.643296,
            34.08402
          ],
          [
            135.643391,
            34.083902
          ],
          [
            135.643479,
            34.083772
          ],
          [
            135.64356,
            34.083615
          ],
          [
            135.643662,
            34.083361
          ],
          [
            135.643689,
            34.083237
          ],
          [
            135.643689,
            34.08296
          ],
          [
            135.643635,
            34.082736
          ],
          [
            135.643594,
            34.082668
          ],
          [
            135.643533,
            34.082528
          ],
          [
            135.643545,
            34.082394
          ],
          [
            135.643594,
            34.082296
          ],
          [
            135.643709,
            34.082167
          ],
          [
            135.644001,
            34.081891
          ],
          [
            135.644068,
            34.08184
          ],
          [
            135.644208,
            34.081708
          ],
          [
            135.644406,
            34.081547
          ],
          [
            135.644457,
            34.081511
          ],
          [
            135.644515,
            34.081479
          ],
          [
            135.644677,
            34.081378
          ],
          [
            135.644846,
            34.081299
          ],
          [
            135.645043,
            34.081225
          ],
          [
            135.645232,
            34.081197
          ],
          [
            135.645591,
            34.081197
          ],
          [
            135.645794,
            34.081208
          ],
          [
            135.645943,
            34.081197
          ],
          [
            135.64599,
            34.081186
          ],
          [
            135.646049,
            34.081167
          ],
          [
            135.646272,
            34.081195
          ],
          [
            135.646557,
            34.081169
          ],
          [
            135.646796,
            34.081051
          ],
          [
            135.64698,
            34.080927
          ],
          [
            135.64733,
            34.080661
          ],
          [
            135.647438,
            34.080599
          ],
          [
            135.64755,
            34.080552
          ],
          [
            135.64769,
            34.080518
          ],
          [
            135.647797,
            34.080494
          ],
          [
            135.64795,
            34.080457
          ],
          [
            135.648128,
            34.080396
          ],
          [
            135.648476,
            34.080185
          ],
          [
            135.648632,
            34.080129
          ],
          [
            135.648812,
            34.080137
          ],
          [
            135.649225,
            34.080256
          ],
          [
            135.649482,
            34.08034
          ],
          [
            135.649652,
            34.080408
          ],
          [
            135.649741,
            34.080441
          ],
          [
            135.649856,
            34.080487
          ],
          [
            135.649971,
            34.080509
          ],
          [
            135.650187,
            34.080526
          ],
          [
            135.650389,
            34.080509
          ],
          [
            135.650532,
            34.080464
          ],
          [
            135.650701,
            34.080334
          ],
          [
            135.650762,
            34.080256
          ],
          [
            135.650817,
            34.080114
          ],
          [
            135.650849,
            34.079968
          ],
          [
            135.650849,
            34.079923
          ],
          [
            135.650871,
            34.079855
          ],
          [
            135.650891,
            34.079624
          ],
          [
            135.650897,
            34.07941
          ],
          [
            135.650917,
            34.079252
          ],
          [
            135.650966,
            34.079196
          ],
          [
            135.651121,
            34.0791
          ],
          [
            135.651357,
            34.079004
          ],
          [
            135.651667,
            34.078876
          ],
          [
            135.651869,
            34.078781
          ],
          [
            135.651999,
            34.078774
          ],
          [
            135.652231,
            34.078807
          ],
          [
            135.652475,
            34.078852
          ],
          [
            135.652807,
            34.078903
          ],
          [
            135.653064,
            34.078914
          ],
          [
            135.653213,
            34.078931
          ],
          [
            135.653605,
            34.079009
          ],
          [
            135.653714,
            34.079026
          ],
          [
            135.653849,
            34.079066
          ],
          [
            135.65412,
            34.079122
          ],
          [
            135.654458,
            34.079213
          ],
          [
            135.65456,
            34.079263
          ],
          [
            135.654723,
            34.079386
          ],
          [
            135.654804,
            34.079461
          ],
          [
            135.654875,
            34.079505
          ],
          [
            135.654925,
            34.079539
          ],
          [
            135.655005,
            34.079594
          ],
          [
            135.655115,
            34.079669
          ],
          [
            135.655176,
            34.079709
          ],
          [
            135.655365,
            34.079771
          ],
          [
            135.655474,
            34.079793
          ],
          [
            135.655812,
            34.079782
          ],
          [
            135.65632,
            34.079681
          ],
          [
            135.656448,
            34.079669
          ],
          [
            135.65643,
            34.079464
          ],
          [
            135.656228,
            34.079392
          ],
          [
            135.655989,
            34.079352
          ],
          [
            135.655636,
            34.079032
          ],
          [
            135.655575,
            34.078936
          ],
          [
            135.655521,
            34.078886
          ],
          [
            135.655386,
            34.078801
          ],
          [
            135.655122,
            34.078677
          ],
          [
            135.655027,
            34.078615
          ],
          [
            135.654932,
            34.078474
          ],
          [
            135.654919,
            34.078412
          ],
          [
            135.654858,
            34.078294
          ],
          [
            135.654776,
            34.078198
          ],
          [
            135.654661,
            34.07813
          ],
          [
            135.654472,
            34.078057
          ],
          [
            135.654336,
            34.078029
          ],
          [
            135.654066,
            34.078006
          ],
          [
            135.653944,
            34.077978
          ],
          [
            135.653802,
            34.077927
          ],
          [
            135.653707,
            34.07782
          ],
          [
            135.653599,
            34.077741
          ],
          [
            135.653369,
            34.077629
          ],
          [
            135.653274,
            34.077572
          ],
          [
            135.653241,
            34.077487
          ],
          [
            135.653279,
            34.077408
          ],
          [
            135.65332,
            34.077326
          ],
          [
            135.653247,
            34.077223
          ],
          [
            135.653139,
            34.077144
          ],
          [
            135.653078,
            34.077104
          ],
          [
            135.653037,
            34.077059
          ],
          [
            135.653071,
            34.07698
          ],
          [
            135.653206,
            34.07689
          ],
          [
            135.653281,
            34.076811
          ],
          [
            135.653328,
            34.076738
          ],
          [
            135.653321,
            34.076619
          ],
          [
            135.65324,
            34.076461
          ],
          [
            135.653251,
            34.076393
          ],
          [
            135.65326,
            34.076344
          ],
          [
            135.653376,
            34.076287
          ],
          [
            135.653592,
            34.076338
          ],
          [
            135.653876,
            34.076309
          ],
          [
            135.653957,
            34.076287
          ],
          [
            135.654045,
            34.076247
          ],
          [
            135.654201,
            34.076118
          ],
          [
            135.654364,
            34.075971
          ],
          [
            135.654431,
            34.07592
          ],
          [
            135.654519,
            34.075881
          ],
          [
            135.654736,
            34.075825
          ],
          [
            135.655108,
            34.075825
          ],
          [
            135.655249,
            34.075816
          ],
          [
            135.655433,
            34.075785
          ],
          [
            135.65567,
            34.075706
          ],
          [
            135.655792,
            34.075639
          ],
          [
            135.655866,
            34.07556
          ],
          [
            135.655927,
            34.075441
          ],
          [
            135.655968,
            34.075334
          ],
          [
            135.655995,
            34.075103
          ],
          [
            135.656061,
            34.074985
          ],
          [
            135.656191,
            34.074861
          ],
          [
            135.656232,
            34.074765
          ],
          [
            135.656246,
            34.074651
          ],
          [
            135.656232,
            34.074618
          ],
          [
            135.656198,
            34.07455
          ],
          [
            135.655961,
            34.074348
          ],
          [
            135.655501,
            34.074076
          ],
          [
            135.655379,
            34.073946
          ],
          [
            135.655393,
            34.07394
          ],
          [
            135.655399,
            34.073895
          ],
          [
            135.655528,
            34.073794
          ],
          [
            135.655799,
            34.073473
          ],
          [
            135.655921,
            34.073298
          ],
          [
            135.655988,
            34.073152
          ],
          [
            135.656151,
            34.072729
          ],
          [
            135.656184,
            34.07256
          ],
          [
            135.656184,
            34.072341
          ],
          [
            135.656103,
            34.072031
          ],
          [
            135.656074,
            34.071724
          ],
          [
            135.656009,
            34.071641
          ],
          [
            135.655914,
            34.071591
          ],
          [
            135.655873,
            34.071579
          ],
          [
            135.655554,
            34.071556
          ],
          [
            135.655426,
            34.071467
          ],
          [
            135.655318,
            34.071258
          ],
          [
            135.655304,
            34.071168
          ],
          [
            135.655278,
            34.071106
          ],
          [
            135.655257,
            34.070999
          ],
          [
            135.655257,
            34.070283
          ],
          [
            135.655284,
            34.070153
          ],
          [
            135.655359,
            34.069958
          ],
          [
            135.655372,
            34.069922
          ],
          [
            135.655453,
            34.069815
          ],
          [
            135.655677,
            34.069646
          ],
          [
            135.655833,
            34.069556
          ],
          [
            135.656036,
            34.069466
          ],
          [
            135.656151,
            34.06937
          ],
          [
            135.656293,
            34.069206
          ],
          [
            135.656361,
            34.069026
          ],
          [
            135.656483,
            34.068772
          ],
          [
            135.656564,
            34.068659
          ],
          [
            135.656794,
            34.068355
          ],
          [
            135.656997,
            34.068146
          ],
          [
            135.657173,
            34.067932
          ],
          [
            135.657437,
            34.06765
          ],
          [
            135.657592,
            34.06752
          ],
          [
            135.657855,
            34.067372
          ],
          [
            135.658195,
            34.067351
          ],
          [
            135.658317,
            34.067323
          ],
          [
            135.658405,
            34.067289
          ],
          [
            135.658581,
            34.067188
          ],
          [
            135.658716,
            34.067081
          ],
          [
            135.658818,
            34.066968
          ],
          [
            135.658851,
            34.066895
          ],
          [
            135.658837,
            34.066784
          ],
          [
            135.658655,
            34.066466
          ],
          [
            135.658594,
            34.066303
          ],
          [
            135.658594,
            34.066117
          ],
          [
            135.658648,
            34.066049
          ],
          [
            135.658818,
            34.06593
          ],
          [
            135.65919,
            34.065739
          ],
          [
            135.659358,
            34.065604
          ],
          [
            135.659375,
            34.065508
          ],
          [
            135.65924,
            34.065337
          ],
          [
            135.659221,
            34.06527
          ],
          [
            135.659358,
            34.065022
          ],
          [
            135.659385,
            34.064932
          ],
          [
            135.6594,
            34.064797
          ],
          [
            135.659426,
            34.064667
          ],
          [
            135.659487,
            34.064492
          ],
          [
            135.659487,
            34.064375
          ],
          [
            135.659461,
            34.064284
          ],
          [
            135.659474,
            34.0642
          ],
          [
            135.6595,
            34.064127
          ],
          [
            135.659609,
            34.063969
          ],
          [
            135.659893,
            34.063675
          ],
          [
            135.660001,
            34.063585
          ],
          [
            135.660137,
            34.063517
          ],
          [
            135.660225,
            34.063495
          ],
          [
            135.6603,
            34.063455
          ],
          [
            135.660577,
            34.063394
          ],
          [
            135.660705,
            34.063349
          ],
          [
            135.660875,
            34.06327
          ],
          [
            135.661223,
            34.062887
          ],
          [
            135.661578,
            34.062467
          ],
          [
            135.661766,
            34.062145
          ],
          [
            135.661965,
            34.06198
          ],
          [
            135.662158,
            34.06189
          ],
          [
            135.662484,
            34.061772
          ],
          [
            135.662606,
            34.061673
          ],
          [
            135.66266,
            34.061544
          ],
          [
            135.662751,
            34.06121
          ],
          [
            135.662833,
            34.060705
          ],
          [
            135.66287,
            34.060561
          ],
          [
            135.662961,
            34.060431
          ],
          [
            135.663381,
            34.060248
          ],
          [
            135.663515,
            34.060149
          ],
          [
            135.66359,
            34.059984
          ],
          [
            135.663716,
            34.0597
          ],
          [
            135.663855,
            34.059517
          ],
          [
            135.664022,
            34.059321
          ],
          [
            135.664065,
            34.059164
          ],
          [
            135.664022,
            34.059026
          ],
          [
            135.66392,
            34.058816
          ],
          [
            135.66392,
            34.058584
          ],
          [
            135.663958,
            34.058451
          ],
          [
            135.664167,
            34.058115
          ],
          [
            135.664183,
            34.057954
          ],
          [
            135.664237,
            34.057763
          ],
          [
            135.664382,
            34.057642
          ],
          [
            135.66457,
            34.057544
          ],
          [
            135.664903,
            34.057392
          ],
          [
            135.665123,
            34.057213
          ],
          [
            135.665407,
            34.056896
          ],
          [
            135.665584,
            34.056526
          ],
          [
            135.665595,
            34.05632
          ],
          [
            135.665472,
            34.056043
          ],
          [
            135.665402,
            34.055891
          ],
          [
            135.665402,
            34.055811
          ],
          [
            135.665403,
            34.05581
          ],
          [
            135.66559,
            34.055685
          ],
          [
            135.665746,
            34.055475
          ],
          [
            135.665837,
            34.055276
          ],
          [
            135.665869,
            34.054964
          ],
          [
            135.665918,
            34.054865
          ],
          [
            135.666036,
            34.054803
          ],
          [
            135.666213,
            34.054843
          ],
          [
            135.666471,
            34.054999
          ],
          [
            135.666879,
            34.055124
          ],
          [
            135.666987,
            34.05512
          ],
          [
            135.667078,
            34.05504
          ],
          [
            135.667121,
            34.05487
          ],
          [
            135.667008,
            34.054535
          ],
          [
            135.666978,
            34.054288
          ],
          [
            135.667042,
            34.054145
          ],
          [
            135.667198,
            34.054006
          ],
          [
            135.667542,
            34.05389
          ],
          [
            135.667821,
            34.053868
          ],
          [
            135.668245,
            34.053872
          ],
          [
            135.668374,
            34.053836
          ],
          [
            135.668449,
            34.053747
          ],
          [
            135.668471,
            34.053684
          ],
          [
            135.66832,
            34.053425
          ],
          [
            135.668311,
            34.053275
          ],
          [
            135.668397,
            34.053069
          ],
          [
            135.668548,
            34.052858
          ],
          [
            135.668832,
            34.052684
          ],
          [
            135.669058,
            34.052648
          ],
          [
            135.669471,
            34.052742
          ],
          [
            135.669584,
            34.052729
          ],
          [
            135.669713,
            34.052671
          ],
          [
            135.669967,
            34.052496
          ],
          [
            135.670236,
            34.052433
          ],
          [
            135.670526,
            34.052348
          ],
          [
            135.670719,
            34.05238
          ],
          [
            135.670902,
            34.052411
          ],
          [
            135.671219,
            34.052648
          ],
          [
            135.671331,
            34.052728
          ],
          [
            135.671444,
            34.052755
          ],
          [
            135.671831,
            34.05276
          ],
          [
            135.672019,
            34.052827
          ],
          [
            135.672252,
            34.052997
          ],
          [
            135.672468,
            34.053233
          ],
          [
            135.672643,
            34.053426
          ],
          [
            135.672857,
            34.053663
          ],
          [
            135.673056,
            34.053749
          ],
          [
            135.673265,
            34.053743
          ],
          [
            135.673351,
            34.0537
          ],
          [
            135.673373,
            34.05352
          ],
          [
            135.673325,
            34.052988
          ],
          [
            135.673255,
            34.052707
          ],
          [
            135.673126,
            34.052452
          ],
          [
            135.672955,
            34.052208
          ],
          [
            135.672944,
            34.05212
          ],
          [
            135.672993,
            34.052083
          ],
          [
            135.673159,
            34.052048
          ],
          [
            135.673588,
            34.05211
          ],
          [
            135.673803,
            34.052065
          ],
          [
            135.673948,
            34.051967
          ],
          [
            135.673985,
            34.051855
          ],
          [
            135.67398,
            34.051668
          ],
          [
            135.673993,
            34.051525
          ],
          [
            135.674052,
            34.051445
          ],
          [
            135.674186,
            34.051408
          ],
          [
            135.674525,
            34.051453
          ],
          [
            135.674842,
            34.051525
          ],
          [
            135.67496,
            34.05152
          ],
          [
            135.67503,
            34.051445
          ],
          [
            135.674885,
            34.050676
          ],
          [
            135.674907,
            34.0505
          ],
          [
            135.674994,
            34.050388
          ],
          [
            135.675379,
            34.050285
          ],
          [
            135.675492,
            34.05016
          ],
          [
            135.675622,
            34.04991
          ],
          [
            135.675782,
            34.049776
          ],
          [
            135.675945,
            34.049617
          ],
          [
            135.676412,
            34.049537
          ],
          [
            135.676605,
            34.049501
          ],
          [
            135.676745,
            34.049425
          ],
          [
            135.676927,
            34.049184
          ],
          [
            135.677082,
            34.049027
          ],
          [
            135.677449,
            34.048933
          ],
          [
            135.677757,
            34.048924
          ],
          [
            135.677917,
            34.048955
          ],
          [
            135.677935,
            34.048965
          ],
          [
            135.67845,
            34.04925
          ],
          [
            135.678804,
            34.049358
          ],
          [
            135.678987,
            34.049362
          ],
          [
            135.679159,
            34.049335
          ],
          [
            135.679239,
            34.049273
          ],
          [
            135.679223,
            34.048973
          ],
          [
            135.679251,
            34.048857
          ],
          [
            135.679321,
            34.048741
          ],
          [
            135.679273,
            34.048432
          ],
          [
            135.67931,
            34.048263
          ],
          [
            135.679498,
            34.048088
          ],
          [
            135.679536,
            34.047946
          ],
          [
            135.679537,
            34.047773
          ],
          [
            135.679591,
            34.047715
          ],
          [
            135.679762,
            34.047706
          ],
          [
            135.680149,
            34.047786
          ],
          [
            135.680299,
            34.047782
          ],
          [
            135.680449,
            34.047711
          ],
          [
            135.68053,
            34.047599
          ],
          [
            135.680643,
            34.04738
          ],
          [
            135.68068,
            34.047165
          ],
          [
            135.680745,
            34.047044
          ],
          [
            135.680868,
            34.046969
          ],
          [
            135.681223,
            34.046946
          ],
          [
            135.681593,
            34.047018
          ],
          [
            135.682399,
            34.04717
          ],
          [
            135.682901,
            34.047217
          ],
          [
            135.683046,
            34.047214
          ],
          [
            135.683133,
            34.047156
          ],
          [
            135.683154,
            34.047066
          ],
          [
            135.683014,
            34.046954
          ],
          [
            135.682558,
            34.046584
          ],
          [
            135.682391,
            34.046292
          ],
          [
            135.682272,
            34.046112
          ],
          [
            135.682057,
            34.045897
          ],
          [
            135.681832,
            34.045522
          ],
          [
            135.681579,
            34.045326
          ],
          [
            135.681091,
            34.045187
          ],
          [
            135.681087,
            34.045184
          ],
          [
            135.680983,
            34.04511
          ],
          [
            135.680972,
            34.045065
          ],
          [
            135.681037,
            34.045012
          ],
          [
            135.681332,
            34.044922
          ],
          [
            135.681584,
            34.044904
          ],
          [
            135.681987,
            34.0449
          ],
          [
            135.682417,
            34.04498
          ],
          [
            135.68295,
            34.04497
          ],
          [
            135.683106,
            34.044975
          ],
          [
            135.683568,
            34.044855
          ],
          [
            135.683772,
            34.044881
          ],
          [
            135.684314,
            34.04507
          ],
          [
            135.684647,
            34.045105
          ],
          [
            135.684894,
            34.045074
          ],
          [
            135.685109,
            34.045029
          ],
          [
            135.685384,
            34.045082
          ],
          [
            135.685739,
            34.045119
          ],
          [
            135.686029,
            34.045119
          ],
          [
            135.68633,
            34.045051
          ],
          [
            135.686712,
            34.044984
          ],
          [
            135.686868,
            34.045002
          ],
          [
            135.687099,
            34.045131
          ],
          [
            135.687292,
            34.045292
          ],
          [
            135.687496,
            34.045315
          ],
          [
            135.688038,
            34.045221
          ],
          [
            135.688527,
            34.045172
          ],
          [
            135.68865,
            34.045158
          ],
          [
            135.68872,
            34.045104
          ],
          [
            135.688876,
            34.044872
          ],
          [
            135.688983,
            34.044756
          ],
          [
            135.689118,
            34.044658
          ],
          [
            135.689239,
            34.044455
          ],
          [
            135.689357,
            34.044138
          ],
          [
            135.689648,
            34.043773
          ],
          [
            135.689856,
            34.043599
          ],
          [
            135.689916,
            34.043462
          ],
          [
            135.68995,
            34.043136
          ],
          [
            135.689975,
            34.042895
          ],
          [
            135.690051,
            34.042512
          ],
          [
            135.690218,
            34.04198
          ],
          [
            135.690197,
            34.041923
          ],
          [
            135.690104,
            34.041856
          ],
          [
            135.689444,
            34.041588
          ],
          [
            135.689363,
            34.041518
          ],
          [
            135.689363,
            34.041433
          ],
          [
            135.689638,
            34.041178
          ],
          [
            135.690121,
            34.041022
          ],
          [
            135.690277,
            34.04091
          ],
          [
            135.690363,
            34.040767
          ],
          [
            135.690379,
            34.040508
          ],
          [
            135.69046,
            34.040343
          ],
          [
            135.690766,
            34.039979
          ],
          [
            135.690949,
            34.03972
          ],
          [
            135.690986,
            34.039577
          ],
          [
            135.69097,
            34.039429
          ],
          [
            135.690884,
            34.039258
          ],
          [
            135.690917,
            34.039177
          ],
          [
            135.691056,
            34.039039
          ],
          [
            135.691249,
            34.038815
          ],
          [
            135.691271,
            34.038668
          ],
          [
            135.691158,
            34.038382
          ],
          [
            135.691126,
            34.038118
          ],
          [
            135.691164,
            34.037922
          ],
          [
            135.691319,
            34.037748
          ],
          [
            135.691534,
            34.037547
          ],
          [
            135.691824,
            34.037453
          ],
          [
            135.691981,
            34.037363
          ],
          [
            135.692084,
            34.037257
          ],
          [
            135.6921113,
            34.0371404
          ],
          [
            135.692113,
            34.037133
          ],
          [
            135.6921347,
            34.0370322
          ],
          [
            135.69217,
            34.03702
          ],
          [
            135.6926099,
            34.0368721
          ],
          [
            135.6926776,
            34.03687
          ],
          [
            135.6927308,
            34.0368827
          ],
          [
            135.6927848,
            34.036918
          ],
          [
            135.6928233,
            34.03696
          ],
          [
            135.6928736,
            34.0370296
          ],
          [
            135.6928878,
            34.037074
          ],
          [
            135.6928897,
            34.0371304
          ],
          [
            135.6928843,
            34.0371748
          ],
          [
            135.6928933,
            34.0371966
          ],
          [
            135.6929125,
            34.0372149
          ],
          [
            135.6930524,
            34.0372841
          ],
          [
            135.6930768,
            34.0372901
          ],
          [
            135.6930971,
            34.0372871
          ],
          [
            135.6931139,
            34.0372741
          ],
          [
            135.6934544,
            34.036993
          ],
          [
            135.6936664,
            34.0368435
          ],
          [
            135.6937777,
            34.0367314
          ],
          [
            135.6937928,
            34.0367017
          ],
          [
            135.6938058,
            34.0366472
          ],
          [
            135.693712,
            34.03657
          ],
          [
            135.6935376,
            34.0364217
          ],
          [
            135.6934787,
            34.0363668
          ],
          [
            135.6934569,
            34.0363423
          ],
          [
            135.6934486,
            34.0363084
          ],
          [
            135.6934507,
            34.0362745
          ],
          [
            135.6934559,
            34.0362465
          ],
          [
            135.6934941,
            34.0361581
          ],
          [
            135.693552,
            34.0360552
          ],
          [
            135.693658,
            34.035877
          ],
          [
            135.6937252,
            34.0357189
          ],
          [
            135.6938006,
            34.035595
          ],
          [
            135.6938754,
            34.035478
          ],
          [
            135.6939684,
            34.0353232
          ],
          [
            135.6940074,
            34.035242
          ],
          [
            135.6940343,
            34.0351743
          ],
          [
            135.6940438,
            34.0351615
          ],
          [
            135.6940594,
            34.0351547
          ],
          [
            135.6946026,
            34.0350558
          ],
          [
            135.6946855,
            34.0350446
          ],
          [
            135.6947718,
            34.0350489
          ],
          [
            135.694883,
            34.035066
          ],
          [
            135.695039,
            34.035167
          ],
          [
            135.6953778,
            34.035405
          ],
          [
            135.695811,
            34.035748
          ],
          [
            135.695932,
            34.03581
          ],
          [
            135.696183,
            34.035878
          ],
          [
            135.6963958,
            34.0359451
          ],
          [
            135.6966072,
            34.035978
          ],
          [
            135.6967864,
            34.0360069
          ],
          [
            135.6969552,
            34.036016
          ],
          [
            135.6970821,
            34.0360068
          ],
          [
            135.697151,
            34.0360002
          ],
          [
            135.697209,
            34.0359825
          ],
          [
            135.6972278,
            34.0359681
          ],
          [
            135.6972373,
            34.0359472
          ],
          [
            135.6972546,
            34.0358977
          ],
          [
            135.6972742,
            34.03585
          ],
          [
            135.6972879,
            34.0358307
          ],
          [
            135.6973048,
            34.0358232
          ],
          [
            135.6973551,
            34.0358028
          ],
          [
            135.6974955,
            34.0357515
          ],
          [
            135.6977164,
            34.0356524
          ],
          [
            135.6979673,
            34.0355087
          ],
          [
            135.6982173,
            34.0353905
          ],
          [
            135.6983272,
            34.0353288
          ],
          [
            135.6984071,
            34.0352622
          ],
          [
            135.698561,
            34.035114
          ],
          [
            135.698676,
            34.035031
          ],
          [
            135.6987509,
            34.0349858
          ],
          [
            135.6988977,
            34.0349283
          ],
          [
            135.6992063,
            34.0347711
          ],
          [
            135.6993074,
            34.0347157
          ],
          [
            135.6993785,
            34.0346742
          ],
          [
            135.6994271,
            34.0346587
          ],
          [
            135.6995048,
            34.0346671
          ],
          [
            135.6995926,
            34.0347081
          ],
          [
            135.6996788,
            34.0347793
          ],
          [
            135.6997874,
            34.0349352
          ],
          [
            135.6999059,
            34.0346895
          ],
          [
            135.6999732,
            34.0346019
          ],
          [
            135.7000896,
            34.034478
          ],
          [
            135.700125,
            34.034408
          ],
          [
            135.7009014,
            34.034257
          ],
          [
            135.70121,
            34.034203
          ],
          [
            135.701255,
            34.034277
          ],
          [
            135.701348,
            34.034422
          ],
          [
            135.701415,
            34.034502
          ],
          [
            135.7017,
            34.034796
          ],
          [
            135.7017563,
            34.0348297
          ],
          [
            135.702051,
            34.034942
          ],
          [
            135.7022,
            34.034982
          ],
          [
            135.702505,
            34.035021
          ],
          [
            135.702728,
            34.035015
          ],
          [
            135.702836,
            34.0349696
          ],
          [
            135.7028939,
            34.0348716
          ],
          [
            135.7029774,
            34.0347601
          ],
          [
            135.7031131,
            34.0348295
          ],
          [
            135.7034154,
            34.0346212
          ],
          [
            135.703507,
            34.034525
          ],
          [
            135.703825,
            34.034237
          ],
          [
            135.703859,
            34.034158
          ],
          [
            135.703872,
            34.034063
          ],
          [
            135.703857,
            34.033737
          ],
          [
            135.703934,
            34.033662
          ],
          [
            135.704008,
            34.033589
          ],
          [
            135.704021,
            34.033561
          ],
          [
            135.704021,
            34.03351
          ],
          [
            135.703825,
            34.033251
          ],
          [
            135.703744,
            34.033082
          ],
          [
            135.70373,
            34.033014
          ],
          [
            135.703737,
            34.032817
          ],
          [
            135.703757,
            34.032721
          ],
          [
            135.703791,
            34.032653
          ],
          [
            135.703906,
            34.032529
          ],
          [
            135.704028,
            34.032467
          ],
          [
            135.704177,
            34.032411
          ],
          [
            135.704454,
            34.032343
          ],
          [
            135.704502,
            34.032321
          ],
          [
            135.704522,
            34.032287
          ],
          [
            135.704522,
            34.032236
          ],
          [
            135.70438,
            34.031977
          ],
          [
            135.70438,
            34.031875
          ],
          [
            135.704427,
            34.031808
          ],
          [
            135.704502,
            34.031734
          ],
          [
            135.704509,
            34.03161
          ],
          [
            135.704481,
            34.031458
          ],
          [
            135.704461,
            34.031374
          ],
          [
            135.704468,
            34.031266
          ],
          [
            135.704522,
            34.03121
          ],
          [
            135.704746,
            34.031249
          ],
          [
            135.70528,
            34.031475
          ],
          [
            135.705436,
            34.03152
          ],
          [
            135.705504,
            34.03152
          ],
          [
            135.705598,
            34.031492
          ],
          [
            135.7056854,
            34.0313708
          ],
          [
            135.705761,
            34.031266
          ],
          [
            135.705774,
            34.031221
          ],
          [
            135.705802,
            34.030894
          ],
          [
            135.705876,
            34.030818
          ],
          [
            135.706106,
            34.030861
          ],
          [
            135.706241,
            34.030855
          ],
          [
            135.706296,
            34.030827
          ],
          [
            135.706397,
            34.030714
          ],
          [
            135.706573,
            34.030426
          ],
          [
            135.706634,
            34.030263
          ],
          [
            135.706668,
            34.029998
          ],
          [
            135.706702,
            34.029874
          ],
          [
            135.706763,
            34.029733
          ],
          [
            135.706783,
            34.029609
          ],
          [
            135.706769,
            34.029519
          ],
          [
            135.706661,
            34.029333
          ],
          [
            135.706607,
            34.029146
          ],
          [
            135.70658,
            34.028763
          ],
          [
            135.70662,
            34.028627
          ],
          [
            135.706674,
            34.028565
          ],
          [
            135.706796,
            34.028509
          ],
          [
            135.706905,
            34.028475
          ],
          [
            135.707121,
            34.028345
          ],
          [
            135.707223,
            34.028249
          ],
          [
            135.707318,
            34.028176
          ],
          [
            135.707494,
            34.028058
          ],
          [
            135.707611,
            34.028131
          ],
          [
            135.707413,
            34.028452
          ],
          [
            135.707413,
            34.02852
          ],
          [
            135.707554,
            34.028514
          ],
          [
            135.707674,
            34.028458
          ],
          [
            135.707864,
            34.028367
          ],
          [
            135.707947,
            34.028187
          ],
          [
            135.707957,
            34.028134
          ],
          [
            135.707995,
            34.028075
          ],
          [
            135.70815,
            34.027798
          ],
          [
            135.708225,
            34.027708
          ],
          [
            135.708428,
            34.027539
          ],
          [
            135.708543,
            34.027415
          ],
          [
            135.708658,
            34.027246
          ],
          [
            135.708719,
            34.027184
          ],
          [
            135.70878,
            34.027178
          ],
          [
            135.708817,
            34.027248
          ],
          [
            135.7088,
            34.02741
          ],
          [
            135.70878,
            34.027505
          ],
          [
            135.70878,
            34.027646
          ],
          [
            135.708826,
            34.027702
          ],
          [
            135.708908,
            34.027697
          ],
          [
            135.709063,
            34.02755
          ],
          [
            135.709111,
            34.027274
          ],
          [
            135.709165,
            34.02706
          ],
          [
            135.709178,
            34.026823
          ],
          [
            135.709227,
            34.026758
          ],
          [
            135.709268,
            34.026799
          ],
          [
            135.709415,
            34.027071
          ],
          [
            135.709489,
            34.027168
          ],
          [
            135.709576,
            34.027196
          ],
          [
            135.709632,
            34.026942
          ],
          [
            135.709665,
            34.026807
          ],
          [
            135.709693,
            34.026757
          ],
          [
            135.709862,
            34.026599
          ],
          [
            135.70982,
            34.026459
          ],
          [
            135.709598,
            34.026131
          ],
          [
            135.70958,
            34.026061
          ],
          [
            135.709828,
            34.026159
          ],
          [
            135.709775,
            34.025902
          ],
          [
            135.70999,
            34.026001
          ],
          [
            135.710173,
            34.026101
          ],
          [
            135.710241,
            34.026063
          ],
          [
            135.7102,
            34.025916
          ],
          [
            135.71018,
            34.025719
          ],
          [
            135.710139,
            34.025528
          ],
          [
            135.710126,
            34.025347
          ],
          [
            135.71018,
            34.025217
          ],
          [
            135.7102,
            34.025116
          ],
          [
            135.710295,
            34.024941
          ],
          [
            135.710593,
            34.02471
          ],
          [
            135.710701,
            34.024614
          ],
          [
            135.710729,
            34.024569
          ],
          [
            135.710804,
            34.024406
          ],
          [
            135.710865,
            34.024113
          ],
          [
            135.710891,
            34.024051
          ],
          [
            135.710992,
            34.023859
          ],
          [
            135.711006,
            34.023853
          ],
          [
            135.711101,
            34.023735
          ],
          [
            135.711129,
            34.023673
          ],
          [
            135.711135,
            34.023678
          ],
          [
            135.711129,
            34.023622
          ],
          [
            135.711067,
            34.023493
          ],
          [
            135.711332,
            34.0235
          ],
          [
            135.711334,
            34.023499
          ],
          [
            135.711359,
            34.023442
          ],
          [
            135.711291,
            34.023357
          ],
          [
            135.711244,
            34.023239
          ],
          [
            135.71123,
            34.023058
          ],
          [
            135.711236,
            34.022923
          ],
          [
            135.711277,
            34.022759
          ],
          [
            135.711339,
            34.022664
          ],
          [
            135.711487,
            34.022546
          ],
          [
            135.711562,
            34.022495
          ],
          [
            135.711819,
            34.022393
          ],
          [
            135.711894,
            34.022354
          ],
          [
            135.712049,
            34.022292
          ],
          [
            135.712239,
            34.022202
          ],
          [
            135.712442,
            34.022004
          ],
          [
            135.712469,
            34.021948
          ],
          [
            135.712476,
            34.021897
          ],
          [
            135.712414,
            34.021852
          ],
          [
            135.712205,
            34.021717
          ],
          [
            135.711982,
            34.021514
          ],
          [
            135.711839,
            34.021339
          ],
          [
            135.711799,
            34.021135
          ],
          [
            135.711819,
            34.021029
          ],
          [
            135.711852,
            34.020939
          ],
          [
            135.711944,
            34.02078
          ],
          [
            135.712089,
            34.020702
          ],
          [
            135.712312,
            34.020645
          ],
          [
            135.712394,
            34.0206
          ],
          [
            135.712367,
            34.02053
          ],
          [
            135.712151,
            34.020267
          ],
          [
            135.712097,
            34.020137
          ],
          [
            135.712076,
            34.020059
          ],
          [
            135.712082,
            34.019879
          ],
          [
            135.712124,
            34.019782
          ],
          [
            135.712191,
            34.01972
          ],
          [
            135.712252,
            34.019682
          ],
          [
            135.712354,
            34.019637
          ],
          [
            135.712469,
            34.019602
          ],
          [
            135.712557,
            34.019557
          ],
          [
            135.712746,
            34.019382
          ],
          [
            135.712962,
            34.019247
          ],
          [
            135.713017,
            34.01918
          ],
          [
            135.71301,
            34.019117
          ],
          [
            135.71276,
            34.018954
          ],
          [
            135.712597,
            34.018778
          ],
          [
            135.712522,
            34.01861
          ],
          [
            135.712496,
            34.018576
          ],
          [
            135.712307,
            34.018446
          ],
          [
            135.711914,
            34.018237
          ],
          [
            135.711684,
            34.018113
          ],
          [
            135.711547,
            34.018023
          ],
          [
            135.711489,
            34.01798
          ],
          [
            135.711535,
            34.017944
          ],
          [
            135.711575,
            34.017922
          ],
          [
            135.711779,
            34.017927
          ],
          [
            135.7119,
            34.017933
          ],
          [
            135.712056,
            34.017978
          ],
          [
            135.712157,
            34.017995
          ],
          [
            135.712602,
            34.018113
          ],
          [
            135.712642,
            34.01804
          ],
          [
            135.712437,
            34.017756
          ],
          [
            135.712404,
            34.017615
          ],
          [
            135.712316,
            34.017415
          ],
          [
            135.712404,
            34.017615
          ],
          [
            135.712316,
            34.017415
          ],
          [
            135.712409,
            34.017469
          ],
          [
            135.712537,
            34.017489
          ],
          [
            135.712909,
            34.017269
          ],
          [
            135.713186,
            34.017207
          ],
          [
            135.713307,
            34.017126
          ],
          [
            135.71322,
            34.016925
          ],
          [
            135.713172,
            34.016807
          ],
          [
            135.713172,
            34.016582
          ],
          [
            135.713281,
            34.016412
          ],
          [
            135.713389,
            34.016344
          ],
          [
            135.7135394,
            34.0163841
          ],
          [
            135.7136923,
            34.0163138
          ],
          [
            135.713713,
            34.0161446
          ],
          [
            135.7136988,
            34.0158338
          ],
          [
            135.7139162,
            34.0157765
          ],
          [
            135.71408,
            34.015623
          ],
          [
            135.714154,
            34.015301
          ],
          [
            135.714154,
            34.014687
          ],
          [
            135.714134,
            34.014597
          ],
          [
            135.714022,
            34.014475
          ],
          [
            135.713432,
            34.014478
          ],
          [
            135.713402,
            34.014422
          ],
          [
            135.713445,
            34.014343
          ],
          [
            135.713681,
            34.014185
          ],
          [
            135.713714,
            34.014112
          ],
          [
            135.713714,
            34.013988
          ],
          [
            135.713687,
            34.013898
          ],
          [
            135.713681,
            34.013808
          ],
          [
            135.713727,
            34.013762
          ],
          [
            135.713727,
            34.013751
          ],
          [
            135.71385,
            34.013717
          ],
          [
            135.713999,
            34.0137
          ],
          [
            135.714062,
            34.013638
          ],
          [
            135.71408,
            34.013492
          ],
          [
            135.713977,
            34.013311
          ],
          [
            135.713992,
            34.013249
          ],
          [
            135.714171,
            34.013121
          ],
          [
            135.714229,
            34.012911
          ],
          [
            135.714324,
            34.012658
          ],
          [
            135.714351,
            34.012613
          ],
          [
            135.714499,
            34.012211
          ],
          [
            135.714554,
            34.012144
          ],
          [
            135.714627,
            34.01216
          ],
          [
            135.714662,
            34.012539
          ],
          [
            135.714683,
            34.012646
          ],
          [
            135.714709,
            34.012866
          ],
          [
            135.71475,
            34.013013
          ],
          [
            135.714881,
            34.012981
          ],
          [
            135.715149,
            34.012736
          ],
          [
            135.715224,
            34.01259
          ],
          [
            135.715251,
            34.012425
          ],
          [
            135.715305,
            34.012324
          ],
          [
            135.715386,
            34.012256
          ],
          [
            135.715486,
            34.012198
          ],
          [
            135.715616,
            34.012121
          ],
          [
            135.715758,
            34.012025
          ],
          [
            135.715813,
            34.01194
          ],
          [
            135.715819,
            34.011783
          ],
          [
            135.715731,
            34.011518
          ],
          [
            135.715718,
            34.01145
          ],
          [
            135.715718,
            34.011157
          ],
          [
            135.715752,
            34.01104
          ],
          [
            135.715813,
            34.010943
          ],
          [
            135.716557,
            34.010064
          ],
          [
            135.716686,
            34.009856
          ],
          [
            135.717031,
            34.009512
          ],
          [
            135.717275,
            34.009196
          ],
          [
            135.717343,
            34.009055
          ],
          [
            135.717343,
            34.008898
          ],
          [
            135.717248,
            34.008711
          ],
          [
            135.717245,
            34.008603
          ],
          [
            135.717302,
            34.008458
          ],
          [
            135.71737,
            34.008373
          ],
          [
            135.717539,
            34.008232
          ],
          [
            135.717884,
            34.007939
          ],
          [
            135.718087,
            34.007787
          ],
          [
            135.718398,
            34.007483
          ],
          [
            135.718581,
            34.007291
          ],
          [
            135.718798,
            34.007116
          ],
          [
            135.718953,
            34.006981
          ],
          [
            135.719028,
            34.006891
          ],
          [
            135.718804,
            34.0069554
          ],
          [
            135.719285,
            34.00649
          ],
          [
            135.719542,
            34.006169
          ],
          [
            135.71967,
            34.006056
          ],
          [
            135.720002,
            34.005802
          ],
          [
            135.72049,
            34.005492
          ],
          [
            135.720516,
            34.005487
          ],
          [
            135.720814,
            34.005244
          ],
          [
            135.721045,
            34.005042
          ],
          [
            135.72123,
            34.00486
          ],
          [
            135.7213652,
            34.0045714
          ],
          [
            135.7215534,
            34.0043001
          ],
          [
            135.7215969,
            34.0039716
          ],
          [
            135.7218605,
            34.0037443
          ],
          [
            135.7221763,
            34.0036192
          ],
          [
            135.7223001,
            34.0033617
          ],
          [
            135.7223713,
            34.0029767
          ],
          [
            135.7224005,
            34.0028552
          ],
          [
            135.722734,
            34.0026747
          ],
          [
            135.7228636,
            34.0024909
          ],
          [
            135.722906,
            34.0023565
          ],
          [
            135.7230149,
            34.0022448
          ],
          [
            135.723079,
            34.002169
          ],
          [
            135.723147,
            34.001921
          ],
          [
            135.723194,
            34.001791
          ],
          [
            135.723268,
            34.001549
          ],
          [
            135.723309,
            34.001289
          ],
          [
            135.723336,
            34.001098
          ],
          [
            135.723525,
            34.00072
          ],
          [
            135.723613,
            34.000602
          ],
          [
            135.723802,
            34.000427
          ],
          [
            135.723901,
            34.000328
          ],
          [
            135.723985,
            34.000173
          ],
          [
            135.724066,
            34.000061
          ],
          [
            135.72412,
            33.99997
          ],
          [
            135.724242,
            33.999666
          ],
          [
            135.724316,
            33.999395
          ],
          [
            135.724364,
            33.99904
          ],
          [
            135.724377,
            33.998601
          ],
          [
            135.724391,
            33.998459
          ],
          [
            135.724418,
            33.99833
          ],
          [
            135.724479,
            33.998172
          ],
          [
            135.724513,
            33.998037
          ],
          [
            135.72456,
            33.997929
          ],
          [
            135.72458,
            33.997845
          ],
          [
            135.7247252,
            33.9975013
          ],
          [
            135.72479,
            33.997348
          ],
          [
            135.72483,
            33.997213
          ],
          [
            135.724844,
            33.997027
          ],
          [
            135.724837,
            33.996953
          ],
          [
            135.724803,
            33.996925
          ],
          [
            135.724733,
            33.996718
          ],
          [
            135.724743,
            33.996548
          ],
          [
            135.724783,
            33.996317
          ],
          [
            135.724884,
            33.996057
          ],
          [
            135.724984,
            33.995896
          ],
          [
            135.725006,
            33.995803
          ],
          [
            135.725074,
            33.995572
          ],
          [
            135.725101,
            33.995432
          ],
          [
            135.725108,
            33.995179
          ],
          [
            135.725087,
            33.995116
          ],
          [
            135.725087,
            33.9950495
          ],
          [
            135.725087,
            33.994908
          ],
          [
            135.725114,
            33.994711
          ],
          [
            135.725148,
            33.994587
          ],
          [
            135.725324,
            33.994277
          ],
          [
            135.725358,
            33.994192
          ],
          [
            135.725385,
            33.994079
          ],
          [
            135.725398,
            33.993482
          ],
          [
            135.725432,
            33.993363
          ],
          [
            135.725513,
            33.993166
          ],
          [
            135.725655,
            33.992946
          ],
          [
            135.72575,
            33.992777
          ],
          [
            135.725818,
            33.992603
          ],
          [
            135.725946,
            33.992146
          ],
          [
            135.726081,
            33.991509
          ],
          [
            135.726081,
            33.991221
          ],
          [
            135.726081,
            33.99121
          ],
          [
            135.726129,
            33.991034
          ],
          [
            135.726142,
            33.990945
          ],
          [
            135.72623,
            33.99072
          ],
          [
            135.726257,
            33.990584
          ],
          [
            135.726311,
            33.990438
          ],
          [
            135.726311,
            33.990376
          ],
          [
            135.726352,
            33.990139
          ],
          [
            135.7263582,
            33.9900045
          ],
          [
            135.726365,
            33.989856
          ],
          [
            135.726338,
            33.989659
          ],
          [
            135.726277,
            33.989473
          ],
          [
            135.726237,
            33.989388
          ],
          [
            135.726149,
            33.989264
          ],
          [
            135.725973,
            33.9891
          ],
          [
            135.725892,
            33.988965
          ],
          [
            135.725885,
            33.988881
          ],
          [
            135.725919,
            33.988768
          ],
          [
            135.725993,
            33.9887
          ],
          [
            135.726061,
            33.988672
          ],
          [
            135.726433,
            33.988616
          ],
          [
            135.726649,
            33.988582
          ],
          [
            135.726724,
            33.988554
          ],
          [
            135.726778,
            33.988475
          ],
          [
            135.726764,
            33.988346
          ],
          [
            135.726771,
            33.988245
          ],
          [
            135.726825,
            33.98798
          ],
          [
            135.726913,
            33.987816
          ],
          [
            135.726933,
            33.987732
          ],
          [
            135.727062,
            33.987461
          ],
          [
            135.727103,
            33.987416
          ],
          [
            135.727143,
            33.987388
          ],
          [
            135.727326,
            33.987343
          ],
          [
            135.727596,
            33.987168
          ],
          [
            135.727718,
            33.987061
          ],
          [
            135.727772,
            33.986993
          ],
          [
            135.727772,
            33.986864
          ],
          [
            135.727718,
            33.986672
          ],
          [
            135.727576,
            33.986373
          ],
          [
            135.727468,
            33.98599
          ],
          [
            135.727468,
            33.985804
          ],
          [
            135.727508,
            33.98568
          ],
          [
            135.727569,
            33.985635
          ],
          [
            135.727621,
            33.985601
          ],
          [
            135.727711,
            33.985567
          ],
          [
            135.72786,
            33.985567
          ],
          [
            135.728198,
            33.985573
          ],
          [
            135.72844,
            33.985584
          ],
          [
            135.728663,
            33.985573
          ],
          [
            135.728839,
            33.985528
          ],
          [
            135.728975,
            33.98546
          ],
          [
            135.729232,
            33.985285
          ],
          [
            135.729314,
            33.98524
          ],
          [
            135.729469,
            33.985127
          ],
          [
            135.729577,
            33.985026
          ],
          [
            135.729637,
            33.984941
          ],
          [
            135.729685,
            33.984789
          ],
          [
            135.729827,
            33.984536
          ],
          [
            135.729909,
            33.984468
          ],
          [
            135.730017,
            33.984423
          ],
          [
            135.73007,
            33.984361
          ],
          [
            135.730085,
            33.984073
          ],
          [
            135.730152,
            33.983893
          ],
          [
            135.730185,
            33.983769
          ],
          [
            135.730192,
            33.983774
          ],
          [
            135.730145,
            33.9837
          ],
          [
            135.73005,
            33.98361
          ],
          [
            135.729909,
            33.983497
          ],
          [
            135.729834,
            33.983385
          ],
          [
            135.729834,
            33.983227
          ],
          [
            135.729814,
            33.983104
          ],
          [
            135.729794,
            33.983052
          ],
          [
            135.729697,
            33.983007
          ],
          [
            135.729637,
            33.982979
          ],
          [
            135.72957,
            33.982917
          ],
          [
            135.729522,
            33.982839
          ],
          [
            135.729495,
            33.982714
          ],
          [
            135.7294977,
            33.9826791
          ],
          [
            135.729502,
            33.982624
          ],
          [
            135.729536,
            33.982545
          ],
          [
            135.72961,
            33.982495
          ],
          [
            135.729712,
            33.982444
          ],
          [
            135.7298,
            33.982302
          ],
          [
            135.729887,
            33.981925
          ],
          [
            135.729942,
            33.981845
          ],
          [
            135.730002,
            33.9818
          ],
          [
            135.730117,
            33.981779
          ],
          [
            135.73022,
            33.981795
          ],
          [
            135.730327,
            33.981779
          ],
          [
            135.730395,
            33.981739
          ],
          [
            135.730395,
            33.981655
          ],
          [
            135.730362,
            33.981535
          ],
          [
            135.730307,
            33.981147
          ],
          [
            135.730232,
            33.980994
          ],
          [
            135.730192,
            33.980932
          ],
          [
            135.730145,
            33.980786
          ],
          [
            135.730132,
            33.980695
          ],
          [
            135.730165,
            33.980527
          ],
          [
            135.73022,
            33.980437
          ],
          [
            135.730287,
            33.980398
          ],
          [
            135.730557,
            33.980341
          ],
          [
            135.730659,
            33.980302
          ],
          [
            135.730705,
            33.980263
          ],
          [
            135.730727,
            33.980043
          ],
          [
            135.730767,
            33.979851
          ],
          [
            135.730787,
            33.979727
          ],
          [
            135.730835,
            33.979603
          ],
          [
            135.73093,
            33.979496
          ],
          [
            135.731045,
            33.979428
          ],
          [
            135.731329,
            33.979344
          ],
          [
            135.731564,
            33.979304
          ],
          [
            135.73151,
            33.979225
          ],
          [
            135.731429,
            33.979152
          ],
          [
            135.73124,
            33.97905
          ],
          [
            135.730902,
            33.978887
          ],
          [
            135.730754,
            33.978831
          ],
          [
            135.730335,
            33.978814
          ],
          [
            135.730139,
            33.978774
          ],
          [
            135.730057,
            33.978723
          ],
          [
            135.729989,
            33.978633
          ],
          [
            135.729875,
            33.978357
          ],
          [
            135.7298,
            33.978255
          ],
          [
            135.72978,
            33.978233
          ],
          [
            135.729732,
            33.978216
          ],
          [
            135.729645,
            33.97821
          ],
          [
            135.729584,
            33.978255
          ],
          [
            135.729522,
            33.97834
          ],
          [
            135.729475,
            33.978481
          ],
          [
            135.729482,
            33.978588
          ],
          [
            135.729495,
            33.978628
          ],
          [
            135.729604,
            33.978735
          ],
          [
            135.729685,
            33.97878
          ],
          [
            135.729875,
            33.978847
          ],
          [
            135.729975,
            33.978977
          ],
          [
            135.730037,
            33.979073
          ],
          [
            135.7301538,
            33.9791582
          ],
          [
            135.730192,
            33.979186
          ],
          [
            135.730185,
            33.979264
          ],
          [
            135.730064,
            33.979411
          ],
          [
            135.73001,
            33.979456
          ],
          [
            135.729867,
            33.979507
          ],
          [
            135.727623,
            33.978583
          ],
          [
            135.727765,
            33.978554
          ],
          [
            135.727988,
            33.978492
          ],
          [
            135.728116,
            33.978492
          ],
          [
            135.728224,
            33.97852
          ],
          [
            135.728292,
            33.978571
          ],
          [
            135.728325,
            33.978611
          ],
          [
            135.728312,
            33.978876
          ],
          [
            135.728379,
            33.978909
          ],
          [
            135.728832,
            33.978932
          ],
          [
            135.728893,
            33.978949
          ],
          [
            135.729117,
            33.97909
          ],
          [
            135.729286,
            33.979186
          ],
          [
            135.729359,
            33.979268
          ],
          [
            135.729265,
            33.979332
          ],
          [
            135.728995,
            33.979366
          ],
          [
            135.728907,
            33.979394
          ],
          [
            135.728562,
            33.979676
          ],
          [
            135.728536,
            33.979757
          ],
          [
            135.728596,
            33.979779
          ],
          [
            135.728724,
            33.979721
          ],
          [
            135.728873,
            33.979597
          ],
          [
            135.729002,
            33.979529
          ],
          [
            135.729117,
            33.979507
          ],
          [
            135.729515,
            33.979513
          ],
          [
            135.729867,
            33.979507
          ],
          [
            135.7270349,
            33.9776473
          ],
          [
            135.727111,
            33.977648
          ],
          [
            135.727205,
            33.977689
          ],
          [
            135.727292,
            33.977748
          ],
          [
            135.727346,
            33.977799
          ],
          [
            135.727407,
            33.977884
          ],
          [
            135.727441,
            33.977951
          ],
          [
            135.727454,
            33.978176
          ],
          [
            135.727447,
            33.978278
          ],
          [
            135.72742,
            33.978357
          ],
          [
            135.727414,
            33.978419
          ],
          [
            135.727488,
            33.978503
          ],
          [
            135.727623,
            33.978583
          ],
          [
            135.7266493,
            33.9759415
          ],
          [
            135.7265715,
            33.9759898
          ],
          [
            135.726481,
            33.9760465
          ],
          [
            135.7264026,
            33.9760831
          ],
          [
            135.726255,
            33.9761033
          ],
          [
            135.726115,
            33.976181
          ],
          [
            135.726101,
            33.976186
          ],
          [
            135.7260265,
            33.976268
          ],
          [
            135.7259935,
            33.9763412
          ],
          [
            135.7259829,
            33.9764179
          ],
          [
            135.7260118,
            33.9764746
          ],
          [
            135.7260329,
            33.9765164
          ],
          [
            135.7260992,
            33.976564
          ],
          [
            135.7261781,
            33.9766258
          ],
          [
            135.7263073,
            33.9766948
          ],
          [
            135.7264328,
            33.9767616
          ],
          [
            135.7265487,
            33.9768283
          ],
          [
            135.7265918,
            33.9768638
          ],
          [
            135.7266104,
            33.9769017
          ],
          [
            135.7266292,
            33.9769551
          ],
          [
            135.7266265,
            33.9770173
          ],
          [
            135.7266319,
            33.9770885
          ],
          [
            135.7266533,
            33.9771463
          ],
          [
            135.726697,
            33.977213
          ],
          [
            135.7267821,
            33.9773754
          ],
          [
            135.726928,
            33.9775399
          ],
          [
            135.7269913,
            33.9775912
          ],
          [
            135.7270349,
            33.9776473
          ],
          [
            135.7290494,
            33.9745
          ],
          [
            135.7290137,
            33.9746107
          ],
          [
            135.7290056,
            33.9747197
          ],
          [
            135.7289889,
            33.9748699
          ],
          [
            135.7289764,
            33.974975
          ],
          [
            135.7289482,
            33.9750666
          ],
          [
            135.7288635,
            33.9751845
          ],
          [
            135.72878,
            33.9752975
          ],
          [
            135.7286148,
            33.9754904
          ],
          [
            135.7283787,
            33.9757764
          ],
          [
            135.7282697,
            33.9758442
          ],
          [
            135.7281705,
            33.9759003
          ],
          [
            135.7280393,
            33.975964
          ],
          [
            135.7278872,
            33.9760209
          ],
          [
            135.727664,
            33.976079
          ],
          [
            135.7274365,
            33.9761543
          ],
          [
            135.7273202,
            33.9761617
          ],
          [
            135.7272032,
            33.976141
          ],
          [
            135.7271113,
            33.9761179
          ],
          [
            135.726943,
            33.9759964
          ],
          [
            135.7267405,
            33.9759586
          ],
          [
            135.7266493,
            33.9759415
          ],
          [
            135.7373397,
            33.972552
          ],
          [
            135.737255,
            33.9725878
          ],
          [
            135.7371015,
            33.9725833
          ],
          [
            135.7368755,
            33.9725634
          ],
          [
            135.736644,
            33.972522
          ],
          [
            135.736454,
            33.972449
          ],
          [
            135.7363528,
            33.9724027
          ],
          [
            135.73627,
            33.9723732
          ],
          [
            135.7361756,
            33.9723521
          ],
          [
            135.7360797,
            33.9723582
          ],
          [
            135.7359681,
            33.9723981
          ],
          [
            135.7358734,
            33.9724312
          ],
          [
            135.7357925,
            33.9724341
          ],
          [
            135.7356796,
            33.9724113
          ],
          [
            135.7355845,
            33.9723695
          ],
          [
            135.73547,
            33.9723285
          ],
          [
            135.7353131,
            33.9722645
          ],
          [
            135.7351492,
            33.9722122
          ],
          [
            135.7350219,
            33.9721906
          ],
          [
            135.7349187,
            33.9721734
          ],
          [
            135.7348422,
            33.9721699
          ],
          [
            135.7347817,
            33.9721911
          ],
          [
            135.7347221,
            33.9722274
          ],
          [
            135.7346544,
            33.9722951
          ],
          [
            135.7345873,
            33.9723552
          ],
          [
            135.7344612,
            33.9724219
          ],
          [
            135.7343251,
            33.9725175
          ],
          [
            135.7342789,
            33.9725509
          ],
          [
            135.7342279,
            33.9726021
          ],
          [
            135.7341501,
            33.9726866
          ],
          [
            135.7339777,
            33.9728176
          ],
          [
            135.7337666,
            33.9729802
          ],
          [
            135.7335741,
            33.9731248
          ],
          [
            135.7334232,
            33.9732271
          ],
          [
            135.7332821,
            33.9733492
          ],
          [
            135.7331719,
            33.9734457
          ],
          [
            135.7330638,
            33.9735452
          ],
          [
            135.7329968,
            33.9736498
          ],
          [
            135.7329143,
            33.9737846
          ],
          [
            135.7328467,
            33.9738458
          ],
          [
            135.732756,
            33.9738835
          ],
          [
            135.7326419,
            33.9738996
          ],
          [
            135.7325496,
            33.9738881
          ],
          [
            135.7324628,
            33.9738461
          ],
          [
            135.7323611,
            33.9737832
          ],
          [
            135.7322833,
            33.9737321
          ],
          [
            135.7321699,
            33.9736449
          ],
          [
            135.7319589,
            33.9734427
          ],
          [
            135.7318596,
            33.9732975
          ],
          [
            135.7317817,
            33.9731582
          ],
          [
            135.731695,
            33.9729794
          ],
          [
            135.7316262,
            33.9728646
          ],
          [
            135.7315591,
            33.9728056
          ],
          [
            135.7314206,
            33.972745
          ],
          [
            135.7312876,
            33.9727018
          ],
          [
            135.7311661,
            33.972681
          ],
          [
            135.731087,
            33.972671
          ],
          [
            135.7309958,
            33.9726777
          ],
          [
            135.7308647,
            33.9726899
          ],
          [
            135.7306841,
            33.9727314
          ],
          [
            135.7303301,
            33.9728115
          ],
          [
            135.7301214,
            33.9728601
          ],
          [
            135.7299999,
            33.972909
          ],
          [
            135.7298693,
            33.9729913
          ],
          [
            135.7297292,
            33.9730819
          ],
          [
            135.7295608,
            33.9731648
          ],
          [
            135.7294448,
            33.97322
          ],
          [
            135.7293811,
            33.973265
          ],
          [
            135.7293442,
            33.9733136
          ],
          [
            135.7293141,
            33.973394
          ],
          [
            135.7293087,
            33.973454
          ],
          [
            135.7292873,
            33.9735408
          ],
          [
            135.7292524,
            33.9736142
          ],
          [
            135.7291821,
            33.9737322
          ],
          [
            135.7291424,
            33.9738166
          ],
          [
            135.7291236,
            33.9738655
          ],
          [
            135.729112,
            33.9739476
          ],
          [
            135.7291183,
            33.9740346
          ],
          [
            135.7291156,
            33.9741369
          ],
          [
            135.729124,
            33.974241
          ],
          [
            135.7291129,
            33.9743504
          ],
          [
            135.7290888,
            33.974426
          ],
          [
            135.7290494,
            33.9745
          ],
          [
            135.7373397,
            33.972552
          ],
          [
            135.7376903,
            33.9721777
          ],
          [
            135.7377725,
            33.9720662
          ],
          [
            135.7377413,
            33.9721069
          ],
          [
            135.7376903,
            33.9721777
          ],
          [
            135.7377725,
            33.9720662
          ],
          [
            135.7378,
            33.971925
          ],
          [
            135.7378184,
            33.971796
          ],
          [
            135.737869,
            33.971682
          ],
          [
            135.737914,
            33.971333
          ],
          [
            135.737914,
            33.970995
          ],
          [
            135.737874,
            33.970859
          ],
          [
            135.737759,
            33.970583
          ],
          [
            135.737685,
            33.970504
          ],
          [
            135.737624,
            33.970454
          ],
          [
            135.7375107,
            33.9703719
          ],
          [
            135.7374198,
            33.9702569
          ],
          [
            135.7373606,
            33.9702164
          ],
          [
            135.7374198,
            33.9702569
          ],
          [
            135.7367688,
            33.9698447
          ],
          [
            135.7373606,
            33.9702164
          ],
          [
            135.7367688,
            33.9698447
          ],
          [
            135.7367303,
            33.969815
          ],
          [
            135.736484,
            33.9696029
          ],
          [
            135.7362978,
            33.9694172
          ],
          [
            135.735997,
            33.9691122
          ],
          [
            135.7356684,
            33.9687464
          ],
          [
            135.7352077,
            33.9684307
          ],
          [
            135.735053,
            33.9682868
          ],
          [
            135.7349222,
            33.9681637
          ],
          [
            135.734838,
            33.968075
          ],
          [
            135.734764,
            33.967962
          ],
          [
            135.7347355,
            33.9678839
          ],
          [
            135.7347238,
            33.9678029
          ],
          [
            135.7347581,
            33.9676792
          ],
          [
            135.7348153,
            33.9675678
          ],
          [
            135.7348667,
            33.967511
          ],
          [
            135.7349878,
            33.9674549
          ],
          [
            135.7351155,
            33.9674086
          ],
          [
            135.7352564,
            33.9673972
          ],
          [
            135.7355737,
            33.9674055
          ],
          [
            135.7359345,
            33.9674236
          ],
          [
            135.7361233,
            33.967466
          ],
          [
            135.7363021,
            33.9675084
          ],
          [
            135.736624,
            33.9675181
          ],
          [
            135.7367759,
            33.967516
          ],
          [
            135.736854,
            33.967511
          ],
          [
            135.736946,
            33.9674914
          ],
          [
            135.737266,
            33.96738
          ],
          [
            135.7375236,
            33.967214
          ],
          [
            135.7375952,
            33.9671769
          ],
          [
            135.737805,
            33.9670838
          ],
          [
            135.738396,
            33.9668624
          ],
          [
            135.7385614,
            33.9667688
          ],
          [
            135.7387106,
            33.9666636
          ],
          [
            135.7389486,
            33.9664997
          ],
          [
            135.7391867,
            33.9663172
          ],
          [
            135.7392611,
            33.9662328
          ],
          [
            135.7392939,
            33.9661244
          ],
          [
            135.7392959,
            33.9660647
          ],
          [
            135.7392736,
            33.9659662
          ],
          [
            135.7392393,
            33.965748
          ],
          [
            135.7392237,
            33.9655227
          ],
          [
            135.7392272,
            33.9654516
          ],
          [
            135.7392255,
            33.9653991
          ],
          [
            135.7392118,
            33.9653084
          ],
          [
            135.739165,
            33.965188
          ],
          [
            135.738908,
            33.964923
          ],
          [
            135.738577,
            33.964472
          ],
          [
            135.737881,
            33.963717
          ],
          [
            135.737706,
            33.963509
          ],
          [
            135.737638,
            33.963396
          ],
          [
            135.7375514,
            33.9631634
          ],
          [
            135.7375449,
            33.9631127
          ],
          [
            135.7375492,
            33.9630791
          ],
          [
            135.7375647,
            33.9630501
          ],
          [
            135.737591,
            33.962996
          ],
          [
            135.7376009,
            33.9629583
          ],
          [
            135.7376382,
            33.9628156
          ],
          [
            135.737787,
            33.962324
          ],
          [
            135.737865,
            33.9621506
          ],
          [
            135.7380009,
            33.961954
          ],
          [
            135.7384269,
            33.9614705
          ],
          [
            135.738489,
            33.9613752
          ],
          [
            135.738634,
            33.96125
          ],
          [
            135.7386768,
            33.9611466
          ],
          [
            135.7386664,
            33.961085
          ],
          [
            135.7386055,
            33.9610312
          ],
          [
            135.7384832,
            33.9609952
          ],
          [
            135.738276,
            33.960985
          ],
          [
            135.7381922,
            33.9609368
          ],
          [
            135.738057,
            33.9608055
          ],
          [
            135.7377826,
            33.9603604
          ],
          [
            135.7376699,
            33.9601827
          ],
          [
            135.7371287,
            33.9596029
          ],
          [
            135.7367979,
            33.9593972
          ],
          [
            135.7367029,
            33.959263
          ],
          [
            135.736631,
            33.95911
          ],
          [
            135.7365979,
            33.9589589
          ],
          [
            135.736605,
            33.9588697
          ],
          [
            135.7366121,
            33.9587922
          ],
          [
            135.7366592,
            33.9586603
          ],
          [
            135.7367041,
            33.9584796
          ],
          [
            135.7368009,
            33.9583223
          ],
          [
            135.7368973,
            33.9582081
          ],
          [
            135.7369976,
            33.9580758
          ],
          [
            135.7371111,
            33.9579767
          ],
          [
            135.7372293,
            33.9579011
          ],
          [
            135.737408,
            33.957837
          ],
          [
            135.7376441,
            33.9577259
          ],
          [
            135.7378855,
            33.9576236
          ],
          [
            135.738125,
            33.957533
          ],
          [
            135.7382757,
            33.9574832
          ],
          [
            135.7383866,
            33.9574142
          ],
          [
            135.7385179,
            33.957355
          ],
          [
            135.7386087,
            33.9573218
          ],
          [
            135.7386901,
            33.9572985
          ],
          [
            135.738815,
            33.957291
          ],
          [
            135.738923,
            33.957246
          ],
          [
            135.739011,
            33.957155
          ],
          [
            135.7390752,
            33.9570371
          ],
          [
            135.7390739,
            33.9569476
          ],
          [
            135.7391089,
            33.9568745
          ],
          [
            135.7391406,
            33.9568208
          ],
          [
            135.7392235,
            33.9567492
          ],
          [
            135.7393519,
            33.9566758
          ],
          [
            135.7394475,
            33.9566295
          ],
          [
            135.7395301,
            33.9566009
          ],
          [
            135.7396227,
            33.9565695
          ],
          [
            135.7396733,
            33.9565432
          ],
          [
            135.7397118,
            33.9564778
          ],
          [
            135.7398066,
            33.9563121
          ],
          [
            135.7399458,
            33.9561498
          ],
          [
            135.7400861,
            33.9560548
          ],
          [
            135.7402283,
            33.9560028
          ],
          [
            135.7403173,
            33.955981
          ],
          [
            135.7403674,
            33.9559401
          ],
          [
            135.7403884,
            33.9558613
          ],
          [
            135.7403895,
            33.9557204
          ],
          [
            135.7403958,
            33.9556702
          ],
          [
            135.7404871,
            33.9554751
          ],
          [
            135.7404487,
            33.9552817
          ],
          [
            135.740477,
            33.955182
          ],
          [
            135.740491,
            33.955109
          ],
          [
            135.740491,
            33.954974
          ],
          [
            135.740383,
            33.954675
          ],
          [
            135.740335,
            33.954494
          ],
          [
            135.740302,
            33.954416
          ],
          [
            135.740234,
            33.954314
          ],
          [
            135.740153,
            33.954246
          ],
          [
            135.740039,
            33.954196
          ],
          [
            135.739667,
            33.954099
          ],
          [
            135.739363,
            33.954043
          ],
          [
            135.739106,
            33.954009
          ],
          [
            135.738828,
            33.953993
          ],
          [
            135.7386274,
            33.9539662
          ],
          [
            135.7385068,
            33.9538919
          ],
          [
            135.7384255,
            33.95372
          ],
          [
            135.7384468,
            33.9535703
          ],
          [
            135.7384676,
            33.9533916
          ],
          [
            135.738564,
            33.953248
          ],
          [
            135.7386514,
            33.9530651
          ],
          [
            135.7388123,
            33.9529111
          ],
          [
            135.7389408,
            33.9528042
          ],
          [
            135.7391249,
            33.9526522
          ],
          [
            135.7393539,
            33.9524712
          ],
          [
            135.739667,
            33.952244
          ],
          [
            135.7397773,
            33.9522055
          ],
          [
            135.7398656,
            33.9521914
          ],
          [
            135.740057,
            33.9520941
          ],
          [
            135.740159,
            33.9519939
          ],
          [
            135.7401993,
            33.9519021
          ],
          [
            135.7403395,
            33.9517905
          ],
          [
            135.740428,
            33.9517102
          ],
          [
            135.7404687,
            33.9515383
          ],
          [
            135.7404979,
            33.9513675
          ],
          [
            135.7407629,
            33.9512111
          ],
          [
            135.740825,
            33.9510977
          ],
          [
            135.7408921,
            33.9509359
          ],
          [
            135.7409306,
            33.9507928
          ],
          [
            135.7409294,
            33.9506637
          ],
          [
            135.7408527,
            33.9505931
          ],
          [
            135.7407149,
            33.9505495
          ],
          [
            135.7405892,
            33.9504899
          ],
          [
            135.7405038,
            33.9503276
          ],
          [
            135.7404592,
            33.9502369
          ],
          [
            135.7403867,
            33.9500578
          ],
          [
            135.7403712,
            33.9499035
          ],
          [
            135.740384,
            33.94972
          ],
          [
            135.740404,
            33.949579
          ],
          [
            135.740438,
            33.949494
          ],
          [
            135.740465,
            33.949466
          ],
          [
            135.740573,
            33.949387
          ],
          [
            135.740695,
            33.949348
          ],
          [
            135.740992,
            33.949325
          ],
          [
            135.741093,
            33.949303
          ],
          [
            135.741242,
            33.949246
          ],
          [
            135.741492,
            33.949117
          ],
          [
            135.741877,
            33.948981
          ],
          [
            135.742182,
            33.948835
          ],
          [
            135.742459,
            33.94875
          ],
          [
            135.742567,
            33.948699
          ],
          [
            135.742783,
            33.948502
          ],
          [
            135.742919,
            33.948423
          ],
          [
            135.743657,
            33.948079
          ],
          [
            135.743826,
            33.947966
          ],
          [
            135.743948,
            33.947865
          ],
          [
            135.744036,
            33.947764
          ],
          [
            135.74409,
            33.947684
          ],
          [
            135.744164,
            33.947504
          ],
          [
            135.744164,
            33.947223
          ],
          [
            135.744191,
            33.947008
          ],
          [
            135.7441748,
            33.9469268
          ],
          [
            135.7440716,
            33.9468129
          ],
          [
            135.7439535,
            33.9467262
          ],
          [
            135.7438826,
            33.9464944
          ],
          [
            135.7438188,
            33.9463436
          ],
          [
            135.7438038,
            33.9462743
          ],
          [
            135.7438395,
            33.9462062
          ],
          [
            135.7439452,
            33.9461859
          ],
          [
            135.7443258,
            33.9462058
          ],
          [
            135.7449388,
            33.9462123
          ],
          [
            135.745169,
            33.9462091
          ],
          [
            135.7453039,
            33.9461841
          ],
          [
            135.745506,
            33.9460816
          ],
          [
            135.7457333,
            33.9460593
          ],
          [
            135.7458856,
            33.9460143
          ],
          [
            135.7460092,
            33.9459675
          ],
          [
            135.7461284,
            33.9459561
          ],
          [
            135.7462182,
            33.9459802
          ],
          [
            135.7463405,
            33.9459924
          ],
          [
            135.7464992,
            33.9460172
          ],
          [
            135.7465517,
            33.9460517
          ],
          [
            135.7465862,
            33.9460966
          ],
          [
            135.7466188,
            33.946169
          ],
          [
            135.7466629,
            33.9462604
          ],
          [
            135.7467244,
            33.9463158
          ],
          [
            135.7468205,
            33.9463349
          ],
          [
            135.7469036,
            33.946323
          ],
          [
            135.7470069,
            33.9462754
          ],
          [
            135.747136,
            33.9461731
          ],
          [
            135.7471862,
            33.9461017
          ],
          [
            135.7471991,
            33.9460517
          ],
          [
            135.7471661,
            33.9459435
          ],
          [
            135.7470987,
            33.9458281
          ],
          [
            135.7470815,
            33.9456342
          ],
          [
            135.7470528,
            33.9454914
          ],
          [
            135.7470499,
            33.9454034
          ],
          [
            135.7470815,
            33.9453201
          ],
          [
            135.747189,
            33.9452344
          ],
          [
            135.7472908,
            33.9451762
          ],
          [
            135.7474385,
            33.9451381
          ],
          [
            135.747582,
            33.9451012
          ],
          [
            135.7476522,
            33.9450429
          ],
          [
            135.7476866,
            33.9449644
          ],
          [
            135.7476766,
            33.9448692
          ],
          [
            135.7476753,
            33.9448197
          ],
          [
            135.7477397,
            33.9446573
          ],
          [
            135.7477832,
            33.9445245
          ],
          [
            135.7478061,
            33.9444348
          ],
          [
            135.747822,
            33.944359
          ],
          [
            135.7478314,
            33.9442818
          ],
          [
            135.7478232,
            33.9441987
          ],
          [
            135.7478349,
            33.9441231
          ],
          [
            135.7478513,
            33.9440537
          ],
          [
            135.7478703,
            33.9439831
          ],
          [
            135.7479174,
            33.9437635
          ],
          [
            135.7479235,
            33.943672
          ],
          [
            135.7479212,
            33.9435455
          ],
          [
            135.7479047,
            33.9434132
          ],
          [
            135.7478523,
            33.9432341
          ],
          [
            135.7477601,
            33.9430365
          ],
          [
            135.7476504,
            33.942837
          ],
          [
            135.7474788,
            33.942555
          ],
          [
            135.747295,
            33.942206
          ],
          [
            135.7472239,
            33.9420968
          ],
          [
            135.7470179,
            33.9420069
          ],
          [
            135.7469749,
            33.9419617
          ],
          [
            135.7469821,
            33.9419102
          ],
          [
            135.747035,
            33.9418606
          ],
          [
            135.7471452,
            33.9418396
          ],
          [
            135.747356,
            33.9418579
          ],
          [
            135.7475237,
            33.941903
          ],
          [
            135.7477766,
            33.9418956
          ],
          [
            135.7479633,
            33.9418709
          ],
          [
            135.7481267,
            33.9418287
          ],
          [
            135.7482328,
            33.9418058
          ],
          [
            135.748324,
            33.9418234
          ],
          [
            135.7485425,
            33.9419343
          ],
          [
            135.748654,
            33.942059
          ],
          [
            135.748722,
            33.942138
          ],
          [
            135.748762,
            33.942206
          ],
          [
            135.7488116,
            33.9423488
          ],
          [
            135.7487956,
            33.9424404
          ],
          [
            135.7488053,
            33.9425382
          ],
          [
            135.7488432,
            33.9426913
          ],
          [
            135.7489051,
            33.9427693
          ],
          [
            135.7489519,
            33.9427893
          ],
          [
            135.7490098,
            33.942788
          ],
          [
            135.7490808,
            33.9427635
          ],
          [
            135.7495456,
            33.9425131
          ],
          [
            135.7496705,
            33.9424089
          ],
          [
            135.7497237,
            33.9423049
          ],
          [
            135.7498283,
            33.942091
          ],
          [
            135.749845,
            33.9419789
          ],
          [
            135.7497227,
            33.9418827
          ],
          [
            135.7494485,
            33.9414916
          ],
          [
            135.7493889,
            33.9413632
          ],
          [
            135.7493787,
            33.9413089
          ],
          [
            135.7494089,
            33.9410627
          ],
          [
            135.749426,
            33.9409803
          ],
          [
            135.7494593,
            33.9409226
          ],
          [
            135.749522,
            33.9408832
          ],
          [
            135.7496017,
            33.9408393
          ],
          [
            135.749709,
            33.940791
          ],
          [
            135.750054,
            33.940661
          ],
          [
            135.750104,
            33.940652
          ],
          [
            135.750142,
            33.940645
          ],
          [
            135.750394,
            33.9405937
          ],
          [
            135.7506223,
            33.9404601
          ],
          [
            135.7508742,
            33.9403889
          ],
          [
            135.7511454,
            33.9403774
          ],
          [
            135.7513423,
            33.9403712
          ],
          [
            135.751586,
            33.9403564
          ],
          [
            135.7517231,
            33.9403322
          ],
          [
            135.7518278,
            33.9402822
          ],
          [
            135.7520762,
            33.9401225
          ],
          [
            135.752244,
            33.940053
          ],
          [
            135.75231,
            33.9400212
          ],
          [
            135.752345,
            33.939974
          ],
          [
            135.752379,
            33.939884
          ],
          [
            135.752407,
            33.939737
          ],
          [
            135.7524454,
            33.9395325
          ],
          [
            135.7524334,
            33.939409
          ],
          [
            135.7524126,
            33.9393493
          ],
          [
            135.7524071,
            33.9393154
          ],
          [
            135.7524115,
            33.9392841
          ],
          [
            135.7524355,
            33.9392328
          ],
          [
            135.7524695,
            33.9391977
          ],
          [
            135.7525121,
            33.9391695
          ],
          [
            135.75261,
            33.939161
          ],
          [
            135.7527772,
            33.9392098
          ],
          [
            135.753185,
            33.93933
          ],
          [
            135.753312,
            33.939365
          ],
          [
            135.7537081,
            33.9393601
          ],
          [
            135.7539096,
            33.9392706
          ],
          [
            135.754125,
            33.9391587
          ],
          [
            135.7542153,
            33.9391112
          ],
          [
            135.75466,
            33.937927
          ],
          [
            135.754647,
            33.93795
          ],
          [
            135.754653,
            33.9381126
          ],
          [
            135.7546662,
            33.9382952
          ],
          [
            135.7546886,
            33.9384335
          ],
          [
            135.7546857,
            33.9385952
          ],
          [
            135.7546638,
            33.9387131
          ],
          [
            135.7543753,
            33.9389262
          ],
          [
            135.7541795,
            33.9390597
          ],
          [
            135.7542153,
            33.9391112
          ],
          [
            135.75466,
            33.937927
          ],
          [
            135.754829,
            33.937775
          ],
          [
            135.7556778,
            33.9372844
          ],
          [
            135.7559033,
            33.9373193
          ],
          [
            135.7559208,
            33.9372134
          ],
          [
            135.7559514,
            33.9371099
          ],
          [
            135.755991,
            33.937009
          ],
          [
            135.7560147,
            33.936957
          ],
          [
            135.7560462,
            33.9369113
          ],
          [
            135.7560907,
            33.936871
          ],
          [
            135.756116,
            33.9368386
          ],
          [
            135.7561462,
            33.936799
          ],
          [
            135.7561589,
            33.9367547
          ],
          [
            135.756218,
            33.936758
          ],
          [
            135.757275,
            33.936664
          ],
          [
            135.757388,
            33.936684
          ],
          [
            135.75743,
            33.93683
          ],
          [
            135.757446,
            33.936933
          ],
          [
            135.757542,
            33.937045
          ],
          [
            135.757628,
            33.937071
          ],
          [
            135.7577011,
            33.9370697
          ],
          [
            135.757784,
            33.9370738
          ],
          [
            135.7582489,
            33.9369011
          ],
          [
            135.758101,
            33.936727
          ],
          [
            135.758074,
            33.936665
          ],
          [
            135.758074,
            33.936541
          ],
          [
            135.758094,
            33.936479
          ],
          [
            135.758108,
            33.936276
          ],
          [
            135.758067,
            33.936107
          ],
          [
            135.758067,
            33.936005
          ],
          [
            135.758115,
            33.93587
          ],
          [
            135.758263,
            33.935622
          ],
          [
            135.758331,
            33.935447
          ],
          [
            135.7583514,
            33.9353615
          ],
          [
            135.758358,
            33.935334
          ],
          [
            135.758364,
            33.935221
          ],
          [
            135.758398,
            33.935075
          ],
          [
            135.758479,
            33.934911
          ],
          [
            135.75854,
            33.934742
          ],
          [
            135.758547,
            33.934618
          ],
          [
            135.758608,
            33.934475
          ],
          [
            135.758737,
            33.934359
          ],
          [
            135.758804,
            33.934213
          ],
          [
            135.758939,
            33.934117
          ],
          [
            135.759163,
            33.933908
          ],
          [
            135.759278,
            33.933761
          ],
          [
            135.759318,
            33.933666
          ],
          [
            135.759318,
            33.933474
          ],
          [
            135.759271,
            33.933356
          ],
          [
            135.759176,
            33.933203
          ],
          [
            135.759054,
            33.933096
          ],
          [
            135.758831,
            33.932842
          ],
          [
            135.758764,
            33.93273
          ],
          [
            135.75873,
            33.932651
          ],
          [
            135.758594,
            33.932436
          ],
          [
            135.758493,
            33.932081
          ],
          [
            135.7584359,
            33.931948
          ],
          [
            135.7583837,
            33.9318347
          ],
          [
            135.7583081,
            33.9317432
          ],
          [
            135.7582938,
            33.9316091
          ],
          [
            135.758284,
            33.931489
          ],
          [
            135.758297,
            33.931297
          ],
          [
            135.7583146,
            33.9311886
          ],
          [
            135.7583062,
            33.9310993
          ],
          [
            135.7584059,
            33.9307723
          ],
          [
            135.7584295,
            33.9307178
          ],
          [
            135.7584377,
            33.9306137
          ],
          [
            135.758459,
            33.930513
          ],
          [
            135.7584927,
            33.9304184
          ],
          [
            135.758527,
            33.930321
          ],
          [
            135.758602,
            33.930186
          ],
          [
            135.758683,
            33.930011
          ],
          [
            135.758784,
            33.929842
          ],
          [
            135.758872,
            33.929775
          ],
          [
            135.7589367,
            33.9296472
          ],
          [
            135.7592138,
            33.9294789
          ],
          [
            135.7593152,
            33.9292939
          ],
          [
            135.7592881,
            33.9292098
          ],
          [
            135.7591665,
            33.9292266
          ],
          [
            135.7589502,
            33.9292658
          ],
          [
            135.7588249,
            33.9292704
          ],
          [
            135.7588082,
            33.9292322
          ],
          [
            135.7587734,
            33.9290486
          ],
          [
            135.7587914,
            33.9290402
          ],
          [
            135.7588065,
            33.9290272
          ],
          [
            135.7588136,
            33.9290013
          ],
          [
            135.7588143,
            33.9289724
          ],
          [
            135.7587917,
            33.9288106
          ],
          [
            135.7587868,
            33.9287123
          ],
          [
            135.758791,
            33.92862
          ],
          [
            135.7588133,
            33.9285074
          ],
          [
            135.7588464,
            33.9284607
          ],
          [
            135.7588937,
            33.9284375
          ],
          [
            135.7589532,
            33.9284148
          ],
          [
            135.7590197,
            33.9284156
          ],
          [
            135.7591427,
            33.9284434
          ],
          [
            135.7592786,
            33.9284635
          ],
          [
            135.7597225,
            33.9272453
          ],
          [
            135.7596873,
            33.9273592
          ],
          [
            135.7596346,
            33.9274464
          ],
          [
            135.7594427,
            33.9276821
          ],
          [
            135.759442,
            33.9277759
          ],
          [
            135.759505,
            33.9278772
          ],
          [
            135.7595806,
            33.9280946
          ],
          [
            135.7596211,
            33.9283744
          ],
          [
            135.7596052,
            33.9284037
          ],
          [
            135.7594389,
            33.9284059
          ],
          [
            135.7592786,
            33.9284635
          ],
          [
            135.744768,
            33.910022
          ],
          [
            135.7447,
            33.910169
          ],
          [
            135.744442,
            33.910453
          ],
          [
            135.744374,
            33.910578
          ],
          [
            135.744374,
            33.910794
          ],
          [
            135.744414,
            33.91101
          ],
          [
            135.744687,
            33.911363
          ],
          [
            135.74509,
            33.911738
          ],
          [
            135.745112,
            33.911794
          ],
          [
            135.74509,
            33.911944
          ],
          [
            135.745303,
            33.912261
          ],
          [
            135.745604,
            33.912447
          ],
          [
            135.745794,
            33.912736
          ],
          [
            135.745996,
            33.912829
          ],
          [
            135.746231,
            33.913091
          ],
          [
            135.746354,
            33.913137
          ],
          [
            135.746488,
            33.913156
          ],
          [
            135.746566,
            33.913174
          ],
          [
            135.746589,
            33.913231
          ],
          [
            135.74659,
            33.913485
          ],
          [
            135.746657,
            33.913597
          ],
          [
            135.746668,
            33.913774
          ],
          [
            135.747185,
            33.9144902
          ],
          [
            135.7473627,
            33.9146943
          ],
          [
            135.747613,
            33.9149
          ],
          [
            135.747694,
            33.915024
          ],
          [
            135.747788,
            33.915244
          ],
          [
            135.74797,
            33.91556
          ],
          [
            135.748301,
            33.915881
          ],
          [
            135.748679,
            33.916005
          ],
          [
            135.749098,
            33.916185
          ],
          [
            135.749518,
            33.9164
          ],
          [
            135.749673,
            33.916513
          ],
          [
            135.749761,
            33.916631
          ],
          [
            135.750004,
            33.916901
          ],
          [
            135.750194,
            33.917149
          ],
          [
            135.750234,
            33.91724
          ],
          [
            135.750261,
            33.917364
          ],
          [
            135.750356,
            33.917584
          ],
          [
            135.750409,
            33.91764
          ],
          [
            135.750544,
            33.917747
          ],
          [
            135.750659,
            33.917866
          ],
          [
            135.750795,
            33.918057
          ],
          [
            135.751038,
            33.9183
          ],
          [
            135.751497,
            33.918655
          ],
          [
            135.751815,
            33.91901
          ],
          [
            135.751883,
            33.919134
          ],
          [
            135.751889,
            33.91932
          ],
          [
            135.751849,
            33.919376
          ],
          [
            135.751801,
            33.919416
          ],
          [
            135.751788,
            33.919444
          ],
          [
            135.751774,
            33.919449
          ],
          [
            135.751788,
            33.919557
          ],
          [
            135.751815,
            33.919602
          ],
          [
            135.752098,
            33.919748
          ],
          [
            135.752454,
            33.920011
          ],
          [
            135.752641,
            33.920104
          ],
          [
            135.75328,
            33.920237
          ],
          [
            135.753834,
            33.92031
          ],
          [
            135.75399,
            33.920349
          ],
          [
            135.754308,
            33.920462
          ],
          [
            135.754483,
            33.920513
          ],
          [
            135.754727,
            33.920564
          ],
          [
            135.754821,
            33.920597
          ],
          [
            135.754942,
            33.920658
          ],
          [
            135.755091,
            33.920777
          ],
          [
            135.755287,
            33.920991
          ],
          [
            135.755483,
            33.921127
          ],
          [
            135.755517,
            33.921149
          ],
          [
            135.755632,
            33.921188
          ],
          [
            135.756052,
            33.92128
          ],
          [
            135.756235,
            33.921301
          ],
          [
            135.75693,
            33.921307
          ],
          [
            135.757072,
            33.921335
          ],
          [
            135.757187,
            33.92138
          ],
          [
            135.757398,
            33.921505
          ],
          [
            135.757574,
            33.921651
          ],
          [
            135.757777,
            33.921882
          ],
          [
            135.757905,
            33.922137
          ],
          [
            135.757919,
            33.922203
          ],
          [
            135.757973,
            33.922282
          ],
          [
            135.757993,
            33.92235
          ],
          [
            135.758027,
            33.922402
          ],
          [
            135.758101,
            33.922475
          ],
          [
            135.758548,
            33.9227
          ],
          [
            135.758716,
            33.922795
          ],
          [
            135.758872,
            33.922897
          ],
          [
            135.759014,
            33.923072
          ],
          [
            135.759089,
            33.923225
          ],
          [
            135.759197,
            33.923365
          ],
          [
            135.759325,
            33.923472
          ],
          [
            135.759542,
            33.923602
          ],
          [
            135.75965,
            33.923692
          ],
          [
            135.759765,
            33.923839
          ],
          [
            135.759988,
            33.92398
          ],
          [
            135.760076,
            33.924075
          ],
          [
            135.760076,
            33.924183
          ],
          [
            135.760008,
            33.924318
          ],
          [
            135.759981,
            33.924426
          ],
          [
            135.760008,
            33.924668
          ],
          [
            135.760056,
            33.924798
          ],
          [
            135.760116,
            33.924922
          ],
          [
            135.76011,
            33.925063
          ],
          [
            135.760099,
            33.925174
          ],
          [
            135.760096,
            33.925209
          ],
          [
            135.760123,
            33.925299
          ],
          [
            135.760231,
            33.925429
          ],
          [
            135.760299,
            33.92553
          ],
          [
            135.76036,
            33.92566
          ],
          [
            135.760353,
            33.925773
          ],
          [
            135.760218,
            33.926055
          ],
          [
            135.760157,
            33.926218
          ],
          [
            135.759927,
            33.926624
          ],
          [
            135.75992,
            33.926731
          ],
          [
            135.75994,
            33.926793
          ],
          [
            135.759927,
            33.926906
          ],
          [
            135.7598229,
            33.9271216
          ],
          [
            135.7597225,
            33.9272453
          ],
          [
            135.751991,
            33.889741
          ],
          [
            135.751606,
            33.890232
          ],
          [
            135.751409,
            33.890462
          ],
          [
            135.751335,
            33.890602
          ],
          [
            135.751308,
            33.890682
          ],
          [
            135.751227,
            33.890777
          ],
          [
            135.751126,
            33.890929
          ],
          [
            135.751031,
            33.891049
          ],
          [
            135.750727,
            33.891319
          ],
          [
            135.750544,
            33.891556
          ],
          [
            135.750409,
            33.891776
          ],
          [
            135.750396,
            33.892035
          ],
          [
            135.750315,
            33.892233
          ],
          [
            135.749984,
            33.892616
          ],
          [
            135.749801,
            33.892813
          ],
          [
            135.749483,
            33.893304
          ],
          [
            135.749362,
            33.89345
          ],
          [
            135.749233,
            33.893558
          ],
          [
            135.749024,
            33.893693
          ],
          [
            135.748429,
            33.894048
          ],
          [
            135.74818,
            33.894155
          ],
          [
            135.74799,
            33.894211
          ],
          [
            135.747855,
            33.894227
          ],
          [
            135.747585,
            33.894278
          ],
          [
            135.747498,
            33.894323
          ],
          [
            135.747397,
            33.894402
          ],
          [
            135.747397,
            33.89447
          ],
          [
            135.747458,
            33.894548
          ],
          [
            135.748031,
            33.894895
          ],
          [
            135.748146,
            33.89509
          ],
          [
            135.748146,
            33.895265
          ],
          [
            135.747983,
            33.895597
          ],
          [
            135.747823,
            33.89589
          ],
          [
            135.747789,
            33.89598
          ],
          [
            135.747674,
            33.896206
          ],
          [
            135.747593,
            33.896341
          ],
          [
            135.747262,
            33.896669
          ],
          [
            135.747181,
            33.896763
          ],
          [
            135.746634,
            33.897357
          ],
          [
            135.746321,
            33.897724
          ],
          [
            135.74622,
            33.898004
          ],
          [
            135.746176,
            33.898274
          ],
          [
            135.746288,
            33.898974
          ],
          [
            135.746177,
            33.899378
          ],
          [
            135.746121,
            33.899686
          ],
          [
            135.746188,
            33.90004
          ],
          [
            135.746177,
            33.900824
          ],
          [
            135.746277,
            33.901307
          ],
          [
            135.746289,
            33.901619
          ],
          [
            135.746349,
            33.901752
          ],
          [
            135.746557,
            33.902216
          ],
          [
            135.746915,
            33.90287
          ],
          [
            135.746983,
            33.903349
          ],
          [
            135.746983,
            33.903955
          ],
          [
            135.747072,
            33.904403
          ],
          [
            135.747072,
            33.904673
          ],
          [
            135.747072,
            33.905199
          ],
          [
            135.747094,
            33.905684
          ],
          [
            135.747094,
            33.905852
          ],
          [
            135.746904,
            33.906346
          ],
          [
            135.74659,
            33.90675
          ],
          [
            135.746512,
            33.907058
          ],
          [
            135.746277,
            33.907533
          ],
          [
            135.746154,
            33.907981
          ],
          [
            135.745896,
            33.908357
          ],
          [
            135.745706,
            33.908711
          ],
          [
            135.745459,
            33.909019
          ],
          [
            135.745236,
            33.909187
          ],
          [
            135.744968,
            33.909187
          ],
          [
            135.744901,
            33.909206
          ],
          [
            135.744856,
            33.909326
          ],
          [
            135.744768,
            33.910022
          ],
          [
            135.751991,
            33.889741
          ],
          [
            135.752112,
            33.889537
          ],
          [
            135.752281,
            33.889131
          ],
          [
            135.752383,
            33.888776
          ],
          [
            135.752504,
            33.888444
          ],
          [
            135.752572,
            33.88832
          ],
          [
            135.75268,
            33.888016
          ],
          [
            135.752801,
            33.887785
          ],
          [
            135.752876,
            33.8877
          ],
          [
            135.752984,
            33.887621
          ],
          [
            135.753227,
            33.887486
          ],
          [
            135.753625,
            33.887339
          ],
          [
            135.753902,
            33.887187
          ],
          [
            135.754159,
            33.88699
          ],
          [
            135.754261,
            33.8869
          ],
          [
            135.754558,
            33.886579
          ],
          [
            135.754666,
            33.886489
          ],
          [
            135.755321,
            33.885823
          ],
          [
            135.755727,
            33.885479
          ],
          [
            135.755841,
            33.885366
          ],
          [
            135.75601,
            33.885231
          ],
          [
            135.756051,
            33.885203
          ],
          [
            135.756129,
            33.885169
          ],
          [
            135.756206,
            33.885135
          ],
          [
            135.756503,
            33.88504
          ],
          [
            135.75676,
            33.884966
          ],
          [
            135.756801,
            33.884961
          ],
          [
            135.757213,
            33.88482
          ],
          [
            135.757462,
            33.884707
          ],
          [
            135.757577,
            33.884639
          ],
          [
            135.757685,
            33.884561
          ],
          [
            135.75782,
            33.884442
          ],
          [
            135.757995,
            33.884329
          ],
          [
            135.758408,
            33.884047
          ],
          [
            135.7585326,
            33.8840187
          ],
          [
            135.7586565,
            33.8839077
          ],
          [
            135.7587783,
            33.8837725
          ],
          [
            135.7590149,
            33.8836897
          ],
          [
            135.7598025,
            33.8834839
          ],
          [
            135.7596283,
            33.8830324
          ],
          [
            135.7594304,
            33.8828272
          ],
          [
            135.7591077,
            33.8826614
          ],
          [
            135.7590435,
            33.8825279
          ],
          [
            135.7590315,
            33.8824676
          ],
          [
            135.7591037,
            33.8824581
          ],
          [
            135.7591073,
            33.8822639
          ],
          [
            135.758739,
            33.881893
          ],
          [
            135.758672,
            33.881792
          ],
          [
            135.758652,
            33.881725
          ],
          [
            135.758632,
            33.881415
          ],
          [
            135.758603,
            33.881296
          ],
          [
            135.75851,
            33.881082
          ],
          [
            135.758347,
            33.880919
          ],
          [
            135.758225,
            33.880863
          ],
          [
            135.758117,
            33.880767
          ],
          [
            135.75811,
            33.880581
          ],
          [
            135.758131,
            33.880445
          ],
          [
            135.758137,
            33.880254
          ],
          [
            135.758083,
            33.880034
          ],
          [
            135.75799,
            33.879853
          ],
          [
            135.757955,
            33.879746
          ],
          [
            135.757921,
            33.87938
          ],
          [
            135.757847,
            33.879047
          ],
          [
            135.757772,
            33.878822
          ],
          [
            135.757759,
            33.878669
          ],
          [
            135.757725,
            33.878489
          ],
          [
            135.757725,
            33.878258
          ],
          [
            135.757766,
            33.878145
          ],
          [
            135.757786,
            33.878055
          ],
          [
            135.757847,
            33.877943
          ],
          [
            135.757894,
            33.877886
          ],
          [
            135.7580897,
            33.8776235
          ],
          [
            135.758116,
            33.877637
          ],
          [
            135.758125,
            33.877621
          ],
          [
            135.7581772,
            33.8776896
          ],
          [
            135.758213,
            33.8777426
          ],
          [
            135.7584072,
            33.8779094
          ],
          [
            135.7587061,
            33.8780281
          ],
          [
            135.7588045,
            33.8781007
          ],
          [
            135.7588695,
            33.8783098
          ],
          [
            135.758895,
            33.878501
          ],
          [
            135.758948,
            33.878596
          ],
          [
            135.759044,
            33.878703
          ],
          [
            135.7594284,
            33.8789468
          ],
          [
            135.7595649,
            33.8789968
          ],
          [
            135.7597649,
            33.8790997
          ],
          [
            135.7599826,
            33.8793282
          ],
          [
            135.7602022,
            33.8795837
          ],
          [
            135.7595913,
            33.878171
          ],
          [
            135.7596195,
            33.8782197
          ],
          [
            135.7596966,
            33.8782917
          ],
          [
            135.7596993,
            33.8783236
          ],
          [
            135.7596588,
            33.8784424
          ],
          [
            135.7596849,
            33.8785343
          ],
          [
            135.7598523,
            33.8785847
          ],
          [
            135.7599958,
            33.8785784
          ],
          [
            135.7601093,
            33.8785784
          ],
          [
            135.7603116,
            33.8786241
          ],
          [
            135.760435,
            33.878664
          ],
          [
            135.760537,
            33.878743
          ],
          [
            135.7605684,
            33.8788032
          ],
          [
            135.7605475,
            33.8789247
          ],
          [
            135.7605324,
            33.8790903
          ],
          [
            135.760495,
            33.87925
          ],
          [
            135.7603946,
            33.8793985
          ],
          [
            135.7602852,
            33.8794682
          ],
          [
            135.7602022,
            33.8795837
          ],
          [
            135.7589073,
            33.8755265
          ],
          [
            135.758867,
            33.875641
          ],
          [
            135.758902,
            33.875794
          ],
          [
            135.759017,
            33.876154
          ],
          [
            135.759022,
            33.876364
          ],
          [
            135.759043,
            33.876432
          ],
          [
            135.759137,
            33.876606
          ],
          [
            135.7591412,
            33.8768026
          ],
          [
            135.759148,
            33.8768773
          ],
          [
            135.7592337,
            33.8771164
          ],
          [
            135.7592906,
            33.8772186
          ],
          [
            135.7593493,
            33.8773723
          ],
          [
            135.7594342,
            33.8776269
          ],
          [
            135.7595009,
            33.8780161
          ],
          [
            135.7595913,
            33.878171
          ],
          [
            135.7588311,
            33.8754293
          ],
          [
            135.7588701,
            33.8754715
          ],
          [
            135.7589073,
            33.8755265
          ],
          [
            135.7582539,
            33.8747854
          ],
          [
            135.7588311,
            33.8754293
          ],
          [
            135.7582539,
            33.8747854
          ],
          [
            135.7581924,
            33.874694
          ],
          [
            135.758196,
            33.8746295
          ],
          [
            135.7582908,
            33.8742479
          ],
          [
            135.7582811,
            33.8741589
          ],
          [
            135.7579918,
            33.8736818
          ],
          [
            135.7579182,
            33.8731035
          ],
          [
            135.7579909,
            33.8728087
          ],
          [
            135.7579434,
            33.8726888
          ],
          [
            135.7575443,
            33.8722013
          ],
          [
            135.7574827,
            33.8719367
          ],
          [
            135.7574693,
            33.87152
          ],
          [
            135.7573266,
            33.8711572
          ],
          [
            135.7573228,
            33.871039
          ],
          [
            135.7575132,
            33.8706085
          ],
          [
            135.7574964,
            33.8704598
          ],
          [
            135.7573033,
            33.8700565
          ],
          [
            135.7574066,
            33.8698373
          ],
          [
            135.7576068,
            33.8694488
          ],
          [
            135.7576795,
            33.8690879
          ],
          [
            135.7579503,
            33.8686827
          ],
          [
            135.7581876,
            33.868597
          ],
          [
            135.7583956,
            33.8685433
          ],
          [
            135.7585573,
            33.8685152
          ],
          [
            135.7590316,
            33.8680544
          ],
          [
            135.7592686,
            33.8677775
          ],
          [
            135.7593112,
            33.8676711
          ],
          [
            135.7593148,
            33.8674779
          ],
          [
            135.7592195,
            33.8672329
          ],
          [
            135.7591196,
            33.8670403
          ],
          [
            135.7589964,
            33.866796
          ],
          [
            135.7588446,
            33.8664455
          ],
          [
            135.7588334,
            33.8664106
          ],
          [
            135.7586555,
            33.8658758
          ],
          [
            135.7586504,
            33.8658552
          ],
          [
            135.7586503,
            33.8658336
          ],
          [
            135.7587635,
            33.8657817
          ],
          [
            135.7598343,
            33.8655243
          ],
          [
            135.758763,
            33.8639495
          ],
          [
            135.758767,
            33.864041
          ],
          [
            135.758745,
            33.864131
          ],
          [
            135.758732,
            33.864153
          ],
          [
            135.758739,
            33.864227
          ],
          [
            135.75878,
            33.864283
          ],
          [
            135.758853,
            33.864317
          ],
          [
            135.758935,
            33.8643
          ],
          [
            135.759063,
            33.86421
          ],
          [
            135.759125,
            33.864187
          ],
          [
            135.75913,
            33.864176
          ],
          [
            135.759375,
            33.864193
          ],
          [
            135.759549,
            33.864233
          ],
          [
            135.759718,
            33.864283
          ],
          [
            135.759819,
            33.864294
          ],
          [
            135.760015,
            33.864345
          ],
          [
            135.760022,
            33.864458
          ],
          [
            135.759988,
            33.864492
          ],
          [
            135.759928,
            33.864486
          ],
          [
            135.759745,
            33.864458
          ],
          [
            135.759597,
            33.864458
          ],
          [
            135.759468,
            33.864503
          ],
          [
            135.75924,
            33.864531
          ],
          [
            135.759103,
            33.864599
          ],
          [
            135.758982,
            33.864683
          ],
          [
            135.758935,
            33.864734
          ],
          [
            135.758928,
            33.864796
          ],
          [
            135.758915,
            33.864819
          ],
          [
            135.75903,
            33.864886
          ],
          [
            135.759125,
            33.864914
          ],
          [
            135.759577,
            33.864926
          ],
          [
            135.759657,
            33.864994
          ],
          [
            135.759712,
            33.865095
          ],
          [
            135.759725,
            33.865247
          ],
          [
            135.7598343,
            33.8655243
          ],
          [
            135.758763,
            33.8639495
          ],
          [
            135.7588482,
            33.8639572
          ],
          [
            135.7589323,
            33.8639621
          ],
          [
            135.7590129,
            33.8639204
          ],
          [
            135.7591261,
            33.8636945
          ],
          [
            135.75919,
            33.863633
          ],
          [
            135.759293,
            33.863646
          ],
          [
            135.759446,
            33.8637352
          ],
          [
            135.7597519,
            33.8638147
          ],
          [
            135.7598943,
            33.8638467
          ],
          [
            135.7600251,
            33.8638671
          ],
          [
            135.7601924,
            33.863866
          ],
          [
            135.760226,
            33.8637639
          ],
          [
            135.760258,
            33.863703
          ],
          [
            135.760287,
            33.863629
          ],
          [
            135.7603662,
            33.8633773
          ],
          [
            135.7604506,
            33.8629115
          ],
          [
            135.7604801,
            33.8627595
          ],
          [
            135.76054,
            33.8625924
          ],
          [
            135.7605878,
            33.8625671
          ],
          [
            135.7606803,
            33.8625511
          ],
          [
            135.7609323,
            33.8626946
          ],
          [
            135.7610187,
            33.8627097
          ],
          [
            135.7611133,
            33.8626844
          ],
          [
            135.761219,
            33.862598
          ],
          [
            135.7612982,
            33.8625435
          ],
          [
            135.7615676,
            33.8623232
          ],
          [
            135.761989,
            33.862057
          ],
          [
            135.7622241,
            33.8619611
          ],
          [
            135.7624081,
            33.8618607
          ],
          [
            135.7625392,
            33.8618244
          ],
          [
            135.7630169,
            33.8618075
          ],
          [
            135.7631877,
            33.8618337
          ],
          [
            135.7633106,
            33.8615619
          ],
          [
            135.7635779,
            33.8612438
          ],
          [
            135.7637274,
            33.8610505
          ],
          [
            135.7638076,
            33.8608893
          ],
          [
            135.7638381,
            33.8607213
          ],
          [
            135.7638107,
            33.8605264
          ],
          [
            135.763672,
            33.860077
          ],
          [
            135.7635961,
            33.8596672
          ],
          [
            135.763397,
            33.858954
          ],
          [
            135.763313,
            33.859249
          ],
          [
            135.763313,
            33.859339
          ],
          [
            135.76334,
            33.859424
          ],
          [
            135.763381,
            33.859492
          ],
          [
            135.7635961,
            33.8596672
          ],
          [
            135.763772,
            33.857903
          ],
          [
            135.763604,
            33.858139
          ],
          [
            135.76355,
            33.858218
          ],
          [
            135.763489,
            33.858314
          ],
          [
            135.763435,
            33.858483
          ],
          [
            135.763397,
            33.858954
          ],
          [
            135.763867,
            33.855337
          ],
          [
            135.763975,
            33.855286
          ],
          [
            135.764191,
            33.855252
          ],
          [
            135.76461,
            33.855241
          ],
          [
            135.764719,
            33.855281
          ],
          [
            135.765117,
            33.855591
          ],
          [
            135.765138,
            33.855607
          ],
          [
            135.765191,
            33.855709
          ],
          [
            135.765225,
            33.855946
          ],
          [
            135.76534,
            33.856284
          ],
          [
            135.765333,
            33.856374
          ],
          [
            135.765293,
            33.856431
          ],
          [
            135.765131,
            33.856532
          ],
          [
            135.765009,
            33.856577
          ],
          [
            135.764799,
            33.856577
          ],
          [
            135.764631,
            33.856538
          ],
          [
            135.764516,
            33.856544
          ],
          [
            135.764469,
            33.856572
          ],
          [
            135.764191,
            33.856876
          ],
          [
            135.764185,
            33.856949
          ],
          [
            135.764266,
            33.857101
          ],
          [
            135.764259,
            33.857203
          ],
          [
            135.764077,
            33.857389
          ],
          [
            135.764056,
            33.857581
          ],
          [
            135.764036,
            33.85762
          ],
          [
            135.763874,
            33.857772
          ],
          [
            135.763772,
            33.857903
          ]
        ]
      },
      "properties": {
        "routeId": "kumano-kodo-kohechi",
        "name": "Kumano Kodo - Kohechi",
        "type": "main",
        "segment": "kumano-kodo-kohechi",
        "source": "OpenStreetMap (relation 17131166, fetched 2026-03-27)"
      }
    }
  ]
}
